ISO-10303-21;
HEADER;
FILE_DESCRIPTION(('Open CASCADE Model'),'2;1');
FILE_NAME('Open CASCADE Shape Model','2026-09-14T10:30:54',('Author'),(
    'Open CASCADE'),'Open CASCADE STEP processor 7.9','Open CASCADE 7.9'
  ,'Unknown');
FILE_SCHEMA(('AUTOMOTIVE_DESIGN { 1 0 10303 214 1 1 1 1 }'));
ENDSEC;
DATA;
#1 = APPLICATION_PROTOCOL_DEFINITION('international standard',
  'automotive_design',2000,#2);
#2 = APPLICATION_CONTEXT(
  'core data for automotive mechanical design processes');
#3 = SHAPE_DEFINITION_REPRESENTATION(#4,#10);
#4 = PRODUCT_DEFINITION_SHAPE('','',#5);
#5 = PRODUCT_DEFINITION('design','',#6,#9);
#6 = PRODUCT_DEFINITION_FORMATION('','',#7);
#7 = PRODUCT('Open CASCADE STEP translator 7.9 2',
  'Open CASCADE STEP translator 7.9 2','',(#8));
#8 = PRODUCT_CONTEXT('',#2,'mechanical');
#9 = PRODUCT_DEFINITION_CONTEXT('part definition',#2,'design');
#10 = ADVANCED_BREP_SHAPE_REPRESENTATION('',(#11,#15),#18962);
#11 = AXIS2_PLACEMENT_3D('',#12,#13,#14);
#12 = CARTESIAN_POINT('',(0.,0.,0.));
#13 = DIRECTION('',(0.,0.,1.));
#14 = DIRECTION('',(1.,0.,-0.));
#15 = MANIFOLD_SOLID_BREP('',#16);
#16 = CLOSED_SHELL('',(#17,#700,#2510,#2564,#3344,#3393,#3442,#3469,
    #3496,#3567,#3616,#3665,#3692,#3763,#3812,#3861,#3888,#3959,#4008,
    #4057,#4084,#4155,#4204,#4253,#4280,#4307,#4334,#4361,#4388,#4395,
    #4472,#4521,#4570,#4620,#4670,#4719,#4768,#4796,#4873,#4922,#4971,
    #5021,#5071,#5120,#5169,#5197,#5269,#5318,#5367,#5417,#5467,#5516,
    #5565,#5593,#5665,#5714,#5763,#5813,#5919,#5968,#6017,#6092,#6164,
    #6213,#6262,#6312,#6362,#6411,#6460,#6488,#6560,#6609,#6658,#6708,
    #6814,#6863,#6912,#6987,#7064,#7113,#7162,#7212,#7262,#7311,#7360,
    #7388,#7570,#7620,#7669,#7719,#7963,#8013,#8252,#8357,#8580,#8680,
    #8904,#8954,#9003,#9108,#9157,#9252,#9325,#9430,#9479,#9552,#9801,
    #11285,#11292,#11299,#11508,#11558,#12081,#12108,#12246,#12292,
    #12398,#12447,#12560,#12607,#12727,#12765,#12815,#12983,#13010,
    #13037,#13064,#13091,#13118,#13125,#13163,#13189,#13216,#13243,
    #13250,#13277,#13284,#13331,#13358,#13385,#13412,#13439,#13466,
    #13493,#13500,#13611,#13660,#13709,#13758,#13807,#13856,#14037,
    #14044,#14093,#14142,#14191,#14240,#14267,#14344,#14393,#14442,
    #14496,#14550,#14599,#14648,#14676,#14723,#14750,#14777,#14804,
    #14831,#14858,#14885,#14892,#14968,#15017,#15066,#15093,#15169,
    #15218,#15267,#15294,#15379,#15428,#15478,#15527,#15581,#15630,
    #15684,#15835,#15876,#15999,#16072,#16148,#16197,#16246,#16273,
    #16398,#16473,#16480,#16487,#16555,#16582,#16588,#16599,#16606,
    #16613,#16624,#16671,#16811,#16818,#16825,#16872,#16919,#17059,
    #17066,#17164,#17229,#17294,#17326,#17424,#17489,#17554,#17586,
    #17662,#17885,#18078,#18105,#18181,#18404,#18597,#18624,#18651,
    #18678,#18705,#18732,#18759,#18786,#18793,#18820,#18847,#18874,
    #18901,#18928,#18955));
#17 = ADVANCED_FACE('',(#18,#244,#358,#472,#586),#32,.F.);
#18 = FACE_BOUND('',#19,.F.);
#19 = EDGE_LOOP('',(#20,#55,#83,#111,#139,#167,#195,#218));
#20 = ORIENTED_EDGE('',*,*,#21,.F.);
#21 = EDGE_CURVE('',#22,#24,#26,.T.);
#22 = VERTEX_POINT('',#23);
#23 = CARTESIAN_POINT('',(-11.,71.85,26.8));
#24 = VERTEX_POINT('',#25);
#25 = CARTESIAN_POINT('',(123.9,71.85,26.8));
#26 = SURFACE_CURVE('',#27,(#31,#43),.PCURVE_S1.);
#27 = LINE('',#28,#29);
#28 = CARTESIAN_POINT('',(-15.15,71.85,26.8));
#29 = VECTOR('',#30,1.);
#30 = DIRECTION('',(1.,1.110223024625E-16,0.));
#31 = PCURVE('',#32,#37);
#32 = PLANE('',#33);
#33 = AXIS2_PLACEMENT_3D('',#34,#35,#36);
#34 = CARTESIAN_POINT('',(-15.15,71.85,23.8));
#35 = DIRECTION('',(1.110223024625E-16,-1.,0.));
#36 = DIRECTION('',(0.,0.,1.));
#37 = DEFINITIONAL_REPRESENTATION('',(#38),#42);
#38 = LINE('',#39,#40);
#39 = CARTESIAN_POINT('',(3.,0.));
#40 = VECTOR('',#41,1.);
#41 = DIRECTION('',(0.,-1.));
#42 = ( GEOMETRIC_REPRESENTATION_CONTEXT(2) 
PARAMETRIC_REPRESENTATION_CONTEXT() REPRESENTATION_CONTEXT('2D SPACE',''
  ) );
#43 = PCURVE('',#44,#49);
#44 = PLANE('',#45);
#45 = AXIS2_PLACEMENT_3D('',#46,#47,#48);
#46 = CARTESIAN_POINT('',(-15.15,71.85,26.8));
#47 = DIRECTION('',(0.,0.,1.));
#48 = DIRECTION('',(1.110223024625E-16,-1.,0.));
#49 = DEFINITIONAL_REPRESENTATION('',(#50),#54);
#50 = LINE('',#51,#52);
#51 = CARTESIAN_POINT('',(0.,0.));
#52 = VECTOR('',#53,1.);
#53 = DIRECTION('',(0.,1.));
#54 = ( GEOMETRIC_REPRESENTATION_CONTEXT(2) 
PARAMETRIC_REPRESENTATION_CONTEXT() REPRESENTATION_CONTEXT('2D SPACE',''
  ) );
#55 = ORIENTED_EDGE('',*,*,#56,.F.);
#56 = EDGE_CURVE('',#57,#22,#59,.T.);
#57 = VERTEX_POINT('',#58);
#58 = CARTESIAN_POINT('',(-11.,71.85,16.6));
#59 = SURFACE_CURVE('',#60,(#64,#71),.PCURVE_S1.);
#60 = LINE('',#61,#62);
#61 = CARTESIAN_POINT('',(-11.,71.85,16.6));
#62 = VECTOR('',#63,1.);
#63 = DIRECTION('',(0.,0.,1.));
#64 = PCURVE('',#32,#65);
#65 = DEFINITIONAL_REPRESENTATION('',(#66),#70);
#66 = LINE('',#67,#68);
#67 = CARTESIAN_POINT('',(-7.2,-4.15));
#68 = VECTOR('',#69,1.);
#69 = DIRECTION('',(1.,0.));
#70 = ( GEOMETRIC_REPRESENTATION_CONTEXT(2) 
PARAMETRIC_REPRESENTATION_CONTEXT() REPRESENTATION_CONTEXT('2D SPACE',''
  ) );
#71 = PCURVE('',#72,#77);
#72 = CYLINDRICAL_SURFACE('',#73,4.15);
#73 = AXIS2_PLACEMENT_3D('',#74,#75,#76);
#74 = CARTESIAN_POINT('',(-11.,67.7,23.8));
#75 = DIRECTION('',(0.,0.,1.));
#76 = DIRECTION('',(-1.110223024625E-16,1.,0.));
#77 = DEFINITIONAL_REPRESENTATION('',(#78),#82);
#78 = LINE('',#79,#80);
#79 = CARTESIAN_POINT('',(0.,-7.2));
#80 = VECTOR('',#81,1.);
#81 = DIRECTION('',(0.,1.));
#82 = ( GEOMETRIC_REPRESENTATION_CONTEXT(2) 
PARAMETRIC_REPRESENTATION_CONTEXT() REPRESENTATION_CONTEXT('2D SPACE',''
  ) );
#83 = ORIENTED_EDGE('',*,*,#84,.T.);
#84 = EDGE_CURVE('',#57,#85,#87,.T.);
#85 = VERTEX_POINT('',#86);
#86 = CARTESIAN_POINT('',(48.,71.85,16.6));
#87 = SURFACE_CURVE('',#88,(#92,#99),.PCURVE_S1.);
#88 = LINE('',#89,#90);
#89 = CARTESIAN_POINT('',(-15.15,71.85,16.6));
#90 = VECTOR('',#91,1.);
#91 = DIRECTION('',(1.,1.110223024625E-16,0.));
#92 = PCURVE('',#32,#93);
#93 = DEFINITIONAL_REPRESENTATION('',(#94),#98);
#94 = LINE('',#95,#96);
#95 = CARTESIAN_POINT('',(-7.2,-0.));
#96 = VECTOR('',#97,1.);
#97 = DIRECTION('',(0.,-1.));
#98 = ( GEOMETRIC_REPRESENTATION_CONTEXT(2) 
PARAMETRIC_REPRESENTATION_CONTEXT() REPRESENTATION_CONTEXT('2D SPACE',''
  ) );
#99 = PCURVE('',#100,#105);
#100 = PLANE('',#101);
#101 = AXIS2_PLACEMENT_3D('',#102,#103,#104);
#102 = CARTESIAN_POINT('',(-15.15,71.85,16.6));
#103 = DIRECTION('',(0.,0.,1.));
#104 = DIRECTION('',(1.110223024625E-16,-1.,0.));
#105 = DEFINITIONAL_REPRESENTATION('',(#106),#110);
#106 = LINE('',#107,#108);
#107 = CARTESIAN_POINT('',(0.,0.));
#108 = VECTOR('',#109,1.);
#109 = DIRECTION('',(0.,1.));
#110 = ( GEOMETRIC_REPRESENTATION_CONTEXT(2) 
PARAMETRIC_REPRESENTATION_CONTEXT() REPRESENTATION_CONTEXT('2D SPACE',''
  ) );
#111 = ORIENTED_EDGE('',*,*,#112,.T.);
#112 = EDGE_CURVE('',#85,#113,#115,.T.);
#113 = VERTEX_POINT('',#114);
#114 = CARTESIAN_POINT('',(48.,71.85,21.6));
#115 = SURFACE_CURVE('',#116,(#120,#127),.PCURVE_S1.);
#116 = LINE('',#117,#118);
#117 = CARTESIAN_POINT('',(48.,71.85,20.2));
#118 = VECTOR('',#119,1.);
#119 = DIRECTION('',(0.,0.,1.));
#120 = PCURVE('',#32,#121);
#121 = DEFINITIONAL_REPRESENTATION('',(#122),#126);
#122 = LINE('',#123,#124);
#123 = CARTESIAN_POINT('',(-3.6,-63.15));
#124 = VECTOR('',#125,1.);
#125 = DIRECTION('',(1.,0.));
#126 = ( GEOMETRIC_REPRESENTATION_CONTEXT(2) 
PARAMETRIC_REPRESENTATION_CONTEXT() REPRESENTATION_CONTEXT('2D SPACE',''
  ) );
#127 = PCURVE('',#128,#133);
#128 = PLANE('',#129);
#129 = AXIS2_PLACEMENT_3D('',#130,#131,#132);
#130 = CARTESIAN_POINT('',(48.,72.7,16.6));
#131 = DIRECTION('',(1.,1.110223024625E-16,0.));
#132 = DIRECTION('',(0.,0.,1.));
#133 = DEFINITIONAL_REPRESENTATION('',(#134),#138);
#134 = LINE('',#135,#136);
#135 = CARTESIAN_POINT('',(3.6,0.85));
#136 = VECTOR('',#137,1.);
#137 = DIRECTION('',(1.,0.));
#138 = ( GEOMETRIC_REPRESENTATION_CONTEXT(2) 
PARAMETRIC_REPRESENTATION_CONTEXT() REPRESENTATION_CONTEXT('2D SPACE',''
  ) );
#139 = ORIENTED_EDGE('',*,*,#140,.F.);
#140 = EDGE_CURVE('',#141,#113,#143,.T.);
#141 = VERTEX_POINT('',#142);
#142 = CARTESIAN_POINT('',(54.,71.85,21.6));
#143 = SURFACE_CURVE('',#144,(#148,#155),.PCURVE_S1.);
#144 = LINE('',#145,#146);
#145 = CARTESIAN_POINT('',(16.425,71.85,21.6));
#146 = VECTOR('',#147,1.);
#147 = DIRECTION('',(-1.,-1.110223024625E-16,0.));
#148 = PCURVE('',#32,#149);
#149 = DEFINITIONAL_REPRESENTATION('',(#150),#154);
#150 = LINE('',#151,#152);
#151 = CARTESIAN_POINT('',(-2.2,-31.575));
#152 = VECTOR('',#153,1.);
#153 = DIRECTION('',(0.,1.));
#154 = ( GEOMETRIC_REPRESENTATION_CONTEXT(2) 
PARAMETRIC_REPRESENTATION_CONTEXT() REPRESENTATION_CONTEXT('2D SPACE',''
  ) );
#155 = PCURVE('',#156,#161);
#156 = PLANE('',#157);
#157 = AXIS2_PLACEMENT_3D('',#158,#159,#160);
#158 = CARTESIAN_POINT('',(48.,72.7,21.6));
#159 = DIRECTION('',(0.,0.,1.));
#160 = DIRECTION('',(1.110223024625E-16,-1.,0.));
#161 = DEFINITIONAL_REPRESENTATION('',(#162),#166);
#162 = LINE('',#163,#164);
#163 = CARTESIAN_POINT('',(0.85,-31.575));
#164 = VECTOR('',#165,1.);
#165 = DIRECTION('',(0.,-1.));
#166 = ( GEOMETRIC_REPRESENTATION_CONTEXT(2) 
PARAMETRIC_REPRESENTATION_CONTEXT() REPRESENTATION_CONTEXT('2D SPACE',''
  ) );
#167 = ORIENTED_EDGE('',*,*,#168,.F.);
#168 = EDGE_CURVE('',#169,#141,#171,.T.);
#169 = VERTEX_POINT('',#170);
#170 = CARTESIAN_POINT('',(54.,71.85,16.6));
#171 = SURFACE_CURVE('',#172,(#176,#183),.PCURVE_S1.);
#172 = LINE('',#173,#174);
#173 = CARTESIAN_POINT('',(54.,71.85,20.2));
#174 = VECTOR('',#175,1.);
#175 = DIRECTION('',(0.,0.,1.));
#176 = PCURVE('',#32,#177);
#177 = DEFINITIONAL_REPRESENTATION('',(#178),#182);
#178 = LINE('',#179,#180);
#179 = CARTESIAN_POINT('',(-3.6,-69.15));
#180 = VECTOR('',#181,1.);
#181 = DIRECTION('',(1.,0.));
#182 = ( GEOMETRIC_REPRESENTATION_CONTEXT(2) 
PARAMETRIC_REPRESENTATION_CONTEXT() REPRESENTATION_CONTEXT('2D SPACE',''
  ) );
#183 = PCURVE('',#184,#189);
#184 = PLANE('',#185);
#185 = AXIS2_PLACEMENT_3D('',#186,#187,#188);
#186 = CARTESIAN_POINT('',(54.,72.7,16.6));
#187 = DIRECTION('',(1.,1.110223024625E-16,0.));
#188 = DIRECTION('',(0.,0.,1.));
#189 = DEFINITIONAL_REPRESENTATION('',(#190),#194);
#190 = LINE('',#191,#192);
#191 = CARTESIAN_POINT('',(3.6,0.85));
#192 = VECTOR('',#193,1.);
#193 = DIRECTION('',(1.,0.));
#194 = ( GEOMETRIC_REPRESENTATION_CONTEXT(2) 
PARAMETRIC_REPRESENTATION_CONTEXT() REPRESENTATION_CONTEXT('2D SPACE',''
  ) );
#195 = ORIENTED_EDGE('',*,*,#196,.T.);
#196 = EDGE_CURVE('',#169,#197,#199,.T.);
#197 = VERTEX_POINT('',#198);
#198 = CARTESIAN_POINT('',(123.9,71.85,16.6));
#199 = SURFACE_CURVE('',#200,(#204,#211),.PCURVE_S1.);
#200 = LINE('',#201,#202);
#201 = CARTESIAN_POINT('',(-15.15,71.85,16.6));
#202 = VECTOR('',#203,1.);
#203 = DIRECTION('',(1.,1.110223024625E-16,0.));
#204 = PCURVE('',#32,#205);
#205 = DEFINITIONAL_REPRESENTATION('',(#206),#210);
#206 = LINE('',#207,#208);
#207 = CARTESIAN_POINT('',(-7.2,-0.));
#208 = VECTOR('',#209,1.);
#209 = DIRECTION('',(0.,-1.));
#210 = ( GEOMETRIC_REPRESENTATION_CONTEXT(2) 
PARAMETRIC_REPRESENTATION_CONTEXT() REPRESENTATION_CONTEXT('2D SPACE',''
  ) );
#211 = PCURVE('',#100,#212);
#212 = DEFINITIONAL_REPRESENTATION('',(#213),#217);
#213 = LINE('',#214,#215);
#214 = CARTESIAN_POINT('',(0.,0.));
#215 = VECTOR('',#216,1.);
#216 = DIRECTION('',(0.,1.));
#217 = ( GEOMETRIC_REPRESENTATION_CONTEXT(2) 
PARAMETRIC_REPRESENTATION_CONTEXT() REPRESENTATION_CONTEXT('2D SPACE',''
  ) );
#218 = ORIENTED_EDGE('',*,*,#219,.F.);
#219 = EDGE_CURVE('',#24,#197,#220,.T.);
#220 = SURFACE_CURVE('',#221,(#225,#232),.PCURVE_S1.);
#221 = LINE('',#222,#223);
#222 = CARTESIAN_POINT('',(123.9,71.85,26.8));
#223 = VECTOR('',#224,1.);
#224 = DIRECTION('',(0.,0.,-1.));
#225 = PCURVE('',#32,#226);
#226 = DEFINITIONAL_REPRESENTATION('',(#227),#231);
#227 = LINE('',#228,#229);
#228 = CARTESIAN_POINT('',(3.,-139.05));
#229 = VECTOR('',#230,1.);
#230 = DIRECTION('',(-1.,-0.));
#231 = ( GEOMETRIC_REPRESENTATION_CONTEXT(2) 
PARAMETRIC_REPRESENTATION_CONTEXT() REPRESENTATION_CONTEXT('2D SPACE',''
  ) );
#232 = PCURVE('',#233,#238);
#233 = CYLINDRICAL_SURFACE('',#234,4.15);
#234 = AXIS2_PLACEMENT_3D('',#235,#236,#237);
#235 = CARTESIAN_POINT('',(123.9,67.7,23.8));
#236 = DIRECTION('',(0.,0.,1.));
#237 = DIRECTION('',(-1.110223024625E-16,1.,0.));
#238 = DEFINITIONAL_REPRESENTATION('',(#239),#243);
#239 = LINE('',#240,#241);
#240 = CARTESIAN_POINT('',(-0.,3.));
#241 = VECTOR('',#242,1.);
#242 = DIRECTION('',(-0.,-1.));
#243 = ( GEOMETRIC_REPRESENTATION_CONTEXT(2) 
PARAMETRIC_REPRESENTATION_CONTEXT() REPRESENTATION_CONTEXT('2D SPACE',''
  ) );
#244 = FACE_BOUND('',#245,.F.);
#245 = EDGE_LOOP('',(#246,#276,#304,#332));
#246 = ORIENTED_EDGE('',*,*,#247,.T.);
#247 = EDGE_CURVE('',#248,#250,#252,.T.);
#248 = VERTEX_POINT('',#249);
#249 = CARTESIAN_POINT('',(95.,71.85,19.3));
#250 = VERTEX_POINT('',#251);
#251 = CARTESIAN_POINT('',(92.,71.85,19.3));
#252 = SURFACE_CURVE('',#253,(#257,#264),.PCURVE_S1.);
#253 = LINE('',#254,#255);
#254 = CARTESIAN_POINT('',(38.425,71.85,19.3));
#255 = VECTOR('',#256,1.);
#256 = DIRECTION('',(-1.,-1.110223024625E-16,0.));
#257 = PCURVE('',#32,#258);
#258 = DEFINITIONAL_REPRESENTATION('',(#259),#263);
#259 = LINE('',#260,#261);
#260 = CARTESIAN_POINT('',(-4.5,-53.575));
#261 = VECTOR('',#262,1.);
#262 = DIRECTION('',(0.,1.));
#263 = ( GEOMETRIC_REPRESENTATION_CONTEXT(2) 
PARAMETRIC_REPRESENTATION_CONTEXT() REPRESENTATION_CONTEXT('2D SPACE',''
  ) );
#264 = PCURVE('',#265,#270);
#265 = PLANE('',#266);
#266 = AXIS2_PLACEMENT_3D('',#267,#268,#269);
#267 = CARTESIAN_POINT('',(92.,72.7,19.3));
#268 = DIRECTION('',(0.,0.,1.));
#269 = DIRECTION('',(1.110223024625E-16,-1.,0.));
#270 = DEFINITIONAL_REPRESENTATION('',(#271),#275);
#271 = LINE('',#272,#273);
#272 = CARTESIAN_POINT('',(0.85,-53.575));
#273 = VECTOR('',#274,1.);
#274 = DIRECTION('',(0.,-1.));
#275 = ( GEOMETRIC_REPRESENTATION_CONTEXT(2) 
PARAMETRIC_REPRESENTATION_CONTEXT() REPRESENTATION_CONTEXT('2D SPACE',''
  ) );
#276 = ORIENTED_EDGE('',*,*,#277,.T.);
#277 = EDGE_CURVE('',#250,#278,#280,.T.);
#278 = VERTEX_POINT('',#279);
#279 = CARTESIAN_POINT('',(92.,71.85,22.3));
#280 = SURFACE_CURVE('',#281,(#285,#292),.PCURVE_S1.);
#281 = LINE('',#282,#283);
#282 = CARTESIAN_POINT('',(92.,71.85,21.55));
#283 = VECTOR('',#284,1.);
#284 = DIRECTION('',(0.,0.,1.));
#285 = PCURVE('',#32,#286);
#286 = DEFINITIONAL_REPRESENTATION('',(#287),#291);
#287 = LINE('',#288,#289);
#288 = CARTESIAN_POINT('',(-2.25,-107.15));
#289 = VECTOR('',#290,1.);
#290 = DIRECTION('',(1.,0.));
#291 = ( GEOMETRIC_REPRESENTATION_CONTEXT(2) 
PARAMETRIC_REPRESENTATION_CONTEXT() REPRESENTATION_CONTEXT('2D SPACE',''
  ) );
#292 = PCURVE('',#293,#298);
#293 = PLANE('',#294);
#294 = AXIS2_PLACEMENT_3D('',#295,#296,#297);
#295 = CARTESIAN_POINT('',(92.,72.7,19.3));
#296 = DIRECTION('',(1.,1.110223024625E-16,0.));
#297 = DIRECTION('',(0.,0.,1.));
#298 = DEFINITIONAL_REPRESENTATION('',(#299),#303);
#299 = LINE('',#300,#301);
#300 = CARTESIAN_POINT('',(2.25,0.85));
#301 = VECTOR('',#302,1.);
#302 = DIRECTION('',(1.,0.));
#303 = ( GEOMETRIC_REPRESENTATION_CONTEXT(2) 
PARAMETRIC_REPRESENTATION_CONTEXT() REPRESENTATION_CONTEXT('2D SPACE',''
  ) );
#304 = ORIENTED_EDGE('',*,*,#305,.F.);
#305 = EDGE_CURVE('',#306,#278,#308,.T.);
#306 = VERTEX_POINT('',#307);
#307 = CARTESIAN_POINT('',(95.,71.85,22.3));
#308 = SURFACE_CURVE('',#309,(#313,#320),.PCURVE_S1.);
#309 = LINE('',#310,#311);
#310 = CARTESIAN_POINT('',(38.425,71.85,22.3));
#311 = VECTOR('',#312,1.);
#312 = DIRECTION('',(-1.,-1.110223024625E-16,0.));
#313 = PCURVE('',#32,#314);
#314 = DEFINITIONAL_REPRESENTATION('',(#315),#319);
#315 = LINE('',#316,#317);
#316 = CARTESIAN_POINT('',(-1.5,-53.575));
#317 = VECTOR('',#318,1.);
#318 = DIRECTION('',(0.,1.));
#319 = ( GEOMETRIC_REPRESENTATION_CONTEXT(2) 
PARAMETRIC_REPRESENTATION_CONTEXT() REPRESENTATION_CONTEXT('2D SPACE',''
  ) );
#320 = PCURVE('',#321,#326);
#321 = PLANE('',#322);
#322 = AXIS2_PLACEMENT_3D('',#323,#324,#325);
#323 = CARTESIAN_POINT('',(92.,72.7,22.3));
#324 = DIRECTION('',(0.,0.,1.));
#325 = DIRECTION('',(1.110223024625E-16,-1.,0.));
#326 = DEFINITIONAL_REPRESENTATION('',(#327),#331);
#327 = LINE('',#328,#329);
#328 = CARTESIAN_POINT('',(0.85,-53.575));
#329 = VECTOR('',#330,1.);
#330 = DIRECTION('',(0.,-1.));
#331 = ( GEOMETRIC_REPRESENTATION_CONTEXT(2) 
PARAMETRIC_REPRESENTATION_CONTEXT() REPRESENTATION_CONTEXT('2D SPACE',''
  ) );
#332 = ORIENTED_EDGE('',*,*,#333,.F.);
#333 = EDGE_CURVE('',#248,#306,#334,.T.);
#334 = SURFACE_CURVE('',#335,(#339,#346),.PCURVE_S1.);
#335 = LINE('',#336,#337);
#336 = CARTESIAN_POINT('',(95.,71.85,21.55));
#337 = VECTOR('',#338,1.);
#338 = DIRECTION('',(0.,0.,1.));
#339 = PCURVE('',#32,#340);
#340 = DEFINITIONAL_REPRESENTATION('',(#341),#345);
#341 = LINE('',#342,#343);
#342 = CARTESIAN_POINT('',(-2.25,-110.15));
#343 = VECTOR('',#344,1.);
#344 = DIRECTION('',(1.,0.));
#345 = ( GEOMETRIC_REPRESENTATION_CONTEXT(2) 
PARAMETRIC_REPRESENTATION_CONTEXT() REPRESENTATION_CONTEXT('2D SPACE',''
  ) );
#346 = PCURVE('',#347,#352);
#347 = PLANE('',#348);
#348 = AXIS2_PLACEMENT_3D('',#349,#350,#351);
#349 = CARTESIAN_POINT('',(95.,72.7,19.3));
#350 = DIRECTION('',(1.,1.110223024625E-16,0.));
#351 = DIRECTION('',(0.,0.,1.));
#352 = DEFINITIONAL_REPRESENTATION('',(#353),#357);
#353 = LINE('',#354,#355);
#354 = CARTESIAN_POINT('',(2.25,0.85));
#355 = VECTOR('',#356,1.);
#356 = DIRECTION('',(1.,0.));
#357 = ( GEOMETRIC_REPRESENTATION_CONTEXT(2) 
PARAMETRIC_REPRESENTATION_CONTEXT() REPRESENTATION_CONTEXT('2D SPACE',''
  ) );
#358 = FACE_BOUND('',#359,.F.);
#359 = EDGE_LOOP('',(#360,#390,#418,#446));
#360 = ORIENTED_EDGE('',*,*,#361,.T.);
#361 = EDGE_CURVE('',#362,#364,#366,.T.);
#362 = VERTEX_POINT('',#363);
#363 = CARTESIAN_POINT('',(88.,71.85,19.3));
#364 = VERTEX_POINT('',#365);
#365 = CARTESIAN_POINT('',(85.,71.85,19.3));
#366 = SURFACE_CURVE('',#367,(#371,#378),.PCURVE_S1.);
#367 = LINE('',#368,#369);
#368 = CARTESIAN_POINT('',(34.925,71.85,19.3));
#369 = VECTOR('',#370,1.);
#370 = DIRECTION('',(-1.,-1.110223024625E-16,0.));
#371 = PCURVE('',#32,#372);
#372 = DEFINITIONAL_REPRESENTATION('',(#373),#377);
#373 = LINE('',#374,#375);
#374 = CARTESIAN_POINT('',(-4.5,-50.075));
#375 = VECTOR('',#376,1.);
#376 = DIRECTION('',(0.,1.));
#377 = ( GEOMETRIC_REPRESENTATION_CONTEXT(2) 
PARAMETRIC_REPRESENTATION_CONTEXT() REPRESENTATION_CONTEXT('2D SPACE',''
  ) );
#378 = PCURVE('',#379,#384);
#379 = PLANE('',#380);
#380 = AXIS2_PLACEMENT_3D('',#381,#382,#383);
#381 = CARTESIAN_POINT('',(85.,72.7,19.3));
#382 = DIRECTION('',(0.,0.,1.));
#383 = DIRECTION('',(1.110223024625E-16,-1.,0.));
#384 = DEFINITIONAL_REPRESENTATION('',(#385),#389);
#385 = LINE('',#386,#387);
#386 = CARTESIAN_POINT('',(0.85,-50.075));
#387 = VECTOR('',#388,1.);
#388 = DIRECTION('',(0.,-1.));
#389 = ( GEOMETRIC_REPRESENTATION_CONTEXT(2) 
PARAMETRIC_REPRESENTATION_CONTEXT() REPRESENTATION_CONTEXT('2D SPACE',''
  ) );
#390 = ORIENTED_EDGE('',*,*,#391,.T.);
#391 = EDGE_CURVE('',#364,#392,#394,.T.);
#392 = VERTEX_POINT('',#393);
#393 = CARTESIAN_POINT('',(85.,71.85,22.3));
#394 = SURFACE_CURVE('',#395,(#399,#406),.PCURVE_S1.);
#395 = LINE('',#396,#397);
#396 = CARTESIAN_POINT('',(85.,71.85,21.55));
#397 = VECTOR('',#398,1.);
#398 = DIRECTION('',(0.,0.,1.));
#399 = PCURVE('',#32,#400);
#400 = DEFINITIONAL_REPRESENTATION('',(#401),#405);
#401 = LINE('',#402,#403);
#402 = CARTESIAN_POINT('',(-2.25,-100.15));
#403 = VECTOR('',#404,1.);
#404 = DIRECTION('',(1.,0.));
#405 = ( GEOMETRIC_REPRESENTATION_CONTEXT(2) 
PARAMETRIC_REPRESENTATION_CONTEXT() REPRESENTATION_CONTEXT('2D SPACE',''
  ) );
#406 = PCURVE('',#407,#412);
#407 = PLANE('',#408);
#408 = AXIS2_PLACEMENT_3D('',#409,#410,#411);
#409 = CARTESIAN_POINT('',(85.,72.7,19.3));
#410 = DIRECTION('',(1.,1.110223024625E-16,0.));
#411 = DIRECTION('',(0.,0.,1.));
#412 = DEFINITIONAL_REPRESENTATION('',(#413),#417);
#413 = LINE('',#414,#415);
#414 = CARTESIAN_POINT('',(2.25,0.85));
#415 = VECTOR('',#416,1.);
#416 = DIRECTION('',(1.,0.));
#417 = ( GEOMETRIC_REPRESENTATION_CONTEXT(2) 
PARAMETRIC_REPRESENTATION_CONTEXT() REPRESENTATION_CONTEXT('2D SPACE',''
  ) );
#418 = ORIENTED_EDGE('',*,*,#419,.F.);
#419 = EDGE_CURVE('',#420,#392,#422,.T.);
#420 = VERTEX_POINT('',#421);
#421 = CARTESIAN_POINT('',(88.,71.85,22.3));
#422 = SURFACE_CURVE('',#423,(#427,#434),.PCURVE_S1.);
#423 = LINE('',#424,#425);
#424 = CARTESIAN_POINT('',(34.925,71.85,22.3));
#425 = VECTOR('',#426,1.);
#426 = DIRECTION('',(-1.,-1.110223024625E-16,0.));
#427 = PCURVE('',#32,#428);
#428 = DEFINITIONAL_REPRESENTATION('',(#429),#433);
#429 = LINE('',#430,#431);
#430 = CARTESIAN_POINT('',(-1.5,-50.075));
#431 = VECTOR('',#432,1.);
#432 = DIRECTION('',(0.,1.));
#433 = ( GEOMETRIC_REPRESENTATION_CONTEXT(2) 
PARAMETRIC_REPRESENTATION_CONTEXT() REPRESENTATION_CONTEXT('2D SPACE',''
  ) );
#434 = PCURVE('',#435,#440);
#435 = PLANE('',#436);
#436 = AXIS2_PLACEMENT_3D('',#437,#438,#439);
#437 = CARTESIAN_POINT('',(85.,72.7,22.3));
#438 = DIRECTION('',(0.,0.,1.));
#439 = DIRECTION('',(1.110223024625E-16,-1.,0.));
#440 = DEFINITIONAL_REPRESENTATION('',(#441),#445);
#441 = LINE('',#442,#443);
#442 = CARTESIAN_POINT('',(0.85,-50.075));
#443 = VECTOR('',#444,1.);
#444 = DIRECTION('',(0.,-1.));
#445 = ( GEOMETRIC_REPRESENTATION_CONTEXT(2) 
PARAMETRIC_REPRESENTATION_CONTEXT() REPRESENTATION_CONTEXT('2D SPACE',''
  ) );
#446 = ORIENTED_EDGE('',*,*,#447,.F.);
#447 = EDGE_CURVE('',#362,#420,#448,.T.);
#448 = SURFACE_CURVE('',#449,(#453,#460),.PCURVE_S1.);
#449 = LINE('',#450,#451);
#450 = CARTESIAN_POINT('',(88.,71.85,21.55));
#451 = VECTOR('',#452,1.);
#452 = DIRECTION('',(0.,0.,1.));
#453 = PCURVE('',#32,#454);
#454 = DEFINITIONAL_REPRESENTATION('',(#455),#459);
#455 = LINE('',#456,#457);
#456 = CARTESIAN_POINT('',(-2.25,-103.15));
#457 = VECTOR('',#458,1.);
#458 = DIRECTION('',(1.,0.));
#459 = ( GEOMETRIC_REPRESENTATION_CONTEXT(2) 
PARAMETRIC_REPRESENTATION_CONTEXT() REPRESENTATION_CONTEXT('2D SPACE',''
  ) );
#460 = PCURVE('',#461,#466);
#461 = PLANE('',#462);
#462 = AXIS2_PLACEMENT_3D('',#463,#464,#465);
#463 = CARTESIAN_POINT('',(88.,72.7,19.3));
#464 = DIRECTION('',(1.,1.110223024625E-16,0.));
#465 = DIRECTION('',(0.,0.,1.));
#466 = DEFINITIONAL_REPRESENTATION('',(#467),#471);
#467 = LINE('',#468,#469);
#468 = CARTESIAN_POINT('',(2.25,0.85));
#469 = VECTOR('',#470,1.);
#470 = DIRECTION('',(1.,0.));
#471 = ( GEOMETRIC_REPRESENTATION_CONTEXT(2) 
PARAMETRIC_REPRESENTATION_CONTEXT() REPRESENTATION_CONTEXT('2D SPACE',''
  ) );
#472 = FACE_BOUND('',#473,.F.);
#473 = EDGE_LOOP('',(#474,#504,#532,#560));
#474 = ORIENTED_EDGE('',*,*,#475,.T.);
#475 = EDGE_CURVE('',#476,#478,#480,.T.);
#476 = VERTEX_POINT('',#477);
#477 = CARTESIAN_POINT('',(81.,71.85,19.3));
#478 = VERTEX_POINT('',#479);
#479 = CARTESIAN_POINT('',(78.,71.85,19.3));
#480 = SURFACE_CURVE('',#481,(#485,#492),.PCURVE_S1.);
#481 = LINE('',#482,#483);
#482 = CARTESIAN_POINT('',(31.425,71.85,19.3));
#483 = VECTOR('',#484,1.);
#484 = DIRECTION('',(-1.,-1.110223024625E-16,0.));
#485 = PCURVE('',#32,#486);
#486 = DEFINITIONAL_REPRESENTATION('',(#487),#491);
#487 = LINE('',#488,#489);
#488 = CARTESIAN_POINT('',(-4.5,-46.575));
#489 = VECTOR('',#490,1.);
#490 = DIRECTION('',(0.,1.));
#491 = ( GEOMETRIC_REPRESENTATION_CONTEXT(2) 
PARAMETRIC_REPRESENTATION_CONTEXT() REPRESENTATION_CONTEXT('2D SPACE',''
  ) );
#492 = PCURVE('',#493,#498);
#493 = PLANE('',#494);
#494 = AXIS2_PLACEMENT_3D('',#495,#496,#497);
#495 = CARTESIAN_POINT('',(78.,72.7,19.3));
#496 = DIRECTION('',(0.,0.,1.));
#497 = DIRECTION('',(1.110223024625E-16,-1.,0.));
#498 = DEFINITIONAL_REPRESENTATION('',(#499),#503);
#499 = LINE('',#500,#501);
#500 = CARTESIAN_POINT('',(0.85,-46.575));
#501 = VECTOR('',#502,1.);
#502 = DIRECTION('',(0.,-1.));
#503 = ( GEOMETRIC_REPRESENTATION_CONTEXT(2) 
PARAMETRIC_REPRESENTATION_CONTEXT() REPRESENTATION_CONTEXT('2D SPACE',''
  ) );
#504 = ORIENTED_EDGE('',*,*,#505,.T.);
#505 = EDGE_CURVE('',#478,#506,#508,.T.);
#506 = VERTEX_POINT('',#507);
#507 = CARTESIAN_POINT('',(78.,71.85,22.3));
#508 = SURFACE_CURVE('',#509,(#513,#520),.PCURVE_S1.);
#509 = LINE('',#510,#511);
#510 = CARTESIAN_POINT('',(78.,71.85,21.55));
#511 = VECTOR('',#512,1.);
#512 = DIRECTION('',(0.,0.,1.));
#513 = PCURVE('',#32,#514);
#514 = DEFINITIONAL_REPRESENTATION('',(#515),#519);
#515 = LINE('',#516,#517);
#516 = CARTESIAN_POINT('',(-2.25,-93.15));
#517 = VECTOR('',#518,1.);
#518 = DIRECTION('',(1.,0.));
#519 = ( GEOMETRIC_REPRESENTATION_CONTEXT(2) 
PARAMETRIC_REPRESENTATION_CONTEXT() REPRESENTATION_CONTEXT('2D SPACE',''
  ) );
#520 = PCURVE('',#521,#526);
#521 = PLANE('',#522);
#522 = AXIS2_PLACEMENT_3D('',#523,#524,#525);
#523 = CARTESIAN_POINT('',(78.,72.7,19.3));
#524 = DIRECTION('',(1.,1.110223024625E-16,0.));
#525 = DIRECTION('',(0.,0.,1.));
#526 = DEFINITIONAL_REPRESENTATION('',(#527),#531);
#527 = LINE('',#528,#529);
#528 = CARTESIAN_POINT('',(2.25,0.85));
#529 = VECTOR('',#530,1.);
#530 = DIRECTION('',(1.,0.));
#531 = ( GEOMETRIC_REPRESENTATION_CONTEXT(2) 
PARAMETRIC_REPRESENTATION_CONTEXT() REPRESENTATION_CONTEXT('2D SPACE',''
  ) );
#532 = ORIENTED_EDGE('',*,*,#533,.F.);
#533 = EDGE_CURVE('',#534,#506,#536,.T.);
#534 = VERTEX_POINT('',#535);
#535 = CARTESIAN_POINT('',(81.,71.85,22.3));
#536 = SURFACE_CURVE('',#537,(#541,#548),.PCURVE_S1.);
#537 = LINE('',#538,#539);
#538 = CARTESIAN_POINT('',(31.425,71.85,22.3));
#539 = VECTOR('',#540,1.);
#540 = DIRECTION('',(-1.,-1.110223024625E-16,0.));
#541 = PCURVE('',#32,#542);
#542 = DEFINITIONAL_REPRESENTATION('',(#543),#547);
#543 = LINE('',#544,#545);
#544 = CARTESIAN_POINT('',(-1.5,-46.575));
#545 = VECTOR('',#546,1.);
#546 = DIRECTION('',(0.,1.));
#547 = ( GEOMETRIC_REPRESENTATION_CONTEXT(2) 
PARAMETRIC_REPRESENTATION_CONTEXT() REPRESENTATION_CONTEXT('2D SPACE',''
  ) );
#548 = PCURVE('',#549,#554);
#549 = PLANE('',#550);
#550 = AXIS2_PLACEMENT_3D('',#551,#552,#553);
#551 = CARTESIAN_POINT('',(78.,72.7,22.3));
#552 = DIRECTION('',(0.,0.,1.));
#553 = DIRECTION('',(1.110223024625E-16,-1.,0.));
#554 = DEFINITIONAL_REPRESENTATION('',(#555),#559);
#555 = LINE('',#556,#557);
#556 = CARTESIAN_POINT('',(0.85,-46.575));
#557 = VECTOR('',#558,1.);
#558 = DIRECTION('',(0.,-1.));
#559 = ( GEOMETRIC_REPRESENTATION_CONTEXT(2) 
PARAMETRIC_REPRESENTATION_CONTEXT() REPRESENTATION_CONTEXT('2D SPACE',''
  ) );
#560 = ORIENTED_EDGE('',*,*,#561,.F.);
#561 = EDGE_CURVE('',#476,#534,#562,.T.);
#562 = SURFACE_CURVE('',#563,(#567,#574),.PCURVE_S1.);
#563 = LINE('',#564,#565);
#564 = CARTESIAN_POINT('',(81.,71.85,21.55));
#565 = VECTOR('',#566,1.);
#566 = DIRECTION('',(0.,0.,1.));
#567 = PCURVE('',#32,#568);
#568 = DEFINITIONAL_REPRESENTATION('',(#569),#573);
#569 = LINE('',#570,#571);
#570 = CARTESIAN_POINT('',(-2.25,-96.15));
#571 = VECTOR('',#572,1.);
#572 = DIRECTION('',(1.,0.));
#573 = ( GEOMETRIC_REPRESENTATION_CONTEXT(2) 
PARAMETRIC_REPRESENTATION_CONTEXT() REPRESENTATION_CONTEXT('2D SPACE',''
  ) );
#574 = PCURVE('',#575,#580);
#575 = PLANE('',#576);
#576 = AXIS2_PLACEMENT_3D('',#577,#578,#579);
#577 = CARTESIAN_POINT('',(81.,72.7,19.3));
#578 = DIRECTION('',(1.,1.110223024625E-16,0.));
#579 = DIRECTION('',(0.,0.,1.));
#580 = DEFINITIONAL_REPRESENTATION('',(#581),#585);
#581 = LINE('',#582,#583);
#582 = CARTESIAN_POINT('',(2.25,0.85));
#583 = VECTOR('',#584,1.);
#584 = DIRECTION('',(1.,0.));
#585 = ( GEOMETRIC_REPRESENTATION_CONTEXT(2) 
PARAMETRIC_REPRESENTATION_CONTEXT() REPRESENTATION_CONTEXT('2D SPACE',''
  ) );
#586 = FACE_BOUND('',#587,.F.);
#587 = EDGE_LOOP('',(#588,#618,#646,#674));
#588 = ORIENTED_EDGE('',*,*,#589,.T.);
#589 = EDGE_CURVE('',#590,#592,#594,.T.);
#590 = VERTEX_POINT('',#591);
#591 = CARTESIAN_POINT('',(74.,71.85,19.3));
#592 = VERTEX_POINT('',#593);
#593 = CARTESIAN_POINT('',(71.,71.85,19.3));
#594 = SURFACE_CURVE('',#595,(#599,#606),.PCURVE_S1.);
#595 = LINE('',#596,#597);
#596 = CARTESIAN_POINT('',(27.925,71.85,19.3));
#597 = VECTOR('',#598,1.);
#598 = DIRECTION('',(-1.,-1.110223024625E-16,0.));
#599 = PCURVE('',#32,#600);
#600 = DEFINITIONAL_REPRESENTATION('',(#601),#605);
#601 = LINE('',#602,#603);
#602 = CARTESIAN_POINT('',(-4.5,-43.075));
#603 = VECTOR('',#604,1.);
#604 = DIRECTION('',(0.,1.));
#605 = ( GEOMETRIC_REPRESENTATION_CONTEXT(2) 
PARAMETRIC_REPRESENTATION_CONTEXT() REPRESENTATION_CONTEXT('2D SPACE',''
  ) );
#606 = PCURVE('',#607,#612);
#607 = PLANE('',#608);
#608 = AXIS2_PLACEMENT_3D('',#609,#610,#611);
#609 = CARTESIAN_POINT('',(71.,72.7,19.3));
#610 = DIRECTION('',(0.,0.,1.));
#611 = DIRECTION('',(1.110223024625E-16,-1.,0.));
#612 = DEFINITIONAL_REPRESENTATION('',(#613),#617);
#613 = LINE('',#614,#615);
#614 = CARTESIAN_POINT('',(0.85,-43.075));
#615 = VECTOR('',#616,1.);
#616 = DIRECTION('',(0.,-1.));
#617 = ( GEOMETRIC_REPRESENTATION_CONTEXT(2) 
PARAMETRIC_REPRESENTATION_CONTEXT() REPRESENTATION_CONTEXT('2D SPACE',''
  ) );
#618 = ORIENTED_EDGE('',*,*,#619,.T.);
#619 = EDGE_CURVE('',#592,#620,#622,.T.);
#620 = VERTEX_POINT('',#621);
#621 = CARTESIAN_POINT('',(71.,71.85,22.3));
#622 = SURFACE_CURVE('',#623,(#627,#634),.PCURVE_S1.);
#623 = LINE('',#624,#625);
#624 = CARTESIAN_POINT('',(71.,71.85,21.55));
#625 = VECTOR('',#626,1.);
#626 = DIRECTION('',(0.,0.,1.));
#627 = PCURVE('',#32,#628);
#628 = DEFINITIONAL_REPRESENTATION('',(#629),#633);
#629 = LINE('',#630,#631);
#630 = CARTESIAN_POINT('',(-2.25,-86.15));
#631 = VECTOR('',#632,1.);
#632 = DIRECTION('',(1.,0.));
#633 = ( GEOMETRIC_REPRESENTATION_CONTEXT(2) 
PARAMETRIC_REPRESENTATION_CONTEXT() REPRESENTATION_CONTEXT('2D SPACE',''
  ) );
#634 = PCURVE('',#635,#640);
#635 = PLANE('',#636);
#636 = AXIS2_PLACEMENT_3D('',#637,#638,#639);
#637 = CARTESIAN_POINT('',(71.,72.7,19.3));
#638 = DIRECTION('',(1.,1.110223024625E-16,0.));
#639 = DIRECTION('',(0.,0.,1.));
#640 = DEFINITIONAL_REPRESENTATION('',(#641),#645);
#641 = LINE('',#642,#643);
#642 = CARTESIAN_POINT('',(2.25,0.85));
#643 = VECTOR('',#644,1.);
#644 = DIRECTION('',(1.,0.));
#645 = ( GEOMETRIC_REPRESENTATION_CONTEXT(2) 
PARAMETRIC_REPRESENTATION_CONTEXT() REPRESENTATION_CONTEXT('2D SPACE',''
  ) );
#646 = ORIENTED_EDGE('',*,*,#647,.F.);
#647 = EDGE_CURVE('',#648,#620,#650,.T.);
#648 = VERTEX_POINT('',#649);
#649 = CARTESIAN_POINT('',(74.,71.85,22.3));
#650 = SURFACE_CURVE('',#651,(#655,#662),.PCURVE_S1.);
#651 = LINE('',#652,#653);
#652 = CARTESIAN_POINT('',(27.925,71.85,22.3));
#653 = VECTOR('',#654,1.);
#654 = DIRECTION('',(-1.,-1.110223024625E-16,0.));
#655 = PCURVE('',#32,#656);
#656 = DEFINITIONAL_REPRESENTATION('',(#657),#661);
#657 = LINE('',#658,#659);
#658 = CARTESIAN_POINT('',(-1.5,-43.075));
#659 = VECTOR('',#660,1.);
#660 = DIRECTION('',(0.,1.));
#661 = ( GEOMETRIC_REPRESENTATION_CONTEXT(2) 
PARAMETRIC_REPRESENTATION_CONTEXT() REPRESENTATION_CONTEXT('2D SPACE',''
  ) );
#662 = PCURVE('',#663,#668);
#663 = PLANE('',#664);
#664 = AXIS2_PLACEMENT_3D('',#665,#666,#667);
#665 = CARTESIAN_POINT('',(71.,72.7,22.3));
#666 = DIRECTION('',(0.,0.,1.));
#667 = DIRECTION('',(1.110223024625E-16,-1.,0.));
#668 = DEFINITIONAL_REPRESENTATION('',(#669),#673);
#669 = LINE('',#670,#671);
#670 = CARTESIAN_POINT('',(0.85,-43.075));
#671 = VECTOR('',#672,1.);
#672 = DIRECTION('',(0.,-1.));
#673 = ( GEOMETRIC_REPRESENTATION_CONTEXT(2) 
PARAMETRIC_REPRESENTATION_CONTEXT() REPRESENTATION_CONTEXT('2D SPACE',''
  ) );
#674 = ORIENTED_EDGE('',*,*,#675,.F.);
#675 = EDGE_CURVE('',#590,#648,#676,.T.);
#676 = SURFACE_CURVE('',#677,(#681,#688),.PCURVE_S1.);
#677 = LINE('',#678,#679);
#678 = CARTESIAN_POINT('',(74.,71.85,21.55));
#679 = VECTOR('',#680,1.);
#680 = DIRECTION('',(0.,0.,1.));
#681 = PCURVE('',#32,#682);
#682 = DEFINITIONAL_REPRESENTATION('',(#683),#687);
#683 = LINE('',#684,#685);
#684 = CARTESIAN_POINT('',(-2.25,-89.15));
#685 = VECTOR('',#686,1.);
#686 = DIRECTION('',(1.,0.));
#687 = ( GEOMETRIC_REPRESENTATION_CONTEXT(2) 
PARAMETRIC_REPRESENTATION_CONTEXT() REPRESENTATION_CONTEXT('2D SPACE',''
  ) );
#688 = PCURVE('',#689,#694);
#689 = PLANE('',#690);
#690 = AXIS2_PLACEMENT_3D('',#691,#692,#693);
#691 = CARTESIAN_POINT('',(74.,72.7,19.3));
#692 = DIRECTION('',(1.,1.110223024625E-16,0.));
#693 = DIRECTION('',(0.,0.,1.));
#694 = DEFINITIONAL_REPRESENTATION('',(#695),#699);
#695 = LINE('',#696,#697);
#696 = CARTESIAN_POINT('',(2.25,0.85));
#697 = VECTOR('',#698,1.);
#698 = DIRECTION('',(1.,0.));
#699 = ( GEOMETRIC_REPRESENTATION_CONTEXT(2) 
PARAMETRIC_REPRESENTATION_CONTEXT() REPRESENTATION_CONTEXT('2D SPACE',''
  ) );
#700 = ADVANCED_FACE('',(#701,#900,#1130,#1360,#1590,#1820,#2050,#2280),
  #44,.T.);
#701 = FACE_BOUND('',#702,.T.);
#702 = EDGE_LOOP('',(#703,#704,#728,#756,#789,#817,#846,#874));
#703 = ORIENTED_EDGE('',*,*,#21,.F.);
#704 = ORIENTED_EDGE('',*,*,#705,.T.);
#705 = EDGE_CURVE('',#22,#706,#708,.T.);
#706 = VERTEX_POINT('',#707);
#707 = CARTESIAN_POINT('',(-15.15,67.7,26.8));
#708 = SURFACE_CURVE('',#709,(#714,#721),.PCURVE_S1.);
#709 = CIRCLE('',#710,4.15);
#710 = AXIS2_PLACEMENT_3D('',#711,#712,#713);
#711 = CARTESIAN_POINT('',(-11.,67.7,26.8));
#712 = DIRECTION('',(0.,0.,1.));
#713 = DIRECTION('',(-1.,-1.110223024625E-16,0.));
#714 = PCURVE('',#44,#715);
#715 = DEFINITIONAL_REPRESENTATION('',(#716),#720);
#716 = CIRCLE('',#717,4.15);
#717 = AXIS2_PLACEMENT_2D('',#718,#719);
#718 = CARTESIAN_POINT('',(4.15,4.15));
#719 = DIRECTION('',(0.,-1.));
#720 = ( GEOMETRIC_REPRESENTATION_CONTEXT(2) 
PARAMETRIC_REPRESENTATION_CONTEXT() REPRESENTATION_CONTEXT('2D SPACE',''
  ) );
#721 = PCURVE('',#72,#722);
#722 = DEFINITIONAL_REPRESENTATION('',(#723),#727);
#723 = LINE('',#724,#725);
#724 = CARTESIAN_POINT('',(-4.712388980385,3.));
#725 = VECTOR('',#726,1.);
#726 = DIRECTION('',(1.,0.));
#727 = ( GEOMETRIC_REPRESENTATION_CONTEXT(2) 
PARAMETRIC_REPRESENTATION_CONTEXT() REPRESENTATION_CONTEXT('2D SPACE',''
  ) );
#728 = ORIENTED_EDGE('',*,*,#729,.T.);
#729 = EDGE_CURVE('',#706,#730,#732,.T.);
#730 = VERTEX_POINT('',#731);
#731 = CARTESIAN_POINT('',(-15.15,3.,26.8));
#732 = SURFACE_CURVE('',#733,(#737,#744),.PCURVE_S1.);
#733 = LINE('',#734,#735);
#734 = CARTESIAN_POINT('',(-15.15,71.85,26.8));
#735 = VECTOR('',#736,1.);
#736 = DIRECTION('',(1.110223024625E-16,-1.,0.));
#737 = PCURVE('',#44,#738);
#738 = DEFINITIONAL_REPRESENTATION('',(#739),#743);
#739 = LINE('',#740,#741);
#740 = CARTESIAN_POINT('',(0.,0.));
#741 = VECTOR('',#742,1.);
#742 = DIRECTION('',(1.,0.));
#743 = ( GEOMETRIC_REPRESENTATION_CONTEXT(2) 
PARAMETRIC_REPRESENTATION_CONTEXT() REPRESENTATION_CONTEXT('2D SPACE',''
  ) );
#744 = PCURVE('',#745,#750);
#745 = PLANE('',#746);
#746 = AXIS2_PLACEMENT_3D('',#747,#748,#749);
#747 = CARTESIAN_POINT('',(-15.15,71.85,23.8));
#748 = DIRECTION('',(1.,1.110223024625E-16,0.));
#749 = DIRECTION('',(0.,0.,1.));
#750 = DEFINITIONAL_REPRESENTATION('',(#751),#755);
#751 = LINE('',#752,#753);
#752 = CARTESIAN_POINT('',(3.,0.));
#753 = VECTOR('',#754,1.);
#754 = DIRECTION('',(0.,1.));
#755 = ( GEOMETRIC_REPRESENTATION_CONTEXT(2) 
PARAMETRIC_REPRESENTATION_CONTEXT() REPRESENTATION_CONTEXT('2D SPACE',''
  ) );
#756 = ORIENTED_EDGE('',*,*,#757,.F.);
#757 = EDGE_CURVE('',#758,#730,#760,.T.);
#758 = VERTEX_POINT('',#759);
#759 = CARTESIAN_POINT('',(-11.,-1.15,26.8));
#760 = SURFACE_CURVE('',#761,(#766,#777),.PCURVE_S1.);
#761 = CIRCLE('',#762,4.15);
#762 = AXIS2_PLACEMENT_3D('',#763,#764,#765);
#763 = CARTESIAN_POINT('',(-11.,3.,26.8));
#764 = DIRECTION('',(-0.,0.,-1.));
#765 = DIRECTION('',(-1.,-1.110223024625E-16,0.));
#766 = PCURVE('',#44,#767);
#767 = DEFINITIONAL_REPRESENTATION('',(#768),#776);
#768 = ( BOUNDED_CURVE() B_SPLINE_CURVE(2,(#769,#770,#771,#772,#773,#774
,#775),.UNSPECIFIED.,.T.,.F.) B_SPLINE_CURVE_WITH_KNOTS((1,2,2,2,2,1),(
    -2.094395102393,0.,2.094395102393,4.188790204786,6.28318530718,
8.377580409573),.UNSPECIFIED.) CURVE() GEOMETRIC_REPRESENTATION_ITEM() 
RATIONAL_B_SPLINE_CURVE((1.,0.5,1.,0.5,1.,0.5,1.)) REPRESENTATION_ITEM(
  '') );
#769 = CARTESIAN_POINT('',(68.85,-8.881784197001E-16));
#770 = CARTESIAN_POINT('',(61.661989148589,-8.881784197001E-16));
#771 = CARTESIAN_POINT('',(65.255994574295,6.225));
#772 = CARTESIAN_POINT('',(68.85,12.45));
#773 = CARTESIAN_POINT('',(72.444005425705,6.225));
#774 = CARTESIAN_POINT('',(76.038010851411,5.329070518201E-15));
#775 = CARTESIAN_POINT('',(68.85,-8.881784197001E-16));
#776 = ( GEOMETRIC_REPRESENTATION_CONTEXT(2) 
PARAMETRIC_REPRESENTATION_CONTEXT() REPRESENTATION_CONTEXT('2D SPACE',''
  ) );
#777 = PCURVE('',#778,#783);
#778 = CYLINDRICAL_SURFACE('',#779,4.15);
#779 = AXIS2_PLACEMENT_3D('',#780,#781,#782);
#780 = CARTESIAN_POINT('',(-11.,3.,23.8));
#781 = DIRECTION('',(0.,0.,1.));
#782 = DIRECTION('',(1.110223024625E-16,-1.,0.));
#783 = DEFINITIONAL_REPRESENTATION('',(#784),#788);
#784 = LINE('',#785,#786);
#785 = CARTESIAN_POINT('',(4.712388980385,3.));
#786 = VECTOR('',#787,1.);
#787 = DIRECTION('',(-1.,0.));
#788 = ( GEOMETRIC_REPRESENTATION_CONTEXT(2) 
PARAMETRIC_REPRESENTATION_CONTEXT() REPRESENTATION_CONTEXT('2D SPACE',''
  ) );
#789 = ORIENTED_EDGE('',*,*,#790,.T.);
#790 = EDGE_CURVE('',#758,#791,#793,.T.);
#791 = VERTEX_POINT('',#792);
#792 = CARTESIAN_POINT('',(123.9,-1.15,26.8));
#793 = SURFACE_CURVE('',#794,(#798,#805),.PCURVE_S1.);
#794 = LINE('',#795,#796);
#795 = CARTESIAN_POINT('',(-15.15,-1.15,26.8));
#796 = VECTOR('',#797,1.);
#797 = DIRECTION('',(1.,1.110223024625E-16,0.));
#798 = PCURVE('',#44,#799);
#799 = DEFINITIONAL_REPRESENTATION('',(#800),#804);
#800 = LINE('',#801,#802);
#801 = CARTESIAN_POINT('',(73.,-9.992007221626E-16));
#802 = VECTOR('',#803,1.);
#803 = DIRECTION('',(0.,1.));
#804 = ( GEOMETRIC_REPRESENTATION_CONTEXT(2) 
PARAMETRIC_REPRESENTATION_CONTEXT() REPRESENTATION_CONTEXT('2D SPACE',''
  ) );
#805 = PCURVE('',#806,#811);
#806 = PLANE('',#807);
#807 = AXIS2_PLACEMENT_3D('',#808,#809,#810);
#808 = CARTESIAN_POINT('',(-15.15,-1.15,23.8));
#809 = DIRECTION('',(1.110223024625E-16,-1.,0.));
#810 = DIRECTION('',(0.,0.,1.));
#811 = DEFINITIONAL_REPRESENTATION('',(#812),#816);
#812 = LINE('',#813,#814);
#813 = CARTESIAN_POINT('',(3.,0.));
#814 = VECTOR('',#815,1.);
#815 = DIRECTION('',(0.,-1.));
#816 = ( GEOMETRIC_REPRESENTATION_CONTEXT(2) 
PARAMETRIC_REPRESENTATION_CONTEXT() REPRESENTATION_CONTEXT('2D SPACE',''
  ) );
#817 = ORIENTED_EDGE('',*,*,#818,.T.);
#818 = EDGE_CURVE('',#791,#819,#821,.T.);
#819 = VERTEX_POINT('',#820);
#820 = CARTESIAN_POINT('',(128.05,3.,26.8));
#821 = SURFACE_CURVE('',#822,(#827,#834),.PCURVE_S1.);
#822 = CIRCLE('',#823,4.15);
#823 = AXIS2_PLACEMENT_3D('',#824,#825,#826);
#824 = CARTESIAN_POINT('',(123.9,3.,26.8));
#825 = DIRECTION('',(0.,0.,1.));
#826 = DIRECTION('',(-1.,-1.110223024625E-16,0.));
#827 = PCURVE('',#44,#828);
#828 = DEFINITIONAL_REPRESENTATION('',(#829),#833);
#829 = CIRCLE('',#830,4.15);
#830 = AXIS2_PLACEMENT_2D('',#831,#832);
#831 = CARTESIAN_POINT('',(68.85,139.05));
#832 = DIRECTION('',(0.,-1.));
#833 = ( GEOMETRIC_REPRESENTATION_CONTEXT(2) 
PARAMETRIC_REPRESENTATION_CONTEXT() REPRESENTATION_CONTEXT('2D SPACE',''
  ) );
#834 = PCURVE('',#835,#840);
#835 = CYLINDRICAL_SURFACE('',#836,4.15);
#836 = AXIS2_PLACEMENT_3D('',#837,#838,#839);
#837 = CARTESIAN_POINT('',(123.9,3.,23.8));
#838 = DIRECTION('',(0.,0.,1.));
#839 = DIRECTION('',(1.110223024625E-16,-1.,0.));
#840 = DEFINITIONAL_REPRESENTATION('',(#841),#845);
#841 = LINE('',#842,#843);
#842 = CARTESIAN_POINT('',(-1.570796326795,3.));
#843 = VECTOR('',#844,1.);
#844 = DIRECTION('',(1.,0.));
#845 = ( GEOMETRIC_REPRESENTATION_CONTEXT(2) 
PARAMETRIC_REPRESENTATION_CONTEXT() REPRESENTATION_CONTEXT('2D SPACE',''
  ) );
#846 = ORIENTED_EDGE('',*,*,#847,.T.);
#847 = EDGE_CURVE('',#819,#848,#850,.T.);
#848 = VERTEX_POINT('',#849);
#849 = CARTESIAN_POINT('',(128.05,67.7,26.8));
#850 = SURFACE_CURVE('',#851,(#855,#862),.PCURVE_S1.);
#851 = LINE('',#852,#853);
#852 = CARTESIAN_POINT('',(128.05,3.,26.8));
#853 = VECTOR('',#854,1.);
#854 = DIRECTION('',(-1.110223024625E-16,1.,0.));
#855 = PCURVE('',#44,#856);
#856 = DEFINITIONAL_REPRESENTATION('',(#857),#861);
#857 = LINE('',#858,#859);
#858 = CARTESIAN_POINT('',(68.85,143.2));
#859 = VECTOR('',#860,1.);
#860 = DIRECTION('',(-1.,0.));
#861 = ( GEOMETRIC_REPRESENTATION_CONTEXT(2) 
PARAMETRIC_REPRESENTATION_CONTEXT() REPRESENTATION_CONTEXT('2D SPACE',''
  ) );
#862 = PCURVE('',#863,#868);
#863 = PLANE('',#864);
#864 = AXIS2_PLACEMENT_3D('',#865,#866,#867);
#865 = CARTESIAN_POINT('',(128.05,71.85,23.8));
#866 = DIRECTION('',(1.,1.110223024625E-16,0.));
#867 = DIRECTION('',(0.,0.,1.));
#868 = DEFINITIONAL_REPRESENTATION('',(#869),#873);
#869 = LINE('',#870,#871);
#870 = CARTESIAN_POINT('',(3.,68.85));
#871 = VECTOR('',#872,1.);
#872 = DIRECTION('',(0.,-1.));
#873 = ( GEOMETRIC_REPRESENTATION_CONTEXT(2) 
PARAMETRIC_REPRESENTATION_CONTEXT() REPRESENTATION_CONTEXT('2D SPACE',''
  ) );
#874 = ORIENTED_EDGE('',*,*,#875,.F.);
#875 = EDGE_CURVE('',#24,#848,#876,.T.);
#876 = SURFACE_CURVE('',#877,(#882,#893),.PCURVE_S1.);
#877 = CIRCLE('',#878,4.15);
#878 = AXIS2_PLACEMENT_3D('',#879,#880,#881);
#879 = CARTESIAN_POINT('',(123.9,67.7,26.8));
#880 = DIRECTION('',(-0.,0.,-1.));
#881 = DIRECTION('',(-1.,-1.110223024625E-16,0.));
#882 = PCURVE('',#44,#883);
#883 = DEFINITIONAL_REPRESENTATION('',(#884),#892);
#884 = ( BOUNDED_CURVE() B_SPLINE_CURVE(2,(#885,#886,#887,#888,#889,#890
,#891),.UNSPECIFIED.,.T.,.F.) B_SPLINE_CURVE_WITH_KNOTS((1,2,2,2,2,1),(
    -2.094395102393,0.,2.094395102393,4.188790204786,6.28318530718,
8.377580409573),.UNSPECIFIED.) CURVE() GEOMETRIC_REPRESENTATION_ITEM() 
RATIONAL_B_SPLINE_CURVE((1.,0.5,1.,0.5,1.,0.5,1.)) REPRESENTATION_ITEM(
  '') );
#885 = CARTESIAN_POINT('',(4.15,134.9));
#886 = CARTESIAN_POINT('',(-3.038010851411,134.9));
#887 = CARTESIAN_POINT('',(0.555994574295,141.125));
#888 = CARTESIAN_POINT('',(4.15,147.35));
#889 = CARTESIAN_POINT('',(7.744005425705,141.125));
#890 = CARTESIAN_POINT('',(11.338010851411,134.9));
#891 = CARTESIAN_POINT('',(4.15,134.9));
#892 = ( GEOMETRIC_REPRESENTATION_CONTEXT(2) 
PARAMETRIC_REPRESENTATION_CONTEXT() REPRESENTATION_CONTEXT('2D SPACE',''
  ) );
#893 = PCURVE('',#233,#894);
#894 = DEFINITIONAL_REPRESENTATION('',(#895),#899);
#895 = LINE('',#896,#897);
#896 = CARTESIAN_POINT('',(1.570796326795,3.));
#897 = VECTOR('',#898,1.);
#898 = DIRECTION('',(-1.,0.));
#899 = ( GEOMETRIC_REPRESENTATION_CONTEXT(2) 
PARAMETRIC_REPRESENTATION_CONTEXT() REPRESENTATION_CONTEXT('2D SPACE',''
  ) );
#900 = FACE_BOUND('',#901,.T.);
#901 = EDGE_LOOP('',(#902,#933,#961,#990,#1018,#1047,#1075,#1104));
#902 = ORIENTED_EDGE('',*,*,#903,.F.);
#903 = EDGE_CURVE('',#904,#906,#908,.T.);
#904 = VERTEX_POINT('',#905);
#905 = CARTESIAN_POINT('',(8.025,37.45,26.8));
#906 = VERTEX_POINT('',#907);
#907 = CARTESIAN_POINT('',(5.935,35.36,26.8));
#908 = SURFACE_CURVE('',#909,(#914,#921),.PCURVE_S1.);
#909 = CIRCLE('',#910,2.09);
#910 = AXIS2_PLACEMENT_3D('',#911,#912,#913);
#911 = CARTESIAN_POINT('',(8.025,35.36,26.8));
#912 = DIRECTION('',(0.,0.,1.));
#913 = DIRECTION('',(-1.110223024625E-16,1.,0.));
#914 = PCURVE('',#44,#915);
#915 = DEFINITIONAL_REPRESENTATION('',(#916),#920);
#916 = CIRCLE('',#917,2.09);
#917 = AXIS2_PLACEMENT_2D('',#918,#919);
#918 = CARTESIAN_POINT('',(36.49,23.175));
#919 = DIRECTION('',(-1.,0.));
#920 = ( GEOMETRIC_REPRESENTATION_CONTEXT(2) 
PARAMETRIC_REPRESENTATION_CONTEXT() REPRESENTATION_CONTEXT('2D SPACE',''
  ) );
#921 = PCURVE('',#922,#927);
#922 = CYLINDRICAL_SURFACE('',#923,2.09);
#923 = AXIS2_PLACEMENT_3D('',#924,#925,#926);
#924 = CARTESIAN_POINT('',(8.025,35.36,23.7));
#925 = DIRECTION('',(0.,0.,1.));
#926 = DIRECTION('',(-1.110223024625E-16,1.,0.));
#927 = DEFINITIONAL_REPRESENTATION('',(#928),#932);
#928 = LINE('',#929,#930);
#929 = CARTESIAN_POINT('',(0.,3.1));
#930 = VECTOR('',#931,1.);
#931 = DIRECTION('',(1.,0.));
#932 = ( GEOMETRIC_REPRESENTATION_CONTEXT(2) 
PARAMETRIC_REPRESENTATION_CONTEXT() REPRESENTATION_CONTEXT('2D SPACE',''
  ) );
#933 = ORIENTED_EDGE('',*,*,#934,.T.);
#934 = EDGE_CURVE('',#904,#935,#937,.T.);
#935 = VERTEX_POINT('',#936);
#936 = CARTESIAN_POINT('',(14.79,37.45,26.8));
#937 = SURFACE_CURVE('',#938,(#942,#949),.PCURVE_S1.);
#938 = LINE('',#939,#940);
#939 = CARTESIAN_POINT('',(-4.6075,37.45,26.8));
#940 = VECTOR('',#941,1.);
#941 = DIRECTION('',(1.,1.110223024625E-16,0.));
#942 = PCURVE('',#44,#943);
#943 = DEFINITIONAL_REPRESENTATION('',(#944),#948);
#944 = LINE('',#945,#946);
#945 = CARTESIAN_POINT('',(34.4,10.5425));
#946 = VECTOR('',#947,1.);
#947 = DIRECTION('',(0.,1.));
#948 = ( GEOMETRIC_REPRESENTATION_CONTEXT(2) 
PARAMETRIC_REPRESENTATION_CONTEXT() REPRESENTATION_CONTEXT('2D SPACE',''
  ) );
#949 = PCURVE('',#950,#955);
#950 = PLANE('',#951);
#951 = AXIS2_PLACEMENT_3D('',#952,#953,#954);
#952 = CARTESIAN_POINT('',(5.935,37.45,23.7));
#953 = DIRECTION('',(1.110223024625E-16,-1.,0.));
#954 = DIRECTION('',(0.,0.,1.));
#955 = DEFINITIONAL_REPRESENTATION('',(#956),#960);
#956 = LINE('',#957,#958);
#957 = CARTESIAN_POINT('',(3.1,10.5425));
#958 = VECTOR('',#959,1.);
#959 = DIRECTION('',(0.,-1.));
#960 = ( GEOMETRIC_REPRESENTATION_CONTEXT(2) 
PARAMETRIC_REPRESENTATION_CONTEXT() REPRESENTATION_CONTEXT('2D SPACE',''
  ) );
#961 = ORIENTED_EDGE('',*,*,#962,.F.);
#962 = EDGE_CURVE('',#963,#935,#965,.T.);
#963 = VERTEX_POINT('',#964);
#964 = CARTESIAN_POINT('',(16.88,35.36,26.8));
#965 = SURFACE_CURVE('',#966,(#971,#978),.PCURVE_S1.);
#966 = CIRCLE('',#967,2.09);
#967 = AXIS2_PLACEMENT_3D('',#968,#969,#970);
#968 = CARTESIAN_POINT('',(14.79,35.36,26.8));
#969 = DIRECTION('',(0.,0.,1.));
#970 = DIRECTION('',(-1.110223024625E-16,1.,0.));
#971 = PCURVE('',#44,#972);
#972 = DEFINITIONAL_REPRESENTATION('',(#973),#977);
#973 = CIRCLE('',#974,2.09);
#974 = AXIS2_PLACEMENT_2D('',#975,#976);
#975 = CARTESIAN_POINT('',(36.49,29.94));
#976 = DIRECTION('',(-1.,0.));
#977 = ( GEOMETRIC_REPRESENTATION_CONTEXT(2) 
PARAMETRIC_REPRESENTATION_CONTEXT() REPRESENTATION_CONTEXT('2D SPACE',''
  ) );
#978 = PCURVE('',#979,#984);
#979 = CYLINDRICAL_SURFACE('',#980,2.09);
#980 = AXIS2_PLACEMENT_3D('',#981,#982,#983);
#981 = CARTESIAN_POINT('',(14.79,35.36,23.7));
#982 = DIRECTION('',(0.,0.,1.));
#983 = DIRECTION('',(-1.110223024625E-16,1.,0.));
#984 = DEFINITIONAL_REPRESENTATION('',(#985),#989);
#985 = LINE('',#986,#987);
#986 = CARTESIAN_POINT('',(-6.28318530718,3.1));
#987 = VECTOR('',#988,1.);
#988 = DIRECTION('',(1.,-0.));
#989 = ( GEOMETRIC_REPRESENTATION_CONTEXT(2) 
PARAMETRIC_REPRESENTATION_CONTEXT() REPRESENTATION_CONTEXT('2D SPACE',''
  ) );
#990 = ORIENTED_EDGE('',*,*,#991,.F.);
#991 = EDGE_CURVE('',#992,#963,#994,.T.);
#992 = VERTEX_POINT('',#993);
#993 = CARTESIAN_POINT('',(16.88,35.34,26.8));
#994 = SURFACE_CURVE('',#995,(#999,#1006),.PCURVE_S1.);
#995 = LINE('',#996,#997);
#996 = CARTESIAN_POINT('',(16.88,54.65,26.8));
#997 = VECTOR('',#998,1.);
#998 = DIRECTION('',(-1.110223024625E-16,1.,0.));
#999 = PCURVE('',#44,#1000);
#1000 = DEFINITIONAL_REPRESENTATION('',(#1001),#1005);
#1001 = LINE('',#1002,#1003);
#1002 = CARTESIAN_POINT('',(17.2,32.03));
#1003 = VECTOR('',#1004,1.);
#1004 = DIRECTION('',(-1.,0.));
#1005 = ( GEOMETRIC_REPRESENTATION_CONTEXT(2) 
PARAMETRIC_REPRESENTATION_CONTEXT() REPRESENTATION_CONTEXT('2D SPACE',''
  ) );
#1006 = PCURVE('',#1007,#1012);
#1007 = PLANE('',#1008);
#1008 = AXIS2_PLACEMENT_3D('',#1009,#1010,#1011);
#1009 = CARTESIAN_POINT('',(16.88,37.45,23.7));
#1010 = DIRECTION('',(1.,1.110223024625E-16,0.));
#1011 = DIRECTION('',(0.,0.,1.));
#1012 = DEFINITIONAL_REPRESENTATION('',(#1013),#1017);
#1013 = LINE('',#1014,#1015);
#1014 = CARTESIAN_POINT('',(3.1,-17.2));
#1015 = VECTOR('',#1016,1.);
#1016 = DIRECTION('',(0.,-1.));
#1017 = ( GEOMETRIC_REPRESENTATION_CONTEXT(2) 
PARAMETRIC_REPRESENTATION_CONTEXT() REPRESENTATION_CONTEXT('2D SPACE',''
  ) );
#1018 = ORIENTED_EDGE('',*,*,#1019,.F.);
#1019 = EDGE_CURVE('',#1020,#992,#1022,.T.);
#1020 = VERTEX_POINT('',#1021);
#1021 = CARTESIAN_POINT('',(14.79,33.25,26.8));
#1022 = SURFACE_CURVE('',#1023,(#1028,#1035),.PCURVE_S1.);
#1023 = CIRCLE('',#1024,2.09);
#1024 = AXIS2_PLACEMENT_3D('',#1025,#1026,#1027);
#1025 = CARTESIAN_POINT('',(14.79,35.34,26.8));
#1026 = DIRECTION('',(-0.,0.,1.));
#1027 = DIRECTION('',(1.110223024625E-16,-1.,0.));
#1028 = PCURVE('',#44,#1029);
#1029 = DEFINITIONAL_REPRESENTATION('',(#1030),#1034);
#1030 = CIRCLE('',#1031,2.09);
#1031 = AXIS2_PLACEMENT_2D('',#1032,#1033);
#1032 = CARTESIAN_POINT('',(36.51,29.94));
#1033 = DIRECTION('',(1.,0.));
#1034 = ( GEOMETRIC_REPRESENTATION_CONTEXT(2) 
PARAMETRIC_REPRESENTATION_CONTEXT() REPRESENTATION_CONTEXT('2D SPACE',''
  ) );
#1035 = PCURVE('',#1036,#1041);
#1036 = CYLINDRICAL_SURFACE('',#1037,2.09);
#1037 = AXIS2_PLACEMENT_3D('',#1038,#1039,#1040);
#1038 = CARTESIAN_POINT('',(14.79,35.34,23.7));
#1039 = DIRECTION('',(0.,0.,1.));
#1040 = DIRECTION('',(1.110223024625E-16,-1.,0.));
#1041 = DEFINITIONAL_REPRESENTATION('',(#1042),#1046);
#1042 = LINE('',#1043,#1044);
#1043 = CARTESIAN_POINT('',(0.,3.1));
#1044 = VECTOR('',#1045,1.);
#1045 = DIRECTION('',(1.,0.));
#1046 = ( GEOMETRIC_REPRESENTATION_CONTEXT(2) 
PARAMETRIC_REPRESENTATION_CONTEXT() REPRESENTATION_CONTEXT('2D SPACE',''
  ) );
#1047 = ORIENTED_EDGE('',*,*,#1048,.F.);
#1048 = EDGE_CURVE('',#1049,#1020,#1051,.T.);
#1049 = VERTEX_POINT('',#1050);
#1050 = CARTESIAN_POINT('',(8.025,33.25,26.8));
#1051 = SURFACE_CURVE('',#1052,(#1056,#1063),.PCURVE_S1.);
#1052 = LINE('',#1053,#1054);
#1053 = CARTESIAN_POINT('',(-4.6075,33.25,26.8));
#1054 = VECTOR('',#1055,1.);
#1055 = DIRECTION('',(1.,1.110223024625E-16,0.));
#1056 = PCURVE('',#44,#1057);
#1057 = DEFINITIONAL_REPRESENTATION('',(#1058),#1062);
#1058 = LINE('',#1059,#1060);
#1059 = CARTESIAN_POINT('',(38.6,10.5425));
#1060 = VECTOR('',#1061,1.);
#1061 = DIRECTION('',(0.,1.));
#1062 = ( GEOMETRIC_REPRESENTATION_CONTEXT(2) 
PARAMETRIC_REPRESENTATION_CONTEXT() REPRESENTATION_CONTEXT('2D SPACE',''
  ) );
#1063 = PCURVE('',#1064,#1069);
#1064 = PLANE('',#1065);
#1065 = AXIS2_PLACEMENT_3D('',#1066,#1067,#1068);
#1066 = CARTESIAN_POINT('',(5.935,33.25,23.7));
#1067 = DIRECTION('',(1.110223024625E-16,-1.,0.));
#1068 = DIRECTION('',(0.,0.,1.));
#1069 = DEFINITIONAL_REPRESENTATION('',(#1070),#1074);
#1070 = LINE('',#1071,#1072);
#1071 = CARTESIAN_POINT('',(3.1,10.5425));
#1072 = VECTOR('',#1073,1.);
#1073 = DIRECTION('',(0.,-1.));
#1074 = ( GEOMETRIC_REPRESENTATION_CONTEXT(2) 
PARAMETRIC_REPRESENTATION_CONTEXT() REPRESENTATION_CONTEXT('2D SPACE',''
  ) );
#1075 = ORIENTED_EDGE('',*,*,#1076,.F.);
#1076 = EDGE_CURVE('',#1077,#1049,#1079,.T.);
#1077 = VERTEX_POINT('',#1078);
#1078 = CARTESIAN_POINT('',(5.935,35.34,26.8));
#1079 = SURFACE_CURVE('',#1080,(#1085,#1092),.PCURVE_S1.);
#1080 = CIRCLE('',#1081,2.09);
#1081 = AXIS2_PLACEMENT_3D('',#1082,#1083,#1084);
#1082 = CARTESIAN_POINT('',(8.025,35.34,26.8));
#1083 = DIRECTION('',(-0.,0.,1.));
#1084 = DIRECTION('',(1.110223024625E-16,-1.,0.));
#1085 = PCURVE('',#44,#1086);
#1086 = DEFINITIONAL_REPRESENTATION('',(#1087),#1091);
#1087 = CIRCLE('',#1088,2.09);
#1088 = AXIS2_PLACEMENT_2D('',#1089,#1090);
#1089 = CARTESIAN_POINT('',(36.51,23.175));
#1090 = DIRECTION('',(1.,0.));
#1091 = ( GEOMETRIC_REPRESENTATION_CONTEXT(2) 
PARAMETRIC_REPRESENTATION_CONTEXT() REPRESENTATION_CONTEXT('2D SPACE',''
  ) );
#1092 = PCURVE('',#1093,#1098);
#1093 = CYLINDRICAL_SURFACE('',#1094,2.09);
#1094 = AXIS2_PLACEMENT_3D('',#1095,#1096,#1097);
#1095 = CARTESIAN_POINT('',(8.025,35.34,23.7));
#1096 = DIRECTION('',(0.,0.,1.));
#1097 = DIRECTION('',(1.110223024625E-16,-1.,0.));
#1098 = DEFINITIONAL_REPRESENTATION('',(#1099),#1103);
#1099 = LINE('',#1100,#1101);
#1100 = CARTESIAN_POINT('',(-6.28318530718,3.1));
#1101 = VECTOR('',#1102,1.);
#1102 = DIRECTION('',(1.,-0.));
#1103 = ( GEOMETRIC_REPRESENTATION_CONTEXT(2) 
PARAMETRIC_REPRESENTATION_CONTEXT() REPRESENTATION_CONTEXT('2D SPACE',''
  ) );
#1104 = ORIENTED_EDGE('',*,*,#1105,.T.);
#1105 = EDGE_CURVE('',#1077,#906,#1106,.T.);
#1106 = SURFACE_CURVE('',#1107,(#1111,#1118),.PCURVE_S1.);
#1107 = LINE('',#1108,#1109);
#1108 = CARTESIAN_POINT('',(5.935,54.65,26.8));
#1109 = VECTOR('',#1110,1.);
#1110 = DIRECTION('',(-1.110223024625E-16,1.,0.));
#1111 = PCURVE('',#44,#1112);
#1112 = DEFINITIONAL_REPRESENTATION('',(#1113),#1117);
#1113 = LINE('',#1114,#1115);
#1114 = CARTESIAN_POINT('',(17.2,21.085));
#1115 = VECTOR('',#1116,1.);
#1116 = DIRECTION('',(-1.,0.));
#1117 = ( GEOMETRIC_REPRESENTATION_CONTEXT(2) 
PARAMETRIC_REPRESENTATION_CONTEXT() REPRESENTATION_CONTEXT('2D SPACE',''
  ) );
#1118 = PCURVE('',#1119,#1124);
#1119 = PLANE('',#1120);
#1120 = AXIS2_PLACEMENT_3D('',#1121,#1122,#1123);
#1121 = CARTESIAN_POINT('',(5.935,37.45,23.7));
#1122 = DIRECTION('',(1.,1.110223024625E-16,0.));
#1123 = DIRECTION('',(0.,0.,1.));
#1124 = DEFINITIONAL_REPRESENTATION('',(#1125),#1129);
#1125 = LINE('',#1126,#1127);
#1126 = CARTESIAN_POINT('',(3.1,-17.2));
#1127 = VECTOR('',#1128,1.);
#1128 = DIRECTION('',(0.,-1.));
#1129 = ( GEOMETRIC_REPRESENTATION_CONTEXT(2) 
PARAMETRIC_REPRESENTATION_CONTEXT() REPRESENTATION_CONTEXT('2D SPACE',''
  ) );
#1130 = FACE_BOUND('',#1131,.T.);
#1131 = EDGE_LOOP('',(#1132,#1163,#1191,#1220,#1248,#1277,#1305,#1334));
#1132 = ORIENTED_EDGE('',*,*,#1133,.F.);
#1133 = EDGE_CURVE('',#1134,#1136,#1138,.T.);
#1134 = VERTEX_POINT('',#1135);
#1135 = CARTESIAN_POINT('',(24.45,52.55,26.8));
#1136 = VERTEX_POINT('',#1137);
#1137 = CARTESIAN_POINT('',(22.45,50.55,26.8));
#1138 = SURFACE_CURVE('',#1139,(#1144,#1151),.PCURVE_S1.);
#1139 = CIRCLE('',#1140,2.);
#1140 = AXIS2_PLACEMENT_3D('',#1141,#1142,#1143);
#1141 = CARTESIAN_POINT('',(24.45,50.55,26.8));
#1142 = DIRECTION('',(0.,0.,1.));
#1143 = DIRECTION('',(-1.110223024625E-16,1.,0.));
#1144 = PCURVE('',#44,#1145);
#1145 = DEFINITIONAL_REPRESENTATION('',(#1146),#1150);
#1146 = CIRCLE('',#1147,2.);
#1147 = AXIS2_PLACEMENT_2D('',#1148,#1149);
#1148 = CARTESIAN_POINT('',(21.3,39.6));
#1149 = DIRECTION('',(-1.,0.));
#1150 = ( GEOMETRIC_REPRESENTATION_CONTEXT(2) 
PARAMETRIC_REPRESENTATION_CONTEXT() REPRESENTATION_CONTEXT('2D SPACE',''
  ) );
#1151 = PCURVE('',#1152,#1157);
#1152 = CYLINDRICAL_SURFACE('',#1153,2.);
#1153 = AXIS2_PLACEMENT_3D('',#1154,#1155,#1156);
#1154 = CARTESIAN_POINT('',(24.45,50.55,23.7));
#1155 = DIRECTION('',(0.,0.,1.));
#1156 = DIRECTION('',(-1.110223024625E-16,1.,0.));
#1157 = DEFINITIONAL_REPRESENTATION('',(#1158),#1162);
#1158 = LINE('',#1159,#1160);
#1159 = CARTESIAN_POINT('',(0.,3.1));
#1160 = VECTOR('',#1161,1.);
#1161 = DIRECTION('',(1.,0.));
#1162 = ( GEOMETRIC_REPRESENTATION_CONTEXT(2) 
PARAMETRIC_REPRESENTATION_CONTEXT() REPRESENTATION_CONTEXT('2D SPACE',''
  ) );
#1163 = ORIENTED_EDGE('',*,*,#1164,.T.);
#1164 = EDGE_CURVE('',#1134,#1165,#1167,.T.);
#1165 = VERTEX_POINT('',#1166);
#1166 = CARTESIAN_POINT('',(88.45,52.55,26.8));
#1167 = SURFACE_CURVE('',#1168,(#1172,#1179),.PCURVE_S1.);
#1168 = LINE('',#1169,#1170);
#1169 = CARTESIAN_POINT('',(3.65,52.55,26.8));
#1170 = VECTOR('',#1171,1.);
#1171 = DIRECTION('',(1.,1.110223024625E-16,0.));
#1172 = PCURVE('',#44,#1173);
#1173 = DEFINITIONAL_REPRESENTATION('',(#1174),#1178);
#1174 = LINE('',#1175,#1176);
#1175 = CARTESIAN_POINT('',(19.3,18.8));
#1176 = VECTOR('',#1177,1.);
#1177 = DIRECTION('',(0.,1.));
#1178 = ( GEOMETRIC_REPRESENTATION_CONTEXT(2) 
PARAMETRIC_REPRESENTATION_CONTEXT() REPRESENTATION_CONTEXT('2D SPACE',''
  ) );
#1179 = PCURVE('',#1180,#1185);
#1180 = PLANE('',#1181);
#1181 = AXIS2_PLACEMENT_3D('',#1182,#1183,#1184);
#1182 = CARTESIAN_POINT('',(22.45,52.55,23.7));
#1183 = DIRECTION('',(1.110223024625E-16,-1.,0.));
#1184 = DIRECTION('',(0.,0.,1.));
#1185 = DEFINITIONAL_REPRESENTATION('',(#1186),#1190);
#1186 = LINE('',#1187,#1188);
#1187 = CARTESIAN_POINT('',(3.1,18.8));
#1188 = VECTOR('',#1189,1.);
#1189 = DIRECTION('',(0.,-1.));
#1190 = ( GEOMETRIC_REPRESENTATION_CONTEXT(2) 
PARAMETRIC_REPRESENTATION_CONTEXT() REPRESENTATION_CONTEXT('2D SPACE',''
  ) );
#1191 = ORIENTED_EDGE('',*,*,#1192,.F.);
#1192 = EDGE_CURVE('',#1193,#1165,#1195,.T.);
#1193 = VERTEX_POINT('',#1194);
#1194 = CARTESIAN_POINT('',(90.45,50.55,26.8));
#1195 = SURFACE_CURVE('',#1196,(#1201,#1208),.PCURVE_S1.);
#1196 = CIRCLE('',#1197,2.);
#1197 = AXIS2_PLACEMENT_3D('',#1198,#1199,#1200);
#1198 = CARTESIAN_POINT('',(88.45,50.55,26.8));
#1199 = DIRECTION('',(0.,0.,1.));
#1200 = DIRECTION('',(-1.110223024625E-16,1.,0.));
#1201 = PCURVE('',#44,#1202);
#1202 = DEFINITIONAL_REPRESENTATION('',(#1203),#1207);
#1203 = CIRCLE('',#1204,2.);
#1204 = AXIS2_PLACEMENT_2D('',#1205,#1206);
#1205 = CARTESIAN_POINT('',(21.3,103.6));
#1206 = DIRECTION('',(-1.,0.));
#1207 = ( GEOMETRIC_REPRESENTATION_CONTEXT(2) 
PARAMETRIC_REPRESENTATION_CONTEXT() REPRESENTATION_CONTEXT('2D SPACE',''
  ) );
#1208 = PCURVE('',#1209,#1214);
#1209 = CYLINDRICAL_SURFACE('',#1210,2.);
#1210 = AXIS2_PLACEMENT_3D('',#1211,#1212,#1213);
#1211 = CARTESIAN_POINT('',(88.45,50.55,23.7));
#1212 = DIRECTION('',(0.,0.,1.));
#1213 = DIRECTION('',(-1.110223024625E-16,1.,0.));
#1214 = DEFINITIONAL_REPRESENTATION('',(#1215),#1219);
#1215 = LINE('',#1216,#1217);
#1216 = CARTESIAN_POINT('',(-6.28318530718,3.1));
#1217 = VECTOR('',#1218,1.);
#1218 = DIRECTION('',(1.,-0.));
#1219 = ( GEOMETRIC_REPRESENTATION_CONTEXT(2) 
PARAMETRIC_REPRESENTATION_CONTEXT() REPRESENTATION_CONTEXT('2D SPACE',''
  ) );
#1220 = ORIENTED_EDGE('',*,*,#1221,.F.);
#1221 = EDGE_CURVE('',#1222,#1193,#1224,.T.);
#1222 = VERTEX_POINT('',#1223);
#1223 = CARTESIAN_POINT('',(90.45,20.15,26.8));
#1224 = SURFACE_CURVE('',#1225,(#1229,#1236),.PCURVE_S1.);
#1225 = LINE('',#1226,#1227);
#1226 = CARTESIAN_POINT('',(90.45,62.2,26.8));
#1227 = VECTOR('',#1228,1.);
#1228 = DIRECTION('',(-1.110223024625E-16,1.,0.));
#1229 = PCURVE('',#44,#1230);
#1230 = DEFINITIONAL_REPRESENTATION('',(#1231),#1235);
#1231 = LINE('',#1232,#1233);
#1232 = CARTESIAN_POINT('',(9.65,105.6));
#1233 = VECTOR('',#1234,1.);
#1234 = DIRECTION('',(-1.,0.));
#1235 = ( GEOMETRIC_REPRESENTATION_CONTEXT(2) 
PARAMETRIC_REPRESENTATION_CONTEXT() REPRESENTATION_CONTEXT('2D SPACE',''
  ) );
#1236 = PCURVE('',#1237,#1242);
#1237 = PLANE('',#1238);
#1238 = AXIS2_PLACEMENT_3D('',#1239,#1240,#1241);
#1239 = CARTESIAN_POINT('',(90.45,52.55,23.7));
#1240 = DIRECTION('',(1.,1.110223024625E-16,0.));
#1241 = DIRECTION('',(0.,0.,1.));
#1242 = DEFINITIONAL_REPRESENTATION('',(#1243),#1247);
#1243 = LINE('',#1244,#1245);
#1244 = CARTESIAN_POINT('',(3.1,-9.65));
#1245 = VECTOR('',#1246,1.);
#1246 = DIRECTION('',(0.,-1.));
#1247 = ( GEOMETRIC_REPRESENTATION_CONTEXT(2) 
PARAMETRIC_REPRESENTATION_CONTEXT() REPRESENTATION_CONTEXT('2D SPACE',''
  ) );
#1248 = ORIENTED_EDGE('',*,*,#1249,.F.);
#1249 = EDGE_CURVE('',#1250,#1222,#1252,.T.);
#1250 = VERTEX_POINT('',#1251);
#1251 = CARTESIAN_POINT('',(88.45,18.15,26.8));
#1252 = SURFACE_CURVE('',#1253,(#1258,#1265),.PCURVE_S1.);
#1253 = CIRCLE('',#1254,2.);
#1254 = AXIS2_PLACEMENT_3D('',#1255,#1256,#1257);
#1255 = CARTESIAN_POINT('',(88.45,20.15,26.8));
#1256 = DIRECTION('',(-0.,0.,1.));
#1257 = DIRECTION('',(1.110223024625E-16,-1.,0.));
#1258 = PCURVE('',#44,#1259);
#1259 = DEFINITIONAL_REPRESENTATION('',(#1260),#1264);
#1260 = CIRCLE('',#1261,2.);
#1261 = AXIS2_PLACEMENT_2D('',#1262,#1263);
#1262 = CARTESIAN_POINT('',(51.7,103.6));
#1263 = DIRECTION('',(1.,0.));
#1264 = ( GEOMETRIC_REPRESENTATION_CONTEXT(2) 
PARAMETRIC_REPRESENTATION_CONTEXT() REPRESENTATION_CONTEXT('2D SPACE',''
  ) );
#1265 = PCURVE('',#1266,#1271);
#1266 = CYLINDRICAL_SURFACE('',#1267,2.);
#1267 = AXIS2_PLACEMENT_3D('',#1268,#1269,#1270);
#1268 = CARTESIAN_POINT('',(88.45,20.15,23.7));
#1269 = DIRECTION('',(0.,0.,1.));
#1270 = DIRECTION('',(1.110223024625E-16,-1.,0.));
#1271 = DEFINITIONAL_REPRESENTATION('',(#1272),#1276);
#1272 = LINE('',#1273,#1274);
#1273 = CARTESIAN_POINT('',(0.,3.1));
#1274 = VECTOR('',#1275,1.);
#1275 = DIRECTION('',(1.,0.));
#1276 = ( GEOMETRIC_REPRESENTATION_CONTEXT(2) 
PARAMETRIC_REPRESENTATION_CONTEXT() REPRESENTATION_CONTEXT('2D SPACE',''
  ) );
#1277 = ORIENTED_EDGE('',*,*,#1278,.F.);
#1278 = EDGE_CURVE('',#1279,#1250,#1281,.T.);
#1279 = VERTEX_POINT('',#1280);
#1280 = CARTESIAN_POINT('',(24.45,18.15,26.8));
#1281 = SURFACE_CURVE('',#1282,(#1286,#1293),.PCURVE_S1.);
#1282 = LINE('',#1283,#1284);
#1283 = CARTESIAN_POINT('',(3.65,18.15,26.8));
#1284 = VECTOR('',#1285,1.);
#1285 = DIRECTION('',(1.,1.110223024625E-16,0.));
#1286 = PCURVE('',#44,#1287);
#1287 = DEFINITIONAL_REPRESENTATION('',(#1288),#1292);
#1288 = LINE('',#1289,#1290);
#1289 = CARTESIAN_POINT('',(53.7,18.8));
#1290 = VECTOR('',#1291,1.);
#1291 = DIRECTION('',(0.,1.));
#1292 = ( GEOMETRIC_REPRESENTATION_CONTEXT(2) 
PARAMETRIC_REPRESENTATION_CONTEXT() REPRESENTATION_CONTEXT('2D SPACE',''
  ) );
#1293 = PCURVE('',#1294,#1299);
#1294 = PLANE('',#1295);
#1295 = AXIS2_PLACEMENT_3D('',#1296,#1297,#1298);
#1296 = CARTESIAN_POINT('',(22.45,18.15,23.7));
#1297 = DIRECTION('',(1.110223024625E-16,-1.,0.));
#1298 = DIRECTION('',(0.,0.,1.));
#1299 = DEFINITIONAL_REPRESENTATION('',(#1300),#1304);
#1300 = LINE('',#1301,#1302);
#1301 = CARTESIAN_POINT('',(3.1,18.8));
#1302 = VECTOR('',#1303,1.);
#1303 = DIRECTION('',(0.,-1.));
#1304 = ( GEOMETRIC_REPRESENTATION_CONTEXT(2) 
PARAMETRIC_REPRESENTATION_CONTEXT() REPRESENTATION_CONTEXT('2D SPACE',''
  ) );
#1305 = ORIENTED_EDGE('',*,*,#1306,.F.);
#1306 = EDGE_CURVE('',#1307,#1279,#1309,.T.);
#1307 = VERTEX_POINT('',#1308);
#1308 = CARTESIAN_POINT('',(22.45,20.15,26.8));
#1309 = SURFACE_CURVE('',#1310,(#1315,#1322),.PCURVE_S1.);
#1310 = CIRCLE('',#1311,2.);
#1311 = AXIS2_PLACEMENT_3D('',#1312,#1313,#1314);
#1312 = CARTESIAN_POINT('',(24.45,20.15,26.8));
#1313 = DIRECTION('',(-0.,0.,1.));
#1314 = DIRECTION('',(1.110223024625E-16,-1.,0.));
#1315 = PCURVE('',#44,#1316);
#1316 = DEFINITIONAL_REPRESENTATION('',(#1317),#1321);
#1317 = CIRCLE('',#1318,2.);
#1318 = AXIS2_PLACEMENT_2D('',#1319,#1320);
#1319 = CARTESIAN_POINT('',(51.7,39.6));
#1320 = DIRECTION('',(1.,0.));
#1321 = ( GEOMETRIC_REPRESENTATION_CONTEXT(2) 
PARAMETRIC_REPRESENTATION_CONTEXT() REPRESENTATION_CONTEXT('2D SPACE',''
  ) );
#1322 = PCURVE('',#1323,#1328);
#1323 = CYLINDRICAL_SURFACE('',#1324,2.);
#1324 = AXIS2_PLACEMENT_3D('',#1325,#1326,#1327);
#1325 = CARTESIAN_POINT('',(24.45,20.15,23.7));
#1326 = DIRECTION('',(0.,0.,1.));
#1327 = DIRECTION('',(1.110223024625E-16,-1.,0.));
#1328 = DEFINITIONAL_REPRESENTATION('',(#1329),#1333);
#1329 = LINE('',#1330,#1331);
#1330 = CARTESIAN_POINT('',(-6.28318530718,3.1));
#1331 = VECTOR('',#1332,1.);
#1332 = DIRECTION('',(1.,-0.));
#1333 = ( GEOMETRIC_REPRESENTATION_CONTEXT(2) 
PARAMETRIC_REPRESENTATION_CONTEXT() REPRESENTATION_CONTEXT('2D SPACE',''
  ) );
#1334 = ORIENTED_EDGE('',*,*,#1335,.T.);
#1335 = EDGE_CURVE('',#1307,#1136,#1336,.T.);
#1336 = SURFACE_CURVE('',#1337,(#1341,#1348),.PCURVE_S1.);
#1337 = LINE('',#1338,#1339);
#1338 = CARTESIAN_POINT('',(22.45,62.2,26.8));
#1339 = VECTOR('',#1340,1.);
#1340 = DIRECTION('',(-1.110223024625E-16,1.,0.));
#1341 = PCURVE('',#44,#1342);
#1342 = DEFINITIONAL_REPRESENTATION('',(#1343),#1347);
#1343 = LINE('',#1344,#1345);
#1344 = CARTESIAN_POINT('',(9.65,37.6));
#1345 = VECTOR('',#1346,1.);
#1346 = DIRECTION('',(-1.,0.));
#1347 = ( GEOMETRIC_REPRESENTATION_CONTEXT(2) 
PARAMETRIC_REPRESENTATION_CONTEXT() REPRESENTATION_CONTEXT('2D SPACE',''
  ) );
#1348 = PCURVE('',#1349,#1354);
#1349 = PLANE('',#1350);
#1350 = AXIS2_PLACEMENT_3D('',#1351,#1352,#1353);
#1351 = CARTESIAN_POINT('',(22.45,52.55,23.7));
#1352 = DIRECTION('',(1.,1.110223024625E-16,0.));
#1353 = DIRECTION('',(0.,0.,1.));
#1354 = DEFINITIONAL_REPRESENTATION('',(#1355),#1359);
#1355 = LINE('',#1356,#1357);
#1356 = CARTESIAN_POINT('',(3.1,-9.65));
#1357 = VECTOR('',#1358,1.);
#1358 = DIRECTION('',(0.,-1.));
#1359 = ( GEOMETRIC_REPRESENTATION_CONTEXT(2) 
PARAMETRIC_REPRESENTATION_CONTEXT() REPRESENTATION_CONTEXT('2D SPACE',''
  ) );
#1360 = FACE_BOUND('',#1361,.T.);
#1361 = EDGE_LOOP('',(#1362,#1393,#1421,#1450,#1478,#1507,#1535,#1564));
#1362 = ORIENTED_EDGE('',*,*,#1363,.F.);
#1363 = EDGE_CURVE('',#1364,#1366,#1368,.T.);
#1364 = VERTEX_POINT('',#1365);
#1365 = CARTESIAN_POINT('',(30.6,4.3,26.8));
#1366 = VERTEX_POINT('',#1367);
#1367 = CARTESIAN_POINT('',(30.,3.7,26.8));
#1368 = SURFACE_CURVE('',#1369,(#1374,#1381),.PCURVE_S1.);
#1369 = CIRCLE('',#1370,0.6);
#1370 = AXIS2_PLACEMENT_3D('',#1371,#1372,#1373);
#1371 = CARTESIAN_POINT('',(30.6,3.7,26.8));
#1372 = DIRECTION('',(0.,0.,1.));
#1373 = DIRECTION('',(-1.110223024625E-16,1.,0.));
#1374 = PCURVE('',#44,#1375);
#1375 = DEFINITIONAL_REPRESENTATION('',(#1376),#1380);
#1376 = CIRCLE('',#1377,0.6);
#1377 = AXIS2_PLACEMENT_2D('',#1378,#1379);
#1378 = CARTESIAN_POINT('',(68.15,45.75));
#1379 = DIRECTION('',(-1.,0.));
#1380 = ( GEOMETRIC_REPRESENTATION_CONTEXT(2) 
PARAMETRIC_REPRESENTATION_CONTEXT() REPRESENTATION_CONTEXT('2D SPACE',''
  ) );
#1381 = PCURVE('',#1382,#1387);
#1382 = CYLINDRICAL_SURFACE('',#1383,0.6);
#1383 = AXIS2_PLACEMENT_3D('',#1384,#1385,#1386);
#1384 = CARTESIAN_POINT('',(30.6,3.7,23.7));
#1385 = DIRECTION('',(0.,0.,1.));
#1386 = DIRECTION('',(-1.110223024625E-16,1.,0.));
#1387 = DEFINITIONAL_REPRESENTATION('',(#1388),#1392);
#1388 = LINE('',#1389,#1390);
#1389 = CARTESIAN_POINT('',(0.,3.1));
#1390 = VECTOR('',#1391,1.);
#1391 = DIRECTION('',(1.,0.));
#1392 = ( GEOMETRIC_REPRESENTATION_CONTEXT(2) 
PARAMETRIC_REPRESENTATION_CONTEXT() REPRESENTATION_CONTEXT('2D SPACE',''
  ) );
#1393 = ORIENTED_EDGE('',*,*,#1394,.T.);
#1394 = EDGE_CURVE('',#1364,#1395,#1397,.T.);
#1395 = VERTEX_POINT('',#1396);
#1396 = CARTESIAN_POINT('',(36.4,4.3,26.8));
#1397 = SURFACE_CURVE('',#1398,(#1402,#1409),.PCURVE_S1.);
#1398 = LINE('',#1399,#1400);
#1399 = CARTESIAN_POINT('',(7.425,4.3,26.8));
#1400 = VECTOR('',#1401,1.);
#1401 = DIRECTION('',(1.,1.110223024625E-16,0.));
#1402 = PCURVE('',#44,#1403);
#1403 = DEFINITIONAL_REPRESENTATION('',(#1404),#1408);
#1404 = LINE('',#1405,#1406);
#1405 = CARTESIAN_POINT('',(67.55,22.575));
#1406 = VECTOR('',#1407,1.);
#1407 = DIRECTION('',(0.,1.));
#1408 = ( GEOMETRIC_REPRESENTATION_CONTEXT(2) 
PARAMETRIC_REPRESENTATION_CONTEXT() REPRESENTATION_CONTEXT('2D SPACE',''
  ) );
#1409 = PCURVE('',#1410,#1415);
#1410 = PLANE('',#1411);
#1411 = AXIS2_PLACEMENT_3D('',#1412,#1413,#1414);
#1412 = CARTESIAN_POINT('',(30.,4.3,23.7));
#1413 = DIRECTION('',(1.110223024625E-16,-1.,0.));
#1414 = DIRECTION('',(0.,0.,1.));
#1415 = DEFINITIONAL_REPRESENTATION('',(#1416),#1420);
#1416 = LINE('',#1417,#1418);
#1417 = CARTESIAN_POINT('',(3.1,22.575));
#1418 = VECTOR('',#1419,1.);
#1419 = DIRECTION('',(0.,-1.));
#1420 = ( GEOMETRIC_REPRESENTATION_CONTEXT(2) 
PARAMETRIC_REPRESENTATION_CONTEXT() REPRESENTATION_CONTEXT('2D SPACE',''
  ) );
#1421 = ORIENTED_EDGE('',*,*,#1422,.F.);
#1422 = EDGE_CURVE('',#1423,#1395,#1425,.T.);
#1423 = VERTEX_POINT('',#1424);
#1424 = CARTESIAN_POINT('',(37.,3.7,26.8));
#1425 = SURFACE_CURVE('',#1426,(#1431,#1438),.PCURVE_S1.);
#1426 = CIRCLE('',#1427,0.6);
#1427 = AXIS2_PLACEMENT_3D('',#1428,#1429,#1430);
#1428 = CARTESIAN_POINT('',(36.4,3.7,26.8));
#1429 = DIRECTION('',(0.,0.,1.));
#1430 = DIRECTION('',(-1.110223024625E-16,1.,0.));
#1431 = PCURVE('',#44,#1432);
#1432 = DEFINITIONAL_REPRESENTATION('',(#1433),#1437);
#1433 = CIRCLE('',#1434,0.6);
#1434 = AXIS2_PLACEMENT_2D('',#1435,#1436);
#1435 = CARTESIAN_POINT('',(68.15,51.55));
#1436 = DIRECTION('',(-1.,0.));
#1437 = ( GEOMETRIC_REPRESENTATION_CONTEXT(2) 
PARAMETRIC_REPRESENTATION_CONTEXT() REPRESENTATION_CONTEXT('2D SPACE',''
  ) );
#1438 = PCURVE('',#1439,#1444);
#1439 = CYLINDRICAL_SURFACE('',#1440,0.6);
#1440 = AXIS2_PLACEMENT_3D('',#1441,#1442,#1443);
#1441 = CARTESIAN_POINT('',(36.4,3.7,23.7));
#1442 = DIRECTION('',(0.,0.,1.));
#1443 = DIRECTION('',(-1.110223024625E-16,1.,0.));
#1444 = DEFINITIONAL_REPRESENTATION('',(#1445),#1449);
#1445 = LINE('',#1446,#1447);
#1446 = CARTESIAN_POINT('',(-6.28318530718,3.1));
#1447 = VECTOR('',#1448,1.);
#1448 = DIRECTION('',(1.,-0.));
#1449 = ( GEOMETRIC_REPRESENTATION_CONTEXT(2) 
PARAMETRIC_REPRESENTATION_CONTEXT() REPRESENTATION_CONTEXT('2D SPACE',''
  ) );
#1450 = ORIENTED_EDGE('',*,*,#1451,.F.);
#1451 = EDGE_CURVE('',#1452,#1423,#1454,.T.);
#1452 = VERTEX_POINT('',#1453);
#1453 = CARTESIAN_POINT('',(37.,3.5,26.8));
#1454 = SURFACE_CURVE('',#1455,(#1459,#1466),.PCURVE_S1.);
#1455 = LINE('',#1456,#1457);
#1456 = CARTESIAN_POINT('',(37.,38.075,26.8));
#1457 = VECTOR('',#1458,1.);
#1458 = DIRECTION('',(-1.110223024625E-16,1.,0.));
#1459 = PCURVE('',#44,#1460);
#1460 = DEFINITIONAL_REPRESENTATION('',(#1461),#1465);
#1461 = LINE('',#1462,#1463);
#1462 = CARTESIAN_POINT('',(33.775,52.15));
#1463 = VECTOR('',#1464,1.);
#1464 = DIRECTION('',(-1.,0.));
#1465 = ( GEOMETRIC_REPRESENTATION_CONTEXT(2) 
PARAMETRIC_REPRESENTATION_CONTEXT() REPRESENTATION_CONTEXT('2D SPACE',''
  ) );
#1466 = PCURVE('',#1467,#1472);
#1467 = PLANE('',#1468);
#1468 = AXIS2_PLACEMENT_3D('',#1469,#1470,#1471);
#1469 = CARTESIAN_POINT('',(37.,4.3,23.7));
#1470 = DIRECTION('',(1.,1.110223024625E-16,0.));
#1471 = DIRECTION('',(0.,0.,1.));
#1472 = DEFINITIONAL_REPRESENTATION('',(#1473),#1477);
#1473 = LINE('',#1474,#1475);
#1474 = CARTESIAN_POINT('',(3.1,-33.775));
#1475 = VECTOR('',#1476,1.);
#1476 = DIRECTION('',(0.,-1.));
#1477 = ( GEOMETRIC_REPRESENTATION_CONTEXT(2) 
PARAMETRIC_REPRESENTATION_CONTEXT() REPRESENTATION_CONTEXT('2D SPACE',''
  ) );
#1478 = ORIENTED_EDGE('',*,*,#1479,.F.);
#1479 = EDGE_CURVE('',#1480,#1452,#1482,.T.);
#1480 = VERTEX_POINT('',#1481);
#1481 = CARTESIAN_POINT('',(36.4,2.9,26.8));
#1482 = SURFACE_CURVE('',#1483,(#1488,#1495),.PCURVE_S1.);
#1483 = CIRCLE('',#1484,0.6);
#1484 = AXIS2_PLACEMENT_3D('',#1485,#1486,#1487);
#1485 = CARTESIAN_POINT('',(36.4,3.5,26.8));
#1486 = DIRECTION('',(-0.,0.,1.));
#1487 = DIRECTION('',(1.110223024625E-16,-1.,0.));
#1488 = PCURVE('',#44,#1489);
#1489 = DEFINITIONAL_REPRESENTATION('',(#1490),#1494);
#1490 = CIRCLE('',#1491,0.6);
#1491 = AXIS2_PLACEMENT_2D('',#1492,#1493);
#1492 = CARTESIAN_POINT('',(68.35,51.55));
#1493 = DIRECTION('',(1.,0.));
#1494 = ( GEOMETRIC_REPRESENTATION_CONTEXT(2) 
PARAMETRIC_REPRESENTATION_CONTEXT() REPRESENTATION_CONTEXT('2D SPACE',''
  ) );
#1495 = PCURVE('',#1496,#1501);
#1496 = CYLINDRICAL_SURFACE('',#1497,0.6);
#1497 = AXIS2_PLACEMENT_3D('',#1498,#1499,#1500);
#1498 = CARTESIAN_POINT('',(36.4,3.5,23.7));
#1499 = DIRECTION('',(0.,0.,1.));
#1500 = DIRECTION('',(1.110223024625E-16,-1.,0.));
#1501 = DEFINITIONAL_REPRESENTATION('',(#1502),#1506);
#1502 = LINE('',#1503,#1504);
#1503 = CARTESIAN_POINT('',(0.,3.1));
#1504 = VECTOR('',#1505,1.);
#1505 = DIRECTION('',(1.,0.));
#1506 = ( GEOMETRIC_REPRESENTATION_CONTEXT(2) 
PARAMETRIC_REPRESENTATION_CONTEXT() REPRESENTATION_CONTEXT('2D SPACE',''
  ) );
#1507 = ORIENTED_EDGE('',*,*,#1508,.F.);
#1508 = EDGE_CURVE('',#1509,#1480,#1511,.T.);
#1509 = VERTEX_POINT('',#1510);
#1510 = CARTESIAN_POINT('',(30.6,2.9,26.8));
#1511 = SURFACE_CURVE('',#1512,(#1516,#1523),.PCURVE_S1.);
#1512 = LINE('',#1513,#1514);
#1513 = CARTESIAN_POINT('',(7.425,2.9,26.8));
#1514 = VECTOR('',#1515,1.);
#1515 = DIRECTION('',(1.,1.110223024625E-16,0.));
#1516 = PCURVE('',#44,#1517);
#1517 = DEFINITIONAL_REPRESENTATION('',(#1518),#1522);
#1518 = LINE('',#1519,#1520);
#1519 = CARTESIAN_POINT('',(68.95,22.575));
#1520 = VECTOR('',#1521,1.);
#1521 = DIRECTION('',(0.,1.));
#1522 = ( GEOMETRIC_REPRESENTATION_CONTEXT(2) 
PARAMETRIC_REPRESENTATION_CONTEXT() REPRESENTATION_CONTEXT('2D SPACE',''
  ) );
#1523 = PCURVE('',#1524,#1529);
#1524 = PLANE('',#1525);
#1525 = AXIS2_PLACEMENT_3D('',#1526,#1527,#1528);
#1526 = CARTESIAN_POINT('',(30.,2.9,23.7));
#1527 = DIRECTION('',(1.110223024625E-16,-1.,0.));
#1528 = DIRECTION('',(0.,0.,1.));
#1529 = DEFINITIONAL_REPRESENTATION('',(#1530),#1534);
#1530 = LINE('',#1531,#1532);
#1531 = CARTESIAN_POINT('',(3.1,22.575));
#1532 = VECTOR('',#1533,1.);
#1533 = DIRECTION('',(0.,-1.));
#1534 = ( GEOMETRIC_REPRESENTATION_CONTEXT(2) 
PARAMETRIC_REPRESENTATION_CONTEXT() REPRESENTATION_CONTEXT('2D SPACE',''
  ) );
#1535 = ORIENTED_EDGE('',*,*,#1536,.F.);
#1536 = EDGE_CURVE('',#1537,#1509,#1539,.T.);
#1537 = VERTEX_POINT('',#1538);
#1538 = CARTESIAN_POINT('',(30.,3.5,26.8));
#1539 = SURFACE_CURVE('',#1540,(#1545,#1552),.PCURVE_S1.);
#1540 = CIRCLE('',#1541,0.6);
#1541 = AXIS2_PLACEMENT_3D('',#1542,#1543,#1544);
#1542 = CARTESIAN_POINT('',(30.6,3.5,26.8));
#1543 = DIRECTION('',(-0.,0.,1.));
#1544 = DIRECTION('',(1.110223024625E-16,-1.,0.));
#1545 = PCURVE('',#44,#1546);
#1546 = DEFINITIONAL_REPRESENTATION('',(#1547),#1551);
#1547 = CIRCLE('',#1548,0.6);
#1548 = AXIS2_PLACEMENT_2D('',#1549,#1550);
#1549 = CARTESIAN_POINT('',(68.35,45.75));
#1550 = DIRECTION('',(1.,0.));
#1551 = ( GEOMETRIC_REPRESENTATION_CONTEXT(2) 
PARAMETRIC_REPRESENTATION_CONTEXT() REPRESENTATION_CONTEXT('2D SPACE',''
  ) );
#1552 = PCURVE('',#1553,#1558);
#1553 = CYLINDRICAL_SURFACE('',#1554,0.6);
#1554 = AXIS2_PLACEMENT_3D('',#1555,#1556,#1557);
#1555 = CARTESIAN_POINT('',(30.6,3.5,23.7));
#1556 = DIRECTION('',(0.,0.,1.));
#1557 = DIRECTION('',(1.110223024625E-16,-1.,0.));
#1558 = DEFINITIONAL_REPRESENTATION('',(#1559),#1563);
#1559 = LINE('',#1560,#1561);
#1560 = CARTESIAN_POINT('',(-6.28318530718,3.1));
#1561 = VECTOR('',#1562,1.);
#1562 = DIRECTION('',(1.,-0.));
#1563 = ( GEOMETRIC_REPRESENTATION_CONTEXT(2) 
PARAMETRIC_REPRESENTATION_CONTEXT() REPRESENTATION_CONTEXT('2D SPACE',''
  ) );
#1564 = ORIENTED_EDGE('',*,*,#1565,.T.);
#1565 = EDGE_CURVE('',#1537,#1366,#1566,.T.);
#1566 = SURFACE_CURVE('',#1567,(#1571,#1578),.PCURVE_S1.);
#1567 = LINE('',#1568,#1569);
#1568 = CARTESIAN_POINT('',(30.,38.075,26.8));
#1569 = VECTOR('',#1570,1.);
#1570 = DIRECTION('',(-1.110223024625E-16,1.,0.));
#1571 = PCURVE('',#44,#1572);
#1572 = DEFINITIONAL_REPRESENTATION('',(#1573),#1577);
#1573 = LINE('',#1574,#1575);
#1574 = CARTESIAN_POINT('',(33.775,45.15));
#1575 = VECTOR('',#1576,1.);
#1576 = DIRECTION('',(-1.,0.));
#1577 = ( GEOMETRIC_REPRESENTATION_CONTEXT(2) 
PARAMETRIC_REPRESENTATION_CONTEXT() REPRESENTATION_CONTEXT('2D SPACE',''
  ) );
#1578 = PCURVE('',#1579,#1584);
#1579 = PLANE('',#1580);
#1580 = AXIS2_PLACEMENT_3D('',#1581,#1582,#1583);
#1581 = CARTESIAN_POINT('',(30.,4.3,23.7));
#1582 = DIRECTION('',(1.,1.110223024625E-16,0.));
#1583 = DIRECTION('',(0.,0.,1.));
#1584 = DEFINITIONAL_REPRESENTATION('',(#1585),#1589);
#1585 = LINE('',#1586,#1587);
#1586 = CARTESIAN_POINT('',(3.1,-33.775));
#1587 = VECTOR('',#1588,1.);
#1588 = DIRECTION('',(0.,-1.));
#1589 = ( GEOMETRIC_REPRESENTATION_CONTEXT(2) 
PARAMETRIC_REPRESENTATION_CONTEXT() REPRESENTATION_CONTEXT('2D SPACE',''
  ) );
#1590 = FACE_BOUND('',#1591,.T.);
#1591 = EDGE_LOOP('',(#1592,#1623,#1651,#1680,#1708,#1737,#1765,#1794));
#1592 = ORIENTED_EDGE('',*,*,#1593,.F.);
#1593 = EDGE_CURVE('',#1594,#1596,#1598,.T.);
#1594 = VERTEX_POINT('',#1595);
#1595 = CARTESIAN_POINT('',(30.6,1.5,26.8));
#1596 = VERTEX_POINT('',#1597);
#1597 = CARTESIAN_POINT('',(30.,0.9,26.8));
#1598 = SURFACE_CURVE('',#1599,(#1604,#1611),.PCURVE_S1.);
#1599 = CIRCLE('',#1600,0.6);
#1600 = AXIS2_PLACEMENT_3D('',#1601,#1602,#1603);
#1601 = CARTESIAN_POINT('',(30.6,0.9,26.8));
#1602 = DIRECTION('',(0.,0.,1.));
#1603 = DIRECTION('',(-1.110223024625E-16,1.,0.));
#1604 = PCURVE('',#44,#1605);
#1605 = DEFINITIONAL_REPRESENTATION('',(#1606),#1610);
#1606 = CIRCLE('',#1607,0.6);
#1607 = AXIS2_PLACEMENT_2D('',#1608,#1609);
#1608 = CARTESIAN_POINT('',(70.95,45.75));
#1609 = DIRECTION('',(-1.,0.));
#1610 = ( GEOMETRIC_REPRESENTATION_CONTEXT(2) 
PARAMETRIC_REPRESENTATION_CONTEXT() REPRESENTATION_CONTEXT('2D SPACE',''
  ) );
#1611 = PCURVE('',#1612,#1617);
#1612 = CYLINDRICAL_SURFACE('',#1613,0.6);
#1613 = AXIS2_PLACEMENT_3D('',#1614,#1615,#1616);
#1614 = CARTESIAN_POINT('',(30.6,0.9,23.7));
#1615 = DIRECTION('',(0.,0.,1.));
#1616 = DIRECTION('',(-1.110223024625E-16,1.,0.));
#1617 = DEFINITIONAL_REPRESENTATION('',(#1618),#1622);
#1618 = LINE('',#1619,#1620);
#1619 = CARTESIAN_POINT('',(0.,3.1));
#1620 = VECTOR('',#1621,1.);
#1621 = DIRECTION('',(1.,0.));
#1622 = ( GEOMETRIC_REPRESENTATION_CONTEXT(2) 
PARAMETRIC_REPRESENTATION_CONTEXT() REPRESENTATION_CONTEXT('2D SPACE',''
  ) );
#1623 = ORIENTED_EDGE('',*,*,#1624,.T.);
#1624 = EDGE_CURVE('',#1594,#1625,#1627,.T.);
#1625 = VERTEX_POINT('',#1626);
#1626 = CARTESIAN_POINT('',(36.4,1.5,26.8));
#1627 = SURFACE_CURVE('',#1628,(#1632,#1639),.PCURVE_S1.);
#1628 = LINE('',#1629,#1630);
#1629 = CARTESIAN_POINT('',(7.425,1.5,26.8));
#1630 = VECTOR('',#1631,1.);
#1631 = DIRECTION('',(1.,1.110223024625E-16,0.));
#1632 = PCURVE('',#44,#1633);
#1633 = DEFINITIONAL_REPRESENTATION('',(#1634),#1638);
#1634 = LINE('',#1635,#1636);
#1635 = CARTESIAN_POINT('',(70.35,22.575));
#1636 = VECTOR('',#1637,1.);
#1637 = DIRECTION('',(0.,1.));
#1638 = ( GEOMETRIC_REPRESENTATION_CONTEXT(2) 
PARAMETRIC_REPRESENTATION_CONTEXT() REPRESENTATION_CONTEXT('2D SPACE',''
  ) );
#1639 = PCURVE('',#1640,#1645);
#1640 = PLANE('',#1641);
#1641 = AXIS2_PLACEMENT_3D('',#1642,#1643,#1644);
#1642 = CARTESIAN_POINT('',(30.,1.5,23.7));
#1643 = DIRECTION('',(1.110223024625E-16,-1.,0.));
#1644 = DIRECTION('',(0.,0.,1.));
#1645 = DEFINITIONAL_REPRESENTATION('',(#1646),#1650);
#1646 = LINE('',#1647,#1648);
#1647 = CARTESIAN_POINT('',(3.1,22.575));
#1648 = VECTOR('',#1649,1.);
#1649 = DIRECTION('',(0.,-1.));
#1650 = ( GEOMETRIC_REPRESENTATION_CONTEXT(2) 
PARAMETRIC_REPRESENTATION_CONTEXT() REPRESENTATION_CONTEXT('2D SPACE',''
  ) );
#1651 = ORIENTED_EDGE('',*,*,#1652,.F.);
#1652 = EDGE_CURVE('',#1653,#1625,#1655,.T.);
#1653 = VERTEX_POINT('',#1654);
#1654 = CARTESIAN_POINT('',(37.,0.9,26.8));
#1655 = SURFACE_CURVE('',#1656,(#1661,#1668),.PCURVE_S1.);
#1656 = CIRCLE('',#1657,0.6);
#1657 = AXIS2_PLACEMENT_3D('',#1658,#1659,#1660);
#1658 = CARTESIAN_POINT('',(36.4,0.9,26.8));
#1659 = DIRECTION('',(0.,0.,1.));
#1660 = DIRECTION('',(-1.110223024625E-16,1.,0.));
#1661 = PCURVE('',#44,#1662);
#1662 = DEFINITIONAL_REPRESENTATION('',(#1663),#1667);
#1663 = CIRCLE('',#1664,0.6);
#1664 = AXIS2_PLACEMENT_2D('',#1665,#1666);
#1665 = CARTESIAN_POINT('',(70.95,51.55));
#1666 = DIRECTION('',(-1.,0.));
#1667 = ( GEOMETRIC_REPRESENTATION_CONTEXT(2) 
PARAMETRIC_REPRESENTATION_CONTEXT() REPRESENTATION_CONTEXT('2D SPACE',''
  ) );
#1668 = PCURVE('',#1669,#1674);
#1669 = CYLINDRICAL_SURFACE('',#1670,0.6);
#1670 = AXIS2_PLACEMENT_3D('',#1671,#1672,#1673);
#1671 = CARTESIAN_POINT('',(36.4,0.9,23.7));
#1672 = DIRECTION('',(0.,0.,1.));
#1673 = DIRECTION('',(-1.110223024625E-16,1.,0.));
#1674 = DEFINITIONAL_REPRESENTATION('',(#1675),#1679);
#1675 = LINE('',#1676,#1677);
#1676 = CARTESIAN_POINT('',(-6.28318530718,3.1));
#1677 = VECTOR('',#1678,1.);
#1678 = DIRECTION('',(1.,-0.));
#1679 = ( GEOMETRIC_REPRESENTATION_CONTEXT(2) 
PARAMETRIC_REPRESENTATION_CONTEXT() REPRESENTATION_CONTEXT('2D SPACE',''
  ) );
#1680 = ORIENTED_EDGE('',*,*,#1681,.F.);
#1681 = EDGE_CURVE('',#1682,#1653,#1684,.T.);
#1682 = VERTEX_POINT('',#1683);
#1683 = CARTESIAN_POINT('',(37.,0.7,26.8));
#1684 = SURFACE_CURVE('',#1685,(#1689,#1696),.PCURVE_S1.);
#1685 = LINE('',#1686,#1687);
#1686 = CARTESIAN_POINT('',(37.,36.675,26.8));
#1687 = VECTOR('',#1688,1.);
#1688 = DIRECTION('',(-1.110223024625E-16,1.,0.));
#1689 = PCURVE('',#44,#1690);
#1690 = DEFINITIONAL_REPRESENTATION('',(#1691),#1695);
#1691 = LINE('',#1692,#1693);
#1692 = CARTESIAN_POINT('',(35.175,52.15));
#1693 = VECTOR('',#1694,1.);
#1694 = DIRECTION('',(-1.,0.));
#1695 = ( GEOMETRIC_REPRESENTATION_CONTEXT(2) 
PARAMETRIC_REPRESENTATION_CONTEXT() REPRESENTATION_CONTEXT('2D SPACE',''
  ) );
#1696 = PCURVE('',#1697,#1702);
#1697 = PLANE('',#1698);
#1698 = AXIS2_PLACEMENT_3D('',#1699,#1700,#1701);
#1699 = CARTESIAN_POINT('',(37.,1.5,23.7));
#1700 = DIRECTION('',(1.,1.110223024625E-16,0.));
#1701 = DIRECTION('',(0.,0.,1.));
#1702 = DEFINITIONAL_REPRESENTATION('',(#1703),#1707);
#1703 = LINE('',#1704,#1705);
#1704 = CARTESIAN_POINT('',(3.1,-35.175));
#1705 = VECTOR('',#1706,1.);
#1706 = DIRECTION('',(0.,-1.));
#1707 = ( GEOMETRIC_REPRESENTATION_CONTEXT(2) 
PARAMETRIC_REPRESENTATION_CONTEXT() REPRESENTATION_CONTEXT('2D SPACE',''
  ) );
#1708 = ORIENTED_EDGE('',*,*,#1709,.F.);
#1709 = EDGE_CURVE('',#1710,#1682,#1712,.T.);
#1710 = VERTEX_POINT('',#1711);
#1711 = CARTESIAN_POINT('',(36.4,1.E-01,26.8));
#1712 = SURFACE_CURVE('',#1713,(#1718,#1725),.PCURVE_S1.);
#1713 = CIRCLE('',#1714,0.6);
#1714 = AXIS2_PLACEMENT_3D('',#1715,#1716,#1717);
#1715 = CARTESIAN_POINT('',(36.4,0.7,26.8));
#1716 = DIRECTION('',(-0.,0.,1.));
#1717 = DIRECTION('',(1.110223024625E-16,-1.,0.));
#1718 = PCURVE('',#44,#1719);
#1719 = DEFINITIONAL_REPRESENTATION('',(#1720),#1724);
#1720 = CIRCLE('',#1721,0.6);
#1721 = AXIS2_PLACEMENT_2D('',#1722,#1723);
#1722 = CARTESIAN_POINT('',(71.15,51.55));
#1723 = DIRECTION('',(1.,0.));
#1724 = ( GEOMETRIC_REPRESENTATION_CONTEXT(2) 
PARAMETRIC_REPRESENTATION_CONTEXT() REPRESENTATION_CONTEXT('2D SPACE',''
  ) );
#1725 = PCURVE('',#1726,#1731);
#1726 = CYLINDRICAL_SURFACE('',#1727,0.6);
#1727 = AXIS2_PLACEMENT_3D('',#1728,#1729,#1730);
#1728 = CARTESIAN_POINT('',(36.4,0.7,23.7));
#1729 = DIRECTION('',(0.,0.,1.));
#1730 = DIRECTION('',(1.110223024625E-16,-1.,0.));
#1731 = DEFINITIONAL_REPRESENTATION('',(#1732),#1736);
#1732 = LINE('',#1733,#1734);
#1733 = CARTESIAN_POINT('',(0.,3.1));
#1734 = VECTOR('',#1735,1.);
#1735 = DIRECTION('',(1.,0.));
#1736 = ( GEOMETRIC_REPRESENTATION_CONTEXT(2) 
PARAMETRIC_REPRESENTATION_CONTEXT() REPRESENTATION_CONTEXT('2D SPACE',''
  ) );
#1737 = ORIENTED_EDGE('',*,*,#1738,.F.);
#1738 = EDGE_CURVE('',#1739,#1710,#1741,.T.);
#1739 = VERTEX_POINT('',#1740);
#1740 = CARTESIAN_POINT('',(30.6,1.E-01,26.8));
#1741 = SURFACE_CURVE('',#1742,(#1746,#1753),.PCURVE_S1.);
#1742 = LINE('',#1743,#1744);
#1743 = CARTESIAN_POINT('',(7.425,1.E-01,26.8));
#1744 = VECTOR('',#1745,1.);
#1745 = DIRECTION('',(1.,1.110223024625E-16,0.));
#1746 = PCURVE('',#44,#1747);
#1747 = DEFINITIONAL_REPRESENTATION('',(#1748),#1752);
#1748 = LINE('',#1749,#1750);
#1749 = CARTESIAN_POINT('',(71.75,22.575));
#1750 = VECTOR('',#1751,1.);
#1751 = DIRECTION('',(0.,1.));
#1752 = ( GEOMETRIC_REPRESENTATION_CONTEXT(2) 
PARAMETRIC_REPRESENTATION_CONTEXT() REPRESENTATION_CONTEXT('2D SPACE',''
  ) );
#1753 = PCURVE('',#1754,#1759);
#1754 = PLANE('',#1755);
#1755 = AXIS2_PLACEMENT_3D('',#1756,#1757,#1758);
#1756 = CARTESIAN_POINT('',(30.,1.E-01,23.7));
#1757 = DIRECTION('',(1.110223024625E-16,-1.,0.));
#1758 = DIRECTION('',(0.,0.,1.));
#1759 = DEFINITIONAL_REPRESENTATION('',(#1760),#1764);
#1760 = LINE('',#1761,#1762);
#1761 = CARTESIAN_POINT('',(3.1,22.575));
#1762 = VECTOR('',#1763,1.);
#1763 = DIRECTION('',(0.,-1.));
#1764 = ( GEOMETRIC_REPRESENTATION_CONTEXT(2) 
PARAMETRIC_REPRESENTATION_CONTEXT() REPRESENTATION_CONTEXT('2D SPACE',''
  ) );
#1765 = ORIENTED_EDGE('',*,*,#1766,.F.);
#1766 = EDGE_CURVE('',#1767,#1739,#1769,.T.);
#1767 = VERTEX_POINT('',#1768);
#1768 = CARTESIAN_POINT('',(30.,0.7,26.8));
#1769 = SURFACE_CURVE('',#1770,(#1775,#1782),.PCURVE_S1.);
#1770 = CIRCLE('',#1771,0.6);
#1771 = AXIS2_PLACEMENT_3D('',#1772,#1773,#1774);
#1772 = CARTESIAN_POINT('',(30.6,0.7,26.8));
#1773 = DIRECTION('',(-0.,0.,1.));
#1774 = DIRECTION('',(1.110223024625E-16,-1.,0.));
#1775 = PCURVE('',#44,#1776);
#1776 = DEFINITIONAL_REPRESENTATION('',(#1777),#1781);
#1777 = CIRCLE('',#1778,0.6);
#1778 = AXIS2_PLACEMENT_2D('',#1779,#1780);
#1779 = CARTESIAN_POINT('',(71.15,45.75));
#1780 = DIRECTION('',(1.,0.));
#1781 = ( GEOMETRIC_REPRESENTATION_CONTEXT(2) 
PARAMETRIC_REPRESENTATION_CONTEXT() REPRESENTATION_CONTEXT('2D SPACE',''
  ) );
#1782 = PCURVE('',#1783,#1788);
#1783 = CYLINDRICAL_SURFACE('',#1784,0.6);
#1784 = AXIS2_PLACEMENT_3D('',#1785,#1786,#1787);
#1785 = CARTESIAN_POINT('',(30.6,0.7,23.7));
#1786 = DIRECTION('',(0.,0.,1.));
#1787 = DIRECTION('',(1.110223024625E-16,-1.,0.));
#1788 = DEFINITIONAL_REPRESENTATION('',(#1789),#1793);
#1789 = LINE('',#1790,#1791);
#1790 = CARTESIAN_POINT('',(-6.28318530718,3.1));
#1791 = VECTOR('',#1792,1.);
#1792 = DIRECTION('',(1.,-0.));
#1793 = ( GEOMETRIC_REPRESENTATION_CONTEXT(2) 
PARAMETRIC_REPRESENTATION_CONTEXT() REPRESENTATION_CONTEXT('2D SPACE',''
  ) );
#1794 = ORIENTED_EDGE('',*,*,#1795,.T.);
#1795 = EDGE_CURVE('',#1767,#1596,#1796,.T.);
#1796 = SURFACE_CURVE('',#1797,(#1801,#1808),.PCURVE_S1.);
#1797 = LINE('',#1798,#1799);
#1798 = CARTESIAN_POINT('',(30.,36.675,26.8));
#1799 = VECTOR('',#1800,1.);
#1800 = DIRECTION('',(-1.110223024625E-16,1.,0.));
#1801 = PCURVE('',#44,#1802);
#1802 = DEFINITIONAL_REPRESENTATION('',(#1803),#1807);
#1803 = LINE('',#1804,#1805);
#1804 = CARTESIAN_POINT('',(35.175,45.15));
#1805 = VECTOR('',#1806,1.);
#1806 = DIRECTION('',(-1.,0.));
#1807 = ( GEOMETRIC_REPRESENTATION_CONTEXT(2) 
PARAMETRIC_REPRESENTATION_CONTEXT() REPRESENTATION_CONTEXT('2D SPACE',''
  ) );
#1808 = PCURVE('',#1809,#1814);
#1809 = PLANE('',#1810);
#1810 = AXIS2_PLACEMENT_3D('',#1811,#1812,#1813);
#1811 = CARTESIAN_POINT('',(30.,1.5,23.7));
#1812 = DIRECTION('',(1.,1.110223024625E-16,0.));
#1813 = DIRECTION('',(0.,0.,1.));
#1814 = DEFINITIONAL_REPRESENTATION('',(#1815),#1819);
#1815 = LINE('',#1816,#1817);
#1816 = CARTESIAN_POINT('',(3.1,-35.175));
#1817 = VECTOR('',#1818,1.);
#1818 = DIRECTION('',(0.,-1.));
#1819 = ( GEOMETRIC_REPRESENTATION_CONTEXT(2) 
PARAMETRIC_REPRESENTATION_CONTEXT() REPRESENTATION_CONTEXT('2D SPACE',''
  ) );
#1820 = FACE_BOUND('',#1821,.T.);
#1821 = EDGE_LOOP('',(#1822,#1853,#1881,#1910,#1938,#1967,#1995,#2024));
#1822 = ORIENTED_EDGE('',*,*,#1823,.F.);
#1823 = EDGE_CURVE('',#1824,#1826,#1828,.T.);
#1824 = VERTEX_POINT('',#1825);
#1825 = CARTESIAN_POINT('',(48.6,4.3,26.8));
#1826 = VERTEX_POINT('',#1827);
#1827 = CARTESIAN_POINT('',(48.,3.7,26.8));
#1828 = SURFACE_CURVE('',#1829,(#1834,#1841),.PCURVE_S1.);
#1829 = CIRCLE('',#1830,0.6);
#1830 = AXIS2_PLACEMENT_3D('',#1831,#1832,#1833);
#1831 = CARTESIAN_POINT('',(48.6,3.7,26.8));
#1832 = DIRECTION('',(0.,0.,1.));
#1833 = DIRECTION('',(-1.110223024625E-16,1.,0.));
#1834 = PCURVE('',#44,#1835);
#1835 = DEFINITIONAL_REPRESENTATION('',(#1836),#1840);
#1836 = CIRCLE('',#1837,0.6);
#1837 = AXIS2_PLACEMENT_2D('',#1838,#1839);
#1838 = CARTESIAN_POINT('',(68.15,63.75));
#1839 = DIRECTION('',(-1.,0.));
#1840 = ( GEOMETRIC_REPRESENTATION_CONTEXT(2) 
PARAMETRIC_REPRESENTATION_CONTEXT() REPRESENTATION_CONTEXT('2D SPACE',''
  ) );
#1841 = PCURVE('',#1842,#1847);
#1842 = CYLINDRICAL_SURFACE('',#1843,0.6);
#1843 = AXIS2_PLACEMENT_3D('',#1844,#1845,#1846);
#1844 = CARTESIAN_POINT('',(48.6,3.7,23.7));
#1845 = DIRECTION('',(0.,0.,1.));
#1846 = DIRECTION('',(-1.110223024625E-16,1.,0.));
#1847 = DEFINITIONAL_REPRESENTATION('',(#1848),#1852);
#1848 = LINE('',#1849,#1850);
#1849 = CARTESIAN_POINT('',(0.,3.1));
#1850 = VECTOR('',#1851,1.);
#1851 = DIRECTION('',(1.,0.));
#1852 = ( GEOMETRIC_REPRESENTATION_CONTEXT(2) 
PARAMETRIC_REPRESENTATION_CONTEXT() REPRESENTATION_CONTEXT('2D SPACE',''
  ) );
#1853 = ORIENTED_EDGE('',*,*,#1854,.T.);
#1854 = EDGE_CURVE('',#1824,#1855,#1857,.T.);
#1855 = VERTEX_POINT('',#1856);
#1856 = CARTESIAN_POINT('',(54.4,4.3,26.8));
#1857 = SURFACE_CURVE('',#1858,(#1862,#1869),.PCURVE_S1.);
#1858 = LINE('',#1859,#1860);
#1859 = CARTESIAN_POINT('',(16.425,4.3,26.8));
#1860 = VECTOR('',#1861,1.);
#1861 = DIRECTION('',(1.,1.110223024625E-16,0.));
#1862 = PCURVE('',#44,#1863);
#1863 = DEFINITIONAL_REPRESENTATION('',(#1864),#1868);
#1864 = LINE('',#1865,#1866);
#1865 = CARTESIAN_POINT('',(67.55,31.575));
#1866 = VECTOR('',#1867,1.);
#1867 = DIRECTION('',(0.,1.));
#1868 = ( GEOMETRIC_REPRESENTATION_CONTEXT(2) 
PARAMETRIC_REPRESENTATION_CONTEXT() REPRESENTATION_CONTEXT('2D SPACE',''
  ) );
#1869 = PCURVE('',#1870,#1875);
#1870 = PLANE('',#1871);
#1871 = AXIS2_PLACEMENT_3D('',#1872,#1873,#1874);
#1872 = CARTESIAN_POINT('',(48.,4.3,23.7));
#1873 = DIRECTION('',(1.110223024625E-16,-1.,0.));
#1874 = DIRECTION('',(0.,0.,1.));
#1875 = DEFINITIONAL_REPRESENTATION('',(#1876),#1880);
#1876 = LINE('',#1877,#1878);
#1877 = CARTESIAN_POINT('',(3.1,31.575));
#1878 = VECTOR('',#1879,1.);
#1879 = DIRECTION('',(0.,-1.));
#1880 = ( GEOMETRIC_REPRESENTATION_CONTEXT(2) 
PARAMETRIC_REPRESENTATION_CONTEXT() REPRESENTATION_CONTEXT('2D SPACE',''
  ) );
#1881 = ORIENTED_EDGE('',*,*,#1882,.F.);
#1882 = EDGE_CURVE('',#1883,#1855,#1885,.T.);
#1883 = VERTEX_POINT('',#1884);
#1884 = CARTESIAN_POINT('',(55.,3.7,26.8));
#1885 = SURFACE_CURVE('',#1886,(#1891,#1898),.PCURVE_S1.);
#1886 = CIRCLE('',#1887,0.6);
#1887 = AXIS2_PLACEMENT_3D('',#1888,#1889,#1890);
#1888 = CARTESIAN_POINT('',(54.4,3.7,26.8));
#1889 = DIRECTION('',(0.,0.,1.));
#1890 = DIRECTION('',(-1.110223024625E-16,1.,0.));
#1891 = PCURVE('',#44,#1892);
#1892 = DEFINITIONAL_REPRESENTATION('',(#1893),#1897);
#1893 = CIRCLE('',#1894,0.6);
#1894 = AXIS2_PLACEMENT_2D('',#1895,#1896);
#1895 = CARTESIAN_POINT('',(68.15,69.55));
#1896 = DIRECTION('',(-1.,0.));
#1897 = ( GEOMETRIC_REPRESENTATION_CONTEXT(2) 
PARAMETRIC_REPRESENTATION_CONTEXT() REPRESENTATION_CONTEXT('2D SPACE',''
  ) );
#1898 = PCURVE('',#1899,#1904);
#1899 = CYLINDRICAL_SURFACE('',#1900,0.6);
#1900 = AXIS2_PLACEMENT_3D('',#1901,#1902,#1903);
#1901 = CARTESIAN_POINT('',(54.4,3.7,23.7));
#1902 = DIRECTION('',(0.,0.,1.));
#1903 = DIRECTION('',(-1.110223024625E-16,1.,0.));
#1904 = DEFINITIONAL_REPRESENTATION('',(#1905),#1909);
#1905 = LINE('',#1906,#1907);
#1906 = CARTESIAN_POINT('',(-6.28318530718,3.1));
#1907 = VECTOR('',#1908,1.);
#1908 = DIRECTION('',(1.,-0.));
#1909 = ( GEOMETRIC_REPRESENTATION_CONTEXT(2) 
PARAMETRIC_REPRESENTATION_CONTEXT() REPRESENTATION_CONTEXT('2D SPACE',''
  ) );
#1910 = ORIENTED_EDGE('',*,*,#1911,.F.);
#1911 = EDGE_CURVE('',#1912,#1883,#1914,.T.);
#1912 = VERTEX_POINT('',#1913);
#1913 = CARTESIAN_POINT('',(55.,3.5,26.8));
#1914 = SURFACE_CURVE('',#1915,(#1919,#1926),.PCURVE_S1.);
#1915 = LINE('',#1916,#1917);
#1916 = CARTESIAN_POINT('',(55.,38.075,26.8));
#1917 = VECTOR('',#1918,1.);
#1918 = DIRECTION('',(-1.110223024625E-16,1.,0.));
#1919 = PCURVE('',#44,#1920);
#1920 = DEFINITIONAL_REPRESENTATION('',(#1921),#1925);
#1921 = LINE('',#1922,#1923);
#1922 = CARTESIAN_POINT('',(33.775,70.15));
#1923 = VECTOR('',#1924,1.);
#1924 = DIRECTION('',(-1.,0.));
#1925 = ( GEOMETRIC_REPRESENTATION_CONTEXT(2) 
PARAMETRIC_REPRESENTATION_CONTEXT() REPRESENTATION_CONTEXT('2D SPACE',''
  ) );
#1926 = PCURVE('',#1927,#1932);
#1927 = PLANE('',#1928);
#1928 = AXIS2_PLACEMENT_3D('',#1929,#1930,#1931);
#1929 = CARTESIAN_POINT('',(55.,4.3,23.7));
#1930 = DIRECTION('',(1.,1.110223024625E-16,0.));
#1931 = DIRECTION('',(0.,0.,1.));
#1932 = DEFINITIONAL_REPRESENTATION('',(#1933),#1937);
#1933 = LINE('',#1934,#1935);
#1934 = CARTESIAN_POINT('',(3.1,-33.775));
#1935 = VECTOR('',#1936,1.);
#1936 = DIRECTION('',(0.,-1.));
#1937 = ( GEOMETRIC_REPRESENTATION_CONTEXT(2) 
PARAMETRIC_REPRESENTATION_CONTEXT() REPRESENTATION_CONTEXT('2D SPACE',''
  ) );
#1938 = ORIENTED_EDGE('',*,*,#1939,.F.);
#1939 = EDGE_CURVE('',#1940,#1912,#1942,.T.);
#1940 = VERTEX_POINT('',#1941);
#1941 = CARTESIAN_POINT('',(54.4,2.9,26.8));
#1942 = SURFACE_CURVE('',#1943,(#1948,#1955),.PCURVE_S1.);
#1943 = CIRCLE('',#1944,0.6);
#1944 = AXIS2_PLACEMENT_3D('',#1945,#1946,#1947);
#1945 = CARTESIAN_POINT('',(54.4,3.5,26.8));
#1946 = DIRECTION('',(-0.,0.,1.));
#1947 = DIRECTION('',(1.110223024625E-16,-1.,0.));
#1948 = PCURVE('',#44,#1949);
#1949 = DEFINITIONAL_REPRESENTATION('',(#1950),#1954);
#1950 = CIRCLE('',#1951,0.6);
#1951 = AXIS2_PLACEMENT_2D('',#1952,#1953);
#1952 = CARTESIAN_POINT('',(68.35,69.55));
#1953 = DIRECTION('',(1.,0.));
#1954 = ( GEOMETRIC_REPRESENTATION_CONTEXT(2) 
PARAMETRIC_REPRESENTATION_CONTEXT() REPRESENTATION_CONTEXT('2D SPACE',''
  ) );
#1955 = PCURVE('',#1956,#1961);
#1956 = CYLINDRICAL_SURFACE('',#1957,0.6);
#1957 = AXIS2_PLACEMENT_3D('',#1958,#1959,#1960);
#1958 = CARTESIAN_POINT('',(54.4,3.5,23.7));
#1959 = DIRECTION('',(0.,0.,1.));
#1960 = DIRECTION('',(1.110223024625E-16,-1.,0.));
#1961 = DEFINITIONAL_REPRESENTATION('',(#1962),#1966);
#1962 = LINE('',#1963,#1964);
#1963 = CARTESIAN_POINT('',(0.,3.1));
#1964 = VECTOR('',#1965,1.);
#1965 = DIRECTION('',(1.,0.));
#1966 = ( GEOMETRIC_REPRESENTATION_CONTEXT(2) 
PARAMETRIC_REPRESENTATION_CONTEXT() REPRESENTATION_CONTEXT('2D SPACE',''
  ) );
#1967 = ORIENTED_EDGE('',*,*,#1968,.F.);
#1968 = EDGE_CURVE('',#1969,#1940,#1971,.T.);
#1969 = VERTEX_POINT('',#1970);
#1970 = CARTESIAN_POINT('',(48.6,2.9,26.8));
#1971 = SURFACE_CURVE('',#1972,(#1976,#1983),.PCURVE_S1.);
#1972 = LINE('',#1973,#1974);
#1973 = CARTESIAN_POINT('',(16.425,2.9,26.8));
#1974 = VECTOR('',#1975,1.);
#1975 = DIRECTION('',(1.,1.110223024625E-16,0.));
#1976 = PCURVE('',#44,#1977);
#1977 = DEFINITIONAL_REPRESENTATION('',(#1978),#1982);
#1978 = LINE('',#1979,#1980);
#1979 = CARTESIAN_POINT('',(68.95,31.575));
#1980 = VECTOR('',#1981,1.);
#1981 = DIRECTION('',(0.,1.));
#1982 = ( GEOMETRIC_REPRESENTATION_CONTEXT(2) 
PARAMETRIC_REPRESENTATION_CONTEXT() REPRESENTATION_CONTEXT('2D SPACE',''
  ) );
#1983 = PCURVE('',#1984,#1989);
#1984 = PLANE('',#1985);
#1985 = AXIS2_PLACEMENT_3D('',#1986,#1987,#1988);
#1986 = CARTESIAN_POINT('',(48.,2.9,23.7));
#1987 = DIRECTION('',(1.110223024625E-16,-1.,0.));
#1988 = DIRECTION('',(0.,0.,1.));
#1989 = DEFINITIONAL_REPRESENTATION('',(#1990),#1994);
#1990 = LINE('',#1991,#1992);
#1991 = CARTESIAN_POINT('',(3.1,31.575));
#1992 = VECTOR('',#1993,1.);
#1993 = DIRECTION('',(0.,-1.));
#1994 = ( GEOMETRIC_REPRESENTATION_CONTEXT(2) 
PARAMETRIC_REPRESENTATION_CONTEXT() REPRESENTATION_CONTEXT('2D SPACE',''
  ) );
#1995 = ORIENTED_EDGE('',*,*,#1996,.F.);
#1996 = EDGE_CURVE('',#1997,#1969,#1999,.T.);
#1997 = VERTEX_POINT('',#1998);
#1998 = CARTESIAN_POINT('',(48.,3.5,26.8));
#1999 = SURFACE_CURVE('',#2000,(#2005,#2012),.PCURVE_S1.);
#2000 = CIRCLE('',#2001,0.6);
#2001 = AXIS2_PLACEMENT_3D('',#2002,#2003,#2004);
#2002 = CARTESIAN_POINT('',(48.6,3.5,26.8));
#2003 = DIRECTION('',(-0.,0.,1.));
#2004 = DIRECTION('',(1.110223024625E-16,-1.,0.));
#2005 = PCURVE('',#44,#2006);
#2006 = DEFINITIONAL_REPRESENTATION('',(#2007),#2011);
#2007 = CIRCLE('',#2008,0.6);
#2008 = AXIS2_PLACEMENT_2D('',#2009,#2010);
#2009 = CARTESIAN_POINT('',(68.35,63.75));
#2010 = DIRECTION('',(1.,0.));
#2011 = ( GEOMETRIC_REPRESENTATION_CONTEXT(2) 
PARAMETRIC_REPRESENTATION_CONTEXT() REPRESENTATION_CONTEXT('2D SPACE',''
  ) );
#2012 = PCURVE('',#2013,#2018);
#2013 = CYLINDRICAL_SURFACE('',#2014,0.6);
#2014 = AXIS2_PLACEMENT_3D('',#2015,#2016,#2017);
#2015 = CARTESIAN_POINT('',(48.6,3.5,23.7));
#2016 = DIRECTION('',(0.,0.,1.));
#2017 = DIRECTION('',(1.110223024625E-16,-1.,0.));
#2018 = DEFINITIONAL_REPRESENTATION('',(#2019),#2023);
#2019 = LINE('',#2020,#2021);
#2020 = CARTESIAN_POINT('',(-6.28318530718,3.1));
#2021 = VECTOR('',#2022,1.);
#2022 = DIRECTION('',(1.,-0.));
#2023 = ( GEOMETRIC_REPRESENTATION_CONTEXT(2) 
PARAMETRIC_REPRESENTATION_CONTEXT() REPRESENTATION_CONTEXT('2D SPACE',''
  ) );
#2024 = ORIENTED_EDGE('',*,*,#2025,.T.);
#2025 = EDGE_CURVE('',#1997,#1826,#2026,.T.);
#2026 = SURFACE_CURVE('',#2027,(#2031,#2038),.PCURVE_S1.);
#2027 = LINE('',#2028,#2029);
#2028 = CARTESIAN_POINT('',(48.,38.075,26.8));
#2029 = VECTOR('',#2030,1.);
#2030 = DIRECTION('',(-1.110223024625E-16,1.,0.));
#2031 = PCURVE('',#44,#2032);
#2032 = DEFINITIONAL_REPRESENTATION('',(#2033),#2037);
#2033 = LINE('',#2034,#2035);
#2034 = CARTESIAN_POINT('',(33.775,63.15));
#2035 = VECTOR('',#2036,1.);
#2036 = DIRECTION('',(-1.,0.));
#2037 = ( GEOMETRIC_REPRESENTATION_CONTEXT(2) 
PARAMETRIC_REPRESENTATION_CONTEXT() REPRESENTATION_CONTEXT('2D SPACE',''
  ) );
#2038 = PCURVE('',#2039,#2044);
#2039 = PLANE('',#2040);
#2040 = AXIS2_PLACEMENT_3D('',#2041,#2042,#2043);
#2041 = CARTESIAN_POINT('',(48.,4.3,23.7));
#2042 = DIRECTION('',(1.,1.110223024625E-16,0.));
#2043 = DIRECTION('',(0.,0.,1.));
#2044 = DEFINITIONAL_REPRESENTATION('',(#2045),#2049);
#2045 = LINE('',#2046,#2047);
#2046 = CARTESIAN_POINT('',(3.1,-33.775));
#2047 = VECTOR('',#2048,1.);
#2048 = DIRECTION('',(0.,-1.));
#2049 = ( GEOMETRIC_REPRESENTATION_CONTEXT(2) 
PARAMETRIC_REPRESENTATION_CONTEXT() REPRESENTATION_CONTEXT('2D SPACE',''
  ) );
#2050 = FACE_BOUND('',#2051,.T.);
#2051 = EDGE_LOOP('',(#2052,#2083,#2111,#2140,#2168,#2197,#2225,#2254));
#2052 = ORIENTED_EDGE('',*,*,#2053,.F.);
#2053 = EDGE_CURVE('',#2054,#2056,#2058,.T.);
#2054 = VERTEX_POINT('',#2055);
#2055 = CARTESIAN_POINT('',(48.6,1.5,26.8));
#2056 = VERTEX_POINT('',#2057);
#2057 = CARTESIAN_POINT('',(48.,0.9,26.8));
#2058 = SURFACE_CURVE('',#2059,(#2064,#2071),.PCURVE_S1.);
#2059 = CIRCLE('',#2060,0.6);
#2060 = AXIS2_PLACEMENT_3D('',#2061,#2062,#2063);
#2061 = CARTESIAN_POINT('',(48.6,0.9,26.8));
#2062 = DIRECTION('',(0.,0.,1.));
#2063 = DIRECTION('',(-1.110223024625E-16,1.,0.));
#2064 = PCURVE('',#44,#2065);
#2065 = DEFINITIONAL_REPRESENTATION('',(#2066),#2070);
#2066 = CIRCLE('',#2067,0.6);
#2067 = AXIS2_PLACEMENT_2D('',#2068,#2069);
#2068 = CARTESIAN_POINT('',(70.95,63.75));
#2069 = DIRECTION('',(-1.,0.));
#2070 = ( GEOMETRIC_REPRESENTATION_CONTEXT(2) 
PARAMETRIC_REPRESENTATION_CONTEXT() REPRESENTATION_CONTEXT('2D SPACE',''
  ) );
#2071 = PCURVE('',#2072,#2077);
#2072 = CYLINDRICAL_SURFACE('',#2073,0.6);
#2073 = AXIS2_PLACEMENT_3D('',#2074,#2075,#2076);
#2074 = CARTESIAN_POINT('',(48.6,0.9,23.7));
#2075 = DIRECTION('',(0.,0.,1.));
#2076 = DIRECTION('',(-1.110223024625E-16,1.,0.));
#2077 = DEFINITIONAL_REPRESENTATION('',(#2078),#2082);
#2078 = LINE('',#2079,#2080);
#2079 = CARTESIAN_POINT('',(0.,3.1));
#2080 = VECTOR('',#2081,1.);
#2081 = DIRECTION('',(1.,0.));
#2082 = ( GEOMETRIC_REPRESENTATION_CONTEXT(2) 
PARAMETRIC_REPRESENTATION_CONTEXT() REPRESENTATION_CONTEXT('2D SPACE',''
  ) );
#2083 = ORIENTED_EDGE('',*,*,#2084,.T.);
#2084 = EDGE_CURVE('',#2054,#2085,#2087,.T.);
#2085 = VERTEX_POINT('',#2086);
#2086 = CARTESIAN_POINT('',(54.4,1.5,26.8));
#2087 = SURFACE_CURVE('',#2088,(#2092,#2099),.PCURVE_S1.);
#2088 = LINE('',#2089,#2090);
#2089 = CARTESIAN_POINT('',(16.425,1.5,26.8));
#2090 = VECTOR('',#2091,1.);
#2091 = DIRECTION('',(1.,1.110223024625E-16,0.));
#2092 = PCURVE('',#44,#2093);
#2093 = DEFINITIONAL_REPRESENTATION('',(#2094),#2098);
#2094 = LINE('',#2095,#2096);
#2095 = CARTESIAN_POINT('',(70.35,31.575));
#2096 = VECTOR('',#2097,1.);
#2097 = DIRECTION('',(0.,1.));
#2098 = ( GEOMETRIC_REPRESENTATION_CONTEXT(2) 
PARAMETRIC_REPRESENTATION_CONTEXT() REPRESENTATION_CONTEXT('2D SPACE',''
  ) );
#2099 = PCURVE('',#2100,#2105);
#2100 = PLANE('',#2101);
#2101 = AXIS2_PLACEMENT_3D('',#2102,#2103,#2104);
#2102 = CARTESIAN_POINT('',(48.,1.5,23.7));
#2103 = DIRECTION('',(1.110223024625E-16,-1.,0.));
#2104 = DIRECTION('',(0.,0.,1.));
#2105 = DEFINITIONAL_REPRESENTATION('',(#2106),#2110);
#2106 = LINE('',#2107,#2108);
#2107 = CARTESIAN_POINT('',(3.1,31.575));
#2108 = VECTOR('',#2109,1.);
#2109 = DIRECTION('',(0.,-1.));
#2110 = ( GEOMETRIC_REPRESENTATION_CONTEXT(2) 
PARAMETRIC_REPRESENTATION_CONTEXT() REPRESENTATION_CONTEXT('2D SPACE',''
  ) );
#2111 = ORIENTED_EDGE('',*,*,#2112,.F.);
#2112 = EDGE_CURVE('',#2113,#2085,#2115,.T.);
#2113 = VERTEX_POINT('',#2114);
#2114 = CARTESIAN_POINT('',(55.,0.9,26.8));
#2115 = SURFACE_CURVE('',#2116,(#2121,#2128),.PCURVE_S1.);
#2116 = CIRCLE('',#2117,0.6);
#2117 = AXIS2_PLACEMENT_3D('',#2118,#2119,#2120);
#2118 = CARTESIAN_POINT('',(54.4,0.9,26.8));
#2119 = DIRECTION('',(0.,0.,1.));
#2120 = DIRECTION('',(-1.110223024625E-16,1.,0.));
#2121 = PCURVE('',#44,#2122);
#2122 = DEFINITIONAL_REPRESENTATION('',(#2123),#2127);
#2123 = CIRCLE('',#2124,0.6);
#2124 = AXIS2_PLACEMENT_2D('',#2125,#2126);
#2125 = CARTESIAN_POINT('',(70.95,69.55));
#2126 = DIRECTION('',(-1.,0.));
#2127 = ( GEOMETRIC_REPRESENTATION_CONTEXT(2) 
PARAMETRIC_REPRESENTATION_CONTEXT() REPRESENTATION_CONTEXT('2D SPACE',''
  ) );
#2128 = PCURVE('',#2129,#2134);
#2129 = CYLINDRICAL_SURFACE('',#2130,0.6);
#2130 = AXIS2_PLACEMENT_3D('',#2131,#2132,#2133);
#2131 = CARTESIAN_POINT('',(54.4,0.9,23.7));
#2132 = DIRECTION('',(0.,0.,1.));
#2133 = DIRECTION('',(-1.110223024625E-16,1.,0.));
#2134 = DEFINITIONAL_REPRESENTATION('',(#2135),#2139);
#2135 = LINE('',#2136,#2137);
#2136 = CARTESIAN_POINT('',(-6.28318530718,3.1));
#2137 = VECTOR('',#2138,1.);
#2138 = DIRECTION('',(1.,-0.));
#2139 = ( GEOMETRIC_REPRESENTATION_CONTEXT(2) 
PARAMETRIC_REPRESENTATION_CONTEXT() REPRESENTATION_CONTEXT('2D SPACE',''
  ) );
#2140 = ORIENTED_EDGE('',*,*,#2141,.F.);
#2141 = EDGE_CURVE('',#2142,#2113,#2144,.T.);
#2142 = VERTEX_POINT('',#2143);
#2143 = CARTESIAN_POINT('',(55.,0.7,26.8));
#2144 = SURFACE_CURVE('',#2145,(#2149,#2156),.PCURVE_S1.);
#2145 = LINE('',#2146,#2147);
#2146 = CARTESIAN_POINT('',(55.,36.675,26.8));
#2147 = VECTOR('',#2148,1.);
#2148 = DIRECTION('',(-1.110223024625E-16,1.,0.));
#2149 = PCURVE('',#44,#2150);
#2150 = DEFINITIONAL_REPRESENTATION('',(#2151),#2155);
#2151 = LINE('',#2152,#2153);
#2152 = CARTESIAN_POINT('',(35.175,70.15));
#2153 = VECTOR('',#2154,1.);
#2154 = DIRECTION('',(-1.,0.));
#2155 = ( GEOMETRIC_REPRESENTATION_CONTEXT(2) 
PARAMETRIC_REPRESENTATION_CONTEXT() REPRESENTATION_CONTEXT('2D SPACE',''
  ) );
#2156 = PCURVE('',#2157,#2162);
#2157 = PLANE('',#2158);
#2158 = AXIS2_PLACEMENT_3D('',#2159,#2160,#2161);
#2159 = CARTESIAN_POINT('',(55.,1.5,23.7));
#2160 = DIRECTION('',(1.,1.110223024625E-16,0.));
#2161 = DIRECTION('',(0.,0.,1.));
#2162 = DEFINITIONAL_REPRESENTATION('',(#2163),#2167);
#2163 = LINE('',#2164,#2165);
#2164 = CARTESIAN_POINT('',(3.1,-35.175));
#2165 = VECTOR('',#2166,1.);
#2166 = DIRECTION('',(0.,-1.));
#2167 = ( GEOMETRIC_REPRESENTATION_CONTEXT(2) 
PARAMETRIC_REPRESENTATION_CONTEXT() REPRESENTATION_CONTEXT('2D SPACE',''
  ) );
#2168 = ORIENTED_EDGE('',*,*,#2169,.F.);
#2169 = EDGE_CURVE('',#2170,#2142,#2172,.T.);
#2170 = VERTEX_POINT('',#2171);
#2171 = CARTESIAN_POINT('',(54.4,0.1,26.8));
#2172 = SURFACE_CURVE('',#2173,(#2178,#2185),.PCURVE_S1.);
#2173 = CIRCLE('',#2174,0.6);
#2174 = AXIS2_PLACEMENT_3D('',#2175,#2176,#2177);
#2175 = CARTESIAN_POINT('',(54.4,0.7,26.8));
#2176 = DIRECTION('',(-0.,0.,1.));
#2177 = DIRECTION('',(1.110223024625E-16,-1.,0.));
#2178 = PCURVE('',#44,#2179);
#2179 = DEFINITIONAL_REPRESENTATION('',(#2180),#2184);
#2180 = CIRCLE('',#2181,0.6);
#2181 = AXIS2_PLACEMENT_2D('',#2182,#2183);
#2182 = CARTESIAN_POINT('',(71.15,69.55));
#2183 = DIRECTION('',(1.,0.));
#2184 = ( GEOMETRIC_REPRESENTATION_CONTEXT(2) 
PARAMETRIC_REPRESENTATION_CONTEXT() REPRESENTATION_CONTEXT('2D SPACE',''
  ) );
#2185 = PCURVE('',#2186,#2191);
#2186 = CYLINDRICAL_SURFACE('',#2187,0.6);
#2187 = AXIS2_PLACEMENT_3D('',#2188,#2189,#2190);
#2188 = CARTESIAN_POINT('',(54.4,0.7,23.7));
#2189 = DIRECTION('',(0.,0.,1.));
#2190 = DIRECTION('',(1.110223024625E-16,-1.,0.));
#2191 = DEFINITIONAL_REPRESENTATION('',(#2192),#2196);
#2192 = LINE('',#2193,#2194);
#2193 = CARTESIAN_POINT('',(0.,3.1));
#2194 = VECTOR('',#2195,1.);
#2195 = DIRECTION('',(1.,0.));
#2196 = ( GEOMETRIC_REPRESENTATION_CONTEXT(2) 
PARAMETRIC_REPRESENTATION_CONTEXT() REPRESENTATION_CONTEXT('2D SPACE',''
  ) );
#2197 = ORIENTED_EDGE('',*,*,#2198,.F.);
#2198 = EDGE_CURVE('',#2199,#2170,#2201,.T.);
#2199 = VERTEX_POINT('',#2200);
#2200 = CARTESIAN_POINT('',(48.6,1.E-01,26.8));
#2201 = SURFACE_CURVE('',#2202,(#2206,#2213),.PCURVE_S1.);
#2202 = LINE('',#2203,#2204);
#2203 = CARTESIAN_POINT('',(16.425,1.E-01,26.8));
#2204 = VECTOR('',#2205,1.);
#2205 = DIRECTION('',(1.,1.110223024625E-16,0.));
#2206 = PCURVE('',#44,#2207);
#2207 = DEFINITIONAL_REPRESENTATION('',(#2208),#2212);
#2208 = LINE('',#2209,#2210);
#2209 = CARTESIAN_POINT('',(71.75,31.575));
#2210 = VECTOR('',#2211,1.);
#2211 = DIRECTION('',(0.,1.));
#2212 = ( GEOMETRIC_REPRESENTATION_CONTEXT(2) 
PARAMETRIC_REPRESENTATION_CONTEXT() REPRESENTATION_CONTEXT('2D SPACE',''
  ) );
#2213 = PCURVE('',#2214,#2219);
#2214 = PLANE('',#2215);
#2215 = AXIS2_PLACEMENT_3D('',#2216,#2217,#2218);
#2216 = CARTESIAN_POINT('',(48.,1.E-01,23.7));
#2217 = DIRECTION('',(1.110223024625E-16,-1.,0.));
#2218 = DIRECTION('',(0.,0.,1.));
#2219 = DEFINITIONAL_REPRESENTATION('',(#2220),#2224);
#2220 = LINE('',#2221,#2222);
#2221 = CARTESIAN_POINT('',(3.1,31.575));
#2222 = VECTOR('',#2223,1.);
#2223 = DIRECTION('',(0.,-1.));
#2224 = ( GEOMETRIC_REPRESENTATION_CONTEXT(2) 
PARAMETRIC_REPRESENTATION_CONTEXT() REPRESENTATION_CONTEXT('2D SPACE',''
  ) );
#2225 = ORIENTED_EDGE('',*,*,#2226,.F.);
#2226 = EDGE_CURVE('',#2227,#2199,#2229,.T.);
#2227 = VERTEX_POINT('',#2228);
#2228 = CARTESIAN_POINT('',(48.,0.7,26.8));
#2229 = SURFACE_CURVE('',#2230,(#2235,#2242),.PCURVE_S1.);
#2230 = CIRCLE('',#2231,0.6);
#2231 = AXIS2_PLACEMENT_3D('',#2232,#2233,#2234);
#2232 = CARTESIAN_POINT('',(48.6,0.7,26.8));
#2233 = DIRECTION('',(-0.,0.,1.));
#2234 = DIRECTION('',(1.110223024625E-16,-1.,0.));
#2235 = PCURVE('',#44,#2236);
#2236 = DEFINITIONAL_REPRESENTATION('',(#2237),#2241);
#2237 = CIRCLE('',#2238,0.6);
#2238 = AXIS2_PLACEMENT_2D('',#2239,#2240);
#2239 = CARTESIAN_POINT('',(71.15,63.75));
#2240 = DIRECTION('',(1.,0.));
#2241 = ( GEOMETRIC_REPRESENTATION_CONTEXT(2) 
PARAMETRIC_REPRESENTATION_CONTEXT() REPRESENTATION_CONTEXT('2D SPACE',''
  ) );
#2242 = PCURVE('',#2243,#2248);
#2243 = CYLINDRICAL_SURFACE('',#2244,0.6);
#2244 = AXIS2_PLACEMENT_3D('',#2245,#2246,#2247);
#2245 = CARTESIAN_POINT('',(48.6,0.7,23.7));
#2246 = DIRECTION('',(0.,0.,1.));
#2247 = DIRECTION('',(1.110223024625E-16,-1.,0.));
#2248 = DEFINITIONAL_REPRESENTATION('',(#2249),#2253);
#2249 = LINE('',#2250,#2251);
#2250 = CARTESIAN_POINT('',(-6.28318530718,3.1));
#2251 = VECTOR('',#2252,1.);
#2252 = DIRECTION('',(1.,-0.));
#2253 = ( GEOMETRIC_REPRESENTATION_CONTEXT(2) 
PARAMETRIC_REPRESENTATION_CONTEXT() REPRESENTATION_CONTEXT('2D SPACE',''
  ) );
#2254 = ORIENTED_EDGE('',*,*,#2255,.T.);
#2255 = EDGE_CURVE('',#2227,#2056,#2256,.T.);
#2256 = SURFACE_CURVE('',#2257,(#2261,#2268),.PCURVE_S1.);
#2257 = LINE('',#2258,#2259);
#2258 = CARTESIAN_POINT('',(48.,36.675,26.8));
#2259 = VECTOR('',#2260,1.);
#2260 = DIRECTION('',(-1.110223024625E-16,1.,0.));
#2261 = PCURVE('',#44,#2262);
#2262 = DEFINITIONAL_REPRESENTATION('',(#2263),#2267);
#2263 = LINE('',#2264,#2265);
#2264 = CARTESIAN_POINT('',(35.175,63.15));
#2265 = VECTOR('',#2266,1.);
#2266 = DIRECTION('',(-1.,0.));
#2267 = ( GEOMETRIC_REPRESENTATION_CONTEXT(2) 
PARAMETRIC_REPRESENTATION_CONTEXT() REPRESENTATION_CONTEXT('2D SPACE',''
  ) );
#2268 = PCURVE('',#2269,#2274);
#2269 = PLANE('',#2270);
#2270 = AXIS2_PLACEMENT_3D('',#2271,#2272,#2273);
#2271 = CARTESIAN_POINT('',(48.,1.5,23.7));
#2272 = DIRECTION('',(1.,1.110223024625E-16,0.));
#2273 = DIRECTION('',(0.,0.,1.));
#2274 = DEFINITIONAL_REPRESENTATION('',(#2275),#2279);
#2275 = LINE('',#2276,#2277);
#2276 = CARTESIAN_POINT('',(3.1,-35.175));
#2277 = VECTOR('',#2278,1.);
#2278 = DIRECTION('',(0.,-1.));
#2279 = ( GEOMETRIC_REPRESENTATION_CONTEXT(2) 
PARAMETRIC_REPRESENTATION_CONTEXT() REPRESENTATION_CONTEXT('2D SPACE',''
  ) );
#2280 = FACE_BOUND('',#2281,.T.);
#2281 = EDGE_LOOP('',(#2282,#2313,#2341,#2370,#2398,#2427,#2455,#2484));
#2282 = ORIENTED_EDGE('',*,*,#2283,.F.);
#2283 = EDGE_CURVE('',#2284,#2286,#2288,.T.);
#2284 = VERTEX_POINT('',#2285);
#2285 = CARTESIAN_POINT('',(98.11,37.45,26.8));
#2286 = VERTEX_POINT('',#2287);
#2287 = CARTESIAN_POINT('',(96.02,35.36,26.8));
#2288 = SURFACE_CURVE('',#2289,(#2294,#2301),.PCURVE_S1.);
#2289 = CIRCLE('',#2290,2.09);
#2290 = AXIS2_PLACEMENT_3D('',#2291,#2292,#2293);
#2291 = CARTESIAN_POINT('',(98.11,35.36,26.8));
#2292 = DIRECTION('',(0.,0.,1.));
#2293 = DIRECTION('',(-1.110223024625E-16,1.,0.));
#2294 = PCURVE('',#44,#2295);
#2295 = DEFINITIONAL_REPRESENTATION('',(#2296),#2300);
#2296 = CIRCLE('',#2297,2.09);
#2297 = AXIS2_PLACEMENT_2D('',#2298,#2299);
#2298 = CARTESIAN_POINT('',(36.49,113.26));
#2299 = DIRECTION('',(-1.,0.));
#2300 = ( GEOMETRIC_REPRESENTATION_CONTEXT(2) 
PARAMETRIC_REPRESENTATION_CONTEXT() REPRESENTATION_CONTEXT('2D SPACE',''
  ) );
#2301 = PCURVE('',#2302,#2307);
#2302 = CYLINDRICAL_SURFACE('',#2303,2.09);
#2303 = AXIS2_PLACEMENT_3D('',#2304,#2305,#2306);
#2304 = CARTESIAN_POINT('',(98.11,35.36,23.7));
#2305 = DIRECTION('',(0.,0.,1.));
#2306 = DIRECTION('',(-1.110223024625E-16,1.,0.));
#2307 = DEFINITIONAL_REPRESENTATION('',(#2308),#2312);
#2308 = LINE('',#2309,#2310);
#2309 = CARTESIAN_POINT('',(0.,3.1));
#2310 = VECTOR('',#2311,1.);
#2311 = DIRECTION('',(1.,0.));
#2312 = ( GEOMETRIC_REPRESENTATION_CONTEXT(2) 
PARAMETRIC_REPRESENTATION_CONTEXT() REPRESENTATION_CONTEXT('2D SPACE',''
  ) );
#2313 = ORIENTED_EDGE('',*,*,#2314,.T.);
#2314 = EDGE_CURVE('',#2284,#2315,#2317,.T.);
#2315 = VERTEX_POINT('',#2316);
#2316 = CARTESIAN_POINT('',(104.875,37.45,26.8));
#2317 = SURFACE_CURVE('',#2318,(#2322,#2329),.PCURVE_S1.);
#2318 = LINE('',#2319,#2320);
#2319 = CARTESIAN_POINT('',(40.435,37.45,26.8));
#2320 = VECTOR('',#2321,1.);
#2321 = DIRECTION('',(1.,1.110223024625E-16,0.));
#2322 = PCURVE('',#44,#2323);
#2323 = DEFINITIONAL_REPRESENTATION('',(#2324),#2328);
#2324 = LINE('',#2325,#2326);
#2325 = CARTESIAN_POINT('',(34.4,55.585));
#2326 = VECTOR('',#2327,1.);
#2327 = DIRECTION('',(0.,1.));
#2328 = ( GEOMETRIC_REPRESENTATION_CONTEXT(2) 
PARAMETRIC_REPRESENTATION_CONTEXT() REPRESENTATION_CONTEXT('2D SPACE',''
  ) );
#2329 = PCURVE('',#2330,#2335);
#2330 = PLANE('',#2331);
#2331 = AXIS2_PLACEMENT_3D('',#2332,#2333,#2334);
#2332 = CARTESIAN_POINT('',(96.02,37.45,23.7));
#2333 = DIRECTION('',(1.110223024625E-16,-1.,0.));
#2334 = DIRECTION('',(0.,0.,1.));
#2335 = DEFINITIONAL_REPRESENTATION('',(#2336),#2340);
#2336 = LINE('',#2337,#2338);
#2337 = CARTESIAN_POINT('',(3.1,55.585));
#2338 = VECTOR('',#2339,1.);
#2339 = DIRECTION('',(0.,-1.));
#2340 = ( GEOMETRIC_REPRESENTATION_CONTEXT(2) 
PARAMETRIC_REPRESENTATION_CONTEXT() REPRESENTATION_CONTEXT('2D SPACE',''
  ) );
#2341 = ORIENTED_EDGE('',*,*,#2342,.F.);
#2342 = EDGE_CURVE('',#2343,#2315,#2345,.T.);
#2343 = VERTEX_POINT('',#2344);
#2344 = CARTESIAN_POINT('',(106.965,35.36,26.8));
#2345 = SURFACE_CURVE('',#2346,(#2351,#2358),.PCURVE_S1.);
#2346 = CIRCLE('',#2347,2.09);
#2347 = AXIS2_PLACEMENT_3D('',#2348,#2349,#2350);
#2348 = CARTESIAN_POINT('',(104.875,35.36,26.8));
#2349 = DIRECTION('',(0.,0.,1.));
#2350 = DIRECTION('',(-1.110223024625E-16,1.,0.));
#2351 = PCURVE('',#44,#2352);
#2352 = DEFINITIONAL_REPRESENTATION('',(#2353),#2357);
#2353 = CIRCLE('',#2354,2.09);
#2354 = AXIS2_PLACEMENT_2D('',#2355,#2356);
#2355 = CARTESIAN_POINT('',(36.49,120.025));
#2356 = DIRECTION('',(-1.,0.));
#2357 = ( GEOMETRIC_REPRESENTATION_CONTEXT(2) 
PARAMETRIC_REPRESENTATION_CONTEXT() REPRESENTATION_CONTEXT('2D SPACE',''
  ) );
#2358 = PCURVE('',#2359,#2364);
#2359 = CYLINDRICAL_SURFACE('',#2360,2.09);
#2360 = AXIS2_PLACEMENT_3D('',#2361,#2362,#2363);
#2361 = CARTESIAN_POINT('',(104.875,35.36,23.7));
#2362 = DIRECTION('',(0.,0.,1.));
#2363 = DIRECTION('',(-1.110223024625E-16,1.,0.));
#2364 = DEFINITIONAL_REPRESENTATION('',(#2365),#2369);
#2365 = LINE('',#2366,#2367);
#2366 = CARTESIAN_POINT('',(-6.28318530718,3.1));
#2367 = VECTOR('',#2368,1.);
#2368 = DIRECTION('',(1.,-0.));
#2369 = ( GEOMETRIC_REPRESENTATION_CONTEXT(2) 
PARAMETRIC_REPRESENTATION_CONTEXT() REPRESENTATION_CONTEXT('2D SPACE',''
  ) );
#2370 = ORIENTED_EDGE('',*,*,#2371,.F.);
#2371 = EDGE_CURVE('',#2372,#2343,#2374,.T.);
#2372 = VERTEX_POINT('',#2373);
#2373 = CARTESIAN_POINT('',(106.965,35.34,26.8));
#2374 = SURFACE_CURVE('',#2375,(#2379,#2386),.PCURVE_S1.);
#2375 = LINE('',#2376,#2377);
#2376 = CARTESIAN_POINT('',(106.965,54.65,26.8));
#2377 = VECTOR('',#2378,1.);
#2378 = DIRECTION('',(-1.110223024625E-16,1.,0.));
#2379 = PCURVE('',#44,#2380);
#2380 = DEFINITIONAL_REPRESENTATION('',(#2381),#2385);
#2381 = LINE('',#2382,#2383);
#2382 = CARTESIAN_POINT('',(17.2,122.115));
#2383 = VECTOR('',#2384,1.);
#2384 = DIRECTION('',(-1.,0.));
#2385 = ( GEOMETRIC_REPRESENTATION_CONTEXT(2) 
PARAMETRIC_REPRESENTATION_CONTEXT() REPRESENTATION_CONTEXT('2D SPACE',''
  ) );
#2386 = PCURVE('',#2387,#2392);
#2387 = PLANE('',#2388);
#2388 = AXIS2_PLACEMENT_3D('',#2389,#2390,#2391);
#2389 = CARTESIAN_POINT('',(106.965,37.45,23.7));
#2390 = DIRECTION('',(1.,1.110223024625E-16,0.));
#2391 = DIRECTION('',(0.,0.,1.));
#2392 = DEFINITIONAL_REPRESENTATION('',(#2393),#2397);
#2393 = LINE('',#2394,#2395);
#2394 = CARTESIAN_POINT('',(3.1,-17.2));
#2395 = VECTOR('',#2396,1.);
#2396 = DIRECTION('',(0.,-1.));
#2397 = ( GEOMETRIC_REPRESENTATION_CONTEXT(2) 
PARAMETRIC_REPRESENTATION_CONTEXT() REPRESENTATION_CONTEXT('2D SPACE',''
  ) );
#2398 = ORIENTED_EDGE('',*,*,#2399,.F.);
#2399 = EDGE_CURVE('',#2400,#2372,#2402,.T.);
#2400 = VERTEX_POINT('',#2401);
#2401 = CARTESIAN_POINT('',(104.875,33.25,26.8));
#2402 = SURFACE_CURVE('',#2403,(#2408,#2415),.PCURVE_S1.);
#2403 = CIRCLE('',#2404,2.09);
#2404 = AXIS2_PLACEMENT_3D('',#2405,#2406,#2407);
#2405 = CARTESIAN_POINT('',(104.875,35.34,26.8));
#2406 = DIRECTION('',(-0.,0.,1.));
#2407 = DIRECTION('',(1.110223024625E-16,-1.,0.));
#2408 = PCURVE('',#44,#2409);
#2409 = DEFINITIONAL_REPRESENTATION('',(#2410),#2414);
#2410 = CIRCLE('',#2411,2.09);
#2411 = AXIS2_PLACEMENT_2D('',#2412,#2413);
#2412 = CARTESIAN_POINT('',(36.51,120.025));
#2413 = DIRECTION('',(1.,0.));
#2414 = ( GEOMETRIC_REPRESENTATION_CONTEXT(2) 
PARAMETRIC_REPRESENTATION_CONTEXT() REPRESENTATION_CONTEXT('2D SPACE',''
  ) );
#2415 = PCURVE('',#2416,#2421);
#2416 = CYLINDRICAL_SURFACE('',#2417,2.09);
#2417 = AXIS2_PLACEMENT_3D('',#2418,#2419,#2420);
#2418 = CARTESIAN_POINT('',(104.875,35.34,23.7));
#2419 = DIRECTION('',(0.,0.,1.));
#2420 = DIRECTION('',(1.110223024625E-16,-1.,0.));
#2421 = DEFINITIONAL_REPRESENTATION('',(#2422),#2426);
#2422 = LINE('',#2423,#2424);
#2423 = CARTESIAN_POINT('',(0.,3.1));
#2424 = VECTOR('',#2425,1.);
#2425 = DIRECTION('',(1.,0.));
#2426 = ( GEOMETRIC_REPRESENTATION_CONTEXT(2) 
PARAMETRIC_REPRESENTATION_CONTEXT() REPRESENTATION_CONTEXT('2D SPACE',''
  ) );
#2427 = ORIENTED_EDGE('',*,*,#2428,.F.);
#2428 = EDGE_CURVE('',#2429,#2400,#2431,.T.);
#2429 = VERTEX_POINT('',#2430);
#2430 = CARTESIAN_POINT('',(98.11,33.25,26.8));
#2431 = SURFACE_CURVE('',#2432,(#2436,#2443),.PCURVE_S1.);
#2432 = LINE('',#2433,#2434);
#2433 = CARTESIAN_POINT('',(40.435,33.25,26.8));
#2434 = VECTOR('',#2435,1.);
#2435 = DIRECTION('',(1.,1.110223024625E-16,0.));
#2436 = PCURVE('',#44,#2437);
#2437 = DEFINITIONAL_REPRESENTATION('',(#2438),#2442);
#2438 = LINE('',#2439,#2440);
#2439 = CARTESIAN_POINT('',(38.6,55.585));
#2440 = VECTOR('',#2441,1.);
#2441 = DIRECTION('',(0.,1.));
#2442 = ( GEOMETRIC_REPRESENTATION_CONTEXT(2) 
PARAMETRIC_REPRESENTATION_CONTEXT() REPRESENTATION_CONTEXT('2D SPACE',''
  ) );
#2443 = PCURVE('',#2444,#2449);
#2444 = PLANE('',#2445);
#2445 = AXIS2_PLACEMENT_3D('',#2446,#2447,#2448);
#2446 = CARTESIAN_POINT('',(96.02,33.25,23.7));
#2447 = DIRECTION('',(1.110223024625E-16,-1.,0.));
#2448 = DIRECTION('',(0.,0.,1.));
#2449 = DEFINITIONAL_REPRESENTATION('',(#2450),#2454);
#2450 = LINE('',#2451,#2452);
#2451 = CARTESIAN_POINT('',(3.1,55.585));
#2452 = VECTOR('',#2453,1.);
#2453 = DIRECTION('',(0.,-1.));
#2454 = ( GEOMETRIC_REPRESENTATION_CONTEXT(2) 
PARAMETRIC_REPRESENTATION_CONTEXT() REPRESENTATION_CONTEXT('2D SPACE',''
  ) );
#2455 = ORIENTED_EDGE('',*,*,#2456,.F.);
#2456 = EDGE_CURVE('',#2457,#2429,#2459,.T.);
#2457 = VERTEX_POINT('',#2458);
#2458 = CARTESIAN_POINT('',(96.02,35.34,26.8));
#2459 = SURFACE_CURVE('',#2460,(#2465,#2472),.PCURVE_S1.);
#2460 = CIRCLE('',#2461,2.09);
#2461 = AXIS2_PLACEMENT_3D('',#2462,#2463,#2464);
#2462 = CARTESIAN_POINT('',(98.11,35.34,26.8));
#2463 = DIRECTION('',(-0.,0.,1.));
#2464 = DIRECTION('',(1.110223024625E-16,-1.,0.));
#2465 = PCURVE('',#44,#2466);
#2466 = DEFINITIONAL_REPRESENTATION('',(#2467),#2471);
#2467 = CIRCLE('',#2468,2.09);
#2468 = AXIS2_PLACEMENT_2D('',#2469,#2470);
#2469 = CARTESIAN_POINT('',(36.51,113.26));
#2470 = DIRECTION('',(1.,0.));
#2471 = ( GEOMETRIC_REPRESENTATION_CONTEXT(2) 
PARAMETRIC_REPRESENTATION_CONTEXT() REPRESENTATION_CONTEXT('2D SPACE',''
  ) );
#2472 = PCURVE('',#2473,#2478);
#2473 = CYLINDRICAL_SURFACE('',#2474,2.09);
#2474 = AXIS2_PLACEMENT_3D('',#2475,#2476,#2477);
#2475 = CARTESIAN_POINT('',(98.11,35.34,23.7));
#2476 = DIRECTION('',(0.,0.,1.));
#2477 = DIRECTION('',(1.110223024625E-16,-1.,0.));
#2478 = DEFINITIONAL_REPRESENTATION('',(#2479),#2483);
#2479 = LINE('',#2480,#2481);
#2480 = CARTESIAN_POINT('',(-6.28318530718,3.1));
#2481 = VECTOR('',#2482,1.);
#2482 = DIRECTION('',(1.,-0.));
#2483 = ( GEOMETRIC_REPRESENTATION_CONTEXT(2) 
PARAMETRIC_REPRESENTATION_CONTEXT() REPRESENTATION_CONTEXT('2D SPACE',''
  ) );
#2484 = ORIENTED_EDGE('',*,*,#2485,.T.);
#2485 = EDGE_CURVE('',#2457,#2286,#2486,.T.);
#2486 = SURFACE_CURVE('',#2487,(#2491,#2498),.PCURVE_S1.);
#2487 = LINE('',#2488,#2489);
#2488 = CARTESIAN_POINT('',(96.02,54.65,26.8));
#2489 = VECTOR('',#2490,1.);
#2490 = DIRECTION('',(-1.110223024625E-16,1.,0.));
#2491 = PCURVE('',#44,#2492);
#2492 = DEFINITIONAL_REPRESENTATION('',(#2493),#2497);
#2493 = LINE('',#2494,#2495);
#2494 = CARTESIAN_POINT('',(17.2,111.17));
#2495 = VECTOR('',#2496,1.);
#2496 = DIRECTION('',(-1.,0.));
#2497 = ( GEOMETRIC_REPRESENTATION_CONTEXT(2) 
PARAMETRIC_REPRESENTATION_CONTEXT() REPRESENTATION_CONTEXT('2D SPACE',''
  ) );
#2498 = PCURVE('',#2499,#2504);
#2499 = PLANE('',#2500);
#2500 = AXIS2_PLACEMENT_3D('',#2501,#2502,#2503);
#2501 = CARTESIAN_POINT('',(96.02,37.45,23.7));
#2502 = DIRECTION('',(1.,1.110223024625E-16,0.));
#2503 = DIRECTION('',(0.,0.,1.));
#2504 = DEFINITIONAL_REPRESENTATION('',(#2505),#2509);
#2505 = LINE('',#2506,#2507);
#2506 = CARTESIAN_POINT('',(3.1,-17.2));
#2507 = VECTOR('',#2508,1.);
#2508 = DIRECTION('',(0.,-1.));
#2509 = ( GEOMETRIC_REPRESENTATION_CONTEXT(2) 
PARAMETRIC_REPRESENTATION_CONTEXT() REPRESENTATION_CONTEXT('2D SPACE',''
  ) );
#2510 = ADVANCED_FACE('',(#2511),#233,.T.);
#2511 = FACE_BOUND('',#2512,.F.);
#2512 = EDGE_LOOP('',(#2513,#2514,#2542,#2563));
#2513 = ORIENTED_EDGE('',*,*,#219,.T.);
#2514 = ORIENTED_EDGE('',*,*,#2515,.T.);
#2515 = EDGE_CURVE('',#197,#2516,#2518,.T.);
#2516 = VERTEX_POINT('',#2517);
#2517 = CARTESIAN_POINT('',(128.05,67.7,16.6));
#2518 = SURFACE_CURVE('',#2519,(#2524,#2531),.PCURVE_S1.);
#2519 = CIRCLE('',#2520,4.15);
#2520 = AXIS2_PLACEMENT_3D('',#2521,#2522,#2523);
#2521 = CARTESIAN_POINT('',(123.9,67.7,16.6));
#2522 = DIRECTION('',(-0.,0.,-1.));
#2523 = DIRECTION('',(-1.,-1.110223024625E-16,0.));
#2524 = PCURVE('',#233,#2525);
#2525 = DEFINITIONAL_REPRESENTATION('',(#2526),#2530);
#2526 = LINE('',#2527,#2528);
#2527 = CARTESIAN_POINT('',(1.570796326795,-7.2));
#2528 = VECTOR('',#2529,1.);
#2529 = DIRECTION('',(-1.,0.));
#2530 = ( GEOMETRIC_REPRESENTATION_CONTEXT(2) 
PARAMETRIC_REPRESENTATION_CONTEXT() REPRESENTATION_CONTEXT('2D SPACE',''
  ) );
#2531 = PCURVE('',#100,#2532);
#2532 = DEFINITIONAL_REPRESENTATION('',(#2533),#2541);
#2533 = ( BOUNDED_CURVE() B_SPLINE_CURVE(2,(#2534,#2535,#2536,#2537,
#2538,#2539,#2540),.UNSPECIFIED.,.T.,.F.) B_SPLINE_CURVE_WITH_KNOTS((1,2
    ,2,2,2,1),(-2.094395102393,0.,2.094395102393,4.188790204786,
6.28318530718,8.377580409573),.UNSPECIFIED.) CURVE() 
GEOMETRIC_REPRESENTATION_ITEM() RATIONAL_B_SPLINE_CURVE((1.,0.5,1.,0.5,
1.,0.5,1.)) REPRESENTATION_ITEM('') );
#2534 = CARTESIAN_POINT('',(4.15,134.9));
#2535 = CARTESIAN_POINT('',(-3.038010851411,134.9));
#2536 = CARTESIAN_POINT('',(0.555994574295,141.125));
#2537 = CARTESIAN_POINT('',(4.15,147.35));
#2538 = CARTESIAN_POINT('',(7.744005425705,141.125));
#2539 = CARTESIAN_POINT('',(11.338010851411,134.9));
#2540 = CARTESIAN_POINT('',(4.15,134.9));
#2541 = ( GEOMETRIC_REPRESENTATION_CONTEXT(2) 
PARAMETRIC_REPRESENTATION_CONTEXT() REPRESENTATION_CONTEXT('2D SPACE',''
  ) );
#2542 = ORIENTED_EDGE('',*,*,#2543,.F.);
#2543 = EDGE_CURVE('',#848,#2516,#2544,.T.);
#2544 = SURFACE_CURVE('',#2545,(#2549,#2556),.PCURVE_S1.);
#2545 = LINE('',#2546,#2547);
#2546 = CARTESIAN_POINT('',(128.05,67.7,26.8));
#2547 = VECTOR('',#2548,1.);
#2548 = DIRECTION('',(0.,0.,-1.));
#2549 = PCURVE('',#233,#2550);
#2550 = DEFINITIONAL_REPRESENTATION('',(#2551),#2555);
#2551 = LINE('',#2552,#2553);
#2552 = CARTESIAN_POINT('',(-1.570796326795,3.));
#2553 = VECTOR('',#2554,1.);
#2554 = DIRECTION('',(-0.,-1.));
#2555 = ( GEOMETRIC_REPRESENTATION_CONTEXT(2) 
PARAMETRIC_REPRESENTATION_CONTEXT() REPRESENTATION_CONTEXT('2D SPACE',''
  ) );
#2556 = PCURVE('',#863,#2557);
#2557 = DEFINITIONAL_REPRESENTATION('',(#2558),#2562);
#2558 = LINE('',#2559,#2560);
#2559 = CARTESIAN_POINT('',(3.,4.15));
#2560 = VECTOR('',#2561,1.);
#2561 = DIRECTION('',(-1.,0.));
#2562 = ( GEOMETRIC_REPRESENTATION_CONTEXT(2) 
PARAMETRIC_REPRESENTATION_CONTEXT() REPRESENTATION_CONTEXT('2D SPACE',''
  ) );
#2563 = ORIENTED_EDGE('',*,*,#875,.F.);
#2564 = ADVANCED_FACE('',(#2565),#100,.F.);
#2565 = FACE_BOUND('',#2566,.F.);
#2566 = EDGE_LOOP('',(#2567,#2568,#2592,#2615,#2643,#2666,#2690,#2711,
    #2712,#2713,#2736,#2764,#2792,#2820,#2848,#2876,#2904,#2932,#2960,
    #2988,#3017,#3045,#3073,#3101,#3129,#3157,#3186,#3214,#3243,#3271,
    #3300,#3323));
#2567 = ORIENTED_EDGE('',*,*,#84,.F.);
#2568 = ORIENTED_EDGE('',*,*,#2569,.T.);
#2569 = EDGE_CURVE('',#57,#2570,#2572,.T.);
#2570 = VERTEX_POINT('',#2571);
#2571 = CARTESIAN_POINT('',(-15.15,67.7,16.6));
#2572 = SURFACE_CURVE('',#2573,(#2578,#2585),.PCURVE_S1.);
#2573 = CIRCLE('',#2574,4.15);
#2574 = AXIS2_PLACEMENT_3D('',#2575,#2576,#2577);
#2575 = CARTESIAN_POINT('',(-11.,67.7,16.6));
#2576 = DIRECTION('',(0.,0.,1.));
#2577 = DIRECTION('',(-1.,-1.110223024625E-16,0.));
#2578 = PCURVE('',#100,#2579);
#2579 = DEFINITIONAL_REPRESENTATION('',(#2580),#2584);
#2580 = CIRCLE('',#2581,4.15);
#2581 = AXIS2_PLACEMENT_2D('',#2582,#2583);
#2582 = CARTESIAN_POINT('',(4.15,4.15));
#2583 = DIRECTION('',(0.,-1.));
#2584 = ( GEOMETRIC_REPRESENTATION_CONTEXT(2) 
PARAMETRIC_REPRESENTATION_CONTEXT() REPRESENTATION_CONTEXT('2D SPACE',''
  ) );
#2585 = PCURVE('',#72,#2586);
#2586 = DEFINITIONAL_REPRESENTATION('',(#2587),#2591);
#2587 = LINE('',#2588,#2589);
#2588 = CARTESIAN_POINT('',(-4.712388980385,-7.2));
#2589 = VECTOR('',#2590,1.);
#2590 = DIRECTION('',(1.,0.));
#2591 = ( GEOMETRIC_REPRESENTATION_CONTEXT(2) 
PARAMETRIC_REPRESENTATION_CONTEXT() REPRESENTATION_CONTEXT('2D SPACE',''
  ) );
#2592 = ORIENTED_EDGE('',*,*,#2593,.T.);
#2593 = EDGE_CURVE('',#2570,#2594,#2596,.T.);
#2594 = VERTEX_POINT('',#2595);
#2595 = CARTESIAN_POINT('',(-15.15,3.,16.6));
#2596 = SURFACE_CURVE('',#2597,(#2601,#2608),.PCURVE_S1.);
#2597 = LINE('',#2598,#2599);
#2598 = CARTESIAN_POINT('',(-15.15,71.85,16.6));
#2599 = VECTOR('',#2600,1.);
#2600 = DIRECTION('',(1.110223024625E-16,-1.,0.));
#2601 = PCURVE('',#100,#2602);
#2602 = DEFINITIONAL_REPRESENTATION('',(#2603),#2607);
#2603 = LINE('',#2604,#2605);
#2604 = CARTESIAN_POINT('',(0.,0.));
#2605 = VECTOR('',#2606,1.);
#2606 = DIRECTION('',(1.,0.));
#2607 = ( GEOMETRIC_REPRESENTATION_CONTEXT(2) 
PARAMETRIC_REPRESENTATION_CONTEXT() REPRESENTATION_CONTEXT('2D SPACE',''
  ) );
#2608 = PCURVE('',#745,#2609);
#2609 = DEFINITIONAL_REPRESENTATION('',(#2610),#2614);
#2610 = LINE('',#2611,#2612);
#2611 = CARTESIAN_POINT('',(-7.2,0.));
#2612 = VECTOR('',#2613,1.);
#2613 = DIRECTION('',(0.,1.));
#2614 = ( GEOMETRIC_REPRESENTATION_CONTEXT(2) 
PARAMETRIC_REPRESENTATION_CONTEXT() REPRESENTATION_CONTEXT('2D SPACE',''
  ) );
#2615 = ORIENTED_EDGE('',*,*,#2616,.F.);
#2616 = EDGE_CURVE('',#2617,#2594,#2619,.T.);
#2617 = VERTEX_POINT('',#2618);
#2618 = CARTESIAN_POINT('',(-11.,-1.15,16.6));
#2619 = SURFACE_CURVE('',#2620,(#2625,#2636),.PCURVE_S1.);
#2620 = CIRCLE('',#2621,4.15);
#2621 = AXIS2_PLACEMENT_3D('',#2622,#2623,#2624);
#2622 = CARTESIAN_POINT('',(-11.,3.,16.6));
#2623 = DIRECTION('',(-0.,0.,-1.));
#2624 = DIRECTION('',(-1.,-1.110223024625E-16,0.));
#2625 = PCURVE('',#100,#2626);
#2626 = DEFINITIONAL_REPRESENTATION('',(#2627),#2635);
#2627 = ( BOUNDED_CURVE() B_SPLINE_CURVE(2,(#2628,#2629,#2630,#2631,
#2632,#2633,#2634),.UNSPECIFIED.,.T.,.F.) B_SPLINE_CURVE_WITH_KNOTS((1,2
    ,2,2,2,1),(-2.094395102393,0.,2.094395102393,4.188790204786,
6.28318530718,8.377580409573),.UNSPECIFIED.) CURVE() 
GEOMETRIC_REPRESENTATION_ITEM() RATIONAL_B_SPLINE_CURVE((1.,0.5,1.,0.5,
1.,0.5,1.)) REPRESENTATION_ITEM('') );
#2628 = CARTESIAN_POINT('',(68.85,-8.881784197001E-16));
#2629 = CARTESIAN_POINT('',(61.661989148589,-8.881784197001E-16));
#2630 = CARTESIAN_POINT('',(65.255994574295,6.225));
#2631 = CARTESIAN_POINT('',(68.85,12.45));
#2632 = CARTESIAN_POINT('',(72.444005425705,6.225));
#2633 = CARTESIAN_POINT('',(76.038010851411,5.329070518201E-15));
#2634 = CARTESIAN_POINT('',(68.85,-8.881784197001E-16));
#2635 = ( GEOMETRIC_REPRESENTATION_CONTEXT(2) 
PARAMETRIC_REPRESENTATION_CONTEXT() REPRESENTATION_CONTEXT('2D SPACE',''
  ) );
#2636 = PCURVE('',#778,#2637);
#2637 = DEFINITIONAL_REPRESENTATION('',(#2638),#2642);
#2638 = LINE('',#2639,#2640);
#2639 = CARTESIAN_POINT('',(4.712388980385,-7.2));
#2640 = VECTOR('',#2641,1.);
#2641 = DIRECTION('',(-1.,0.));
#2642 = ( GEOMETRIC_REPRESENTATION_CONTEXT(2) 
PARAMETRIC_REPRESENTATION_CONTEXT() REPRESENTATION_CONTEXT('2D SPACE',''
  ) );
#2643 = ORIENTED_EDGE('',*,*,#2644,.T.);
#2644 = EDGE_CURVE('',#2617,#2645,#2647,.T.);
#2645 = VERTEX_POINT('',#2646);
#2646 = CARTESIAN_POINT('',(123.9,-1.15,16.6));
#2647 = SURFACE_CURVE('',#2648,(#2652,#2659),.PCURVE_S1.);
#2648 = LINE('',#2649,#2650);
#2649 = CARTESIAN_POINT('',(-15.15,-1.15,16.6));
#2650 = VECTOR('',#2651,1.);
#2651 = DIRECTION('',(1.,1.110223024625E-16,0.));
#2652 = PCURVE('',#100,#2653);
#2653 = DEFINITIONAL_REPRESENTATION('',(#2654),#2658);
#2654 = LINE('',#2655,#2656);
#2655 = CARTESIAN_POINT('',(73.,-9.992007221626E-16));
#2656 = VECTOR('',#2657,1.);
#2657 = DIRECTION('',(0.,1.));
#2658 = ( GEOMETRIC_REPRESENTATION_CONTEXT(2) 
PARAMETRIC_REPRESENTATION_CONTEXT() REPRESENTATION_CONTEXT('2D SPACE',''
  ) );
#2659 = PCURVE('',#806,#2660);
#2660 = DEFINITIONAL_REPRESENTATION('',(#2661),#2665);
#2661 = LINE('',#2662,#2663);
#2662 = CARTESIAN_POINT('',(-7.2,-0.));
#2663 = VECTOR('',#2664,1.);
#2664 = DIRECTION('',(0.,-1.));
#2665 = ( GEOMETRIC_REPRESENTATION_CONTEXT(2) 
PARAMETRIC_REPRESENTATION_CONTEXT() REPRESENTATION_CONTEXT('2D SPACE',''
  ) );
#2666 = ORIENTED_EDGE('',*,*,#2667,.T.);
#2667 = EDGE_CURVE('',#2645,#2668,#2670,.T.);
#2668 = VERTEX_POINT('',#2669);
#2669 = CARTESIAN_POINT('',(128.05,3.,16.6));
#2670 = SURFACE_CURVE('',#2671,(#2676,#2683),.PCURVE_S1.);
#2671 = CIRCLE('',#2672,4.15);
#2672 = AXIS2_PLACEMENT_3D('',#2673,#2674,#2675);
#2673 = CARTESIAN_POINT('',(123.9,3.,16.6));
#2674 = DIRECTION('',(0.,0.,1.));
#2675 = DIRECTION('',(-1.,-1.110223024625E-16,0.));
#2676 = PCURVE('',#100,#2677);
#2677 = DEFINITIONAL_REPRESENTATION('',(#2678),#2682);
#2678 = CIRCLE('',#2679,4.15);
#2679 = AXIS2_PLACEMENT_2D('',#2680,#2681);
#2680 = CARTESIAN_POINT('',(68.85,139.05));
#2681 = DIRECTION('',(0.,-1.));
#2682 = ( GEOMETRIC_REPRESENTATION_CONTEXT(2) 
PARAMETRIC_REPRESENTATION_CONTEXT() REPRESENTATION_CONTEXT('2D SPACE',''
  ) );
#2683 = PCURVE('',#835,#2684);
#2684 = DEFINITIONAL_REPRESENTATION('',(#2685),#2689);
#2685 = LINE('',#2686,#2687);
#2686 = CARTESIAN_POINT('',(-1.570796326795,-7.2));
#2687 = VECTOR('',#2688,1.);
#2688 = DIRECTION('',(1.,0.));
#2689 = ( GEOMETRIC_REPRESENTATION_CONTEXT(2) 
PARAMETRIC_REPRESENTATION_CONTEXT() REPRESENTATION_CONTEXT('2D SPACE',''
  ) );
#2690 = ORIENTED_EDGE('',*,*,#2691,.F.);
#2691 = EDGE_CURVE('',#2516,#2668,#2692,.T.);
#2692 = SURFACE_CURVE('',#2693,(#2697,#2704),.PCURVE_S1.);
#2693 = LINE('',#2694,#2695);
#2694 = CARTESIAN_POINT('',(128.05,71.85,16.6));
#2695 = VECTOR('',#2696,1.);
#2696 = DIRECTION('',(1.110223024625E-16,-1.,0.));
#2697 = PCURVE('',#100,#2698);
#2698 = DEFINITIONAL_REPRESENTATION('',(#2699),#2703);
#2699 = LINE('',#2700,#2701);
#2700 = CARTESIAN_POINT('',(1.68753899743E-15,143.2));
#2701 = VECTOR('',#2702,1.);
#2702 = DIRECTION('',(1.,0.));
#2703 = ( GEOMETRIC_REPRESENTATION_CONTEXT(2) 
PARAMETRIC_REPRESENTATION_CONTEXT() REPRESENTATION_CONTEXT('2D SPACE',''
  ) );
#2704 = PCURVE('',#863,#2705);
#2705 = DEFINITIONAL_REPRESENTATION('',(#2706),#2710);
#2706 = LINE('',#2707,#2708);
#2707 = CARTESIAN_POINT('',(-7.2,0.));
#2708 = VECTOR('',#2709,1.);
#2709 = DIRECTION('',(0.,1.));
#2710 = ( GEOMETRIC_REPRESENTATION_CONTEXT(2) 
PARAMETRIC_REPRESENTATION_CONTEXT() REPRESENTATION_CONTEXT('2D SPACE',''
  ) );
#2711 = ORIENTED_EDGE('',*,*,#2515,.F.);
#2712 = ORIENTED_EDGE('',*,*,#196,.F.);
#2713 = ORIENTED_EDGE('',*,*,#2714,.T.);
#2714 = EDGE_CURVE('',#169,#2715,#2717,.T.);
#2715 = VERTEX_POINT('',#2716);
#2716 = CARTESIAN_POINT('',(54.,70.05,16.6));
#2717 = SURFACE_CURVE('',#2718,(#2722,#2729),.PCURVE_S1.);
#2718 = LINE('',#2719,#2720);
#2719 = CARTESIAN_POINT('',(54.,72.7,16.6));
#2720 = VECTOR('',#2721,1.);
#2721 = DIRECTION('',(1.110223024625E-16,-1.,0.));
#2722 = PCURVE('',#100,#2723);
#2723 = DEFINITIONAL_REPRESENTATION('',(#2724),#2728);
#2724 = LINE('',#2725,#2726);
#2725 = CARTESIAN_POINT('',(-0.85,69.15));
#2726 = VECTOR('',#2727,1.);
#2727 = DIRECTION('',(1.,0.));
#2728 = ( GEOMETRIC_REPRESENTATION_CONTEXT(2) 
PARAMETRIC_REPRESENTATION_CONTEXT() REPRESENTATION_CONTEXT('2D SPACE',''
  ) );
#2729 = PCURVE('',#184,#2730);
#2730 = DEFINITIONAL_REPRESENTATION('',(#2731),#2735);
#2731 = LINE('',#2732,#2733);
#2732 = CARTESIAN_POINT('',(0.,0.));
#2733 = VECTOR('',#2734,1.);
#2734 = DIRECTION('',(0.,1.));
#2735 = ( GEOMETRIC_REPRESENTATION_CONTEXT(2) 
PARAMETRIC_REPRESENTATION_CONTEXT() REPRESENTATION_CONTEXT('2D SPACE',''
  ) );
#2736 = ORIENTED_EDGE('',*,*,#2737,.T.);
#2737 = EDGE_CURVE('',#2715,#2738,#2740,.T.);
#2738 = VERTEX_POINT('',#2739);
#2739 = CARTESIAN_POINT('',(60.,70.05,16.6));
#2740 = SURFACE_CURVE('',#2741,(#2745,#2752),.PCURVE_S1.);
#2741 = LINE('',#2742,#2743);
#2742 = CARTESIAN_POINT('',(-14.25,70.05,16.6));
#2743 = VECTOR('',#2744,1.);
#2744 = DIRECTION('',(1.,1.110223024625E-16,0.));
#2745 = PCURVE('',#100,#2746);
#2746 = DEFINITIONAL_REPRESENTATION('',(#2747),#2751);
#2747 = LINE('',#2748,#2749);
#2748 = CARTESIAN_POINT('',(1.8,0.9));
#2749 = VECTOR('',#2750,1.);
#2750 = DIRECTION('',(0.,1.));
#2751 = ( GEOMETRIC_REPRESENTATION_CONTEXT(2) 
PARAMETRIC_REPRESENTATION_CONTEXT() REPRESENTATION_CONTEXT('2D SPACE',''
  ) );
#2752 = PCURVE('',#2753,#2758);
#2753 = PLANE('',#2754);
#2754 = AXIS2_PLACEMENT_3D('',#2755,#2756,#2757);
#2755 = CARTESIAN_POINT('',(-13.35,70.05,16.5));
#2756 = DIRECTION('',(1.110223024625E-16,-1.,0.));
#2757 = DIRECTION('',(0.,0.,1.));
#2758 = DEFINITIONAL_REPRESENTATION('',(#2759),#2763);
#2759 = LINE('',#2760,#2761);
#2760 = CARTESIAN_POINT('',(0.1,0.9));
#2761 = VECTOR('',#2762,1.);
#2762 = DIRECTION('',(0.,-1.));
#2763 = ( GEOMETRIC_REPRESENTATION_CONTEXT(2) 
PARAMETRIC_REPRESENTATION_CONTEXT() REPRESENTATION_CONTEXT('2D SPACE',''
  ) );
#2764 = ORIENTED_EDGE('',*,*,#2765,.T.);
#2765 = EDGE_CURVE('',#2738,#2766,#2768,.T.);
#2766 = VERTEX_POINT('',#2767);
#2767 = CARTESIAN_POINT('',(60.,70.9,16.6));
#2768 = SURFACE_CURVE('',#2769,(#2773,#2780),.PCURVE_S1.);
#2769 = LINE('',#2770,#2771);
#2770 = CARTESIAN_POINT('',(60.,71.375,16.6));
#2771 = VECTOR('',#2772,1.);
#2772 = DIRECTION('',(-1.110223024625E-16,1.,0.));
#2773 = PCURVE('',#100,#2774);
#2774 = DEFINITIONAL_REPRESENTATION('',(#2775),#2779);
#2775 = LINE('',#2776,#2777);
#2776 = CARTESIAN_POINT('',(0.475,75.15));
#2777 = VECTOR('',#2778,1.);
#2778 = DIRECTION('',(-1.,0.));
#2779 = ( GEOMETRIC_REPRESENTATION_CONTEXT(2) 
PARAMETRIC_REPRESENTATION_CONTEXT() REPRESENTATION_CONTEXT('2D SPACE',''
  ) );
#2780 = PCURVE('',#2781,#2786);
#2781 = PLANE('',#2782);
#2782 = AXIS2_PLACEMENT_3D('',#2783,#2784,#2785);
#2783 = CARTESIAN_POINT('',(60.,70.9,16.3));
#2784 = DIRECTION('',(1.,1.110223024625E-16,0.));
#2785 = DIRECTION('',(0.,0.,1.));
#2786 = DEFINITIONAL_REPRESENTATION('',(#2787),#2791);
#2787 = LINE('',#2788,#2789);
#2788 = CARTESIAN_POINT('',(0.3,-0.475));
#2789 = VECTOR('',#2790,1.);
#2790 = DIRECTION('',(0.,-1.));
#2791 = ( GEOMETRIC_REPRESENTATION_CONTEXT(2) 
PARAMETRIC_REPRESENTATION_CONTEXT() REPRESENTATION_CONTEXT('2D SPACE',''
  ) );
#2792 = ORIENTED_EDGE('',*,*,#2793,.T.);
#2793 = EDGE_CURVE('',#2766,#2794,#2796,.T.);
#2794 = VERTEX_POINT('',#2795);
#2795 = CARTESIAN_POINT('',(67.,70.9,16.6));
#2796 = SURFACE_CURVE('',#2797,(#2801,#2808),.PCURVE_S1.);
#2797 = LINE('',#2798,#2799);
#2798 = CARTESIAN_POINT('',(22.425,70.9,16.6));
#2799 = VECTOR('',#2800,1.);
#2800 = DIRECTION('',(1.,1.110223024625E-16,0.));
#2801 = PCURVE('',#100,#2802);
#2802 = DEFINITIONAL_REPRESENTATION('',(#2803),#2807);
#2803 = LINE('',#2804,#2805);
#2804 = CARTESIAN_POINT('',(0.95,37.575));
#2805 = VECTOR('',#2806,1.);
#2806 = DIRECTION('',(0.,1.));
#2807 = ( GEOMETRIC_REPRESENTATION_CONTEXT(2) 
PARAMETRIC_REPRESENTATION_CONTEXT() REPRESENTATION_CONTEXT('2D SPACE',''
  ) );
#2808 = PCURVE('',#2809,#2814);
#2809 = PLANE('',#2810);
#2810 = AXIS2_PLACEMENT_3D('',#2811,#2812,#2813);
#2811 = CARTESIAN_POINT('',(60.,70.9,16.3));
#2812 = DIRECTION('',(1.110223024625E-16,-1.,0.));
#2813 = DIRECTION('',(0.,0.,1.));
#2814 = DEFINITIONAL_REPRESENTATION('',(#2815),#2819);
#2815 = LINE('',#2816,#2817);
#2816 = CARTESIAN_POINT('',(0.3,37.575));
#2817 = VECTOR('',#2818,1.);
#2818 = DIRECTION('',(0.,-1.));
#2819 = ( GEOMETRIC_REPRESENTATION_CONTEXT(2) 
PARAMETRIC_REPRESENTATION_CONTEXT() REPRESENTATION_CONTEXT('2D SPACE',''
  ) );
#2820 = ORIENTED_EDGE('',*,*,#2821,.F.);
#2821 = EDGE_CURVE('',#2822,#2794,#2824,.T.);
#2822 = VERTEX_POINT('',#2823);
#2823 = CARTESIAN_POINT('',(67.,70.05,16.6));
#2824 = SURFACE_CURVE('',#2825,(#2829,#2836),.PCURVE_S1.);
#2825 = LINE('',#2826,#2827);
#2826 = CARTESIAN_POINT('',(67.,71.375,16.6));
#2827 = VECTOR('',#2828,1.);
#2828 = DIRECTION('',(-1.110223024625E-16,1.,0.));
#2829 = PCURVE('',#100,#2830);
#2830 = DEFINITIONAL_REPRESENTATION('',(#2831),#2835);
#2831 = LINE('',#2832,#2833);
#2832 = CARTESIAN_POINT('',(0.475,82.15));
#2833 = VECTOR('',#2834,1.);
#2834 = DIRECTION('',(-1.,0.));
#2835 = ( GEOMETRIC_REPRESENTATION_CONTEXT(2) 
PARAMETRIC_REPRESENTATION_CONTEXT() REPRESENTATION_CONTEXT('2D SPACE',''
  ) );
#2836 = PCURVE('',#2837,#2842);
#2837 = PLANE('',#2838);
#2838 = AXIS2_PLACEMENT_3D('',#2839,#2840,#2841);
#2839 = CARTESIAN_POINT('',(67.,70.9,16.3));
#2840 = DIRECTION('',(1.,1.110223024625E-16,0.));
#2841 = DIRECTION('',(0.,0.,1.));
#2842 = DEFINITIONAL_REPRESENTATION('',(#2843),#2847);
#2843 = LINE('',#2844,#2845);
#2844 = CARTESIAN_POINT('',(0.3,-0.475));
#2845 = VECTOR('',#2846,1.);
#2846 = DIRECTION('',(0.,-1.));
#2847 = ( GEOMETRIC_REPRESENTATION_CONTEXT(2) 
PARAMETRIC_REPRESENTATION_CONTEXT() REPRESENTATION_CONTEXT('2D SPACE',''
  ) );
#2848 = ORIENTED_EDGE('',*,*,#2849,.T.);
#2849 = EDGE_CURVE('',#2822,#2850,#2852,.T.);
#2850 = VERTEX_POINT('',#2851);
#2851 = CARTESIAN_POINT('',(111.,70.05,16.6));
#2852 = SURFACE_CURVE('',#2853,(#2857,#2864),.PCURVE_S1.);
#2853 = LINE('',#2854,#2855);
#2854 = CARTESIAN_POINT('',(-14.25,70.05,16.6));
#2855 = VECTOR('',#2856,1.);
#2856 = DIRECTION('',(1.,1.110223024625E-16,0.));
#2857 = PCURVE('',#100,#2858);
#2858 = DEFINITIONAL_REPRESENTATION('',(#2859),#2863);
#2859 = LINE('',#2860,#2861);
#2860 = CARTESIAN_POINT('',(1.8,0.9));
#2861 = VECTOR('',#2862,1.);
#2862 = DIRECTION('',(0.,1.));
#2863 = ( GEOMETRIC_REPRESENTATION_CONTEXT(2) 
PARAMETRIC_REPRESENTATION_CONTEXT() REPRESENTATION_CONTEXT('2D SPACE',''
  ) );
#2864 = PCURVE('',#2865,#2870);
#2865 = PLANE('',#2866);
#2866 = AXIS2_PLACEMENT_3D('',#2867,#2868,#2869);
#2867 = CARTESIAN_POINT('',(-13.35,70.05,16.5));
#2868 = DIRECTION('',(1.110223024625E-16,-1.,0.));
#2869 = DIRECTION('',(0.,0.,1.));
#2870 = DEFINITIONAL_REPRESENTATION('',(#2871),#2875);
#2871 = LINE('',#2872,#2873);
#2872 = CARTESIAN_POINT('',(0.1,0.9));
#2873 = VECTOR('',#2874,1.);
#2874 = DIRECTION('',(0.,-1.));
#2875 = ( GEOMETRIC_REPRESENTATION_CONTEXT(2) 
PARAMETRIC_REPRESENTATION_CONTEXT() REPRESENTATION_CONTEXT('2D SPACE',''
  ) );
#2876 = ORIENTED_EDGE('',*,*,#2877,.T.);
#2877 = EDGE_CURVE('',#2850,#2878,#2880,.T.);
#2878 = VERTEX_POINT('',#2879);
#2879 = CARTESIAN_POINT('',(111.,70.9,16.6));
#2880 = SURFACE_CURVE('',#2881,(#2885,#2892),.PCURVE_S1.);
#2881 = LINE('',#2882,#2883);
#2882 = CARTESIAN_POINT('',(111.,71.375,16.6));
#2883 = VECTOR('',#2884,1.);
#2884 = DIRECTION('',(-1.110223024625E-16,1.,0.));
#2885 = PCURVE('',#100,#2886);
#2886 = DEFINITIONAL_REPRESENTATION('',(#2887),#2891);
#2887 = LINE('',#2888,#2889);
#2888 = CARTESIAN_POINT('',(0.475,126.15));
#2889 = VECTOR('',#2890,1.);
#2890 = DIRECTION('',(-1.,0.));
#2891 = ( GEOMETRIC_REPRESENTATION_CONTEXT(2) 
PARAMETRIC_REPRESENTATION_CONTEXT() REPRESENTATION_CONTEXT('2D SPACE',''
  ) );
#2892 = PCURVE('',#2893,#2898);
#2893 = PLANE('',#2894);
#2894 = AXIS2_PLACEMENT_3D('',#2895,#2896,#2897);
#2895 = CARTESIAN_POINT('',(111.,70.9,16.3));
#2896 = DIRECTION('',(1.,1.110223024625E-16,0.));
#2897 = DIRECTION('',(0.,0.,1.));
#2898 = DEFINITIONAL_REPRESENTATION('',(#2899),#2903);
#2899 = LINE('',#2900,#2901);
#2900 = CARTESIAN_POINT('',(0.3,-0.475));
#2901 = VECTOR('',#2902,1.);
#2902 = DIRECTION('',(0.,-1.));
#2903 = ( GEOMETRIC_REPRESENTATION_CONTEXT(2) 
PARAMETRIC_REPRESENTATION_CONTEXT() REPRESENTATION_CONTEXT('2D SPACE',''
  ) );
#2904 = ORIENTED_EDGE('',*,*,#2905,.T.);
#2905 = EDGE_CURVE('',#2878,#2906,#2908,.T.);
#2906 = VERTEX_POINT('',#2907);
#2907 = CARTESIAN_POINT('',(118.,70.9,16.6));
#2908 = SURFACE_CURVE('',#2909,(#2913,#2920),.PCURVE_S1.);
#2909 = LINE('',#2910,#2911);
#2910 = CARTESIAN_POINT('',(47.925,70.9,16.6));
#2911 = VECTOR('',#2912,1.);
#2912 = DIRECTION('',(1.,1.110223024625E-16,0.));
#2913 = PCURVE('',#100,#2914);
#2914 = DEFINITIONAL_REPRESENTATION('',(#2915),#2919);
#2915 = LINE('',#2916,#2917);
#2916 = CARTESIAN_POINT('',(0.95,63.075));
#2917 = VECTOR('',#2918,1.);
#2918 = DIRECTION('',(0.,1.));
#2919 = ( GEOMETRIC_REPRESENTATION_CONTEXT(2) 
PARAMETRIC_REPRESENTATION_CONTEXT() REPRESENTATION_CONTEXT('2D SPACE',''
  ) );
#2920 = PCURVE('',#2921,#2926);
#2921 = PLANE('',#2922);
#2922 = AXIS2_PLACEMENT_3D('',#2923,#2924,#2925);
#2923 = CARTESIAN_POINT('',(111.,70.9,16.3));
#2924 = DIRECTION('',(1.110223024625E-16,-1.,0.));
#2925 = DIRECTION('',(0.,0.,1.));
#2926 = DEFINITIONAL_REPRESENTATION('',(#2927),#2931);
#2927 = LINE('',#2928,#2929);
#2928 = CARTESIAN_POINT('',(0.3,63.075));
#2929 = VECTOR('',#2930,1.);
#2930 = DIRECTION('',(0.,-1.));
#2931 = ( GEOMETRIC_REPRESENTATION_CONTEXT(2) 
PARAMETRIC_REPRESENTATION_CONTEXT() REPRESENTATION_CONTEXT('2D SPACE',''
  ) );
#2932 = ORIENTED_EDGE('',*,*,#2933,.F.);
#2933 = EDGE_CURVE('',#2934,#2906,#2936,.T.);
#2934 = VERTEX_POINT('',#2935);
#2935 = CARTESIAN_POINT('',(118.,70.05,16.6));
#2936 = SURFACE_CURVE('',#2937,(#2941,#2948),.PCURVE_S1.);
#2937 = LINE('',#2938,#2939);
#2938 = CARTESIAN_POINT('',(118.,71.375,16.6));
#2939 = VECTOR('',#2940,1.);
#2940 = DIRECTION('',(-1.110223024625E-16,1.,0.));
#2941 = PCURVE('',#100,#2942);
#2942 = DEFINITIONAL_REPRESENTATION('',(#2943),#2947);
#2943 = LINE('',#2944,#2945);
#2944 = CARTESIAN_POINT('',(0.475,133.15));
#2945 = VECTOR('',#2946,1.);
#2946 = DIRECTION('',(-1.,0.));
#2947 = ( GEOMETRIC_REPRESENTATION_CONTEXT(2) 
PARAMETRIC_REPRESENTATION_CONTEXT() REPRESENTATION_CONTEXT('2D SPACE',''
  ) );
#2948 = PCURVE('',#2949,#2954);
#2949 = PLANE('',#2950);
#2950 = AXIS2_PLACEMENT_3D('',#2951,#2952,#2953);
#2951 = CARTESIAN_POINT('',(118.,70.9,16.3));
#2952 = DIRECTION('',(1.,1.110223024625E-16,0.));
#2953 = DIRECTION('',(0.,0.,1.));
#2954 = DEFINITIONAL_REPRESENTATION('',(#2955),#2959);
#2955 = LINE('',#2956,#2957);
#2956 = CARTESIAN_POINT('',(0.3,-0.475));
#2957 = VECTOR('',#2958,1.);
#2958 = DIRECTION('',(0.,-1.));
#2959 = ( GEOMETRIC_REPRESENTATION_CONTEXT(2) 
PARAMETRIC_REPRESENTATION_CONTEXT() REPRESENTATION_CONTEXT('2D SPACE',''
  ) );
#2960 = ORIENTED_EDGE('',*,*,#2961,.T.);
#2961 = EDGE_CURVE('',#2934,#2962,#2964,.T.);
#2962 = VERTEX_POINT('',#2963);
#2963 = CARTESIAN_POINT('',(123.9,70.05,16.6));
#2964 = SURFACE_CURVE('',#2965,(#2969,#2976),.PCURVE_S1.);
#2965 = LINE('',#2966,#2967);
#2966 = CARTESIAN_POINT('',(-14.25,70.05,16.6));
#2967 = VECTOR('',#2968,1.);
#2968 = DIRECTION('',(1.,1.110223024625E-16,0.));
#2969 = PCURVE('',#100,#2970);
#2970 = DEFINITIONAL_REPRESENTATION('',(#2971),#2975);
#2971 = LINE('',#2972,#2973);
#2972 = CARTESIAN_POINT('',(1.8,0.9));
#2973 = VECTOR('',#2974,1.);
#2974 = DIRECTION('',(0.,1.));
#2975 = ( GEOMETRIC_REPRESENTATION_CONTEXT(2) 
PARAMETRIC_REPRESENTATION_CONTEXT() REPRESENTATION_CONTEXT('2D SPACE',''
  ) );
#2976 = PCURVE('',#2977,#2982);
#2977 = PLANE('',#2978);
#2978 = AXIS2_PLACEMENT_3D('',#2979,#2980,#2981);
#2979 = CARTESIAN_POINT('',(-13.35,70.05,16.5));
#2980 = DIRECTION('',(1.110223024625E-16,-1.,0.));
#2981 = DIRECTION('',(0.,0.,1.));
#2982 = DEFINITIONAL_REPRESENTATION('',(#2983),#2987);
#2983 = LINE('',#2984,#2985);
#2984 = CARTESIAN_POINT('',(0.1,0.9));
#2985 = VECTOR('',#2986,1.);
#2986 = DIRECTION('',(0.,-1.));
#2987 = ( GEOMETRIC_REPRESENTATION_CONTEXT(2) 
PARAMETRIC_REPRESENTATION_CONTEXT() REPRESENTATION_CONTEXT('2D SPACE',''
  ) );
#2988 = ORIENTED_EDGE('',*,*,#2989,.F.);
#2989 = EDGE_CURVE('',#2990,#2962,#2992,.T.);
#2990 = VERTEX_POINT('',#2991);
#2991 = CARTESIAN_POINT('',(126.25,67.7,16.6));
#2992 = SURFACE_CURVE('',#2993,(#2998,#3005),.PCURVE_S1.);
#2993 = CIRCLE('',#2994,2.35);
#2994 = AXIS2_PLACEMENT_3D('',#2995,#2996,#2997);
#2995 = CARTESIAN_POINT('',(123.9,67.7,16.6));
#2996 = DIRECTION('',(0.,0.,1.));
#2997 = DIRECTION('',(-1.110223024625E-16,1.,0.));
#2998 = PCURVE('',#100,#2999);
#2999 = DEFINITIONAL_REPRESENTATION('',(#3000),#3004);
#3000 = CIRCLE('',#3001,2.35);
#3001 = AXIS2_PLACEMENT_2D('',#3002,#3003);
#3002 = CARTESIAN_POINT('',(4.15,139.05));
#3003 = DIRECTION('',(-1.,0.));
#3004 = ( GEOMETRIC_REPRESENTATION_CONTEXT(2) 
PARAMETRIC_REPRESENTATION_CONTEXT() REPRESENTATION_CONTEXT('2D SPACE',''
  ) );
#3005 = PCURVE('',#3006,#3011);
#3006 = CYLINDRICAL_SURFACE('',#3007,2.35);
#3007 = AXIS2_PLACEMENT_3D('',#3008,#3009,#3010);
#3008 = CARTESIAN_POINT('',(123.9,67.7,16.5));
#3009 = DIRECTION('',(0.,0.,1.));
#3010 = DIRECTION('',(-1.110223024625E-16,1.,0.));
#3011 = DEFINITIONAL_REPRESENTATION('',(#3012),#3016);
#3012 = LINE('',#3013,#3014);
#3013 = CARTESIAN_POINT('',(-6.28318530718,0.1));
#3014 = VECTOR('',#3015,1.);
#3015 = DIRECTION('',(1.,-0.));
#3016 = ( GEOMETRIC_REPRESENTATION_CONTEXT(2) 
PARAMETRIC_REPRESENTATION_CONTEXT() REPRESENTATION_CONTEXT('2D SPACE',''
  ) );
#3017 = ORIENTED_EDGE('',*,*,#3018,.F.);
#3018 = EDGE_CURVE('',#3019,#2990,#3021,.T.);
#3019 = VERTEX_POINT('',#3020);
#3020 = CARTESIAN_POINT('',(126.25,37.55,16.6));
#3021 = SURFACE_CURVE('',#3022,(#3026,#3033),.PCURVE_S1.);
#3022 = LINE('',#3023,#3024);
#3023 = CARTESIAN_POINT('',(126.25,70.95,16.6));
#3024 = VECTOR('',#3025,1.);
#3025 = DIRECTION('',(-1.110223024625E-16,1.,0.));
#3026 = PCURVE('',#100,#3027);
#3027 = DEFINITIONAL_REPRESENTATION('',(#3028),#3032);
#3028 = LINE('',#3029,#3030);
#3029 = CARTESIAN_POINT('',(0.9,141.4));
#3030 = VECTOR('',#3031,1.);
#3031 = DIRECTION('',(-1.,0.));
#3032 = ( GEOMETRIC_REPRESENTATION_CONTEXT(2) 
PARAMETRIC_REPRESENTATION_CONTEXT() REPRESENTATION_CONTEXT('2D SPACE',''
  ) );
#3033 = PCURVE('',#3034,#3039);
#3034 = PLANE('',#3035);
#3035 = AXIS2_PLACEMENT_3D('',#3036,#3037,#3038);
#3036 = CARTESIAN_POINT('',(126.25,70.05,16.5));
#3037 = DIRECTION('',(1.,1.110223024625E-16,0.));
#3038 = DIRECTION('',(0.,0.,1.));
#3039 = DEFINITIONAL_REPRESENTATION('',(#3040),#3044);
#3040 = LINE('',#3041,#3042);
#3041 = CARTESIAN_POINT('',(0.1,-0.9));
#3042 = VECTOR('',#3043,1.);
#3043 = DIRECTION('',(0.,-1.));
#3044 = ( GEOMETRIC_REPRESENTATION_CONTEXT(2) 
PARAMETRIC_REPRESENTATION_CONTEXT() REPRESENTATION_CONTEXT('2D SPACE',''
  ) );
#3045 = ORIENTED_EDGE('',*,*,#3046,.T.);
#3046 = EDGE_CURVE('',#3019,#3047,#3049,.T.);
#3047 = VERTEX_POINT('',#3048);
#3048 = CARTESIAN_POINT('',(126.6,37.55,16.6));
#3049 = SURFACE_CURVE('',#3050,(#3054,#3061),.PCURVE_S1.);
#3050 = LINE('',#3051,#3052);
#3051 = CARTESIAN_POINT('',(54.125,37.55,16.6));
#3052 = VECTOR('',#3053,1.);
#3053 = DIRECTION('',(1.,1.110223024625E-16,0.));
#3054 = PCURVE('',#100,#3055);
#3055 = DEFINITIONAL_REPRESENTATION('',(#3056),#3060);
#3056 = LINE('',#3057,#3058);
#3057 = CARTESIAN_POINT('',(34.3,69.275));
#3058 = VECTOR('',#3059,1.);
#3059 = DIRECTION('',(0.,1.));
#3060 = ( GEOMETRIC_REPRESENTATION_CONTEXT(2) 
PARAMETRIC_REPRESENTATION_CONTEXT() REPRESENTATION_CONTEXT('2D SPACE',''
  ) );
#3061 = PCURVE('',#3062,#3067);
#3062 = PLANE('',#3063);
#3063 = AXIS2_PLACEMENT_3D('',#3064,#3065,#3066);
#3064 = CARTESIAN_POINT('',(123.4,37.55,14.2));
#3065 = DIRECTION('',(1.110223024625E-16,-1.,0.));
#3066 = DIRECTION('',(0.,0.,1.));
#3067 = DEFINITIONAL_REPRESENTATION('',(#3068),#3072);
#3068 = LINE('',#3069,#3070);
#3069 = CARTESIAN_POINT('',(2.4,69.275));
#3070 = VECTOR('',#3071,1.);
#3071 = DIRECTION('',(0.,-1.));
#3072 = ( GEOMETRIC_REPRESENTATION_CONTEXT(2) 
PARAMETRIC_REPRESENTATION_CONTEXT() REPRESENTATION_CONTEXT('2D SPACE',''
  ) );
#3073 = ORIENTED_EDGE('',*,*,#3074,.F.);
#3074 = EDGE_CURVE('',#3075,#3047,#3077,.T.);
#3075 = VERTEX_POINT('',#3076);
#3076 = CARTESIAN_POINT('',(126.6,33.15,16.6));
#3077 = SURFACE_CURVE('',#3078,(#3082,#3089),.PCURVE_S1.);
#3078 = LINE('',#3079,#3080);
#3079 = CARTESIAN_POINT('',(126.6,55.7,16.6));
#3080 = VECTOR('',#3081,1.);
#3081 = DIRECTION('',(-1.110223024625E-16,1.,0.));
#3082 = PCURVE('',#100,#3083);
#3083 = DEFINITIONAL_REPRESENTATION('',(#3084),#3088);
#3084 = LINE('',#3085,#3086);
#3085 = CARTESIAN_POINT('',(16.15,141.75));
#3086 = VECTOR('',#3087,1.);
#3087 = DIRECTION('',(-1.,0.));
#3088 = ( GEOMETRIC_REPRESENTATION_CONTEXT(2) 
PARAMETRIC_REPRESENTATION_CONTEXT() REPRESENTATION_CONTEXT('2D SPACE',''
  ) );
#3089 = PCURVE('',#3090,#3095);
#3090 = PLANE('',#3091);
#3091 = AXIS2_PLACEMENT_3D('',#3092,#3093,#3094);
#3092 = CARTESIAN_POINT('',(126.6,39.55,12.2));
#3093 = DIRECTION('',(1.,1.110223024625E-16,0.));
#3094 = DIRECTION('',(0.,0.,1.));
#3095 = DEFINITIONAL_REPRESENTATION('',(#3096),#3100);
#3096 = LINE('',#3097,#3098);
#3097 = CARTESIAN_POINT('',(4.4,-16.15));
#3098 = VECTOR('',#3099,1.);
#3099 = DIRECTION('',(0.,-1.));
#3100 = ( GEOMETRIC_REPRESENTATION_CONTEXT(2) 
PARAMETRIC_REPRESENTATION_CONTEXT() REPRESENTATION_CONTEXT('2D SPACE',''
  ) );
#3101 = ORIENTED_EDGE('',*,*,#3102,.F.);
#3102 = EDGE_CURVE('',#3103,#3075,#3105,.T.);
#3103 = VERTEX_POINT('',#3104);
#3104 = CARTESIAN_POINT('',(126.25,33.15,16.6));
#3105 = SURFACE_CURVE('',#3106,(#3110,#3117),.PCURVE_S1.);
#3106 = LINE('',#3107,#3108);
#3107 = CARTESIAN_POINT('',(54.125,33.15,16.6));
#3108 = VECTOR('',#3109,1.);
#3109 = DIRECTION('',(1.,1.110223024625E-16,0.));
#3110 = PCURVE('',#100,#3111);
#3111 = DEFINITIONAL_REPRESENTATION('',(#3112),#3116);
#3112 = LINE('',#3113,#3114);
#3113 = CARTESIAN_POINT('',(38.7,69.275));
#3114 = VECTOR('',#3115,1.);
#3115 = DIRECTION('',(0.,1.));
#3116 = ( GEOMETRIC_REPRESENTATION_CONTEXT(2) 
PARAMETRIC_REPRESENTATION_CONTEXT() REPRESENTATION_CONTEXT('2D SPACE',''
  ) );
#3117 = PCURVE('',#3118,#3123);
#3118 = PLANE('',#3119);
#3119 = AXIS2_PLACEMENT_3D('',#3120,#3121,#3122);
#3120 = CARTESIAN_POINT('',(123.4,33.15,14.2));
#3121 = DIRECTION('',(1.110223024625E-16,-1.,0.));
#3122 = DIRECTION('',(0.,0.,1.));
#3123 = DEFINITIONAL_REPRESENTATION('',(#3124),#3128);
#3124 = LINE('',#3125,#3126);
#3125 = CARTESIAN_POINT('',(2.4,69.275));
#3126 = VECTOR('',#3127,1.);
#3127 = DIRECTION('',(0.,-1.));
#3128 = ( GEOMETRIC_REPRESENTATION_CONTEXT(2) 
PARAMETRIC_REPRESENTATION_CONTEXT() REPRESENTATION_CONTEXT('2D SPACE',''
  ) );
#3129 = ORIENTED_EDGE('',*,*,#3130,.F.);
#3130 = EDGE_CURVE('',#3131,#3103,#3133,.T.);
#3131 = VERTEX_POINT('',#3132);
#3132 = CARTESIAN_POINT('',(126.25,3.,16.6));
#3133 = SURFACE_CURVE('',#3134,(#3138,#3145),.PCURVE_S1.);
#3134 = LINE('',#3135,#3136);
#3135 = CARTESIAN_POINT('',(126.25,70.95,16.6));
#3136 = VECTOR('',#3137,1.);
#3137 = DIRECTION('',(-1.110223024625E-16,1.,0.));
#3138 = PCURVE('',#100,#3139);
#3139 = DEFINITIONAL_REPRESENTATION('',(#3140),#3144);
#3140 = LINE('',#3141,#3142);
#3141 = CARTESIAN_POINT('',(0.9,141.4));
#3142 = VECTOR('',#3143,1.);
#3143 = DIRECTION('',(-1.,0.));
#3144 = ( GEOMETRIC_REPRESENTATION_CONTEXT(2) 
PARAMETRIC_REPRESENTATION_CONTEXT() REPRESENTATION_CONTEXT('2D SPACE',''
  ) );
#3145 = PCURVE('',#3146,#3151);
#3146 = PLANE('',#3147);
#3147 = AXIS2_PLACEMENT_3D('',#3148,#3149,#3150);
#3148 = CARTESIAN_POINT('',(126.25,70.05,16.5));
#3149 = DIRECTION('',(1.,1.110223024625E-16,0.));
#3150 = DIRECTION('',(0.,0.,1.));
#3151 = DEFINITIONAL_REPRESENTATION('',(#3152),#3156);
#3152 = LINE('',#3153,#3154);
#3153 = CARTESIAN_POINT('',(0.1,-0.9));
#3154 = VECTOR('',#3155,1.);
#3155 = DIRECTION('',(0.,-1.));
#3156 = ( GEOMETRIC_REPRESENTATION_CONTEXT(2) 
PARAMETRIC_REPRESENTATION_CONTEXT() REPRESENTATION_CONTEXT('2D SPACE',''
  ) );
#3157 = ORIENTED_EDGE('',*,*,#3158,.F.);
#3158 = EDGE_CURVE('',#3159,#3131,#3161,.T.);
#3159 = VERTEX_POINT('',#3160);
#3160 = CARTESIAN_POINT('',(123.9,0.65,16.6));
#3161 = SURFACE_CURVE('',#3162,(#3167,#3174),.PCURVE_S1.);
#3162 = CIRCLE('',#3163,2.35);
#3163 = AXIS2_PLACEMENT_3D('',#3164,#3165,#3166);
#3164 = CARTESIAN_POINT('',(123.9,3.,16.6));
#3165 = DIRECTION('',(-0.,0.,1.));
#3166 = DIRECTION('',(1.110223024625E-16,-1.,0.));
#3167 = PCURVE('',#100,#3168);
#3168 = DEFINITIONAL_REPRESENTATION('',(#3169),#3173);
#3169 = CIRCLE('',#3170,2.35);
#3170 = AXIS2_PLACEMENT_2D('',#3171,#3172);
#3171 = CARTESIAN_POINT('',(68.85,139.05));
#3172 = DIRECTION('',(1.,0.));
#3173 = ( GEOMETRIC_REPRESENTATION_CONTEXT(2) 
PARAMETRIC_REPRESENTATION_CONTEXT() REPRESENTATION_CONTEXT('2D SPACE',''
  ) );
#3174 = PCURVE('',#3175,#3180);
#3175 = CYLINDRICAL_SURFACE('',#3176,2.35);
#3176 = AXIS2_PLACEMENT_3D('',#3177,#3178,#3179);
#3177 = CARTESIAN_POINT('',(123.9,3.,16.5));
#3178 = DIRECTION('',(0.,0.,1.));
#3179 = DIRECTION('',(1.110223024625E-16,-1.,0.));
#3180 = DEFINITIONAL_REPRESENTATION('',(#3181),#3185);
#3181 = LINE('',#3182,#3183);
#3182 = CARTESIAN_POINT('',(0.,0.1));
#3183 = VECTOR('',#3184,1.);
#3184 = DIRECTION('',(1.,0.));
#3185 = ( GEOMETRIC_REPRESENTATION_CONTEXT(2) 
PARAMETRIC_REPRESENTATION_CONTEXT() REPRESENTATION_CONTEXT('2D SPACE',''
  ) );
#3186 = ORIENTED_EDGE('',*,*,#3187,.F.);
#3187 = EDGE_CURVE('',#3188,#3159,#3190,.T.);
#3188 = VERTEX_POINT('',#3189);
#3189 = CARTESIAN_POINT('',(-11.,0.65,16.6));
#3190 = SURFACE_CURVE('',#3191,(#3195,#3202),.PCURVE_S1.);
#3191 = LINE('',#3192,#3193);
#3192 = CARTESIAN_POINT('',(-14.25,0.65,16.6));
#3193 = VECTOR('',#3194,1.);
#3194 = DIRECTION('',(1.,1.110223024625E-16,0.));
#3195 = PCURVE('',#100,#3196);
#3196 = DEFINITIONAL_REPRESENTATION('',(#3197),#3201);
#3197 = LINE('',#3198,#3199);
#3198 = CARTESIAN_POINT('',(71.2,0.9));
#3199 = VECTOR('',#3200,1.);
#3200 = DIRECTION('',(0.,1.));
#3201 = ( GEOMETRIC_REPRESENTATION_CONTEXT(2) 
PARAMETRIC_REPRESENTATION_CONTEXT() REPRESENTATION_CONTEXT('2D SPACE',''
  ) );
#3202 = PCURVE('',#3203,#3208);
#3203 = PLANE('',#3204);
#3204 = AXIS2_PLACEMENT_3D('',#3205,#3206,#3207);
#3205 = CARTESIAN_POINT('',(-13.35,0.65,16.5));
#3206 = DIRECTION('',(1.110223024625E-16,-1.,0.));
#3207 = DIRECTION('',(0.,0.,1.));
#3208 = DEFINITIONAL_REPRESENTATION('',(#3209),#3213);
#3209 = LINE('',#3210,#3211);
#3210 = CARTESIAN_POINT('',(0.1,0.9));
#3211 = VECTOR('',#3212,1.);
#3212 = DIRECTION('',(0.,-1.));
#3213 = ( GEOMETRIC_REPRESENTATION_CONTEXT(2) 
PARAMETRIC_REPRESENTATION_CONTEXT() REPRESENTATION_CONTEXT('2D SPACE',''
  ) );
#3214 = ORIENTED_EDGE('',*,*,#3215,.F.);
#3215 = EDGE_CURVE('',#3216,#3188,#3218,.T.);
#3216 = VERTEX_POINT('',#3217);
#3217 = CARTESIAN_POINT('',(-13.35,3.,16.6));
#3218 = SURFACE_CURVE('',#3219,(#3224,#3231),.PCURVE_S1.);
#3219 = CIRCLE('',#3220,2.35);
#3220 = AXIS2_PLACEMENT_3D('',#3221,#3222,#3223);
#3221 = CARTESIAN_POINT('',(-11.,3.,16.6));
#3222 = DIRECTION('',(-0.,0.,1.));
#3223 = DIRECTION('',(1.110223024625E-16,-1.,0.));
#3224 = PCURVE('',#100,#3225);
#3225 = DEFINITIONAL_REPRESENTATION('',(#3226),#3230);
#3226 = CIRCLE('',#3227,2.35);
#3227 = AXIS2_PLACEMENT_2D('',#3228,#3229);
#3228 = CARTESIAN_POINT('',(68.85,4.15));
#3229 = DIRECTION('',(1.,0.));
#3230 = ( GEOMETRIC_REPRESENTATION_CONTEXT(2) 
PARAMETRIC_REPRESENTATION_CONTEXT() REPRESENTATION_CONTEXT('2D SPACE',''
  ) );
#3231 = PCURVE('',#3232,#3237);
#3232 = CYLINDRICAL_SURFACE('',#3233,2.35);
#3233 = AXIS2_PLACEMENT_3D('',#3234,#3235,#3236);
#3234 = CARTESIAN_POINT('',(-11.,3.,16.5));
#3235 = DIRECTION('',(0.,0.,1.));
#3236 = DIRECTION('',(1.110223024625E-16,-1.,0.));
#3237 = DEFINITIONAL_REPRESENTATION('',(#3238),#3242);
#3238 = LINE('',#3239,#3240);
#3239 = CARTESIAN_POINT('',(-6.28318530718,0.1));
#3240 = VECTOR('',#3241,1.);
#3241 = DIRECTION('',(1.,-0.));
#3242 = ( GEOMETRIC_REPRESENTATION_CONTEXT(2) 
PARAMETRIC_REPRESENTATION_CONTEXT() REPRESENTATION_CONTEXT('2D SPACE',''
  ) );
#3243 = ORIENTED_EDGE('',*,*,#3244,.T.);
#3244 = EDGE_CURVE('',#3216,#3245,#3247,.T.);
#3245 = VERTEX_POINT('',#3246);
#3246 = CARTESIAN_POINT('',(-13.35,67.7,16.6));
#3247 = SURFACE_CURVE('',#3248,(#3252,#3259),.PCURVE_S1.);
#3248 = LINE('',#3249,#3250);
#3249 = CARTESIAN_POINT('',(-13.35,70.95,16.6));
#3250 = VECTOR('',#3251,1.);
#3251 = DIRECTION('',(-1.110223024625E-16,1.,0.));
#3252 = PCURVE('',#100,#3253);
#3253 = DEFINITIONAL_REPRESENTATION('',(#3254),#3258);
#3254 = LINE('',#3255,#3256);
#3255 = CARTESIAN_POINT('',(0.9,1.8));
#3256 = VECTOR('',#3257,1.);
#3257 = DIRECTION('',(-1.,0.));
#3258 = ( GEOMETRIC_REPRESENTATION_CONTEXT(2) 
PARAMETRIC_REPRESENTATION_CONTEXT() REPRESENTATION_CONTEXT('2D SPACE',''
  ) );
#3259 = PCURVE('',#3260,#3265);
#3260 = PLANE('',#3261);
#3261 = AXIS2_PLACEMENT_3D('',#3262,#3263,#3264);
#3262 = CARTESIAN_POINT('',(-13.35,70.05,16.5));
#3263 = DIRECTION('',(1.,1.110223024625E-16,0.));
#3264 = DIRECTION('',(0.,0.,1.));
#3265 = DEFINITIONAL_REPRESENTATION('',(#3266),#3270);
#3266 = LINE('',#3267,#3268);
#3267 = CARTESIAN_POINT('',(0.1,-0.9));
#3268 = VECTOR('',#3269,1.);
#3269 = DIRECTION('',(0.,-1.));
#3270 = ( GEOMETRIC_REPRESENTATION_CONTEXT(2) 
PARAMETRIC_REPRESENTATION_CONTEXT() REPRESENTATION_CONTEXT('2D SPACE',''
  ) );
#3271 = ORIENTED_EDGE('',*,*,#3272,.F.);
#3272 = EDGE_CURVE('',#3273,#3245,#3275,.T.);
#3273 = VERTEX_POINT('',#3274);
#3274 = CARTESIAN_POINT('',(-11.,70.05,16.6));
#3275 = SURFACE_CURVE('',#3276,(#3281,#3288),.PCURVE_S1.);
#3276 = CIRCLE('',#3277,2.35);
#3277 = AXIS2_PLACEMENT_3D('',#3278,#3279,#3280);
#3278 = CARTESIAN_POINT('',(-11.,67.7,16.6));
#3279 = DIRECTION('',(0.,0.,1.));
#3280 = DIRECTION('',(-1.110223024625E-16,1.,0.));
#3281 = PCURVE('',#100,#3282);
#3282 = DEFINITIONAL_REPRESENTATION('',(#3283),#3287);
#3283 = CIRCLE('',#3284,2.35);
#3284 = AXIS2_PLACEMENT_2D('',#3285,#3286);
#3285 = CARTESIAN_POINT('',(4.15,4.15));
#3286 = DIRECTION('',(-1.,0.));
#3287 = ( GEOMETRIC_REPRESENTATION_CONTEXT(2) 
PARAMETRIC_REPRESENTATION_CONTEXT() REPRESENTATION_CONTEXT('2D SPACE',''
  ) );
#3288 = PCURVE('',#3289,#3294);
#3289 = CYLINDRICAL_SURFACE('',#3290,2.35);
#3290 = AXIS2_PLACEMENT_3D('',#3291,#3292,#3293);
#3291 = CARTESIAN_POINT('',(-11.,67.7,16.5));
#3292 = DIRECTION('',(0.,0.,1.));
#3293 = DIRECTION('',(-1.110223024625E-16,1.,0.));
#3294 = DEFINITIONAL_REPRESENTATION('',(#3295),#3299);
#3295 = LINE('',#3296,#3297);
#3296 = CARTESIAN_POINT('',(0.,0.1));
#3297 = VECTOR('',#3298,1.);
#3298 = DIRECTION('',(1.,0.));
#3299 = ( GEOMETRIC_REPRESENTATION_CONTEXT(2) 
PARAMETRIC_REPRESENTATION_CONTEXT() REPRESENTATION_CONTEXT('2D SPACE',''
  ) );
#3300 = ORIENTED_EDGE('',*,*,#3301,.T.);
#3301 = EDGE_CURVE('',#3273,#3302,#3304,.T.);
#3302 = VERTEX_POINT('',#3303);
#3303 = CARTESIAN_POINT('',(48.,70.05,16.6));
#3304 = SURFACE_CURVE('',#3305,(#3309,#3316),.PCURVE_S1.);
#3305 = LINE('',#3306,#3307);
#3306 = CARTESIAN_POINT('',(-14.25,70.05,16.6));
#3307 = VECTOR('',#3308,1.);
#3308 = DIRECTION('',(1.,1.110223024625E-16,0.));
#3309 = PCURVE('',#100,#3310);
#3310 = DEFINITIONAL_REPRESENTATION('',(#3311),#3315);
#3311 = LINE('',#3312,#3313);
#3312 = CARTESIAN_POINT('',(1.8,0.9));
#3313 = VECTOR('',#3314,1.);
#3314 = DIRECTION('',(0.,1.));
#3315 = ( GEOMETRIC_REPRESENTATION_CONTEXT(2) 
PARAMETRIC_REPRESENTATION_CONTEXT() REPRESENTATION_CONTEXT('2D SPACE',''
  ) );
#3316 = PCURVE('',#2753,#3317);
#3317 = DEFINITIONAL_REPRESENTATION('',(#3318),#3322);
#3318 = LINE('',#3319,#3320);
#3319 = CARTESIAN_POINT('',(0.1,0.9));
#3320 = VECTOR('',#3321,1.);
#3321 = DIRECTION('',(0.,-1.));
#3322 = ( GEOMETRIC_REPRESENTATION_CONTEXT(2) 
PARAMETRIC_REPRESENTATION_CONTEXT() REPRESENTATION_CONTEXT('2D SPACE',''
  ) );
#3323 = ORIENTED_EDGE('',*,*,#3324,.F.);
#3324 = EDGE_CURVE('',#85,#3302,#3325,.T.);
#3325 = SURFACE_CURVE('',#3326,(#3330,#3337),.PCURVE_S1.);
#3326 = LINE('',#3327,#3328);
#3327 = CARTESIAN_POINT('',(48.,72.7,16.6));
#3328 = VECTOR('',#3329,1.);
#3329 = DIRECTION('',(1.110223024625E-16,-1.,0.));
#3330 = PCURVE('',#100,#3331);
#3331 = DEFINITIONAL_REPRESENTATION('',(#3332),#3336);
#3332 = LINE('',#3333,#3334);
#3333 = CARTESIAN_POINT('',(-0.85,63.15));
#3334 = VECTOR('',#3335,1.);
#3335 = DIRECTION('',(1.,0.));
#3336 = ( GEOMETRIC_REPRESENTATION_CONTEXT(2) 
PARAMETRIC_REPRESENTATION_CONTEXT() REPRESENTATION_CONTEXT('2D SPACE',''
  ) );
#3337 = PCURVE('',#128,#3338);
#3338 = DEFINITIONAL_REPRESENTATION('',(#3339),#3343);
#3339 = LINE('',#3340,#3341);
#3340 = CARTESIAN_POINT('',(0.,0.));
#3341 = VECTOR('',#3342,1.);
#3342 = DIRECTION('',(0.,1.));
#3343 = ( GEOMETRIC_REPRESENTATION_CONTEXT(2) 
PARAMETRIC_REPRESENTATION_CONTEXT() REPRESENTATION_CONTEXT('2D SPACE',''
  ) );
#3344 = ADVANCED_FACE('',(#3345),#184,.F.);
#3345 = FACE_BOUND('',#3346,.F.);
#3346 = EDGE_LOOP('',(#3347,#3348,#3349,#3372));
#3347 = ORIENTED_EDGE('',*,*,#2714,.F.);
#3348 = ORIENTED_EDGE('',*,*,#168,.T.);
#3349 = ORIENTED_EDGE('',*,*,#3350,.T.);
#3350 = EDGE_CURVE('',#141,#3351,#3353,.T.);
#3351 = VERTEX_POINT('',#3352);
#3352 = CARTESIAN_POINT('',(54.,70.05,21.6));
#3353 = SURFACE_CURVE('',#3354,(#3358,#3365),.PCURVE_S1.);
#3354 = LINE('',#3355,#3356);
#3355 = CARTESIAN_POINT('',(54.,72.7,21.6));
#3356 = VECTOR('',#3357,1.);
#3357 = DIRECTION('',(1.110223024625E-16,-1.,0.));
#3358 = PCURVE('',#184,#3359);
#3359 = DEFINITIONAL_REPRESENTATION('',(#3360),#3364);
#3360 = LINE('',#3361,#3362);
#3361 = CARTESIAN_POINT('',(5.,0.));
#3362 = VECTOR('',#3363,1.);
#3363 = DIRECTION('',(0.,1.));
#3364 = ( GEOMETRIC_REPRESENTATION_CONTEXT(2) 
PARAMETRIC_REPRESENTATION_CONTEXT() REPRESENTATION_CONTEXT('2D SPACE',''
  ) );
#3365 = PCURVE('',#156,#3366);
#3366 = DEFINITIONAL_REPRESENTATION('',(#3367),#3371);
#3367 = LINE('',#3368,#3369);
#3368 = CARTESIAN_POINT('',(6.661338147751E-16,6.));
#3369 = VECTOR('',#3370,1.);
#3370 = DIRECTION('',(1.,0.));
#3371 = ( GEOMETRIC_REPRESENTATION_CONTEXT(2) 
PARAMETRIC_REPRESENTATION_CONTEXT() REPRESENTATION_CONTEXT('2D SPACE',''
  ) );
#3372 = ORIENTED_EDGE('',*,*,#3373,.F.);
#3373 = EDGE_CURVE('',#2715,#3351,#3374,.T.);
#3374 = SURFACE_CURVE('',#3375,(#3379,#3386),.PCURVE_S1.);
#3375 = LINE('',#3376,#3377);
#3376 = CARTESIAN_POINT('',(54.,70.05,16.55));
#3377 = VECTOR('',#3378,1.);
#3378 = DIRECTION('',(0.,0.,1.));
#3379 = PCURVE('',#184,#3380);
#3380 = DEFINITIONAL_REPRESENTATION('',(#3381),#3385);
#3381 = LINE('',#3382,#3383);
#3382 = CARTESIAN_POINT('',(-5.E-02,2.65));
#3383 = VECTOR('',#3384,1.);
#3384 = DIRECTION('',(1.,0.));
#3385 = ( GEOMETRIC_REPRESENTATION_CONTEXT(2) 
PARAMETRIC_REPRESENTATION_CONTEXT() REPRESENTATION_CONTEXT('2D SPACE',''
  ) );
#3386 = PCURVE('',#2753,#3387);
#3387 = DEFINITIONAL_REPRESENTATION('',(#3388),#3392);
#3388 = LINE('',#3389,#3390);
#3389 = CARTESIAN_POINT('',(5.E-02,-67.35));
#3390 = VECTOR('',#3391,1.);
#3391 = DIRECTION('',(1.,0.));
#3392 = ( GEOMETRIC_REPRESENTATION_CONTEXT(2) 
PARAMETRIC_REPRESENTATION_CONTEXT() REPRESENTATION_CONTEXT('2D SPACE',''
  ) );
#3393 = ADVANCED_FACE('',(#3394),#156,.F.);
#3394 = FACE_BOUND('',#3395,.F.);
#3395 = EDGE_LOOP('',(#3396,#3397,#3420,#3441));
#3396 = ORIENTED_EDGE('',*,*,#140,.T.);
#3397 = ORIENTED_EDGE('',*,*,#3398,.T.);
#3398 = EDGE_CURVE('',#113,#3399,#3401,.T.);
#3399 = VERTEX_POINT('',#3400);
#3400 = CARTESIAN_POINT('',(48.,70.05,21.6));
#3401 = SURFACE_CURVE('',#3402,(#3406,#3413),.PCURVE_S1.);
#3402 = LINE('',#3403,#3404);
#3403 = CARTESIAN_POINT('',(48.,72.7,21.6));
#3404 = VECTOR('',#3405,1.);
#3405 = DIRECTION('',(1.110223024625E-16,-1.,0.));
#3406 = PCURVE('',#156,#3407);
#3407 = DEFINITIONAL_REPRESENTATION('',(#3408),#3412);
#3408 = LINE('',#3409,#3410);
#3409 = CARTESIAN_POINT('',(0.,0.));
#3410 = VECTOR('',#3411,1.);
#3411 = DIRECTION('',(1.,0.));
#3412 = ( GEOMETRIC_REPRESENTATION_CONTEXT(2) 
PARAMETRIC_REPRESENTATION_CONTEXT() REPRESENTATION_CONTEXT('2D SPACE',''
  ) );
#3413 = PCURVE('',#128,#3414);
#3414 = DEFINITIONAL_REPRESENTATION('',(#3415),#3419);
#3415 = LINE('',#3416,#3417);
#3416 = CARTESIAN_POINT('',(5.,0.));
#3417 = VECTOR('',#3418,1.);
#3418 = DIRECTION('',(0.,1.));
#3419 = ( GEOMETRIC_REPRESENTATION_CONTEXT(2) 
PARAMETRIC_REPRESENTATION_CONTEXT() REPRESENTATION_CONTEXT('2D SPACE',''
  ) );
#3420 = ORIENTED_EDGE('',*,*,#3421,.F.);
#3421 = EDGE_CURVE('',#3351,#3399,#3422,.T.);
#3422 = SURFACE_CURVE('',#3423,(#3427,#3434),.PCURVE_S1.);
#3423 = LINE('',#3424,#3425);
#3424 = CARTESIAN_POINT('',(17.325,70.05,21.6));
#3425 = VECTOR('',#3426,1.);
#3426 = DIRECTION('',(-1.,-1.110223024625E-16,0.));
#3427 = PCURVE('',#156,#3428);
#3428 = DEFINITIONAL_REPRESENTATION('',(#3429),#3433);
#3429 = LINE('',#3430,#3431);
#3430 = CARTESIAN_POINT('',(2.65,-30.675));
#3431 = VECTOR('',#3432,1.);
#3432 = DIRECTION('',(0.,-1.));
#3433 = ( GEOMETRIC_REPRESENTATION_CONTEXT(2) 
PARAMETRIC_REPRESENTATION_CONTEXT() REPRESENTATION_CONTEXT('2D SPACE',''
  ) );
#3434 = PCURVE('',#2753,#3435);
#3435 = DEFINITIONAL_REPRESENTATION('',(#3436),#3440);
#3436 = LINE('',#3437,#3438);
#3437 = CARTESIAN_POINT('',(5.1,-30.675));
#3438 = VECTOR('',#3439,1.);
#3439 = DIRECTION('',(0.,1.));
#3440 = ( GEOMETRIC_REPRESENTATION_CONTEXT(2) 
PARAMETRIC_REPRESENTATION_CONTEXT() REPRESENTATION_CONTEXT('2D SPACE',''
  ) );
#3441 = ORIENTED_EDGE('',*,*,#3350,.F.);
#3442 = ADVANCED_FACE('',(#3443),#128,.T.);
#3443 = FACE_BOUND('',#3444,.T.);
#3444 = EDGE_LOOP('',(#3445,#3446,#3447,#3448));
#3445 = ORIENTED_EDGE('',*,*,#3324,.F.);
#3446 = ORIENTED_EDGE('',*,*,#112,.T.);
#3447 = ORIENTED_EDGE('',*,*,#3398,.T.);
#3448 = ORIENTED_EDGE('',*,*,#3449,.F.);
#3449 = EDGE_CURVE('',#3302,#3399,#3450,.T.);
#3450 = SURFACE_CURVE('',#3451,(#3455,#3462),.PCURVE_S1.);
#3451 = LINE('',#3452,#3453);
#3452 = CARTESIAN_POINT('',(48.,70.05,16.55));
#3453 = VECTOR('',#3454,1.);
#3454 = DIRECTION('',(0.,0.,1.));
#3455 = PCURVE('',#128,#3456);
#3456 = DEFINITIONAL_REPRESENTATION('',(#3457),#3461);
#3457 = LINE('',#3458,#3459);
#3458 = CARTESIAN_POINT('',(-5.E-02,2.65));
#3459 = VECTOR('',#3460,1.);
#3460 = DIRECTION('',(1.,0.));
#3461 = ( GEOMETRIC_REPRESENTATION_CONTEXT(2) 
PARAMETRIC_REPRESENTATION_CONTEXT() REPRESENTATION_CONTEXT('2D SPACE',''
  ) );
#3462 = PCURVE('',#2753,#3463);
#3463 = DEFINITIONAL_REPRESENTATION('',(#3464),#3468);
#3464 = LINE('',#3465,#3466);
#3465 = CARTESIAN_POINT('',(5.E-02,-61.35));
#3466 = VECTOR('',#3467,1.);
#3467 = DIRECTION('',(1.,0.));
#3468 = ( GEOMETRIC_REPRESENTATION_CONTEXT(2) 
PARAMETRIC_REPRESENTATION_CONTEXT() REPRESENTATION_CONTEXT('2D SPACE',''
  ) );
#3469 = ADVANCED_FACE('',(#3470),#72,.T.);
#3470 = FACE_BOUND('',#3471,.T.);
#3471 = EDGE_LOOP('',(#3472,#3473,#3474,#3495));
#3472 = ORIENTED_EDGE('',*,*,#56,.F.);
#3473 = ORIENTED_EDGE('',*,*,#2569,.T.);
#3474 = ORIENTED_EDGE('',*,*,#3475,.T.);
#3475 = EDGE_CURVE('',#2570,#706,#3476,.T.);
#3476 = SURFACE_CURVE('',#3477,(#3481,#3488),.PCURVE_S1.);
#3477 = LINE('',#3478,#3479);
#3478 = CARTESIAN_POINT('',(-15.15,67.7,16.6));
#3479 = VECTOR('',#3480,1.);
#3480 = DIRECTION('',(0.,0.,1.));
#3481 = PCURVE('',#72,#3482);
#3482 = DEFINITIONAL_REPRESENTATION('',(#3483),#3487);
#3483 = LINE('',#3484,#3485);
#3484 = CARTESIAN_POINT('',(1.570796326795,-7.2));
#3485 = VECTOR('',#3486,1.);
#3486 = DIRECTION('',(0.,1.));
#3487 = ( GEOMETRIC_REPRESENTATION_CONTEXT(2) 
PARAMETRIC_REPRESENTATION_CONTEXT() REPRESENTATION_CONTEXT('2D SPACE',''
  ) );
#3488 = PCURVE('',#745,#3489);
#3489 = DEFINITIONAL_REPRESENTATION('',(#3490),#3494);
#3490 = LINE('',#3491,#3492);
#3491 = CARTESIAN_POINT('',(-7.2,4.15));
#3492 = VECTOR('',#3493,1.);
#3493 = DIRECTION('',(1.,0.));
#3494 = ( GEOMETRIC_REPRESENTATION_CONTEXT(2) 
PARAMETRIC_REPRESENTATION_CONTEXT() REPRESENTATION_CONTEXT('2D SPACE',''
  ) );
#3495 = ORIENTED_EDGE('',*,*,#705,.F.);
#3496 = ADVANCED_FACE('',(#3497),#265,.T.);
#3497 = FACE_BOUND('',#3498,.T.);
#3498 = EDGE_LOOP('',(#3499,#3522,#3523,#3546));
#3499 = ORIENTED_EDGE('',*,*,#3500,.F.);
#3500 = EDGE_CURVE('',#248,#3501,#3503,.T.);
#3501 = VERTEX_POINT('',#3502);
#3502 = CARTESIAN_POINT('',(95.,70.05,19.3));
#3503 = SURFACE_CURVE('',#3504,(#3508,#3515),.PCURVE_S1.);
#3504 = LINE('',#3505,#3506);
#3505 = CARTESIAN_POINT('',(95.,72.7,19.3));
#3506 = VECTOR('',#3507,1.);
#3507 = DIRECTION('',(1.110223024625E-16,-1.,0.));
#3508 = PCURVE('',#265,#3509);
#3509 = DEFINITIONAL_REPRESENTATION('',(#3510),#3514);
#3510 = LINE('',#3511,#3512);
#3511 = CARTESIAN_POINT('',(3.330669073875E-16,3.));
#3512 = VECTOR('',#3513,1.);
#3513 = DIRECTION('',(1.,0.));
#3514 = ( GEOMETRIC_REPRESENTATION_CONTEXT(2) 
PARAMETRIC_REPRESENTATION_CONTEXT() REPRESENTATION_CONTEXT('2D SPACE',''
  ) );
#3515 = PCURVE('',#347,#3516);
#3516 = DEFINITIONAL_REPRESENTATION('',(#3517),#3521);
#3517 = LINE('',#3518,#3519);
#3518 = CARTESIAN_POINT('',(0.,0.));
#3519 = VECTOR('',#3520,1.);
#3520 = DIRECTION('',(0.,1.));
#3521 = ( GEOMETRIC_REPRESENTATION_CONTEXT(2) 
PARAMETRIC_REPRESENTATION_CONTEXT() REPRESENTATION_CONTEXT('2D SPACE',''
  ) );
#3522 = ORIENTED_EDGE('',*,*,#247,.T.);
#3523 = ORIENTED_EDGE('',*,*,#3524,.T.);
#3524 = EDGE_CURVE('',#250,#3525,#3527,.T.);
#3525 = VERTEX_POINT('',#3526);
#3526 = CARTESIAN_POINT('',(92.,70.05,19.3));
#3527 = SURFACE_CURVE('',#3528,(#3532,#3539),.PCURVE_S1.);
#3528 = LINE('',#3529,#3530);
#3529 = CARTESIAN_POINT('',(92.,72.7,19.3));
#3530 = VECTOR('',#3531,1.);
#3531 = DIRECTION('',(1.110223024625E-16,-1.,0.));
#3532 = PCURVE('',#265,#3533);
#3533 = DEFINITIONAL_REPRESENTATION('',(#3534),#3538);
#3534 = LINE('',#3535,#3536);
#3535 = CARTESIAN_POINT('',(0.,0.));
#3536 = VECTOR('',#3537,1.);
#3537 = DIRECTION('',(1.,0.));
#3538 = ( GEOMETRIC_REPRESENTATION_CONTEXT(2) 
PARAMETRIC_REPRESENTATION_CONTEXT() REPRESENTATION_CONTEXT('2D SPACE',''
  ) );
#3539 = PCURVE('',#293,#3540);
#3540 = DEFINITIONAL_REPRESENTATION('',(#3541),#3545);
#3541 = LINE('',#3542,#3543);
#3542 = CARTESIAN_POINT('',(0.,0.));
#3543 = VECTOR('',#3544,1.);
#3544 = DIRECTION('',(0.,1.));
#3545 = ( GEOMETRIC_REPRESENTATION_CONTEXT(2) 
PARAMETRIC_REPRESENTATION_CONTEXT() REPRESENTATION_CONTEXT('2D SPACE',''
  ) );
#3546 = ORIENTED_EDGE('',*,*,#3547,.F.);
#3547 = EDGE_CURVE('',#3501,#3525,#3548,.T.);
#3548 = SURFACE_CURVE('',#3549,(#3553,#3560),.PCURVE_S1.);
#3549 = LINE('',#3550,#3551);
#3550 = CARTESIAN_POINT('',(39.325,70.05,19.3));
#3551 = VECTOR('',#3552,1.);
#3552 = DIRECTION('',(-1.,-1.110223024625E-16,0.));
#3553 = PCURVE('',#265,#3554);
#3554 = DEFINITIONAL_REPRESENTATION('',(#3555),#3559);
#3555 = LINE('',#3556,#3557);
#3556 = CARTESIAN_POINT('',(2.65,-52.675));
#3557 = VECTOR('',#3558,1.);
#3558 = DIRECTION('',(0.,-1.));
#3559 = ( GEOMETRIC_REPRESENTATION_CONTEXT(2) 
PARAMETRIC_REPRESENTATION_CONTEXT() REPRESENTATION_CONTEXT('2D SPACE',''
  ) );
#3560 = PCURVE('',#2865,#3561);
#3561 = DEFINITIONAL_REPRESENTATION('',(#3562),#3566);
#3562 = LINE('',#3563,#3564);
#3563 = CARTESIAN_POINT('',(2.8,-52.675));
#3564 = VECTOR('',#3565,1.);
#3565 = DIRECTION('',(0.,1.));
#3566 = ( GEOMETRIC_REPRESENTATION_CONTEXT(2) 
PARAMETRIC_REPRESENTATION_CONTEXT() REPRESENTATION_CONTEXT('2D SPACE',''
  ) );
#3567 = ADVANCED_FACE('',(#3568),#347,.F.);
#3568 = FACE_BOUND('',#3569,.F.);
#3569 = EDGE_LOOP('',(#3570,#3571,#3572,#3595));
#3570 = ORIENTED_EDGE('',*,*,#3500,.F.);
#3571 = ORIENTED_EDGE('',*,*,#333,.T.);
#3572 = ORIENTED_EDGE('',*,*,#3573,.T.);
#3573 = EDGE_CURVE('',#306,#3574,#3576,.T.);
#3574 = VERTEX_POINT('',#3575);
#3575 = CARTESIAN_POINT('',(95.,70.05,22.3));
#3576 = SURFACE_CURVE('',#3577,(#3581,#3588),.PCURVE_S1.);
#3577 = LINE('',#3578,#3579);
#3578 = CARTESIAN_POINT('',(95.,72.7,22.3));
#3579 = VECTOR('',#3580,1.);
#3580 = DIRECTION('',(1.110223024625E-16,-1.,0.));
#3581 = PCURVE('',#347,#3582);
#3582 = DEFINITIONAL_REPRESENTATION('',(#3583),#3587);
#3583 = LINE('',#3584,#3585);
#3584 = CARTESIAN_POINT('',(3.,0.));
#3585 = VECTOR('',#3586,1.);
#3586 = DIRECTION('',(0.,1.));
#3587 = ( GEOMETRIC_REPRESENTATION_CONTEXT(2) 
PARAMETRIC_REPRESENTATION_CONTEXT() REPRESENTATION_CONTEXT('2D SPACE',''
  ) );
#3588 = PCURVE('',#321,#3589);
#3589 = DEFINITIONAL_REPRESENTATION('',(#3590),#3594);
#3590 = LINE('',#3591,#3592);
#3591 = CARTESIAN_POINT('',(3.330669073875E-16,3.));
#3592 = VECTOR('',#3593,1.);
#3593 = DIRECTION('',(1.,0.));
#3594 = ( GEOMETRIC_REPRESENTATION_CONTEXT(2) 
PARAMETRIC_REPRESENTATION_CONTEXT() REPRESENTATION_CONTEXT('2D SPACE',''
  ) );
#3595 = ORIENTED_EDGE('',*,*,#3596,.F.);
#3596 = EDGE_CURVE('',#3501,#3574,#3597,.T.);
#3597 = SURFACE_CURVE('',#3598,(#3602,#3609),.PCURVE_S1.);
#3598 = LINE('',#3599,#3600);
#3599 = CARTESIAN_POINT('',(95.,70.05,17.9));
#3600 = VECTOR('',#3601,1.);
#3601 = DIRECTION('',(0.,0.,1.));
#3602 = PCURVE('',#347,#3603);
#3603 = DEFINITIONAL_REPRESENTATION('',(#3604),#3608);
#3604 = LINE('',#3605,#3606);
#3605 = CARTESIAN_POINT('',(-1.4,2.65));
#3606 = VECTOR('',#3607,1.);
#3607 = DIRECTION('',(1.,0.));
#3608 = ( GEOMETRIC_REPRESENTATION_CONTEXT(2) 
PARAMETRIC_REPRESENTATION_CONTEXT() REPRESENTATION_CONTEXT('2D SPACE',''
  ) );
#3609 = PCURVE('',#2865,#3610);
#3610 = DEFINITIONAL_REPRESENTATION('',(#3611),#3615);
#3611 = LINE('',#3612,#3613);
#3612 = CARTESIAN_POINT('',(1.4,-108.35));
#3613 = VECTOR('',#3614,1.);
#3614 = DIRECTION('',(1.,0.));
#3615 = ( GEOMETRIC_REPRESENTATION_CONTEXT(2) 
PARAMETRIC_REPRESENTATION_CONTEXT() REPRESENTATION_CONTEXT('2D SPACE',''
  ) );
#3616 = ADVANCED_FACE('',(#3617),#293,.T.);
#3617 = FACE_BOUND('',#3618,.T.);
#3618 = EDGE_LOOP('',(#3619,#3620,#3621,#3644));
#3619 = ORIENTED_EDGE('',*,*,#3524,.F.);
#3620 = ORIENTED_EDGE('',*,*,#277,.T.);
#3621 = ORIENTED_EDGE('',*,*,#3622,.T.);
#3622 = EDGE_CURVE('',#278,#3623,#3625,.T.);
#3623 = VERTEX_POINT('',#3624);
#3624 = CARTESIAN_POINT('',(92.,70.05,22.3));
#3625 = SURFACE_CURVE('',#3626,(#3630,#3637),.PCURVE_S1.);
#3626 = LINE('',#3627,#3628);
#3627 = CARTESIAN_POINT('',(92.,72.7,22.3));
#3628 = VECTOR('',#3629,1.);
#3629 = DIRECTION('',(1.110223024625E-16,-1.,0.));
#3630 = PCURVE('',#293,#3631);
#3631 = DEFINITIONAL_REPRESENTATION('',(#3632),#3636);
#3632 = LINE('',#3633,#3634);
#3633 = CARTESIAN_POINT('',(3.,0.));
#3634 = VECTOR('',#3635,1.);
#3635 = DIRECTION('',(0.,1.));
#3636 = ( GEOMETRIC_REPRESENTATION_CONTEXT(2) 
PARAMETRIC_REPRESENTATION_CONTEXT() REPRESENTATION_CONTEXT('2D SPACE',''
  ) );
#3637 = PCURVE('',#321,#3638);
#3638 = DEFINITIONAL_REPRESENTATION('',(#3639),#3643);
#3639 = LINE('',#3640,#3641);
#3640 = CARTESIAN_POINT('',(0.,0.));
#3641 = VECTOR('',#3642,1.);
#3642 = DIRECTION('',(1.,0.));
#3643 = ( GEOMETRIC_REPRESENTATION_CONTEXT(2) 
PARAMETRIC_REPRESENTATION_CONTEXT() REPRESENTATION_CONTEXT('2D SPACE',''
  ) );
#3644 = ORIENTED_EDGE('',*,*,#3645,.F.);
#3645 = EDGE_CURVE('',#3525,#3623,#3646,.T.);
#3646 = SURFACE_CURVE('',#3647,(#3651,#3658),.PCURVE_S1.);
#3647 = LINE('',#3648,#3649);
#3648 = CARTESIAN_POINT('',(92.,70.05,17.9));
#3649 = VECTOR('',#3650,1.);
#3650 = DIRECTION('',(0.,0.,1.));
#3651 = PCURVE('',#293,#3652);
#3652 = DEFINITIONAL_REPRESENTATION('',(#3653),#3657);
#3653 = LINE('',#3654,#3655);
#3654 = CARTESIAN_POINT('',(-1.4,2.65));
#3655 = VECTOR('',#3656,1.);
#3656 = DIRECTION('',(1.,0.));
#3657 = ( GEOMETRIC_REPRESENTATION_CONTEXT(2) 
PARAMETRIC_REPRESENTATION_CONTEXT() REPRESENTATION_CONTEXT('2D SPACE',''
  ) );
#3658 = PCURVE('',#2865,#3659);
#3659 = DEFINITIONAL_REPRESENTATION('',(#3660),#3664);
#3660 = LINE('',#3661,#3662);
#3661 = CARTESIAN_POINT('',(1.4,-105.35));
#3662 = VECTOR('',#3663,1.);
#3663 = DIRECTION('',(1.,0.));
#3664 = ( GEOMETRIC_REPRESENTATION_CONTEXT(2) 
PARAMETRIC_REPRESENTATION_CONTEXT() REPRESENTATION_CONTEXT('2D SPACE',''
  ) );
#3665 = ADVANCED_FACE('',(#3666),#321,.F.);
#3666 = FACE_BOUND('',#3667,.F.);
#3667 = EDGE_LOOP('',(#3668,#3669,#3670,#3671));
#3668 = ORIENTED_EDGE('',*,*,#3573,.F.);
#3669 = ORIENTED_EDGE('',*,*,#305,.T.);
#3670 = ORIENTED_EDGE('',*,*,#3622,.T.);
#3671 = ORIENTED_EDGE('',*,*,#3672,.F.);
#3672 = EDGE_CURVE('',#3574,#3623,#3673,.T.);
#3673 = SURFACE_CURVE('',#3674,(#3678,#3685),.PCURVE_S1.);
#3674 = LINE('',#3675,#3676);
#3675 = CARTESIAN_POINT('',(39.325,70.05,22.3));
#3676 = VECTOR('',#3677,1.);
#3677 = DIRECTION('',(-1.,-1.110223024625E-16,0.));
#3678 = PCURVE('',#321,#3679);
#3679 = DEFINITIONAL_REPRESENTATION('',(#3680),#3684);
#3680 = LINE('',#3681,#3682);
#3681 = CARTESIAN_POINT('',(2.65,-52.675));
#3682 = VECTOR('',#3683,1.);
#3683 = DIRECTION('',(0.,-1.));
#3684 = ( GEOMETRIC_REPRESENTATION_CONTEXT(2) 
PARAMETRIC_REPRESENTATION_CONTEXT() REPRESENTATION_CONTEXT('2D SPACE',''
  ) );
#3685 = PCURVE('',#2865,#3686);
#3686 = DEFINITIONAL_REPRESENTATION('',(#3687),#3691);
#3687 = LINE('',#3688,#3689);
#3688 = CARTESIAN_POINT('',(5.8,-52.675));
#3689 = VECTOR('',#3690,1.);
#3690 = DIRECTION('',(0.,1.));
#3691 = ( GEOMETRIC_REPRESENTATION_CONTEXT(2) 
PARAMETRIC_REPRESENTATION_CONTEXT() REPRESENTATION_CONTEXT('2D SPACE',''
  ) );
#3692 = ADVANCED_FACE('',(#3693),#379,.T.);
#3693 = FACE_BOUND('',#3694,.T.);
#3694 = EDGE_LOOP('',(#3695,#3718,#3719,#3742));
#3695 = ORIENTED_EDGE('',*,*,#3696,.F.);
#3696 = EDGE_CURVE('',#362,#3697,#3699,.T.);
#3697 = VERTEX_POINT('',#3698);
#3698 = CARTESIAN_POINT('',(88.,70.05,19.3));
#3699 = SURFACE_CURVE('',#3700,(#3704,#3711),.PCURVE_S1.);
#3700 = LINE('',#3701,#3702);
#3701 = CARTESIAN_POINT('',(88.,72.7,19.3));
#3702 = VECTOR('',#3703,1.);
#3703 = DIRECTION('',(1.110223024625E-16,-1.,0.));
#3704 = PCURVE('',#379,#3705);
#3705 = DEFINITIONAL_REPRESENTATION('',(#3706),#3710);
#3706 = LINE('',#3707,#3708);
#3707 = CARTESIAN_POINT('',(3.330669073875E-16,3.));
#3708 = VECTOR('',#3709,1.);
#3709 = DIRECTION('',(1.,0.));
#3710 = ( GEOMETRIC_REPRESENTATION_CONTEXT(2) 
PARAMETRIC_REPRESENTATION_CONTEXT() REPRESENTATION_CONTEXT('2D SPACE',''
  ) );
#3711 = PCURVE('',#461,#3712);
#3712 = DEFINITIONAL_REPRESENTATION('',(#3713),#3717);
#3713 = LINE('',#3714,#3715);
#3714 = CARTESIAN_POINT('',(0.,0.));
#3715 = VECTOR('',#3716,1.);
#3716 = DIRECTION('',(0.,1.));
#3717 = ( GEOMETRIC_REPRESENTATION_CONTEXT(2) 
PARAMETRIC_REPRESENTATION_CONTEXT() REPRESENTATION_CONTEXT('2D SPACE',''
  ) );
#3718 = ORIENTED_EDGE('',*,*,#361,.T.);
#3719 = ORIENTED_EDGE('',*,*,#3720,.T.);
#3720 = EDGE_CURVE('',#364,#3721,#3723,.T.);
#3721 = VERTEX_POINT('',#3722);
#3722 = CARTESIAN_POINT('',(85.,70.05,19.3));
#3723 = SURFACE_CURVE('',#3724,(#3728,#3735),.PCURVE_S1.);
#3724 = LINE('',#3725,#3726);
#3725 = CARTESIAN_POINT('',(85.,72.7,19.3));
#3726 = VECTOR('',#3727,1.);
#3727 = DIRECTION('',(1.110223024625E-16,-1.,0.));
#3728 = PCURVE('',#379,#3729);
#3729 = DEFINITIONAL_REPRESENTATION('',(#3730),#3734);
#3730 = LINE('',#3731,#3732);
#3731 = CARTESIAN_POINT('',(0.,0.));
#3732 = VECTOR('',#3733,1.);
#3733 = DIRECTION('',(1.,0.));
#3734 = ( GEOMETRIC_REPRESENTATION_CONTEXT(2) 
PARAMETRIC_REPRESENTATION_CONTEXT() REPRESENTATION_CONTEXT('2D SPACE',''
  ) );
#3735 = PCURVE('',#407,#3736);
#3736 = DEFINITIONAL_REPRESENTATION('',(#3737),#3741);
#3737 = LINE('',#3738,#3739);
#3738 = CARTESIAN_POINT('',(0.,0.));
#3739 = VECTOR('',#3740,1.);
#3740 = DIRECTION('',(0.,1.));
#3741 = ( GEOMETRIC_REPRESENTATION_CONTEXT(2) 
PARAMETRIC_REPRESENTATION_CONTEXT() REPRESENTATION_CONTEXT('2D SPACE',''
  ) );
#3742 = ORIENTED_EDGE('',*,*,#3743,.F.);
#3743 = EDGE_CURVE('',#3697,#3721,#3744,.T.);
#3744 = SURFACE_CURVE('',#3745,(#3749,#3756),.PCURVE_S1.);
#3745 = LINE('',#3746,#3747);
#3746 = CARTESIAN_POINT('',(35.825,70.05,19.3));
#3747 = VECTOR('',#3748,1.);
#3748 = DIRECTION('',(-1.,-1.110223024625E-16,0.));
#3749 = PCURVE('',#379,#3750);
#3750 = DEFINITIONAL_REPRESENTATION('',(#3751),#3755);
#3751 = LINE('',#3752,#3753);
#3752 = CARTESIAN_POINT('',(2.65,-49.175));
#3753 = VECTOR('',#3754,1.);
#3754 = DIRECTION('',(0.,-1.));
#3755 = ( GEOMETRIC_REPRESENTATION_CONTEXT(2) 
PARAMETRIC_REPRESENTATION_CONTEXT() REPRESENTATION_CONTEXT('2D SPACE',''
  ) );
#3756 = PCURVE('',#2865,#3757);
#3757 = DEFINITIONAL_REPRESENTATION('',(#3758),#3762);
#3758 = LINE('',#3759,#3760);
#3759 = CARTESIAN_POINT('',(2.8,-49.175));
#3760 = VECTOR('',#3761,1.);
#3761 = DIRECTION('',(0.,1.));
#3762 = ( GEOMETRIC_REPRESENTATION_CONTEXT(2) 
PARAMETRIC_REPRESENTATION_CONTEXT() REPRESENTATION_CONTEXT('2D SPACE',''
  ) );
#3763 = ADVANCED_FACE('',(#3764),#461,.F.);
#3764 = FACE_BOUND('',#3765,.F.);
#3765 = EDGE_LOOP('',(#3766,#3767,#3768,#3791));
#3766 = ORIENTED_EDGE('',*,*,#3696,.F.);
#3767 = ORIENTED_EDGE('',*,*,#447,.T.);
#3768 = ORIENTED_EDGE('',*,*,#3769,.T.);
#3769 = EDGE_CURVE('',#420,#3770,#3772,.T.);
#3770 = VERTEX_POINT('',#3771);
#3771 = CARTESIAN_POINT('',(88.,70.05,22.3));
#3772 = SURFACE_CURVE('',#3773,(#3777,#3784),.PCURVE_S1.);
#3773 = LINE('',#3774,#3775);
#3774 = CARTESIAN_POINT('',(88.,72.7,22.3));
#3775 = VECTOR('',#3776,1.);
#3776 = DIRECTION('',(1.110223024625E-16,-1.,0.));
#3777 = PCURVE('',#461,#3778);
#3778 = DEFINITIONAL_REPRESENTATION('',(#3779),#3783);
#3779 = LINE('',#3780,#3781);
#3780 = CARTESIAN_POINT('',(3.,0.));
#3781 = VECTOR('',#3782,1.);
#3782 = DIRECTION('',(0.,1.));
#3783 = ( GEOMETRIC_REPRESENTATION_CONTEXT(2) 
PARAMETRIC_REPRESENTATION_CONTEXT() REPRESENTATION_CONTEXT('2D SPACE',''
  ) );
#3784 = PCURVE('',#435,#3785);
#3785 = DEFINITIONAL_REPRESENTATION('',(#3786),#3790);
#3786 = LINE('',#3787,#3788);
#3787 = CARTESIAN_POINT('',(3.330669073875E-16,3.));
#3788 = VECTOR('',#3789,1.);
#3789 = DIRECTION('',(1.,0.));
#3790 = ( GEOMETRIC_REPRESENTATION_CONTEXT(2) 
PARAMETRIC_REPRESENTATION_CONTEXT() REPRESENTATION_CONTEXT('2D SPACE',''
  ) );
#3791 = ORIENTED_EDGE('',*,*,#3792,.F.);
#3792 = EDGE_CURVE('',#3697,#3770,#3793,.T.);
#3793 = SURFACE_CURVE('',#3794,(#3798,#3805),.PCURVE_S1.);
#3794 = LINE('',#3795,#3796);
#3795 = CARTESIAN_POINT('',(88.,70.05,17.9));
#3796 = VECTOR('',#3797,1.);
#3797 = DIRECTION('',(0.,0.,1.));
#3798 = PCURVE('',#461,#3799);
#3799 = DEFINITIONAL_REPRESENTATION('',(#3800),#3804);
#3800 = LINE('',#3801,#3802);
#3801 = CARTESIAN_POINT('',(-1.4,2.65));
#3802 = VECTOR('',#3803,1.);
#3803 = DIRECTION('',(1.,0.));
#3804 = ( GEOMETRIC_REPRESENTATION_CONTEXT(2) 
PARAMETRIC_REPRESENTATION_CONTEXT() REPRESENTATION_CONTEXT('2D SPACE',''
  ) );
#3805 = PCURVE('',#2865,#3806);
#3806 = DEFINITIONAL_REPRESENTATION('',(#3807),#3811);
#3807 = LINE('',#3808,#3809);
#3808 = CARTESIAN_POINT('',(1.4,-101.35));
#3809 = VECTOR('',#3810,1.);
#3810 = DIRECTION('',(1.,0.));
#3811 = ( GEOMETRIC_REPRESENTATION_CONTEXT(2) 
PARAMETRIC_REPRESENTATION_CONTEXT() REPRESENTATION_CONTEXT('2D SPACE',''
  ) );
#3812 = ADVANCED_FACE('',(#3813),#407,.T.);
#3813 = FACE_BOUND('',#3814,.T.);
#3814 = EDGE_LOOP('',(#3815,#3816,#3817,#3840));
#3815 = ORIENTED_EDGE('',*,*,#3720,.F.);
#3816 = ORIENTED_EDGE('',*,*,#391,.T.);
#3817 = ORIENTED_EDGE('',*,*,#3818,.T.);
#3818 = EDGE_CURVE('',#392,#3819,#3821,.T.);
#3819 = VERTEX_POINT('',#3820);
#3820 = CARTESIAN_POINT('',(85.,70.05,22.3));
#3821 = SURFACE_CURVE('',#3822,(#3826,#3833),.PCURVE_S1.);
#3822 = LINE('',#3823,#3824);
#3823 = CARTESIAN_POINT('',(85.,72.7,22.3));
#3824 = VECTOR('',#3825,1.);
#3825 = DIRECTION('',(1.110223024625E-16,-1.,0.));
#3826 = PCURVE('',#407,#3827);
#3827 = DEFINITIONAL_REPRESENTATION('',(#3828),#3832);
#3828 = LINE('',#3829,#3830);
#3829 = CARTESIAN_POINT('',(3.,0.));
#3830 = VECTOR('',#3831,1.);
#3831 = DIRECTION('',(0.,1.));
#3832 = ( GEOMETRIC_REPRESENTATION_CONTEXT(2) 
PARAMETRIC_REPRESENTATION_CONTEXT() REPRESENTATION_CONTEXT('2D SPACE',''
  ) );
#3833 = PCURVE('',#435,#3834);
#3834 = DEFINITIONAL_REPRESENTATION('',(#3835),#3839);
#3835 = LINE('',#3836,#3837);
#3836 = CARTESIAN_POINT('',(0.,0.));
#3837 = VECTOR('',#3838,1.);
#3838 = DIRECTION('',(1.,0.));
#3839 = ( GEOMETRIC_REPRESENTATION_CONTEXT(2) 
PARAMETRIC_REPRESENTATION_CONTEXT() REPRESENTATION_CONTEXT('2D SPACE',''
  ) );
#3840 = ORIENTED_EDGE('',*,*,#3841,.F.);
#3841 = EDGE_CURVE('',#3721,#3819,#3842,.T.);
#3842 = SURFACE_CURVE('',#3843,(#3847,#3854),.PCURVE_S1.);
#3843 = LINE('',#3844,#3845);
#3844 = CARTESIAN_POINT('',(85.,70.05,17.9));
#3845 = VECTOR('',#3846,1.);
#3846 = DIRECTION('',(0.,0.,1.));
#3847 = PCURVE('',#407,#3848);
#3848 = DEFINITIONAL_REPRESENTATION('',(#3849),#3853);
#3849 = LINE('',#3850,#3851);
#3850 = CARTESIAN_POINT('',(-1.4,2.65));
#3851 = VECTOR('',#3852,1.);
#3852 = DIRECTION('',(1.,0.));
#3853 = ( GEOMETRIC_REPRESENTATION_CONTEXT(2) 
PARAMETRIC_REPRESENTATION_CONTEXT() REPRESENTATION_CONTEXT('2D SPACE',''
  ) );
#3854 = PCURVE('',#2865,#3855);
#3855 = DEFINITIONAL_REPRESENTATION('',(#3856),#3860);
#3856 = LINE('',#3857,#3858);
#3857 = CARTESIAN_POINT('',(1.4,-98.35));
#3858 = VECTOR('',#3859,1.);
#3859 = DIRECTION('',(1.,0.));
#3860 = ( GEOMETRIC_REPRESENTATION_CONTEXT(2) 
PARAMETRIC_REPRESENTATION_CONTEXT() REPRESENTATION_CONTEXT('2D SPACE',''
  ) );
#3861 = ADVANCED_FACE('',(#3862),#435,.F.);
#3862 = FACE_BOUND('',#3863,.F.);
#3863 = EDGE_LOOP('',(#3864,#3865,#3866,#3867));
#3864 = ORIENTED_EDGE('',*,*,#3769,.F.);
#3865 = ORIENTED_EDGE('',*,*,#419,.T.);
#3866 = ORIENTED_EDGE('',*,*,#3818,.T.);
#3867 = ORIENTED_EDGE('',*,*,#3868,.F.);
#3868 = EDGE_CURVE('',#3770,#3819,#3869,.T.);
#3869 = SURFACE_CURVE('',#3870,(#3874,#3881),.PCURVE_S1.);
#3870 = LINE('',#3871,#3872);
#3871 = CARTESIAN_POINT('',(35.825,70.05,22.3));
#3872 = VECTOR('',#3873,1.);
#3873 = DIRECTION('',(-1.,-1.110223024625E-16,0.));
#3874 = PCURVE('',#435,#3875);
#3875 = DEFINITIONAL_REPRESENTATION('',(#3876),#3880);
#3876 = LINE('',#3877,#3878);
#3877 = CARTESIAN_POINT('',(2.65,-49.175));
#3878 = VECTOR('',#3879,1.);
#3879 = DIRECTION('',(0.,-1.));
#3880 = ( GEOMETRIC_REPRESENTATION_CONTEXT(2) 
PARAMETRIC_REPRESENTATION_CONTEXT() REPRESENTATION_CONTEXT('2D SPACE',''
  ) );
#3881 = PCURVE('',#2865,#3882);
#3882 = DEFINITIONAL_REPRESENTATION('',(#3883),#3887);
#3883 = LINE('',#3884,#3885);
#3884 = CARTESIAN_POINT('',(5.8,-49.175));
#3885 = VECTOR('',#3886,1.);
#3886 = DIRECTION('',(0.,1.));
#3887 = ( GEOMETRIC_REPRESENTATION_CONTEXT(2) 
PARAMETRIC_REPRESENTATION_CONTEXT() REPRESENTATION_CONTEXT('2D SPACE',''
  ) );
#3888 = ADVANCED_FACE('',(#3889),#493,.T.);
#3889 = FACE_BOUND('',#3890,.T.);
#3890 = EDGE_LOOP('',(#3891,#3914,#3915,#3938));
#3891 = ORIENTED_EDGE('',*,*,#3892,.F.);
#3892 = EDGE_CURVE('',#476,#3893,#3895,.T.);
#3893 = VERTEX_POINT('',#3894);
#3894 = CARTESIAN_POINT('',(81.,70.05,19.3));
#3895 = SURFACE_CURVE('',#3896,(#3900,#3907),.PCURVE_S1.);
#3896 = LINE('',#3897,#3898);
#3897 = CARTESIAN_POINT('',(81.,72.7,19.3));
#3898 = VECTOR('',#3899,1.);
#3899 = DIRECTION('',(1.110223024625E-16,-1.,0.));
#3900 = PCURVE('',#493,#3901);
#3901 = DEFINITIONAL_REPRESENTATION('',(#3902),#3906);
#3902 = LINE('',#3903,#3904);
#3903 = CARTESIAN_POINT('',(3.330669073875E-16,3.));
#3904 = VECTOR('',#3905,1.);
#3905 = DIRECTION('',(1.,0.));
#3906 = ( GEOMETRIC_REPRESENTATION_CONTEXT(2) 
PARAMETRIC_REPRESENTATION_CONTEXT() REPRESENTATION_CONTEXT('2D SPACE',''
  ) );
#3907 = PCURVE('',#575,#3908);
#3908 = DEFINITIONAL_REPRESENTATION('',(#3909),#3913);
#3909 = LINE('',#3910,#3911);
#3910 = CARTESIAN_POINT('',(0.,0.));
#3911 = VECTOR('',#3912,1.);
#3912 = DIRECTION('',(0.,1.));
#3913 = ( GEOMETRIC_REPRESENTATION_CONTEXT(2) 
PARAMETRIC_REPRESENTATION_CONTEXT() REPRESENTATION_CONTEXT('2D SPACE',''
  ) );
#3914 = ORIENTED_EDGE('',*,*,#475,.T.);
#3915 = ORIENTED_EDGE('',*,*,#3916,.T.);
#3916 = EDGE_CURVE('',#478,#3917,#3919,.T.);
#3917 = VERTEX_POINT('',#3918);
#3918 = CARTESIAN_POINT('',(78.,70.05,19.3));
#3919 = SURFACE_CURVE('',#3920,(#3924,#3931),.PCURVE_S1.);
#3920 = LINE('',#3921,#3922);
#3921 = CARTESIAN_POINT('',(78.,72.7,19.3));
#3922 = VECTOR('',#3923,1.);
#3923 = DIRECTION('',(1.110223024625E-16,-1.,0.));
#3924 = PCURVE('',#493,#3925);
#3925 = DEFINITIONAL_REPRESENTATION('',(#3926),#3930);
#3926 = LINE('',#3927,#3928);
#3927 = CARTESIAN_POINT('',(0.,0.));
#3928 = VECTOR('',#3929,1.);
#3929 = DIRECTION('',(1.,0.));
#3930 = ( GEOMETRIC_REPRESENTATION_CONTEXT(2) 
PARAMETRIC_REPRESENTATION_CONTEXT() REPRESENTATION_CONTEXT('2D SPACE',''
  ) );
#3931 = PCURVE('',#521,#3932);
#3932 = DEFINITIONAL_REPRESENTATION('',(#3933),#3937);
#3933 = LINE('',#3934,#3935);
#3934 = CARTESIAN_POINT('',(0.,0.));
#3935 = VECTOR('',#3936,1.);
#3936 = DIRECTION('',(0.,1.));
#3937 = ( GEOMETRIC_REPRESENTATION_CONTEXT(2) 
PARAMETRIC_REPRESENTATION_CONTEXT() REPRESENTATION_CONTEXT('2D SPACE',''
  ) );
#3938 = ORIENTED_EDGE('',*,*,#3939,.F.);
#3939 = EDGE_CURVE('',#3893,#3917,#3940,.T.);
#3940 = SURFACE_CURVE('',#3941,(#3945,#3952),.PCURVE_S1.);
#3941 = LINE('',#3942,#3943);
#3942 = CARTESIAN_POINT('',(32.325,70.05,19.3));
#3943 = VECTOR('',#3944,1.);
#3944 = DIRECTION('',(-1.,-1.110223024625E-16,0.));
#3945 = PCURVE('',#493,#3946);
#3946 = DEFINITIONAL_REPRESENTATION('',(#3947),#3951);
#3947 = LINE('',#3948,#3949);
#3948 = CARTESIAN_POINT('',(2.65,-45.675));
#3949 = VECTOR('',#3950,1.);
#3950 = DIRECTION('',(0.,-1.));
#3951 = ( GEOMETRIC_REPRESENTATION_CONTEXT(2) 
PARAMETRIC_REPRESENTATION_CONTEXT() REPRESENTATION_CONTEXT('2D SPACE',''
  ) );
#3952 = PCURVE('',#2865,#3953);
#3953 = DEFINITIONAL_REPRESENTATION('',(#3954),#3958);
#3954 = LINE('',#3955,#3956);
#3955 = CARTESIAN_POINT('',(2.8,-45.675));
#3956 = VECTOR('',#3957,1.);
#3957 = DIRECTION('',(0.,1.));
#3958 = ( GEOMETRIC_REPRESENTATION_CONTEXT(2) 
PARAMETRIC_REPRESENTATION_CONTEXT() REPRESENTATION_CONTEXT('2D SPACE',''
  ) );
#3959 = ADVANCED_FACE('',(#3960),#575,.F.);
#3960 = FACE_BOUND('',#3961,.F.);
#3961 = EDGE_LOOP('',(#3962,#3963,#3964,#3987));
#3962 = ORIENTED_EDGE('',*,*,#3892,.F.);
#3963 = ORIENTED_EDGE('',*,*,#561,.T.);
#3964 = ORIENTED_EDGE('',*,*,#3965,.T.);
#3965 = EDGE_CURVE('',#534,#3966,#3968,.T.);
#3966 = VERTEX_POINT('',#3967);
#3967 = CARTESIAN_POINT('',(81.,70.05,22.3));
#3968 = SURFACE_CURVE('',#3969,(#3973,#3980),.PCURVE_S1.);
#3969 = LINE('',#3970,#3971);
#3970 = CARTESIAN_POINT('',(81.,72.7,22.3));
#3971 = VECTOR('',#3972,1.);
#3972 = DIRECTION('',(1.110223024625E-16,-1.,0.));
#3973 = PCURVE('',#575,#3974);
#3974 = DEFINITIONAL_REPRESENTATION('',(#3975),#3979);
#3975 = LINE('',#3976,#3977);
#3976 = CARTESIAN_POINT('',(3.,0.));
#3977 = VECTOR('',#3978,1.);
#3978 = DIRECTION('',(0.,1.));
#3979 = ( GEOMETRIC_REPRESENTATION_CONTEXT(2) 
PARAMETRIC_REPRESENTATION_CONTEXT() REPRESENTATION_CONTEXT('2D SPACE',''
  ) );
#3980 = PCURVE('',#549,#3981);
#3981 = DEFINITIONAL_REPRESENTATION('',(#3982),#3986);
#3982 = LINE('',#3983,#3984);
#3983 = CARTESIAN_POINT('',(3.330669073875E-16,3.));
#3984 = VECTOR('',#3985,1.);
#3985 = DIRECTION('',(1.,0.));
#3986 = ( GEOMETRIC_REPRESENTATION_CONTEXT(2) 
PARAMETRIC_REPRESENTATION_CONTEXT() REPRESENTATION_CONTEXT('2D SPACE',''
  ) );
#3987 = ORIENTED_EDGE('',*,*,#3988,.F.);
#3988 = EDGE_CURVE('',#3893,#3966,#3989,.T.);
#3989 = SURFACE_CURVE('',#3990,(#3994,#4001),.PCURVE_S1.);
#3990 = LINE('',#3991,#3992);
#3991 = CARTESIAN_POINT('',(81.,70.05,17.9));
#3992 = VECTOR('',#3993,1.);
#3993 = DIRECTION('',(0.,0.,1.));
#3994 = PCURVE('',#575,#3995);
#3995 = DEFINITIONAL_REPRESENTATION('',(#3996),#4000);
#3996 = LINE('',#3997,#3998);
#3997 = CARTESIAN_POINT('',(-1.4,2.65));
#3998 = VECTOR('',#3999,1.);
#3999 = DIRECTION('',(1.,0.));
#4000 = ( GEOMETRIC_REPRESENTATION_CONTEXT(2) 
PARAMETRIC_REPRESENTATION_CONTEXT() REPRESENTATION_CONTEXT('2D SPACE',''
  ) );
#4001 = PCURVE('',#2865,#4002);
#4002 = DEFINITIONAL_REPRESENTATION('',(#4003),#4007);
#4003 = LINE('',#4004,#4005);
#4004 = CARTESIAN_POINT('',(1.4,-94.35));
#4005 = VECTOR('',#4006,1.);
#4006 = DIRECTION('',(1.,0.));
#4007 = ( GEOMETRIC_REPRESENTATION_CONTEXT(2) 
PARAMETRIC_REPRESENTATION_CONTEXT() REPRESENTATION_CONTEXT('2D SPACE',''
  ) );
#4008 = ADVANCED_FACE('',(#4009),#521,.T.);
#4009 = FACE_BOUND('',#4010,.T.);
#4010 = EDGE_LOOP('',(#4011,#4012,#4013,#4036));
#4011 = ORIENTED_EDGE('',*,*,#3916,.F.);
#4012 = ORIENTED_EDGE('',*,*,#505,.T.);
#4013 = ORIENTED_EDGE('',*,*,#4014,.T.);
#4014 = EDGE_CURVE('',#506,#4015,#4017,.T.);
#4015 = VERTEX_POINT('',#4016);
#4016 = CARTESIAN_POINT('',(78.,70.05,22.3));
#4017 = SURFACE_CURVE('',#4018,(#4022,#4029),.PCURVE_S1.);
#4018 = LINE('',#4019,#4020);
#4019 = CARTESIAN_POINT('',(78.,72.7,22.3));
#4020 = VECTOR('',#4021,1.);
#4021 = DIRECTION('',(1.110223024625E-16,-1.,0.));
#4022 = PCURVE('',#521,#4023);
#4023 = DEFINITIONAL_REPRESENTATION('',(#4024),#4028);
#4024 = LINE('',#4025,#4026);
#4025 = CARTESIAN_POINT('',(3.,0.));
#4026 = VECTOR('',#4027,1.);
#4027 = DIRECTION('',(0.,1.));
#4028 = ( GEOMETRIC_REPRESENTATION_CONTEXT(2) 
PARAMETRIC_REPRESENTATION_CONTEXT() REPRESENTATION_CONTEXT('2D SPACE',''
  ) );
#4029 = PCURVE('',#549,#4030);
#4030 = DEFINITIONAL_REPRESENTATION('',(#4031),#4035);
#4031 = LINE('',#4032,#4033);
#4032 = CARTESIAN_POINT('',(0.,0.));
#4033 = VECTOR('',#4034,1.);
#4034 = DIRECTION('',(1.,0.));
#4035 = ( GEOMETRIC_REPRESENTATION_CONTEXT(2) 
PARAMETRIC_REPRESENTATION_CONTEXT() REPRESENTATION_CONTEXT('2D SPACE',''
  ) );
#4036 = ORIENTED_EDGE('',*,*,#4037,.F.);
#4037 = EDGE_CURVE('',#3917,#4015,#4038,.T.);
#4038 = SURFACE_CURVE('',#4039,(#4043,#4050),.PCURVE_S1.);
#4039 = LINE('',#4040,#4041);
#4040 = CARTESIAN_POINT('',(78.,70.05,17.9));
#4041 = VECTOR('',#4042,1.);
#4042 = DIRECTION('',(0.,0.,1.));
#4043 = PCURVE('',#521,#4044);
#4044 = DEFINITIONAL_REPRESENTATION('',(#4045),#4049);
#4045 = LINE('',#4046,#4047);
#4046 = CARTESIAN_POINT('',(-1.4,2.65));
#4047 = VECTOR('',#4048,1.);
#4048 = DIRECTION('',(1.,0.));
#4049 = ( GEOMETRIC_REPRESENTATION_CONTEXT(2) 
PARAMETRIC_REPRESENTATION_CONTEXT() REPRESENTATION_CONTEXT('2D SPACE',''
  ) );
#4050 = PCURVE('',#2865,#4051);
#4051 = DEFINITIONAL_REPRESENTATION('',(#4052),#4056);
#4052 = LINE('',#4053,#4054);
#4053 = CARTESIAN_POINT('',(1.4,-91.35));
#4054 = VECTOR('',#4055,1.);
#4055 = DIRECTION('',(1.,0.));
#4056 = ( GEOMETRIC_REPRESENTATION_CONTEXT(2) 
PARAMETRIC_REPRESENTATION_CONTEXT() REPRESENTATION_CONTEXT('2D SPACE',''
  ) );
#4057 = ADVANCED_FACE('',(#4058),#549,.F.);
#4058 = FACE_BOUND('',#4059,.F.);
#4059 = EDGE_LOOP('',(#4060,#4061,#4062,#4063));
#4060 = ORIENTED_EDGE('',*,*,#3965,.F.);
#4061 = ORIENTED_EDGE('',*,*,#533,.T.);
#4062 = ORIENTED_EDGE('',*,*,#4014,.T.);
#4063 = ORIENTED_EDGE('',*,*,#4064,.F.);
#4064 = EDGE_CURVE('',#3966,#4015,#4065,.T.);
#4065 = SURFACE_CURVE('',#4066,(#4070,#4077),.PCURVE_S1.);
#4066 = LINE('',#4067,#4068);
#4067 = CARTESIAN_POINT('',(32.325,70.05,22.3));
#4068 = VECTOR('',#4069,1.);
#4069 = DIRECTION('',(-1.,-1.110223024625E-16,0.));
#4070 = PCURVE('',#549,#4071);
#4071 = DEFINITIONAL_REPRESENTATION('',(#4072),#4076);
#4072 = LINE('',#4073,#4074);
#4073 = CARTESIAN_POINT('',(2.65,-45.675));
#4074 = VECTOR('',#4075,1.);
#4075 = DIRECTION('',(0.,-1.));
#4076 = ( GEOMETRIC_REPRESENTATION_CONTEXT(2) 
PARAMETRIC_REPRESENTATION_CONTEXT() REPRESENTATION_CONTEXT('2D SPACE',''
  ) );
#4077 = PCURVE('',#2865,#4078);
#4078 = DEFINITIONAL_REPRESENTATION('',(#4079),#4083);
#4079 = LINE('',#4080,#4081);
#4080 = CARTESIAN_POINT('',(5.8,-45.675));
#4081 = VECTOR('',#4082,1.);
#4082 = DIRECTION('',(0.,1.));
#4083 = ( GEOMETRIC_REPRESENTATION_CONTEXT(2) 
PARAMETRIC_REPRESENTATION_CONTEXT() REPRESENTATION_CONTEXT('2D SPACE',''
  ) );
#4084 = ADVANCED_FACE('',(#4085),#607,.T.);
#4085 = FACE_BOUND('',#4086,.T.);
#4086 = EDGE_LOOP('',(#4087,#4110,#4111,#4134));
#4087 = ORIENTED_EDGE('',*,*,#4088,.F.);
#4088 = EDGE_CURVE('',#590,#4089,#4091,.T.);
#4089 = VERTEX_POINT('',#4090);
#4090 = CARTESIAN_POINT('',(74.,70.05,19.3));
#4091 = SURFACE_CURVE('',#4092,(#4096,#4103),.PCURVE_S1.);
#4092 = LINE('',#4093,#4094);
#4093 = CARTESIAN_POINT('',(74.,72.7,19.3));
#4094 = VECTOR('',#4095,1.);
#4095 = DIRECTION('',(1.110223024625E-16,-1.,0.));
#4096 = PCURVE('',#607,#4097);
#4097 = DEFINITIONAL_REPRESENTATION('',(#4098),#4102);
#4098 = LINE('',#4099,#4100);
#4099 = CARTESIAN_POINT('',(3.330669073875E-16,3.));
#4100 = VECTOR('',#4101,1.);
#4101 = DIRECTION('',(1.,0.));
#4102 = ( GEOMETRIC_REPRESENTATION_CONTEXT(2) 
PARAMETRIC_REPRESENTATION_CONTEXT() REPRESENTATION_CONTEXT('2D SPACE',''
  ) );
#4103 = PCURVE('',#689,#4104);
#4104 = DEFINITIONAL_REPRESENTATION('',(#4105),#4109);
#4105 = LINE('',#4106,#4107);
#4106 = CARTESIAN_POINT('',(0.,0.));
#4107 = VECTOR('',#4108,1.);
#4108 = DIRECTION('',(0.,1.));
#4109 = ( GEOMETRIC_REPRESENTATION_CONTEXT(2) 
PARAMETRIC_REPRESENTATION_CONTEXT() REPRESENTATION_CONTEXT('2D SPACE',''
  ) );
#4110 = ORIENTED_EDGE('',*,*,#589,.T.);
#4111 = ORIENTED_EDGE('',*,*,#4112,.T.);
#4112 = EDGE_CURVE('',#592,#4113,#4115,.T.);
#4113 = VERTEX_POINT('',#4114);
#4114 = CARTESIAN_POINT('',(71.,70.05,19.3));
#4115 = SURFACE_CURVE('',#4116,(#4120,#4127),.PCURVE_S1.);
#4116 = LINE('',#4117,#4118);
#4117 = CARTESIAN_POINT('',(71.,72.7,19.3));
#4118 = VECTOR('',#4119,1.);
#4119 = DIRECTION('',(1.110223024625E-16,-1.,0.));
#4120 = PCURVE('',#607,#4121);
#4121 = DEFINITIONAL_REPRESENTATION('',(#4122),#4126);
#4122 = LINE('',#4123,#4124);
#4123 = CARTESIAN_POINT('',(0.,0.));
#4124 = VECTOR('',#4125,1.);
#4125 = DIRECTION('',(1.,0.));
#4126 = ( GEOMETRIC_REPRESENTATION_CONTEXT(2) 
PARAMETRIC_REPRESENTATION_CONTEXT() REPRESENTATION_CONTEXT('2D SPACE',''
  ) );
#4127 = PCURVE('',#635,#4128);
#4128 = DEFINITIONAL_REPRESENTATION('',(#4129),#4133);
#4129 = LINE('',#4130,#4131);
#4130 = CARTESIAN_POINT('',(0.,0.));
#4131 = VECTOR('',#4132,1.);
#4132 = DIRECTION('',(0.,1.));
#4133 = ( GEOMETRIC_REPRESENTATION_CONTEXT(2) 
PARAMETRIC_REPRESENTATION_CONTEXT() REPRESENTATION_CONTEXT('2D SPACE',''
  ) );
#4134 = ORIENTED_EDGE('',*,*,#4135,.F.);
#4135 = EDGE_CURVE('',#4089,#4113,#4136,.T.);
#4136 = SURFACE_CURVE('',#4137,(#4141,#4148),.PCURVE_S1.);
#4137 = LINE('',#4138,#4139);
#4138 = CARTESIAN_POINT('',(28.825,70.05,19.3));
#4139 = VECTOR('',#4140,1.);
#4140 = DIRECTION('',(-1.,-1.110223024625E-16,0.));
#4141 = PCURVE('',#607,#4142);
#4142 = DEFINITIONAL_REPRESENTATION('',(#4143),#4147);
#4143 = LINE('',#4144,#4145);
#4144 = CARTESIAN_POINT('',(2.65,-42.175));
#4145 = VECTOR('',#4146,1.);
#4146 = DIRECTION('',(0.,-1.));
#4147 = ( GEOMETRIC_REPRESENTATION_CONTEXT(2) 
PARAMETRIC_REPRESENTATION_CONTEXT() REPRESENTATION_CONTEXT('2D SPACE',''
  ) );
#4148 = PCURVE('',#2865,#4149);
#4149 = DEFINITIONAL_REPRESENTATION('',(#4150),#4154);
#4150 = LINE('',#4151,#4152);
#4151 = CARTESIAN_POINT('',(2.8,-42.175));
#4152 = VECTOR('',#4153,1.);
#4153 = DIRECTION('',(0.,1.));
#4154 = ( GEOMETRIC_REPRESENTATION_CONTEXT(2) 
PARAMETRIC_REPRESENTATION_CONTEXT() REPRESENTATION_CONTEXT('2D SPACE',''
  ) );
#4155 = ADVANCED_FACE('',(#4156),#689,.F.);
#4156 = FACE_BOUND('',#4157,.F.);
#4157 = EDGE_LOOP('',(#4158,#4159,#4160,#4183));
#4158 = ORIENTED_EDGE('',*,*,#4088,.F.);
#4159 = ORIENTED_EDGE('',*,*,#675,.T.);
#4160 = ORIENTED_EDGE('',*,*,#4161,.T.);
#4161 = EDGE_CURVE('',#648,#4162,#4164,.T.);
#4162 = VERTEX_POINT('',#4163);
#4163 = CARTESIAN_POINT('',(74.,70.05,22.3));
#4164 = SURFACE_CURVE('',#4165,(#4169,#4176),.PCURVE_S1.);
#4165 = LINE('',#4166,#4167);
#4166 = CARTESIAN_POINT('',(74.,72.7,22.3));
#4167 = VECTOR('',#4168,1.);
#4168 = DIRECTION('',(1.110223024625E-16,-1.,0.));
#4169 = PCURVE('',#689,#4170);
#4170 = DEFINITIONAL_REPRESENTATION('',(#4171),#4175);
#4171 = LINE('',#4172,#4173);
#4172 = CARTESIAN_POINT('',(3.,0.));
#4173 = VECTOR('',#4174,1.);
#4174 = DIRECTION('',(0.,1.));
#4175 = ( GEOMETRIC_REPRESENTATION_CONTEXT(2) 
PARAMETRIC_REPRESENTATION_CONTEXT() REPRESENTATION_CONTEXT('2D SPACE',''
  ) );
#4176 = PCURVE('',#663,#4177);
#4177 = DEFINITIONAL_REPRESENTATION('',(#4178),#4182);
#4178 = LINE('',#4179,#4180);
#4179 = CARTESIAN_POINT('',(3.330669073875E-16,3.));
#4180 = VECTOR('',#4181,1.);
#4181 = DIRECTION('',(1.,0.));
#4182 = ( GEOMETRIC_REPRESENTATION_CONTEXT(2) 
PARAMETRIC_REPRESENTATION_CONTEXT() REPRESENTATION_CONTEXT('2D SPACE',''
  ) );
#4183 = ORIENTED_EDGE('',*,*,#4184,.F.);
#4184 = EDGE_CURVE('',#4089,#4162,#4185,.T.);
#4185 = SURFACE_CURVE('',#4186,(#4190,#4197),.PCURVE_S1.);
#4186 = LINE('',#4187,#4188);
#4187 = CARTESIAN_POINT('',(74.,70.05,17.9));
#4188 = VECTOR('',#4189,1.);
#4189 = DIRECTION('',(0.,0.,1.));
#4190 = PCURVE('',#689,#4191);
#4191 = DEFINITIONAL_REPRESENTATION('',(#4192),#4196);
#4192 = LINE('',#4193,#4194);
#4193 = CARTESIAN_POINT('',(-1.4,2.65));
#4194 = VECTOR('',#4195,1.);
#4195 = DIRECTION('',(1.,0.));
#4196 = ( GEOMETRIC_REPRESENTATION_CONTEXT(2) 
PARAMETRIC_REPRESENTATION_CONTEXT() REPRESENTATION_CONTEXT('2D SPACE',''
  ) );
#4197 = PCURVE('',#2865,#4198);
#4198 = DEFINITIONAL_REPRESENTATION('',(#4199),#4203);
#4199 = LINE('',#4200,#4201);
#4200 = CARTESIAN_POINT('',(1.4,-87.35));
#4201 = VECTOR('',#4202,1.);
#4202 = DIRECTION('',(1.,0.));
#4203 = ( GEOMETRIC_REPRESENTATION_CONTEXT(2) 
PARAMETRIC_REPRESENTATION_CONTEXT() REPRESENTATION_CONTEXT('2D SPACE',''
  ) );
#4204 = ADVANCED_FACE('',(#4205),#635,.T.);
#4205 = FACE_BOUND('',#4206,.T.);
#4206 = EDGE_LOOP('',(#4207,#4208,#4209,#4232));
#4207 = ORIENTED_EDGE('',*,*,#4112,.F.);
#4208 = ORIENTED_EDGE('',*,*,#619,.T.);
#4209 = ORIENTED_EDGE('',*,*,#4210,.T.);
#4210 = EDGE_CURVE('',#620,#4211,#4213,.T.);
#4211 = VERTEX_POINT('',#4212);
#4212 = CARTESIAN_POINT('',(71.,70.05,22.3));
#4213 = SURFACE_CURVE('',#4214,(#4218,#4225),.PCURVE_S1.);
#4214 = LINE('',#4215,#4216);
#4215 = CARTESIAN_POINT('',(71.,72.7,22.3));
#4216 = VECTOR('',#4217,1.);
#4217 = DIRECTION('',(1.110223024625E-16,-1.,0.));
#4218 = PCURVE('',#635,#4219);
#4219 = DEFINITIONAL_REPRESENTATION('',(#4220),#4224);
#4220 = LINE('',#4221,#4222);
#4221 = CARTESIAN_POINT('',(3.,0.));
#4222 = VECTOR('',#4223,1.);
#4223 = DIRECTION('',(0.,1.));
#4224 = ( GEOMETRIC_REPRESENTATION_CONTEXT(2) 
PARAMETRIC_REPRESENTATION_CONTEXT() REPRESENTATION_CONTEXT('2D SPACE',''
  ) );
#4225 = PCURVE('',#663,#4226);
#4226 = DEFINITIONAL_REPRESENTATION('',(#4227),#4231);
#4227 = LINE('',#4228,#4229);
#4228 = CARTESIAN_POINT('',(0.,0.));
#4229 = VECTOR('',#4230,1.);
#4230 = DIRECTION('',(1.,0.));
#4231 = ( GEOMETRIC_REPRESENTATION_CONTEXT(2) 
PARAMETRIC_REPRESENTATION_CONTEXT() REPRESENTATION_CONTEXT('2D SPACE',''
  ) );
#4232 = ORIENTED_EDGE('',*,*,#4233,.F.);
#4233 = EDGE_CURVE('',#4113,#4211,#4234,.T.);
#4234 = SURFACE_CURVE('',#4235,(#4239,#4246),.PCURVE_S1.);
#4235 = LINE('',#4236,#4237);
#4236 = CARTESIAN_POINT('',(71.,70.05,17.9));
#4237 = VECTOR('',#4238,1.);
#4238 = DIRECTION('',(0.,0.,1.));
#4239 = PCURVE('',#635,#4240);
#4240 = DEFINITIONAL_REPRESENTATION('',(#4241),#4245);
#4241 = LINE('',#4242,#4243);
#4242 = CARTESIAN_POINT('',(-1.4,2.65));
#4243 = VECTOR('',#4244,1.);
#4244 = DIRECTION('',(1.,0.));
#4245 = ( GEOMETRIC_REPRESENTATION_CONTEXT(2) 
PARAMETRIC_REPRESENTATION_CONTEXT() REPRESENTATION_CONTEXT('2D SPACE',''
  ) );
#4246 = PCURVE('',#2865,#4247);
#4247 = DEFINITIONAL_REPRESENTATION('',(#4248),#4252);
#4248 = LINE('',#4249,#4250);
#4249 = CARTESIAN_POINT('',(1.4,-84.35));
#4250 = VECTOR('',#4251,1.);
#4251 = DIRECTION('',(1.,0.));
#4252 = ( GEOMETRIC_REPRESENTATION_CONTEXT(2) 
PARAMETRIC_REPRESENTATION_CONTEXT() REPRESENTATION_CONTEXT('2D SPACE',''
  ) );
#4253 = ADVANCED_FACE('',(#4254),#663,.F.);
#4254 = FACE_BOUND('',#4255,.F.);
#4255 = EDGE_LOOP('',(#4256,#4257,#4258,#4259));
#4256 = ORIENTED_EDGE('',*,*,#4161,.F.);
#4257 = ORIENTED_EDGE('',*,*,#647,.T.);
#4258 = ORIENTED_EDGE('',*,*,#4210,.T.);
#4259 = ORIENTED_EDGE('',*,*,#4260,.F.);
#4260 = EDGE_CURVE('',#4162,#4211,#4261,.T.);
#4261 = SURFACE_CURVE('',#4262,(#4266,#4273),.PCURVE_S1.);
#4262 = LINE('',#4263,#4264);
#4263 = CARTESIAN_POINT('',(28.825,70.05,22.3));
#4264 = VECTOR('',#4265,1.);
#4265 = DIRECTION('',(-1.,-1.110223024625E-16,0.));
#4266 = PCURVE('',#663,#4267);
#4267 = DEFINITIONAL_REPRESENTATION('',(#4268),#4272);
#4268 = LINE('',#4269,#4270);
#4269 = CARTESIAN_POINT('',(2.65,-42.175));
#4270 = VECTOR('',#4271,1.);
#4271 = DIRECTION('',(0.,-1.));
#4272 = ( GEOMETRIC_REPRESENTATION_CONTEXT(2) 
PARAMETRIC_REPRESENTATION_CONTEXT() REPRESENTATION_CONTEXT('2D SPACE',''
  ) );
#4273 = PCURVE('',#2865,#4274);
#4274 = DEFINITIONAL_REPRESENTATION('',(#4275),#4279);
#4275 = LINE('',#4276,#4277);
#4276 = CARTESIAN_POINT('',(5.8,-42.175));
#4277 = VECTOR('',#4278,1.);
#4278 = DIRECTION('',(0.,1.));
#4279 = ( GEOMETRIC_REPRESENTATION_CONTEXT(2) 
PARAMETRIC_REPRESENTATION_CONTEXT() REPRESENTATION_CONTEXT('2D SPACE',''
  ) );
#4280 = ADVANCED_FACE('',(#4281),#745,.F.);
#4281 = FACE_BOUND('',#4282,.F.);
#4282 = EDGE_LOOP('',(#4283,#4284,#4305,#4306));
#4283 = ORIENTED_EDGE('',*,*,#729,.T.);
#4284 = ORIENTED_EDGE('',*,*,#4285,.F.);
#4285 = EDGE_CURVE('',#2594,#730,#4286,.T.);
#4286 = SURFACE_CURVE('',#4287,(#4291,#4298),.PCURVE_S1.);
#4287 = LINE('',#4288,#4289);
#4288 = CARTESIAN_POINT('',(-15.15,3.,16.6));
#4289 = VECTOR('',#4290,1.);
#4290 = DIRECTION('',(0.,0.,1.));
#4291 = PCURVE('',#745,#4292);
#4292 = DEFINITIONAL_REPRESENTATION('',(#4293),#4297);
#4293 = LINE('',#4294,#4295);
#4294 = CARTESIAN_POINT('',(-7.2,68.85));
#4295 = VECTOR('',#4296,1.);
#4296 = DIRECTION('',(1.,0.));
#4297 = ( GEOMETRIC_REPRESENTATION_CONTEXT(2) 
PARAMETRIC_REPRESENTATION_CONTEXT() REPRESENTATION_CONTEXT('2D SPACE',''
  ) );
#4298 = PCURVE('',#778,#4299);
#4299 = DEFINITIONAL_REPRESENTATION('',(#4300),#4304);
#4300 = LINE('',#4301,#4302);
#4301 = CARTESIAN_POINT('',(-1.570796326795,-7.2));
#4302 = VECTOR('',#4303,1.);
#4303 = DIRECTION('',(-0.,1.));
#4304 = ( GEOMETRIC_REPRESENTATION_CONTEXT(2) 
PARAMETRIC_REPRESENTATION_CONTEXT() REPRESENTATION_CONTEXT('2D SPACE',''
  ) );
#4305 = ORIENTED_EDGE('',*,*,#2593,.F.);
#4306 = ORIENTED_EDGE('',*,*,#3475,.T.);
#4307 = ADVANCED_FACE('',(#4308),#863,.T.);
#4308 = FACE_BOUND('',#4309,.T.);
#4309 = EDGE_LOOP('',(#4310,#4311,#4312,#4333));
#4310 = ORIENTED_EDGE('',*,*,#2543,.F.);
#4311 = ORIENTED_EDGE('',*,*,#847,.F.);
#4312 = ORIENTED_EDGE('',*,*,#4313,.T.);
#4313 = EDGE_CURVE('',#819,#2668,#4314,.T.);
#4314 = SURFACE_CURVE('',#4315,(#4319,#4326),.PCURVE_S1.);
#4315 = LINE('',#4316,#4317);
#4316 = CARTESIAN_POINT('',(128.05,3.,26.8));
#4317 = VECTOR('',#4318,1.);
#4318 = DIRECTION('',(0.,0.,-1.));
#4319 = PCURVE('',#863,#4320);
#4320 = DEFINITIONAL_REPRESENTATION('',(#4321),#4325);
#4321 = LINE('',#4322,#4323);
#4322 = CARTESIAN_POINT('',(3.,68.85));
#4323 = VECTOR('',#4324,1.);
#4324 = DIRECTION('',(-1.,0.));
#4325 = ( GEOMETRIC_REPRESENTATION_CONTEXT(2) 
PARAMETRIC_REPRESENTATION_CONTEXT() REPRESENTATION_CONTEXT('2D SPACE',''
  ) );
#4326 = PCURVE('',#835,#4327);
#4327 = DEFINITIONAL_REPRESENTATION('',(#4328),#4332);
#4328 = LINE('',#4329,#4330);
#4329 = CARTESIAN_POINT('',(1.570796326795,3.));
#4330 = VECTOR('',#4331,1.);
#4331 = DIRECTION('',(-0.,-1.));
#4332 = ( GEOMETRIC_REPRESENTATION_CONTEXT(2) 
PARAMETRIC_REPRESENTATION_CONTEXT() REPRESENTATION_CONTEXT('2D SPACE',''
  ) );
#4333 = ORIENTED_EDGE('',*,*,#2691,.F.);
#4334 = ADVANCED_FACE('',(#4335),#778,.T.);
#4335 = FACE_BOUND('',#4336,.F.);
#4336 = EDGE_LOOP('',(#4337,#4358,#4359,#4360));
#4337 = ORIENTED_EDGE('',*,*,#4338,.F.);
#4338 = EDGE_CURVE('',#2617,#758,#4339,.T.);
#4339 = SURFACE_CURVE('',#4340,(#4344,#4351),.PCURVE_S1.);
#4340 = LINE('',#4341,#4342);
#4341 = CARTESIAN_POINT('',(-11.,-1.15,16.6));
#4342 = VECTOR('',#4343,1.);
#4343 = DIRECTION('',(0.,0.,1.));
#4344 = PCURVE('',#778,#4345);
#4345 = DEFINITIONAL_REPRESENTATION('',(#4346),#4350);
#4346 = LINE('',#4347,#4348);
#4347 = CARTESIAN_POINT('',(-0.,-7.2));
#4348 = VECTOR('',#4349,1.);
#4349 = DIRECTION('',(-0.,1.));
#4350 = ( GEOMETRIC_REPRESENTATION_CONTEXT(2) 
PARAMETRIC_REPRESENTATION_CONTEXT() REPRESENTATION_CONTEXT('2D SPACE',''
  ) );
#4351 = PCURVE('',#806,#4352);
#4352 = DEFINITIONAL_REPRESENTATION('',(#4353),#4357);
#4353 = LINE('',#4354,#4355);
#4354 = CARTESIAN_POINT('',(-7.2,-4.15));
#4355 = VECTOR('',#4356,1.);
#4356 = DIRECTION('',(1.,0.));
#4357 = ( GEOMETRIC_REPRESENTATION_CONTEXT(2) 
PARAMETRIC_REPRESENTATION_CONTEXT() REPRESENTATION_CONTEXT('2D SPACE',''
  ) );
#4358 = ORIENTED_EDGE('',*,*,#2616,.T.);
#4359 = ORIENTED_EDGE('',*,*,#4285,.T.);
#4360 = ORIENTED_EDGE('',*,*,#757,.F.);
#4361 = ADVANCED_FACE('',(#4362),#835,.T.);
#4362 = FACE_BOUND('',#4363,.T.);
#4363 = EDGE_LOOP('',(#4364,#4385,#4386,#4387));
#4364 = ORIENTED_EDGE('',*,*,#4365,.T.);
#4365 = EDGE_CURVE('',#791,#2645,#4366,.T.);
#4366 = SURFACE_CURVE('',#4367,(#4371,#4378),.PCURVE_S1.);
#4367 = LINE('',#4368,#4369);
#4368 = CARTESIAN_POINT('',(123.9,-1.15,26.8));
#4369 = VECTOR('',#4370,1.);
#4370 = DIRECTION('',(0.,0.,-1.));
#4371 = PCURVE('',#835,#4372);
#4372 = DEFINITIONAL_REPRESENTATION('',(#4373),#4377);
#4373 = LINE('',#4374,#4375);
#4374 = CARTESIAN_POINT('',(0.,3.));
#4375 = VECTOR('',#4376,1.);
#4376 = DIRECTION('',(-0.,-1.));
#4377 = ( GEOMETRIC_REPRESENTATION_CONTEXT(2) 
PARAMETRIC_REPRESENTATION_CONTEXT() REPRESENTATION_CONTEXT('2D SPACE',''
  ) );
#4378 = PCURVE('',#806,#4379);
#4379 = DEFINITIONAL_REPRESENTATION('',(#4380),#4384);
#4380 = LINE('',#4381,#4382);
#4381 = CARTESIAN_POINT('',(3.,-139.05));
#4382 = VECTOR('',#4383,1.);
#4383 = DIRECTION('',(-1.,-0.));
#4384 = ( GEOMETRIC_REPRESENTATION_CONTEXT(2) 
PARAMETRIC_REPRESENTATION_CONTEXT() REPRESENTATION_CONTEXT('2D SPACE',''
  ) );
#4385 = ORIENTED_EDGE('',*,*,#2667,.T.);
#4386 = ORIENTED_EDGE('',*,*,#4313,.F.);
#4387 = ORIENTED_EDGE('',*,*,#818,.F.);
#4388 = ADVANCED_FACE('',(#4389),#806,.T.);
#4389 = FACE_BOUND('',#4390,.T.);
#4390 = EDGE_LOOP('',(#4391,#4392,#4393,#4394));
#4391 = ORIENTED_EDGE('',*,*,#790,.F.);
#4392 = ORIENTED_EDGE('',*,*,#4338,.F.);
#4393 = ORIENTED_EDGE('',*,*,#2644,.T.);
#4394 = ORIENTED_EDGE('',*,*,#4365,.F.);
#4395 = ADVANCED_FACE('',(#4396),#922,.F.);
#4396 = FACE_BOUND('',#4397,.F.);
#4397 = EDGE_LOOP('',(#4398,#4421,#4450,#4471));
#4398 = ORIENTED_EDGE('',*,*,#4399,.F.);
#4399 = EDGE_CURVE('',#4400,#904,#4402,.T.);
#4400 = VERTEX_POINT('',#4401);
#4401 = CARTESIAN_POINT('',(8.025,37.45,24.9));
#4402 = SURFACE_CURVE('',#4403,(#4407,#4414),.PCURVE_S1.);
#4403 = LINE('',#4404,#4405);
#4404 = CARTESIAN_POINT('',(8.025,37.45,23.7));
#4405 = VECTOR('',#4406,1.);
#4406 = DIRECTION('',(0.,0.,1.));
#4407 = PCURVE('',#922,#4408);
#4408 = DEFINITIONAL_REPRESENTATION('',(#4409),#4413);
#4409 = LINE('',#4410,#4411);
#4410 = CARTESIAN_POINT('',(0.,0.));
#4411 = VECTOR('',#4412,1.);
#4412 = DIRECTION('',(0.,1.));
#4413 = ( GEOMETRIC_REPRESENTATION_CONTEXT(2) 
PARAMETRIC_REPRESENTATION_CONTEXT() REPRESENTATION_CONTEXT('2D SPACE',''
  ) );
#4414 = PCURVE('',#950,#4415);
#4415 = DEFINITIONAL_REPRESENTATION('',(#4416),#4420);
#4416 = LINE('',#4417,#4418);
#4417 = CARTESIAN_POINT('',(0.,-2.09));
#4418 = VECTOR('',#4419,1.);
#4419 = DIRECTION('',(1.,0.));
#4420 = ( GEOMETRIC_REPRESENTATION_CONTEXT(2) 
PARAMETRIC_REPRESENTATION_CONTEXT() REPRESENTATION_CONTEXT('2D SPACE',''
  ) );
#4421 = ORIENTED_EDGE('',*,*,#4422,.T.);
#4422 = EDGE_CURVE('',#4400,#4423,#4425,.T.);
#4423 = VERTEX_POINT('',#4424);
#4424 = CARTESIAN_POINT('',(5.935,35.36,24.9));
#4425 = SURFACE_CURVE('',#4426,(#4431,#4438),.PCURVE_S1.);
#4426 = CIRCLE('',#4427,2.09);
#4427 = AXIS2_PLACEMENT_3D('',#4428,#4429,#4430);
#4428 = CARTESIAN_POINT('',(8.025,35.36,24.9));
#4429 = DIRECTION('',(0.,0.,1.));
#4430 = DIRECTION('',(-1.110223024625E-16,1.,0.));
#4431 = PCURVE('',#922,#4432);
#4432 = DEFINITIONAL_REPRESENTATION('',(#4433),#4437);
#4433 = LINE('',#4434,#4435);
#4434 = CARTESIAN_POINT('',(0.,1.2));
#4435 = VECTOR('',#4436,1.);
#4436 = DIRECTION('',(1.,0.));
#4437 = ( GEOMETRIC_REPRESENTATION_CONTEXT(2) 
PARAMETRIC_REPRESENTATION_CONTEXT() REPRESENTATION_CONTEXT('2D SPACE',''
  ) );
#4438 = PCURVE('',#4439,#4444);
#4439 = PLANE('',#4440);
#4440 = AXIS2_PLACEMENT_3D('',#4441,#4442,#4443);
#4441 = CARTESIAN_POINT('',(3.835,39.55,24.9));
#4442 = DIRECTION('',(0.,0.,1.));
#4443 = DIRECTION('',(1.110223024625E-16,-1.,0.));
#4444 = DEFINITIONAL_REPRESENTATION('',(#4445),#4449);
#4445 = CIRCLE('',#4446,2.09);
#4446 = AXIS2_PLACEMENT_2D('',#4447,#4448);
#4447 = CARTESIAN_POINT('',(4.19,4.19));
#4448 = DIRECTION('',(-1.,0.));
#4449 = ( GEOMETRIC_REPRESENTATION_CONTEXT(2) 
PARAMETRIC_REPRESENTATION_CONTEXT() REPRESENTATION_CONTEXT('2D SPACE',''
  ) );
#4450 = ORIENTED_EDGE('',*,*,#4451,.T.);
#4451 = EDGE_CURVE('',#4423,#906,#4452,.T.);
#4452 = SURFACE_CURVE('',#4453,(#4457,#4464),.PCURVE_S1.);
#4453 = LINE('',#4454,#4455);
#4454 = CARTESIAN_POINT('',(5.935,35.36,23.7));
#4455 = VECTOR('',#4456,1.);
#4456 = DIRECTION('',(0.,0.,1.));
#4457 = PCURVE('',#922,#4458);
#4458 = DEFINITIONAL_REPRESENTATION('',(#4459),#4463);
#4459 = LINE('',#4460,#4461);
#4460 = CARTESIAN_POINT('',(1.570796326795,0.));
#4461 = VECTOR('',#4462,1.);
#4462 = DIRECTION('',(0.,1.));
#4463 = ( GEOMETRIC_REPRESENTATION_CONTEXT(2) 
PARAMETRIC_REPRESENTATION_CONTEXT() REPRESENTATION_CONTEXT('2D SPACE',''
  ) );
#4464 = PCURVE('',#1119,#4465);
#4465 = DEFINITIONAL_REPRESENTATION('',(#4466),#4470);
#4466 = LINE('',#4467,#4468);
#4467 = CARTESIAN_POINT('',(0.,2.09));
#4468 = VECTOR('',#4469,1.);
#4469 = DIRECTION('',(1.,0.));
#4470 = ( GEOMETRIC_REPRESENTATION_CONTEXT(2) 
PARAMETRIC_REPRESENTATION_CONTEXT() REPRESENTATION_CONTEXT('2D SPACE',''
  ) );
#4471 = ORIENTED_EDGE('',*,*,#903,.F.);
#4472 = ADVANCED_FACE('',(#4473),#950,.T.);
#4473 = FACE_BOUND('',#4474,.T.);
#4474 = EDGE_LOOP('',(#4475,#4476,#4477,#4500));
#4475 = ORIENTED_EDGE('',*,*,#934,.F.);
#4476 = ORIENTED_EDGE('',*,*,#4399,.F.);
#4477 = ORIENTED_EDGE('',*,*,#4478,.F.);
#4478 = EDGE_CURVE('',#4479,#4400,#4481,.T.);
#4479 = VERTEX_POINT('',#4480);
#4480 = CARTESIAN_POINT('',(14.79,37.45,24.9));
#4481 = SURFACE_CURVE('',#4482,(#4486,#4493),.PCURVE_S1.);
#4482 = LINE('',#4483,#4484);
#4483 = CARTESIAN_POINT('',(4.885,37.45,24.9));
#4484 = VECTOR('',#4485,1.);
#4485 = DIRECTION('',(-1.,-1.110223024625E-16,0.));
#4486 = PCURVE('',#950,#4487);
#4487 = DEFINITIONAL_REPRESENTATION('',(#4488),#4492);
#4488 = LINE('',#4489,#4490);
#4489 = CARTESIAN_POINT('',(1.2,1.05));
#4490 = VECTOR('',#4491,1.);
#4491 = DIRECTION('',(0.,1.));
#4492 = ( GEOMETRIC_REPRESENTATION_CONTEXT(2) 
PARAMETRIC_REPRESENTATION_CONTEXT() REPRESENTATION_CONTEXT('2D SPACE',''
  ) );
#4493 = PCURVE('',#4439,#4494);
#4494 = DEFINITIONAL_REPRESENTATION('',(#4495),#4499);
#4495 = LINE('',#4496,#4497);
#4496 = CARTESIAN_POINT('',(2.1,1.05));
#4497 = VECTOR('',#4498,1.);
#4498 = DIRECTION('',(0.,-1.));
#4499 = ( GEOMETRIC_REPRESENTATION_CONTEXT(2) 
PARAMETRIC_REPRESENTATION_CONTEXT() REPRESENTATION_CONTEXT('2D SPACE',''
  ) );
#4500 = ORIENTED_EDGE('',*,*,#4501,.T.);
#4501 = EDGE_CURVE('',#4479,#935,#4502,.T.);
#4502 = SURFACE_CURVE('',#4503,(#4507,#4514),.PCURVE_S1.);
#4503 = LINE('',#4504,#4505);
#4504 = CARTESIAN_POINT('',(14.79,37.45,23.7));
#4505 = VECTOR('',#4506,1.);
#4506 = DIRECTION('',(0.,0.,1.));
#4507 = PCURVE('',#950,#4508);
#4508 = DEFINITIONAL_REPRESENTATION('',(#4509),#4513);
#4509 = LINE('',#4510,#4511);
#4510 = CARTESIAN_POINT('',(0.,-8.855));
#4511 = VECTOR('',#4512,1.);
#4512 = DIRECTION('',(1.,0.));
#4513 = ( GEOMETRIC_REPRESENTATION_CONTEXT(2) 
PARAMETRIC_REPRESENTATION_CONTEXT() REPRESENTATION_CONTEXT('2D SPACE',''
  ) );
#4514 = PCURVE('',#979,#4515);
#4515 = DEFINITIONAL_REPRESENTATION('',(#4516),#4520);
#4516 = LINE('',#4517,#4518);
#4517 = CARTESIAN_POINT('',(-0.,0.));
#4518 = VECTOR('',#4519,1.);
#4519 = DIRECTION('',(-0.,1.));
#4520 = ( GEOMETRIC_REPRESENTATION_CONTEXT(2) 
PARAMETRIC_REPRESENTATION_CONTEXT() REPRESENTATION_CONTEXT('2D SPACE',''
  ) );
#4521 = ADVANCED_FACE('',(#4522),#1119,.T.);
#4522 = FACE_BOUND('',#4523,.T.);
#4523 = EDGE_LOOP('',(#4524,#4547,#4568,#4569));
#4524 = ORIENTED_EDGE('',*,*,#4525,.F.);
#4525 = EDGE_CURVE('',#4526,#1077,#4528,.T.);
#4526 = VERTEX_POINT('',#4527);
#4527 = CARTESIAN_POINT('',(5.935,35.34,24.9));
#4528 = SURFACE_CURVE('',#4529,(#4533,#4540),.PCURVE_S1.);
#4529 = LINE('',#4530,#4531);
#4530 = CARTESIAN_POINT('',(5.935,35.34,23.7));
#4531 = VECTOR('',#4532,1.);
#4532 = DIRECTION('',(0.,0.,1.));
#4533 = PCURVE('',#1119,#4534);
#4534 = DEFINITIONAL_REPRESENTATION('',(#4535),#4539);
#4535 = LINE('',#4536,#4537);
#4536 = CARTESIAN_POINT('',(0.,2.11));
#4537 = VECTOR('',#4538,1.);
#4538 = DIRECTION('',(1.,0.));
#4539 = ( GEOMETRIC_REPRESENTATION_CONTEXT(2) 
PARAMETRIC_REPRESENTATION_CONTEXT() REPRESENTATION_CONTEXT('2D SPACE',''
  ) );
#4540 = PCURVE('',#1093,#4541);
#4541 = DEFINITIONAL_REPRESENTATION('',(#4542),#4546);
#4542 = LINE('',#4543,#4544);
#4543 = CARTESIAN_POINT('',(-1.570796326795,0.));
#4544 = VECTOR('',#4545,1.);
#4545 = DIRECTION('',(-0.,1.));
#4546 = ( GEOMETRIC_REPRESENTATION_CONTEXT(2) 
PARAMETRIC_REPRESENTATION_CONTEXT() REPRESENTATION_CONTEXT('2D SPACE',''
  ) );
#4547 = ORIENTED_EDGE('',*,*,#4548,.F.);
#4548 = EDGE_CURVE('',#4423,#4526,#4549,.T.);
#4549 = SURFACE_CURVE('',#4550,(#4554,#4561),.PCURVE_S1.);
#4550 = LINE('',#4551,#4552);
#4551 = CARTESIAN_POINT('',(5.935,38.5,24.9));
#4552 = VECTOR('',#4553,1.);
#4553 = DIRECTION('',(1.110223024625E-16,-1.,0.));
#4554 = PCURVE('',#1119,#4555);
#4555 = DEFINITIONAL_REPRESENTATION('',(#4556),#4560);
#4556 = LINE('',#4557,#4558);
#4557 = CARTESIAN_POINT('',(1.2,-1.05));
#4558 = VECTOR('',#4559,1.);
#4559 = DIRECTION('',(0.,1.));
#4560 = ( GEOMETRIC_REPRESENTATION_CONTEXT(2) 
PARAMETRIC_REPRESENTATION_CONTEXT() REPRESENTATION_CONTEXT('2D SPACE',''
  ) );
#4561 = PCURVE('',#4439,#4562);
#4562 = DEFINITIONAL_REPRESENTATION('',(#4563),#4567);
#4563 = LINE('',#4564,#4565);
#4564 = CARTESIAN_POINT('',(1.05,2.1));
#4565 = VECTOR('',#4566,1.);
#4566 = DIRECTION('',(1.,0.));
#4567 = ( GEOMETRIC_REPRESENTATION_CONTEXT(2) 
PARAMETRIC_REPRESENTATION_CONTEXT() REPRESENTATION_CONTEXT('2D SPACE',''
  ) );
#4568 = ORIENTED_EDGE('',*,*,#4451,.T.);
#4569 = ORIENTED_EDGE('',*,*,#1105,.F.);
#4570 = ADVANCED_FACE('',(#4571),#979,.F.);
#4571 = FACE_BOUND('',#4572,.T.);
#4572 = EDGE_LOOP('',(#4573,#4574,#4598,#4619));
#4573 = ORIENTED_EDGE('',*,*,#4501,.F.);
#4574 = ORIENTED_EDGE('',*,*,#4575,.F.);
#4575 = EDGE_CURVE('',#4576,#4479,#4578,.T.);
#4576 = VERTEX_POINT('',#4577);
#4577 = CARTESIAN_POINT('',(16.88,35.36,24.9));
#4578 = SURFACE_CURVE('',#4579,(#4584,#4591),.PCURVE_S1.);
#4579 = CIRCLE('',#4580,2.09);
#4580 = AXIS2_PLACEMENT_3D('',#4581,#4582,#4583);
#4581 = CARTESIAN_POINT('',(14.79,35.36,24.9));
#4582 = DIRECTION('',(0.,0.,1.));
#4583 = DIRECTION('',(-1.110223024625E-16,1.,0.));
#4584 = PCURVE('',#979,#4585);
#4585 = DEFINITIONAL_REPRESENTATION('',(#4586),#4590);
#4586 = LINE('',#4587,#4588);
#4587 = CARTESIAN_POINT('',(-6.28318530718,1.2));
#4588 = VECTOR('',#4589,1.);
#4589 = DIRECTION('',(1.,-0.));
#4590 = ( GEOMETRIC_REPRESENTATION_CONTEXT(2) 
PARAMETRIC_REPRESENTATION_CONTEXT() REPRESENTATION_CONTEXT('2D SPACE',''
  ) );
#4591 = PCURVE('',#4439,#4592);
#4592 = DEFINITIONAL_REPRESENTATION('',(#4593),#4597);
#4593 = CIRCLE('',#4594,2.09);
#4594 = AXIS2_PLACEMENT_2D('',#4595,#4596);
#4595 = CARTESIAN_POINT('',(4.19,10.955));
#4596 = DIRECTION('',(-1.,0.));
#4597 = ( GEOMETRIC_REPRESENTATION_CONTEXT(2) 
PARAMETRIC_REPRESENTATION_CONTEXT() REPRESENTATION_CONTEXT('2D SPACE',''
  ) );
#4598 = ORIENTED_EDGE('',*,*,#4599,.T.);
#4599 = EDGE_CURVE('',#4576,#963,#4600,.T.);
#4600 = SURFACE_CURVE('',#4601,(#4605,#4612),.PCURVE_S1.);
#4601 = LINE('',#4602,#4603);
#4602 = CARTESIAN_POINT('',(16.88,35.36,23.7));
#4603 = VECTOR('',#4604,1.);
#4604 = DIRECTION('',(0.,0.,1.));
#4605 = PCURVE('',#979,#4606);
#4606 = DEFINITIONAL_REPRESENTATION('',(#4607),#4611);
#4607 = LINE('',#4608,#4609);
#4608 = CARTESIAN_POINT('',(-1.570796326795,0.));
#4609 = VECTOR('',#4610,1.);
#4610 = DIRECTION('',(-0.,1.));
#4611 = ( GEOMETRIC_REPRESENTATION_CONTEXT(2) 
PARAMETRIC_REPRESENTATION_CONTEXT() REPRESENTATION_CONTEXT('2D SPACE',''
  ) );
#4612 = PCURVE('',#1007,#4613);
#4613 = DEFINITIONAL_REPRESENTATION('',(#4614),#4618);
#4614 = LINE('',#4615,#4616);
#4615 = CARTESIAN_POINT('',(0.,2.09));
#4616 = VECTOR('',#4617,1.);
#4617 = DIRECTION('',(1.,0.));
#4618 = ( GEOMETRIC_REPRESENTATION_CONTEXT(2) 
PARAMETRIC_REPRESENTATION_CONTEXT() REPRESENTATION_CONTEXT('2D SPACE',''
  ) );
#4619 = ORIENTED_EDGE('',*,*,#962,.T.);
#4620 = ADVANCED_FACE('',(#4621),#1093,.F.);
#4621 = FACE_BOUND('',#4622,.T.);
#4622 = EDGE_LOOP('',(#4623,#4646,#4668,#4669));
#4623 = ORIENTED_EDGE('',*,*,#4624,.F.);
#4624 = EDGE_CURVE('',#4625,#1049,#4627,.T.);
#4625 = VERTEX_POINT('',#4626);
#4626 = CARTESIAN_POINT('',(8.025,33.25,24.9));
#4627 = SURFACE_CURVE('',#4628,(#4632,#4639),.PCURVE_S1.);
#4628 = LINE('',#4629,#4630);
#4629 = CARTESIAN_POINT('',(8.025,33.25,23.7));
#4630 = VECTOR('',#4631,1.);
#4631 = DIRECTION('',(0.,0.,1.));
#4632 = PCURVE('',#1093,#4633);
#4633 = DEFINITIONAL_REPRESENTATION('',(#4634),#4638);
#4634 = LINE('',#4635,#4636);
#4635 = CARTESIAN_POINT('',(-0.,0.));
#4636 = VECTOR('',#4637,1.);
#4637 = DIRECTION('',(-0.,1.));
#4638 = ( GEOMETRIC_REPRESENTATION_CONTEXT(2) 
PARAMETRIC_REPRESENTATION_CONTEXT() REPRESENTATION_CONTEXT('2D SPACE',''
  ) );
#4639 = PCURVE('',#1064,#4640);
#4640 = DEFINITIONAL_REPRESENTATION('',(#4641),#4645);
#4641 = LINE('',#4642,#4643);
#4642 = CARTESIAN_POINT('',(0.,-2.09));
#4643 = VECTOR('',#4644,1.);
#4644 = DIRECTION('',(1.,0.));
#4645 = ( GEOMETRIC_REPRESENTATION_CONTEXT(2) 
PARAMETRIC_REPRESENTATION_CONTEXT() REPRESENTATION_CONTEXT('2D SPACE',''
  ) );
#4646 = ORIENTED_EDGE('',*,*,#4647,.F.);
#4647 = EDGE_CURVE('',#4526,#4625,#4648,.T.);
#4648 = SURFACE_CURVE('',#4649,(#4654,#4661),.PCURVE_S1.);
#4649 = CIRCLE('',#4650,2.09);
#4650 = AXIS2_PLACEMENT_3D('',#4651,#4652,#4653);
#4651 = CARTESIAN_POINT('',(8.025,35.34,24.9));
#4652 = DIRECTION('',(-0.,0.,1.));
#4653 = DIRECTION('',(1.110223024625E-16,-1.,0.));
#4654 = PCURVE('',#1093,#4655);
#4655 = DEFINITIONAL_REPRESENTATION('',(#4656),#4660);
#4656 = LINE('',#4657,#4658);
#4657 = CARTESIAN_POINT('',(-6.28318530718,1.2));
#4658 = VECTOR('',#4659,1.);
#4659 = DIRECTION('',(1.,-0.));
#4660 = ( GEOMETRIC_REPRESENTATION_CONTEXT(2) 
PARAMETRIC_REPRESENTATION_CONTEXT() REPRESENTATION_CONTEXT('2D SPACE',''
  ) );
#4661 = PCURVE('',#4439,#4662);
#4662 = DEFINITIONAL_REPRESENTATION('',(#4663),#4667);
#4663 = CIRCLE('',#4664,2.09);
#4664 = AXIS2_PLACEMENT_2D('',#4665,#4666);
#4665 = CARTESIAN_POINT('',(4.21,4.19));
#4666 = DIRECTION('',(1.,0.));
#4667 = ( GEOMETRIC_REPRESENTATION_CONTEXT(2) 
PARAMETRIC_REPRESENTATION_CONTEXT() REPRESENTATION_CONTEXT('2D SPACE',''
  ) );
#4668 = ORIENTED_EDGE('',*,*,#4525,.T.);
#4669 = ORIENTED_EDGE('',*,*,#1076,.T.);
#4670 = ADVANCED_FACE('',(#4671),#1007,.F.);
#4671 = FACE_BOUND('',#4672,.F.);
#4672 = EDGE_LOOP('',(#4673,#4696,#4717,#4718));
#4673 = ORIENTED_EDGE('',*,*,#4674,.F.);
#4674 = EDGE_CURVE('',#4675,#992,#4677,.T.);
#4675 = VERTEX_POINT('',#4676);
#4676 = CARTESIAN_POINT('',(16.88,35.34,24.9));
#4677 = SURFACE_CURVE('',#4678,(#4682,#4689),.PCURVE_S1.);
#4678 = LINE('',#4679,#4680);
#4679 = CARTESIAN_POINT('',(16.88,35.34,23.7));
#4680 = VECTOR('',#4681,1.);
#4681 = DIRECTION('',(0.,0.,1.));
#4682 = PCURVE('',#1007,#4683);
#4683 = DEFINITIONAL_REPRESENTATION('',(#4684),#4688);
#4684 = LINE('',#4685,#4686);
#4685 = CARTESIAN_POINT('',(0.,2.11));
#4686 = VECTOR('',#4687,1.);
#4687 = DIRECTION('',(1.,0.));
#4688 = ( GEOMETRIC_REPRESENTATION_CONTEXT(2) 
PARAMETRIC_REPRESENTATION_CONTEXT() REPRESENTATION_CONTEXT('2D SPACE',''
  ) );
#4689 = PCURVE('',#1036,#4690);
#4690 = DEFINITIONAL_REPRESENTATION('',(#4691),#4695);
#4691 = LINE('',#4692,#4693);
#4692 = CARTESIAN_POINT('',(1.570796326795,0.));
#4693 = VECTOR('',#4694,1.);
#4694 = DIRECTION('',(0.,1.));
#4695 = ( GEOMETRIC_REPRESENTATION_CONTEXT(2) 
PARAMETRIC_REPRESENTATION_CONTEXT() REPRESENTATION_CONTEXT('2D SPACE',''
  ) );
#4696 = ORIENTED_EDGE('',*,*,#4697,.F.);
#4697 = EDGE_CURVE('',#4576,#4675,#4698,.T.);
#4698 = SURFACE_CURVE('',#4699,(#4703,#4710),.PCURVE_S1.);
#4699 = LINE('',#4700,#4701);
#4700 = CARTESIAN_POINT('',(16.88,38.5,24.9));
#4701 = VECTOR('',#4702,1.);
#4702 = DIRECTION('',(1.110223024625E-16,-1.,0.));
#4703 = PCURVE('',#1007,#4704);
#4704 = DEFINITIONAL_REPRESENTATION('',(#4705),#4709);
#4705 = LINE('',#4706,#4707);
#4706 = CARTESIAN_POINT('',(1.2,-1.05));
#4707 = VECTOR('',#4708,1.);
#4708 = DIRECTION('',(0.,1.));
#4709 = ( GEOMETRIC_REPRESENTATION_CONTEXT(2) 
PARAMETRIC_REPRESENTATION_CONTEXT() REPRESENTATION_CONTEXT('2D SPACE',''
  ) );
#4710 = PCURVE('',#4439,#4711);
#4711 = DEFINITIONAL_REPRESENTATION('',(#4712),#4716);
#4712 = LINE('',#4713,#4714);
#4713 = CARTESIAN_POINT('',(1.05,13.045));
#4714 = VECTOR('',#4715,1.);
#4715 = DIRECTION('',(1.,0.));
#4716 = ( GEOMETRIC_REPRESENTATION_CONTEXT(2) 
PARAMETRIC_REPRESENTATION_CONTEXT() REPRESENTATION_CONTEXT('2D SPACE',''
  ) );
#4717 = ORIENTED_EDGE('',*,*,#4599,.T.);
#4718 = ORIENTED_EDGE('',*,*,#991,.F.);
#4719 = ADVANCED_FACE('',(#4720),#1064,.F.);
#4720 = FACE_BOUND('',#4721,.F.);
#4721 = EDGE_LOOP('',(#4722,#4723,#4724,#4747));
#4722 = ORIENTED_EDGE('',*,*,#1048,.F.);
#4723 = ORIENTED_EDGE('',*,*,#4624,.F.);
#4724 = ORIENTED_EDGE('',*,*,#4725,.F.);
#4725 = EDGE_CURVE('',#4726,#4625,#4728,.T.);
#4726 = VERTEX_POINT('',#4727);
#4727 = CARTESIAN_POINT('',(14.79,33.25,24.9));
#4728 = SURFACE_CURVE('',#4729,(#4733,#4740),.PCURVE_S1.);
#4729 = LINE('',#4730,#4731);
#4730 = CARTESIAN_POINT('',(4.885,33.25,24.9));
#4731 = VECTOR('',#4732,1.);
#4732 = DIRECTION('',(-1.,-1.110223024625E-16,0.));
#4733 = PCURVE('',#1064,#4734);
#4734 = DEFINITIONAL_REPRESENTATION('',(#4735),#4739);
#4735 = LINE('',#4736,#4737);
#4736 = CARTESIAN_POINT('',(1.2,1.05));
#4737 = VECTOR('',#4738,1.);
#4738 = DIRECTION('',(0.,1.));
#4739 = ( GEOMETRIC_REPRESENTATION_CONTEXT(2) 
PARAMETRIC_REPRESENTATION_CONTEXT() REPRESENTATION_CONTEXT('2D SPACE',''
  ) );
#4740 = PCURVE('',#4439,#4741);
#4741 = DEFINITIONAL_REPRESENTATION('',(#4742),#4746);
#4742 = LINE('',#4743,#4744);
#4743 = CARTESIAN_POINT('',(6.3,1.05));
#4744 = VECTOR('',#4745,1.);
#4745 = DIRECTION('',(0.,-1.));
#4746 = ( GEOMETRIC_REPRESENTATION_CONTEXT(2) 
PARAMETRIC_REPRESENTATION_CONTEXT() REPRESENTATION_CONTEXT('2D SPACE',''
  ) );
#4747 = ORIENTED_EDGE('',*,*,#4748,.T.);
#4748 = EDGE_CURVE('',#4726,#1020,#4749,.T.);
#4749 = SURFACE_CURVE('',#4750,(#4754,#4761),.PCURVE_S1.);
#4750 = LINE('',#4751,#4752);
#4751 = CARTESIAN_POINT('',(14.79,33.25,23.7));
#4752 = VECTOR('',#4753,1.);
#4753 = DIRECTION('',(0.,0.,1.));
#4754 = PCURVE('',#1064,#4755);
#4755 = DEFINITIONAL_REPRESENTATION('',(#4756),#4760);
#4756 = LINE('',#4757,#4758);
#4757 = CARTESIAN_POINT('',(0.,-8.855));
#4758 = VECTOR('',#4759,1.);
#4759 = DIRECTION('',(1.,0.));
#4760 = ( GEOMETRIC_REPRESENTATION_CONTEXT(2) 
PARAMETRIC_REPRESENTATION_CONTEXT() REPRESENTATION_CONTEXT('2D SPACE',''
  ) );
#4761 = PCURVE('',#1036,#4762);
#4762 = DEFINITIONAL_REPRESENTATION('',(#4763),#4767);
#4763 = LINE('',#4764,#4765);
#4764 = CARTESIAN_POINT('',(0.,0.));
#4765 = VECTOR('',#4766,1.);
#4766 = DIRECTION('',(0.,1.));
#4767 = ( GEOMETRIC_REPRESENTATION_CONTEXT(2) 
PARAMETRIC_REPRESENTATION_CONTEXT() REPRESENTATION_CONTEXT('2D SPACE',''
  ) );
#4768 = ADVANCED_FACE('',(#4769),#1036,.F.);
#4769 = FACE_BOUND('',#4770,.F.);
#4770 = EDGE_LOOP('',(#4771,#4772,#4794,#4795));
#4771 = ORIENTED_EDGE('',*,*,#4748,.F.);
#4772 = ORIENTED_EDGE('',*,*,#4773,.T.);
#4773 = EDGE_CURVE('',#4726,#4675,#4774,.T.);
#4774 = SURFACE_CURVE('',#4775,(#4780,#4787),.PCURVE_S1.);
#4775 = CIRCLE('',#4776,2.09);
#4776 = AXIS2_PLACEMENT_3D('',#4777,#4778,#4779);
#4777 = CARTESIAN_POINT('',(14.79,35.34,24.9));
#4778 = DIRECTION('',(-0.,0.,1.));
#4779 = DIRECTION('',(1.110223024625E-16,-1.,0.));
#4780 = PCURVE('',#1036,#4781);
#4781 = DEFINITIONAL_REPRESENTATION('',(#4782),#4786);
#4782 = LINE('',#4783,#4784);
#4783 = CARTESIAN_POINT('',(0.,1.2));
#4784 = VECTOR('',#4785,1.);
#4785 = DIRECTION('',(1.,0.));
#4786 = ( GEOMETRIC_REPRESENTATION_CONTEXT(2) 
PARAMETRIC_REPRESENTATION_CONTEXT() REPRESENTATION_CONTEXT('2D SPACE',''
  ) );
#4787 = PCURVE('',#4439,#4788);
#4788 = DEFINITIONAL_REPRESENTATION('',(#4789),#4793);
#4789 = CIRCLE('',#4790,2.09);
#4790 = AXIS2_PLACEMENT_2D('',#4791,#4792);
#4791 = CARTESIAN_POINT('',(4.21,10.955));
#4792 = DIRECTION('',(1.,0.));
#4793 = ( GEOMETRIC_REPRESENTATION_CONTEXT(2) 
PARAMETRIC_REPRESENTATION_CONTEXT() REPRESENTATION_CONTEXT('2D SPACE',''
  ) );
#4794 = ORIENTED_EDGE('',*,*,#4674,.T.);
#4795 = ORIENTED_EDGE('',*,*,#1019,.F.);
#4796 = ADVANCED_FACE('',(#4797),#1152,.F.);
#4797 = FACE_BOUND('',#4798,.F.);
#4798 = EDGE_LOOP('',(#4799,#4822,#4851,#4872));
#4799 = ORIENTED_EDGE('',*,*,#4800,.F.);
#4800 = EDGE_CURVE('',#4801,#1134,#4803,.T.);
#4801 = VERTEX_POINT('',#4802);
#4802 = CARTESIAN_POINT('',(24.45,52.55,23.8));
#4803 = SURFACE_CURVE('',#4804,(#4808,#4815),.PCURVE_S1.);
#4804 = LINE('',#4805,#4806);
#4805 = CARTESIAN_POINT('',(24.45,52.55,23.7));
#4806 = VECTOR('',#4807,1.);
#4807 = DIRECTION('',(0.,0.,1.));
#4808 = PCURVE('',#1152,#4809);
#4809 = DEFINITIONAL_REPRESENTATION('',(#4810),#4814);
#4810 = LINE('',#4811,#4812);
#4811 = CARTESIAN_POINT('',(0.,0.));
#4812 = VECTOR('',#4813,1.);
#4813 = DIRECTION('',(0.,1.));
#4814 = ( GEOMETRIC_REPRESENTATION_CONTEXT(2) 
PARAMETRIC_REPRESENTATION_CONTEXT() REPRESENTATION_CONTEXT('2D SPACE',''
  ) );
#4815 = PCURVE('',#1180,#4816);
#4816 = DEFINITIONAL_REPRESENTATION('',(#4817),#4821);
#4817 = LINE('',#4818,#4819);
#4818 = CARTESIAN_POINT('',(0.,-2.));
#4819 = VECTOR('',#4820,1.);
#4820 = DIRECTION('',(1.,0.));
#4821 = ( GEOMETRIC_REPRESENTATION_CONTEXT(2) 
PARAMETRIC_REPRESENTATION_CONTEXT() REPRESENTATION_CONTEXT('2D SPACE',''
  ) );
#4822 = ORIENTED_EDGE('',*,*,#4823,.T.);
#4823 = EDGE_CURVE('',#4801,#4824,#4826,.T.);
#4824 = VERTEX_POINT('',#4825);
#4825 = CARTESIAN_POINT('',(22.45,50.55,23.8));
#4826 = SURFACE_CURVE('',#4827,(#4832,#4839),.PCURVE_S1.);
#4827 = CIRCLE('',#4828,2.);
#4828 = AXIS2_PLACEMENT_3D('',#4829,#4830,#4831);
#4829 = CARTESIAN_POINT('',(24.45,50.55,23.8));
#4830 = DIRECTION('',(0.,0.,1.));
#4831 = DIRECTION('',(-1.110223024625E-16,1.,0.));
#4832 = PCURVE('',#1152,#4833);
#4833 = DEFINITIONAL_REPRESENTATION('',(#4834),#4838);
#4834 = LINE('',#4835,#4836);
#4835 = CARTESIAN_POINT('',(0.,0.1));
#4836 = VECTOR('',#4837,1.);
#4837 = DIRECTION('',(1.,0.));
#4838 = ( GEOMETRIC_REPRESENTATION_CONTEXT(2) 
PARAMETRIC_REPRESENTATION_CONTEXT() REPRESENTATION_CONTEXT('2D SPACE',''
  ) );
#4839 = PCURVE('',#4840,#4845);
#4840 = PLANE('',#4841);
#4841 = AXIS2_PLACEMENT_3D('',#4842,#4843,#4844);
#4842 = CARTESIAN_POINT('',(-15.15,71.85,23.8));
#4843 = DIRECTION('',(0.,0.,1.));
#4844 = DIRECTION('',(1.110223024625E-16,-1.,0.));
#4845 = DEFINITIONAL_REPRESENTATION('',(#4846),#4850);
#4846 = CIRCLE('',#4847,2.);
#4847 = AXIS2_PLACEMENT_2D('',#4848,#4849);
#4848 = CARTESIAN_POINT('',(21.3,39.6));
#4849 = DIRECTION('',(-1.,0.));
#4850 = ( GEOMETRIC_REPRESENTATION_CONTEXT(2) 
PARAMETRIC_REPRESENTATION_CONTEXT() REPRESENTATION_CONTEXT('2D SPACE',''
  ) );
#4851 = ORIENTED_EDGE('',*,*,#4852,.T.);
#4852 = EDGE_CURVE('',#4824,#1136,#4853,.T.);
#4853 = SURFACE_CURVE('',#4854,(#4858,#4865),.PCURVE_S1.);
#4854 = LINE('',#4855,#4856);
#4855 = CARTESIAN_POINT('',(22.45,50.55,23.7));
#4856 = VECTOR('',#4857,1.);
#4857 = DIRECTION('',(0.,0.,1.));
#4858 = PCURVE('',#1152,#4859);
#4859 = DEFINITIONAL_REPRESENTATION('',(#4860),#4864);
#4860 = LINE('',#4861,#4862);
#4861 = CARTESIAN_POINT('',(1.570796326795,0.));
#4862 = VECTOR('',#4863,1.);
#4863 = DIRECTION('',(0.,1.));
#4864 = ( GEOMETRIC_REPRESENTATION_CONTEXT(2) 
PARAMETRIC_REPRESENTATION_CONTEXT() REPRESENTATION_CONTEXT('2D SPACE',''
  ) );
#4865 = PCURVE('',#1349,#4866);
#4866 = DEFINITIONAL_REPRESENTATION('',(#4867),#4871);
#4867 = LINE('',#4868,#4869);
#4868 = CARTESIAN_POINT('',(0.,2.));
#4869 = VECTOR('',#4870,1.);
#4870 = DIRECTION('',(1.,0.));
#4871 = ( GEOMETRIC_REPRESENTATION_CONTEXT(2) 
PARAMETRIC_REPRESENTATION_CONTEXT() REPRESENTATION_CONTEXT('2D SPACE',''
  ) );
#4872 = ORIENTED_EDGE('',*,*,#1133,.F.);
#4873 = ADVANCED_FACE('',(#4874),#1180,.T.);
#4874 = FACE_BOUND('',#4875,.T.);
#4875 = EDGE_LOOP('',(#4876,#4877,#4878,#4901));
#4876 = ORIENTED_EDGE('',*,*,#1164,.F.);
#4877 = ORIENTED_EDGE('',*,*,#4800,.F.);
#4878 = ORIENTED_EDGE('',*,*,#4879,.T.);
#4879 = EDGE_CURVE('',#4801,#4880,#4882,.T.);
#4880 = VERTEX_POINT('',#4881);
#4881 = CARTESIAN_POINT('',(88.45,52.55,23.8));
#4882 = SURFACE_CURVE('',#4883,(#4887,#4894),.PCURVE_S1.);
#4883 = LINE('',#4884,#4885);
#4884 = CARTESIAN_POINT('',(3.65,52.55,23.8));
#4885 = VECTOR('',#4886,1.);
#4886 = DIRECTION('',(1.,1.110223024625E-16,0.));
#4887 = PCURVE('',#1180,#4888);
#4888 = DEFINITIONAL_REPRESENTATION('',(#4889),#4893);
#4889 = LINE('',#4890,#4891);
#4890 = CARTESIAN_POINT('',(0.1,18.8));
#4891 = VECTOR('',#4892,1.);
#4892 = DIRECTION('',(0.,-1.));
#4893 = ( GEOMETRIC_REPRESENTATION_CONTEXT(2) 
PARAMETRIC_REPRESENTATION_CONTEXT() REPRESENTATION_CONTEXT('2D SPACE',''
  ) );
#4894 = PCURVE('',#4840,#4895);
#4895 = DEFINITIONAL_REPRESENTATION('',(#4896),#4900);
#4896 = LINE('',#4897,#4898);
#4897 = CARTESIAN_POINT('',(19.3,18.8));
#4898 = VECTOR('',#4899,1.);
#4899 = DIRECTION('',(0.,1.));
#4900 = ( GEOMETRIC_REPRESENTATION_CONTEXT(2) 
PARAMETRIC_REPRESENTATION_CONTEXT() REPRESENTATION_CONTEXT('2D SPACE',''
  ) );
#4901 = ORIENTED_EDGE('',*,*,#4902,.T.);
#4902 = EDGE_CURVE('',#4880,#1165,#4903,.T.);
#4903 = SURFACE_CURVE('',#4904,(#4908,#4915),.PCURVE_S1.);
#4904 = LINE('',#4905,#4906);
#4905 = CARTESIAN_POINT('',(88.45,52.55,23.7));
#4906 = VECTOR('',#4907,1.);
#4907 = DIRECTION('',(0.,0.,1.));
#4908 = PCURVE('',#1180,#4909);
#4909 = DEFINITIONAL_REPRESENTATION('',(#4910),#4914);
#4910 = LINE('',#4911,#4912);
#4911 = CARTESIAN_POINT('',(0.,-66.));
#4912 = VECTOR('',#4913,1.);
#4913 = DIRECTION('',(1.,0.));
#4914 = ( GEOMETRIC_REPRESENTATION_CONTEXT(2) 
PARAMETRIC_REPRESENTATION_CONTEXT() REPRESENTATION_CONTEXT('2D SPACE',''
  ) );
#4915 = PCURVE('',#1209,#4916);
#4916 = DEFINITIONAL_REPRESENTATION('',(#4917),#4921);
#4917 = LINE('',#4918,#4919);
#4918 = CARTESIAN_POINT('',(-0.,0.));
#4919 = VECTOR('',#4920,1.);
#4920 = DIRECTION('',(-0.,1.));
#4921 = ( GEOMETRIC_REPRESENTATION_CONTEXT(2) 
PARAMETRIC_REPRESENTATION_CONTEXT() REPRESENTATION_CONTEXT('2D SPACE',''
  ) );
#4922 = ADVANCED_FACE('',(#4923),#1349,.T.);
#4923 = FACE_BOUND('',#4924,.T.);
#4924 = EDGE_LOOP('',(#4925,#4948,#4949,#4950));
#4925 = ORIENTED_EDGE('',*,*,#4926,.T.);
#4926 = EDGE_CURVE('',#4927,#4824,#4929,.T.);
#4927 = VERTEX_POINT('',#4928);
#4928 = CARTESIAN_POINT('',(22.45,20.15,23.8));
#4929 = SURFACE_CURVE('',#4930,(#4934,#4941),.PCURVE_S1.);
#4930 = LINE('',#4931,#4932);
#4931 = CARTESIAN_POINT('',(22.45,62.2,23.8));
#4932 = VECTOR('',#4933,1.);
#4933 = DIRECTION('',(-1.110223024625E-16,1.,0.));
#4934 = PCURVE('',#1349,#4935);
#4935 = DEFINITIONAL_REPRESENTATION('',(#4936),#4940);
#4936 = LINE('',#4937,#4938);
#4937 = CARTESIAN_POINT('',(0.1,-9.65));
#4938 = VECTOR('',#4939,1.);
#4939 = DIRECTION('',(0.,-1.));
#4940 = ( GEOMETRIC_REPRESENTATION_CONTEXT(2) 
PARAMETRIC_REPRESENTATION_CONTEXT() REPRESENTATION_CONTEXT('2D SPACE',''
  ) );
#4941 = PCURVE('',#4840,#4942);
#4942 = DEFINITIONAL_REPRESENTATION('',(#4943),#4947);
#4943 = LINE('',#4944,#4945);
#4944 = CARTESIAN_POINT('',(9.65,37.6));
#4945 = VECTOR('',#4946,1.);
#4946 = DIRECTION('',(-1.,0.));
#4947 = ( GEOMETRIC_REPRESENTATION_CONTEXT(2) 
PARAMETRIC_REPRESENTATION_CONTEXT() REPRESENTATION_CONTEXT('2D SPACE',''
  ) );
#4948 = ORIENTED_EDGE('',*,*,#4852,.T.);
#4949 = ORIENTED_EDGE('',*,*,#1335,.F.);
#4950 = ORIENTED_EDGE('',*,*,#4951,.F.);
#4951 = EDGE_CURVE('',#4927,#1307,#4952,.T.);
#4952 = SURFACE_CURVE('',#4953,(#4957,#4964),.PCURVE_S1.);
#4953 = LINE('',#4954,#4955);
#4954 = CARTESIAN_POINT('',(22.45,20.15,23.7));
#4955 = VECTOR('',#4956,1.);
#4956 = DIRECTION('',(0.,0.,1.));
#4957 = PCURVE('',#1349,#4958);
#4958 = DEFINITIONAL_REPRESENTATION('',(#4959),#4963);
#4959 = LINE('',#4960,#4961);
#4960 = CARTESIAN_POINT('',(0.,32.4));
#4961 = VECTOR('',#4962,1.);
#4962 = DIRECTION('',(1.,0.));
#4963 = ( GEOMETRIC_REPRESENTATION_CONTEXT(2) 
PARAMETRIC_REPRESENTATION_CONTEXT() REPRESENTATION_CONTEXT('2D SPACE',''
  ) );
#4964 = PCURVE('',#1323,#4965);
#4965 = DEFINITIONAL_REPRESENTATION('',(#4966),#4970);
#4966 = LINE('',#4967,#4968);
#4967 = CARTESIAN_POINT('',(-1.570796326795,0.));
#4968 = VECTOR('',#4969,1.);
#4969 = DIRECTION('',(-0.,1.));
#4970 = ( GEOMETRIC_REPRESENTATION_CONTEXT(2) 
PARAMETRIC_REPRESENTATION_CONTEXT() REPRESENTATION_CONTEXT('2D SPACE',''
  ) );
#4971 = ADVANCED_FACE('',(#4972),#1209,.F.);
#4972 = FACE_BOUND('',#4973,.T.);
#4973 = EDGE_LOOP('',(#4974,#4975,#4999,#5020));
#4974 = ORIENTED_EDGE('',*,*,#4902,.F.);
#4975 = ORIENTED_EDGE('',*,*,#4976,.F.);
#4976 = EDGE_CURVE('',#4977,#4880,#4979,.T.);
#4977 = VERTEX_POINT('',#4978);
#4978 = CARTESIAN_POINT('',(90.45,50.55,23.8));
#4979 = SURFACE_CURVE('',#4980,(#4985,#4992),.PCURVE_S1.);
#4980 = CIRCLE('',#4981,2.);
#4981 = AXIS2_PLACEMENT_3D('',#4982,#4983,#4984);
#4982 = CARTESIAN_POINT('',(88.45,50.55,23.8));
#4983 = DIRECTION('',(0.,0.,1.));
#4984 = DIRECTION('',(-1.110223024625E-16,1.,0.));
#4985 = PCURVE('',#1209,#4986);
#4986 = DEFINITIONAL_REPRESENTATION('',(#4987),#4991);
#4987 = LINE('',#4988,#4989);
#4988 = CARTESIAN_POINT('',(-6.28318530718,0.1));
#4989 = VECTOR('',#4990,1.);
#4990 = DIRECTION('',(1.,-0.));
#4991 = ( GEOMETRIC_REPRESENTATION_CONTEXT(2) 
PARAMETRIC_REPRESENTATION_CONTEXT() REPRESENTATION_CONTEXT('2D SPACE',''
  ) );
#4992 = PCURVE('',#4840,#4993);
#4993 = DEFINITIONAL_REPRESENTATION('',(#4994),#4998);
#4994 = CIRCLE('',#4995,2.);
#4995 = AXIS2_PLACEMENT_2D('',#4996,#4997);
#4996 = CARTESIAN_POINT('',(21.3,103.6));
#4997 = DIRECTION('',(-1.,0.));
#4998 = ( GEOMETRIC_REPRESENTATION_CONTEXT(2) 
PARAMETRIC_REPRESENTATION_CONTEXT() REPRESENTATION_CONTEXT('2D SPACE',''
  ) );
#4999 = ORIENTED_EDGE('',*,*,#5000,.T.);
#5000 = EDGE_CURVE('',#4977,#1193,#5001,.T.);
#5001 = SURFACE_CURVE('',#5002,(#5006,#5013),.PCURVE_S1.);
#5002 = LINE('',#5003,#5004);
#5003 = CARTESIAN_POINT('',(90.45,50.55,23.7));
#5004 = VECTOR('',#5005,1.);
#5005 = DIRECTION('',(0.,0.,1.));
#5006 = PCURVE('',#1209,#5007);
#5007 = DEFINITIONAL_REPRESENTATION('',(#5008),#5012);
#5008 = LINE('',#5009,#5010);
#5009 = CARTESIAN_POINT('',(-1.570796326795,0.));
#5010 = VECTOR('',#5011,1.);
#5011 = DIRECTION('',(-0.,1.));
#5012 = ( GEOMETRIC_REPRESENTATION_CONTEXT(2) 
PARAMETRIC_REPRESENTATION_CONTEXT() REPRESENTATION_CONTEXT('2D SPACE',''
  ) );
#5013 = PCURVE('',#1237,#5014);
#5014 = DEFINITIONAL_REPRESENTATION('',(#5015),#5019);
#5015 = LINE('',#5016,#5017);
#5016 = CARTESIAN_POINT('',(0.,2.));
#5017 = VECTOR('',#5018,1.);
#5018 = DIRECTION('',(1.,0.));
#5019 = ( GEOMETRIC_REPRESENTATION_CONTEXT(2) 
PARAMETRIC_REPRESENTATION_CONTEXT() REPRESENTATION_CONTEXT('2D SPACE',''
  ) );
#5020 = ORIENTED_EDGE('',*,*,#1192,.T.);
#5021 = ADVANCED_FACE('',(#5022),#1323,.F.);
#5022 = FACE_BOUND('',#5023,.T.);
#5023 = EDGE_LOOP('',(#5024,#5047,#5069,#5070));
#5024 = ORIENTED_EDGE('',*,*,#5025,.F.);
#5025 = EDGE_CURVE('',#5026,#1279,#5028,.T.);
#5026 = VERTEX_POINT('',#5027);
#5027 = CARTESIAN_POINT('',(24.45,18.15,23.8));
#5028 = SURFACE_CURVE('',#5029,(#5033,#5040),.PCURVE_S1.);
#5029 = LINE('',#5030,#5031);
#5030 = CARTESIAN_POINT('',(24.45,18.15,23.7));
#5031 = VECTOR('',#5032,1.);
#5032 = DIRECTION('',(0.,0.,1.));
#5033 = PCURVE('',#1323,#5034);
#5034 = DEFINITIONAL_REPRESENTATION('',(#5035),#5039);
#5035 = LINE('',#5036,#5037);
#5036 = CARTESIAN_POINT('',(-0.,0.));
#5037 = VECTOR('',#5038,1.);
#5038 = DIRECTION('',(-0.,1.));
#5039 = ( GEOMETRIC_REPRESENTATION_CONTEXT(2) 
PARAMETRIC_REPRESENTATION_CONTEXT() REPRESENTATION_CONTEXT('2D SPACE',''
  ) );
#5040 = PCURVE('',#1294,#5041);
#5041 = DEFINITIONAL_REPRESENTATION('',(#5042),#5046);
#5042 = LINE('',#5043,#5044);
#5043 = CARTESIAN_POINT('',(0.,-2.));
#5044 = VECTOR('',#5045,1.);
#5045 = DIRECTION('',(1.,0.));
#5046 = ( GEOMETRIC_REPRESENTATION_CONTEXT(2) 
PARAMETRIC_REPRESENTATION_CONTEXT() REPRESENTATION_CONTEXT('2D SPACE',''
  ) );
#5047 = ORIENTED_EDGE('',*,*,#5048,.F.);
#5048 = EDGE_CURVE('',#4927,#5026,#5049,.T.);
#5049 = SURFACE_CURVE('',#5050,(#5055,#5062),.PCURVE_S1.);
#5050 = CIRCLE('',#5051,2.);
#5051 = AXIS2_PLACEMENT_3D('',#5052,#5053,#5054);
#5052 = CARTESIAN_POINT('',(24.45,20.15,23.8));
#5053 = DIRECTION('',(-0.,0.,1.));
#5054 = DIRECTION('',(1.110223024625E-16,-1.,0.));
#5055 = PCURVE('',#1323,#5056);
#5056 = DEFINITIONAL_REPRESENTATION('',(#5057),#5061);
#5057 = LINE('',#5058,#5059);
#5058 = CARTESIAN_POINT('',(-6.28318530718,0.1));
#5059 = VECTOR('',#5060,1.);
#5060 = DIRECTION('',(1.,-0.));
#5061 = ( GEOMETRIC_REPRESENTATION_CONTEXT(2) 
PARAMETRIC_REPRESENTATION_CONTEXT() REPRESENTATION_CONTEXT('2D SPACE',''
  ) );
#5062 = PCURVE('',#4840,#5063);
#5063 = DEFINITIONAL_REPRESENTATION('',(#5064),#5068);
#5064 = CIRCLE('',#5065,2.);
#5065 = AXIS2_PLACEMENT_2D('',#5066,#5067);
#5066 = CARTESIAN_POINT('',(51.7,39.6));
#5067 = DIRECTION('',(1.,0.));
#5068 = ( GEOMETRIC_REPRESENTATION_CONTEXT(2) 
PARAMETRIC_REPRESENTATION_CONTEXT() REPRESENTATION_CONTEXT('2D SPACE',''
  ) );
#5069 = ORIENTED_EDGE('',*,*,#4951,.T.);
#5070 = ORIENTED_EDGE('',*,*,#1306,.T.);
#5071 = ADVANCED_FACE('',(#5072),#1237,.F.);
#5072 = FACE_BOUND('',#5073,.F.);
#5073 = EDGE_LOOP('',(#5074,#5097,#5098,#5099));
#5074 = ORIENTED_EDGE('',*,*,#5075,.T.);
#5075 = EDGE_CURVE('',#5076,#4977,#5078,.T.);
#5076 = VERTEX_POINT('',#5077);
#5077 = CARTESIAN_POINT('',(90.45,20.15,23.8));
#5078 = SURFACE_CURVE('',#5079,(#5083,#5090),.PCURVE_S1.);
#5079 = LINE('',#5080,#5081);
#5080 = CARTESIAN_POINT('',(90.45,62.2,23.8));
#5081 = VECTOR('',#5082,1.);
#5082 = DIRECTION('',(-1.110223024625E-16,1.,0.));
#5083 = PCURVE('',#1237,#5084);
#5084 = DEFINITIONAL_REPRESENTATION('',(#5085),#5089);
#5085 = LINE('',#5086,#5087);
#5086 = CARTESIAN_POINT('',(0.1,-9.65));
#5087 = VECTOR('',#5088,1.);
#5088 = DIRECTION('',(0.,-1.));
#5089 = ( GEOMETRIC_REPRESENTATION_CONTEXT(2) 
PARAMETRIC_REPRESENTATION_CONTEXT() REPRESENTATION_CONTEXT('2D SPACE',''
  ) );
#5090 = PCURVE('',#4840,#5091);
#5091 = DEFINITIONAL_REPRESENTATION('',(#5092),#5096);
#5092 = LINE('',#5093,#5094);
#5093 = CARTESIAN_POINT('',(9.65,105.6));
#5094 = VECTOR('',#5095,1.);
#5095 = DIRECTION('',(-1.,0.));
#5096 = ( GEOMETRIC_REPRESENTATION_CONTEXT(2) 
PARAMETRIC_REPRESENTATION_CONTEXT() REPRESENTATION_CONTEXT('2D SPACE',''
  ) );
#5097 = ORIENTED_EDGE('',*,*,#5000,.T.);
#5098 = ORIENTED_EDGE('',*,*,#1221,.F.);
#5099 = ORIENTED_EDGE('',*,*,#5100,.F.);
#5100 = EDGE_CURVE('',#5076,#1222,#5101,.T.);
#5101 = SURFACE_CURVE('',#5102,(#5106,#5113),.PCURVE_S1.);
#5102 = LINE('',#5103,#5104);
#5103 = CARTESIAN_POINT('',(90.45,20.15,23.7));
#5104 = VECTOR('',#5105,1.);
#5105 = DIRECTION('',(0.,0.,1.));
#5106 = PCURVE('',#1237,#5107);
#5107 = DEFINITIONAL_REPRESENTATION('',(#5108),#5112);
#5108 = LINE('',#5109,#5110);
#5109 = CARTESIAN_POINT('',(0.,32.4));
#5110 = VECTOR('',#5111,1.);
#5111 = DIRECTION('',(1.,0.));
#5112 = ( GEOMETRIC_REPRESENTATION_CONTEXT(2) 
PARAMETRIC_REPRESENTATION_CONTEXT() REPRESENTATION_CONTEXT('2D SPACE',''
  ) );
#5113 = PCURVE('',#1266,#5114);
#5114 = DEFINITIONAL_REPRESENTATION('',(#5115),#5119);
#5115 = LINE('',#5116,#5117);
#5116 = CARTESIAN_POINT('',(1.570796326795,0.));
#5117 = VECTOR('',#5118,1.);
#5118 = DIRECTION('',(0.,1.));
#5119 = ( GEOMETRIC_REPRESENTATION_CONTEXT(2) 
PARAMETRIC_REPRESENTATION_CONTEXT() REPRESENTATION_CONTEXT('2D SPACE',''
  ) );
#5120 = ADVANCED_FACE('',(#5121),#1294,.F.);
#5121 = FACE_BOUND('',#5122,.F.);
#5122 = EDGE_LOOP('',(#5123,#5124,#5125,#5148));
#5123 = ORIENTED_EDGE('',*,*,#1278,.F.);
#5124 = ORIENTED_EDGE('',*,*,#5025,.F.);
#5125 = ORIENTED_EDGE('',*,*,#5126,.T.);
#5126 = EDGE_CURVE('',#5026,#5127,#5129,.T.);
#5127 = VERTEX_POINT('',#5128);
#5128 = CARTESIAN_POINT('',(88.45,18.15,23.8));
#5129 = SURFACE_CURVE('',#5130,(#5134,#5141),.PCURVE_S1.);
#5130 = LINE('',#5131,#5132);
#5131 = CARTESIAN_POINT('',(3.65,18.15,23.8));
#5132 = VECTOR('',#5133,1.);
#5133 = DIRECTION('',(1.,1.110223024625E-16,0.));
#5134 = PCURVE('',#1294,#5135);
#5135 = DEFINITIONAL_REPRESENTATION('',(#5136),#5140);
#5136 = LINE('',#5137,#5138);
#5137 = CARTESIAN_POINT('',(0.1,18.8));
#5138 = VECTOR('',#5139,1.);
#5139 = DIRECTION('',(0.,-1.));
#5140 = ( GEOMETRIC_REPRESENTATION_CONTEXT(2) 
PARAMETRIC_REPRESENTATION_CONTEXT() REPRESENTATION_CONTEXT('2D SPACE',''
  ) );
#5141 = PCURVE('',#4840,#5142);
#5142 = DEFINITIONAL_REPRESENTATION('',(#5143),#5147);
#5143 = LINE('',#5144,#5145);
#5144 = CARTESIAN_POINT('',(53.7,18.8));
#5145 = VECTOR('',#5146,1.);
#5146 = DIRECTION('',(0.,1.));
#5147 = ( GEOMETRIC_REPRESENTATION_CONTEXT(2) 
PARAMETRIC_REPRESENTATION_CONTEXT() REPRESENTATION_CONTEXT('2D SPACE',''
  ) );
#5148 = ORIENTED_EDGE('',*,*,#5149,.T.);
#5149 = EDGE_CURVE('',#5127,#1250,#5150,.T.);
#5150 = SURFACE_CURVE('',#5151,(#5155,#5162),.PCURVE_S1.);
#5151 = LINE('',#5152,#5153);
#5152 = CARTESIAN_POINT('',(88.45,18.15,23.7));
#5153 = VECTOR('',#5154,1.);
#5154 = DIRECTION('',(0.,0.,1.));
#5155 = PCURVE('',#1294,#5156);
#5156 = DEFINITIONAL_REPRESENTATION('',(#5157),#5161);
#5157 = LINE('',#5158,#5159);
#5158 = CARTESIAN_POINT('',(0.,-66.));
#5159 = VECTOR('',#5160,1.);
#5160 = DIRECTION('',(1.,0.));
#5161 = ( GEOMETRIC_REPRESENTATION_CONTEXT(2) 
PARAMETRIC_REPRESENTATION_CONTEXT() REPRESENTATION_CONTEXT('2D SPACE',''
  ) );
#5162 = PCURVE('',#1266,#5163);
#5163 = DEFINITIONAL_REPRESENTATION('',(#5164),#5168);
#5164 = LINE('',#5165,#5166);
#5165 = CARTESIAN_POINT('',(0.,0.));
#5166 = VECTOR('',#5167,1.);
#5167 = DIRECTION('',(0.,1.));
#5168 = ( GEOMETRIC_REPRESENTATION_CONTEXT(2) 
PARAMETRIC_REPRESENTATION_CONTEXT() REPRESENTATION_CONTEXT('2D SPACE',''
  ) );
#5169 = ADVANCED_FACE('',(#5170),#1266,.F.);
#5170 = FACE_BOUND('',#5171,.F.);
#5171 = EDGE_LOOP('',(#5172,#5173,#5195,#5196));
#5172 = ORIENTED_EDGE('',*,*,#5149,.F.);
#5173 = ORIENTED_EDGE('',*,*,#5174,.T.);
#5174 = EDGE_CURVE('',#5127,#5076,#5175,.T.);
#5175 = SURFACE_CURVE('',#5176,(#5181,#5188),.PCURVE_S1.);
#5176 = CIRCLE('',#5177,2.);
#5177 = AXIS2_PLACEMENT_3D('',#5178,#5179,#5180);
#5178 = CARTESIAN_POINT('',(88.45,20.15,23.8));
#5179 = DIRECTION('',(-0.,0.,1.));
#5180 = DIRECTION('',(1.110223024625E-16,-1.,0.));
#5181 = PCURVE('',#1266,#5182);
#5182 = DEFINITIONAL_REPRESENTATION('',(#5183),#5187);
#5183 = LINE('',#5184,#5185);
#5184 = CARTESIAN_POINT('',(0.,0.1));
#5185 = VECTOR('',#5186,1.);
#5186 = DIRECTION('',(1.,0.));
#5187 = ( GEOMETRIC_REPRESENTATION_CONTEXT(2) 
PARAMETRIC_REPRESENTATION_CONTEXT() REPRESENTATION_CONTEXT('2D SPACE',''
  ) );
#5188 = PCURVE('',#4840,#5189);
#5189 = DEFINITIONAL_REPRESENTATION('',(#5190),#5194);
#5190 = CIRCLE('',#5191,2.);
#5191 = AXIS2_PLACEMENT_2D('',#5192,#5193);
#5192 = CARTESIAN_POINT('',(51.7,103.6));
#5193 = DIRECTION('',(1.,0.));
#5194 = ( GEOMETRIC_REPRESENTATION_CONTEXT(2) 
PARAMETRIC_REPRESENTATION_CONTEXT() REPRESENTATION_CONTEXT('2D SPACE',''
  ) );
#5195 = ORIENTED_EDGE('',*,*,#5100,.T.);
#5196 = ORIENTED_EDGE('',*,*,#1249,.F.);
#5197 = ADVANCED_FACE('',(#5198),#1382,.F.);
#5198 = FACE_BOUND('',#5199,.F.);
#5199 = EDGE_LOOP('',(#5200,#5223,#5247,#5268));
#5200 = ORIENTED_EDGE('',*,*,#5201,.F.);
#5201 = EDGE_CURVE('',#5202,#1364,#5204,.T.);
#5202 = VERTEX_POINT('',#5203);
#5203 = CARTESIAN_POINT('',(30.6,4.3,23.8));
#5204 = SURFACE_CURVE('',#5205,(#5209,#5216),.PCURVE_S1.);
#5205 = LINE('',#5206,#5207);
#5206 = CARTESIAN_POINT('',(30.6,4.3,23.7));
#5207 = VECTOR('',#5208,1.);
#5208 = DIRECTION('',(0.,0.,1.));
#5209 = PCURVE('',#1382,#5210);
#5210 = DEFINITIONAL_REPRESENTATION('',(#5211),#5215);
#5211 = LINE('',#5212,#5213);
#5212 = CARTESIAN_POINT('',(0.,0.));
#5213 = VECTOR('',#5214,1.);
#5214 = DIRECTION('',(0.,1.));
#5215 = ( GEOMETRIC_REPRESENTATION_CONTEXT(2) 
PARAMETRIC_REPRESENTATION_CONTEXT() REPRESENTATION_CONTEXT('2D SPACE',''
  ) );
#5216 = PCURVE('',#1410,#5217);
#5217 = DEFINITIONAL_REPRESENTATION('',(#5218),#5222);
#5218 = LINE('',#5219,#5220);
#5219 = CARTESIAN_POINT('',(0.,-0.6));
#5220 = VECTOR('',#5221,1.);
#5221 = DIRECTION('',(1.,0.));
#5222 = ( GEOMETRIC_REPRESENTATION_CONTEXT(2) 
PARAMETRIC_REPRESENTATION_CONTEXT() REPRESENTATION_CONTEXT('2D SPACE',''
  ) );
#5223 = ORIENTED_EDGE('',*,*,#5224,.T.);
#5224 = EDGE_CURVE('',#5202,#5225,#5227,.T.);
#5225 = VERTEX_POINT('',#5226);
#5226 = CARTESIAN_POINT('',(30.,3.7,23.8));
#5227 = SURFACE_CURVE('',#5228,(#5233,#5240),.PCURVE_S1.);
#5228 = CIRCLE('',#5229,0.6);
#5229 = AXIS2_PLACEMENT_3D('',#5230,#5231,#5232);
#5230 = CARTESIAN_POINT('',(30.6,3.7,23.8));
#5231 = DIRECTION('',(0.,0.,1.));
#5232 = DIRECTION('',(-1.110223024625E-16,1.,0.));
#5233 = PCURVE('',#1382,#5234);
#5234 = DEFINITIONAL_REPRESENTATION('',(#5235),#5239);
#5235 = LINE('',#5236,#5237);
#5236 = CARTESIAN_POINT('',(0.,0.1));
#5237 = VECTOR('',#5238,1.);
#5238 = DIRECTION('',(1.,0.));
#5239 = ( GEOMETRIC_REPRESENTATION_CONTEXT(2) 
PARAMETRIC_REPRESENTATION_CONTEXT() REPRESENTATION_CONTEXT('2D SPACE',''
  ) );
#5240 = PCURVE('',#4840,#5241);
#5241 = DEFINITIONAL_REPRESENTATION('',(#5242),#5246);
#5242 = CIRCLE('',#5243,0.6);
#5243 = AXIS2_PLACEMENT_2D('',#5244,#5245);
#5244 = CARTESIAN_POINT('',(68.15,45.75));
#5245 = DIRECTION('',(-1.,0.));
#5246 = ( GEOMETRIC_REPRESENTATION_CONTEXT(2) 
PARAMETRIC_REPRESENTATION_CONTEXT() REPRESENTATION_CONTEXT('2D SPACE',''
  ) );
#5247 = ORIENTED_EDGE('',*,*,#5248,.T.);
#5248 = EDGE_CURVE('',#5225,#1366,#5249,.T.);
#5249 = SURFACE_CURVE('',#5250,(#5254,#5261),.PCURVE_S1.);
#5250 = LINE('',#5251,#5252);
#5251 = CARTESIAN_POINT('',(30.,3.7,23.7));
#5252 = VECTOR('',#5253,1.);
#5253 = DIRECTION('',(0.,0.,1.));
#5254 = PCURVE('',#1382,#5255);
#5255 = DEFINITIONAL_REPRESENTATION('',(#5256),#5260);
#5256 = LINE('',#5257,#5258);
#5257 = CARTESIAN_POINT('',(1.570796326795,0.));
#5258 = VECTOR('',#5259,1.);
#5259 = DIRECTION('',(0.,1.));
#5260 = ( GEOMETRIC_REPRESENTATION_CONTEXT(2) 
PARAMETRIC_REPRESENTATION_CONTEXT() REPRESENTATION_CONTEXT('2D SPACE',''
  ) );
#5261 = PCURVE('',#1579,#5262);
#5262 = DEFINITIONAL_REPRESENTATION('',(#5263),#5267);
#5263 = LINE('',#5264,#5265);
#5264 = CARTESIAN_POINT('',(0.,0.6));
#5265 = VECTOR('',#5266,1.);
#5266 = DIRECTION('',(1.,0.));
#5267 = ( GEOMETRIC_REPRESENTATION_CONTEXT(2) 
PARAMETRIC_REPRESENTATION_CONTEXT() REPRESENTATION_CONTEXT('2D SPACE',''
  ) );
#5268 = ORIENTED_EDGE('',*,*,#1363,.F.);
#5269 = ADVANCED_FACE('',(#5270),#1410,.T.);
#5270 = FACE_BOUND('',#5271,.T.);
#5271 = EDGE_LOOP('',(#5272,#5273,#5274,#5297));
#5272 = ORIENTED_EDGE('',*,*,#1394,.F.);
#5273 = ORIENTED_EDGE('',*,*,#5201,.F.);
#5274 = ORIENTED_EDGE('',*,*,#5275,.T.);
#5275 = EDGE_CURVE('',#5202,#5276,#5278,.T.);
#5276 = VERTEX_POINT('',#5277);
#5277 = CARTESIAN_POINT('',(36.4,4.3,23.8));
#5278 = SURFACE_CURVE('',#5279,(#5283,#5290),.PCURVE_S1.);
#5279 = LINE('',#5280,#5281);
#5280 = CARTESIAN_POINT('',(7.425,4.3,23.8));
#5281 = VECTOR('',#5282,1.);
#5282 = DIRECTION('',(1.,1.110223024625E-16,0.));
#5283 = PCURVE('',#1410,#5284);
#5284 = DEFINITIONAL_REPRESENTATION('',(#5285),#5289);
#5285 = LINE('',#5286,#5287);
#5286 = CARTESIAN_POINT('',(0.1,22.575));
#5287 = VECTOR('',#5288,1.);
#5288 = DIRECTION('',(0.,-1.));
#5289 = ( GEOMETRIC_REPRESENTATION_CONTEXT(2) 
PARAMETRIC_REPRESENTATION_CONTEXT() REPRESENTATION_CONTEXT('2D SPACE',''
  ) );
#5290 = PCURVE('',#4840,#5291);
#5291 = DEFINITIONAL_REPRESENTATION('',(#5292),#5296);
#5292 = LINE('',#5293,#5294);
#5293 = CARTESIAN_POINT('',(67.55,22.575));
#5294 = VECTOR('',#5295,1.);
#5295 = DIRECTION('',(0.,1.));
#5296 = ( GEOMETRIC_REPRESENTATION_CONTEXT(2) 
PARAMETRIC_REPRESENTATION_CONTEXT() REPRESENTATION_CONTEXT('2D SPACE',''
  ) );
#5297 = ORIENTED_EDGE('',*,*,#5298,.T.);
#5298 = EDGE_CURVE('',#5276,#1395,#5299,.T.);
#5299 = SURFACE_CURVE('',#5300,(#5304,#5311),.PCURVE_S1.);
#5300 = LINE('',#5301,#5302);
#5301 = CARTESIAN_POINT('',(36.4,4.3,23.7));
#5302 = VECTOR('',#5303,1.);
#5303 = DIRECTION('',(0.,0.,1.));
#5304 = PCURVE('',#1410,#5305);
#5305 = DEFINITIONAL_REPRESENTATION('',(#5306),#5310);
#5306 = LINE('',#5307,#5308);
#5307 = CARTESIAN_POINT('',(0.,-6.4));
#5308 = VECTOR('',#5309,1.);
#5309 = DIRECTION('',(1.,0.));
#5310 = ( GEOMETRIC_REPRESENTATION_CONTEXT(2) 
PARAMETRIC_REPRESENTATION_CONTEXT() REPRESENTATION_CONTEXT('2D SPACE',''
  ) );
#5311 = PCURVE('',#1439,#5312);
#5312 = DEFINITIONAL_REPRESENTATION('',(#5313),#5317);
#5313 = LINE('',#5314,#5315);
#5314 = CARTESIAN_POINT('',(-0.,0.));
#5315 = VECTOR('',#5316,1.);
#5316 = DIRECTION('',(-0.,1.));
#5317 = ( GEOMETRIC_REPRESENTATION_CONTEXT(2) 
PARAMETRIC_REPRESENTATION_CONTEXT() REPRESENTATION_CONTEXT('2D SPACE',''
  ) );
#5318 = ADVANCED_FACE('',(#5319),#1579,.T.);
#5319 = FACE_BOUND('',#5320,.T.);
#5320 = EDGE_LOOP('',(#5321,#5344,#5345,#5346));
#5321 = ORIENTED_EDGE('',*,*,#5322,.T.);
#5322 = EDGE_CURVE('',#5323,#5225,#5325,.T.);
#5323 = VERTEX_POINT('',#5324);
#5324 = CARTESIAN_POINT('',(30.,3.5,23.8));
#5325 = SURFACE_CURVE('',#5326,(#5330,#5337),.PCURVE_S1.);
#5326 = LINE('',#5327,#5328);
#5327 = CARTESIAN_POINT('',(30.,38.075,23.8));
#5328 = VECTOR('',#5329,1.);
#5329 = DIRECTION('',(-1.110223024625E-16,1.,0.));
#5330 = PCURVE('',#1579,#5331);
#5331 = DEFINITIONAL_REPRESENTATION('',(#5332),#5336);
#5332 = LINE('',#5333,#5334);
#5333 = CARTESIAN_POINT('',(0.1,-33.775));
#5334 = VECTOR('',#5335,1.);
#5335 = DIRECTION('',(0.,-1.));
#5336 = ( GEOMETRIC_REPRESENTATION_CONTEXT(2) 
PARAMETRIC_REPRESENTATION_CONTEXT() REPRESENTATION_CONTEXT('2D SPACE',''
  ) );
#5337 = PCURVE('',#4840,#5338);
#5338 = DEFINITIONAL_REPRESENTATION('',(#5339),#5343);
#5339 = LINE('',#5340,#5341);
#5340 = CARTESIAN_POINT('',(33.775,45.15));
#5341 = VECTOR('',#5342,1.);
#5342 = DIRECTION('',(-1.,0.));
#5343 = ( GEOMETRIC_REPRESENTATION_CONTEXT(2) 
PARAMETRIC_REPRESENTATION_CONTEXT() REPRESENTATION_CONTEXT('2D SPACE',''
  ) );
#5344 = ORIENTED_EDGE('',*,*,#5248,.T.);
#5345 = ORIENTED_EDGE('',*,*,#1565,.F.);
#5346 = ORIENTED_EDGE('',*,*,#5347,.F.);
#5347 = EDGE_CURVE('',#5323,#1537,#5348,.T.);
#5348 = SURFACE_CURVE('',#5349,(#5353,#5360),.PCURVE_S1.);
#5349 = LINE('',#5350,#5351);
#5350 = CARTESIAN_POINT('',(30.,3.5,23.7));
#5351 = VECTOR('',#5352,1.);
#5352 = DIRECTION('',(0.,0.,1.));
#5353 = PCURVE('',#1579,#5354);
#5354 = DEFINITIONAL_REPRESENTATION('',(#5355),#5359);
#5355 = LINE('',#5356,#5357);
#5356 = CARTESIAN_POINT('',(0.,0.8));
#5357 = VECTOR('',#5358,1.);
#5358 = DIRECTION('',(1.,0.));
#5359 = ( GEOMETRIC_REPRESENTATION_CONTEXT(2) 
PARAMETRIC_REPRESENTATION_CONTEXT() REPRESENTATION_CONTEXT('2D SPACE',''
  ) );
#5360 = PCURVE('',#1553,#5361);
#5361 = DEFINITIONAL_REPRESENTATION('',(#5362),#5366);
#5362 = LINE('',#5363,#5364);
#5363 = CARTESIAN_POINT('',(-1.570796326795,0.));
#5364 = VECTOR('',#5365,1.);
#5365 = DIRECTION('',(-0.,1.));
#5366 = ( GEOMETRIC_REPRESENTATION_CONTEXT(2) 
PARAMETRIC_REPRESENTATION_CONTEXT() REPRESENTATION_CONTEXT('2D SPACE',''
  ) );
#5367 = ADVANCED_FACE('',(#5368),#1439,.F.);
#5368 = FACE_BOUND('',#5369,.T.);
#5369 = EDGE_LOOP('',(#5370,#5371,#5395,#5416));
#5370 = ORIENTED_EDGE('',*,*,#5298,.F.);
#5371 = ORIENTED_EDGE('',*,*,#5372,.F.);
#5372 = EDGE_CURVE('',#5373,#5276,#5375,.T.);
#5373 = VERTEX_POINT('',#5374);
#5374 = CARTESIAN_POINT('',(37.,3.7,23.8));
#5375 = SURFACE_CURVE('',#5376,(#5381,#5388),.PCURVE_S1.);
#5376 = CIRCLE('',#5377,0.6);
#5377 = AXIS2_PLACEMENT_3D('',#5378,#5379,#5380);
#5378 = CARTESIAN_POINT('',(36.4,3.7,23.8));
#5379 = DIRECTION('',(0.,0.,1.));
#5380 = DIRECTION('',(-1.110223024625E-16,1.,0.));
#5381 = PCURVE('',#1439,#5382);
#5382 = DEFINITIONAL_REPRESENTATION('',(#5383),#5387);
#5383 = LINE('',#5384,#5385);
#5384 = CARTESIAN_POINT('',(-6.28318530718,0.1));
#5385 = VECTOR('',#5386,1.);
#5386 = DIRECTION('',(1.,-0.));
#5387 = ( GEOMETRIC_REPRESENTATION_CONTEXT(2) 
PARAMETRIC_REPRESENTATION_CONTEXT() REPRESENTATION_CONTEXT('2D SPACE',''
  ) );
#5388 = PCURVE('',#4840,#5389);
#5389 = DEFINITIONAL_REPRESENTATION('',(#5390),#5394);
#5390 = CIRCLE('',#5391,0.6);
#5391 = AXIS2_PLACEMENT_2D('',#5392,#5393);
#5392 = CARTESIAN_POINT('',(68.15,51.55));
#5393 = DIRECTION('',(-1.,0.));
#5394 = ( GEOMETRIC_REPRESENTATION_CONTEXT(2) 
PARAMETRIC_REPRESENTATION_CONTEXT() REPRESENTATION_CONTEXT('2D SPACE',''
  ) );
#5395 = ORIENTED_EDGE('',*,*,#5396,.T.);
#5396 = EDGE_CURVE('',#5373,#1423,#5397,.T.);
#5397 = SURFACE_CURVE('',#5398,(#5402,#5409),.PCURVE_S1.);
#5398 = LINE('',#5399,#5400);
#5399 = CARTESIAN_POINT('',(37.,3.7,23.7));
#5400 = VECTOR('',#5401,1.);
#5401 = DIRECTION('',(0.,0.,1.));
#5402 = PCURVE('',#1439,#5403);
#5403 = DEFINITIONAL_REPRESENTATION('',(#5404),#5408);
#5404 = LINE('',#5405,#5406);
#5405 = CARTESIAN_POINT('',(-1.570796326795,0.));
#5406 = VECTOR('',#5407,1.);
#5407 = DIRECTION('',(-0.,1.));
#5408 = ( GEOMETRIC_REPRESENTATION_CONTEXT(2) 
PARAMETRIC_REPRESENTATION_CONTEXT() REPRESENTATION_CONTEXT('2D SPACE',''
  ) );
#5409 = PCURVE('',#1467,#5410);
#5410 = DEFINITIONAL_REPRESENTATION('',(#5411),#5415);
#5411 = LINE('',#5412,#5413);
#5412 = CARTESIAN_POINT('',(0.,0.6));
#5413 = VECTOR('',#5414,1.);
#5414 = DIRECTION('',(1.,0.));
#5415 = ( GEOMETRIC_REPRESENTATION_CONTEXT(2) 
PARAMETRIC_REPRESENTATION_CONTEXT() REPRESENTATION_CONTEXT('2D SPACE',''
  ) );
#5416 = ORIENTED_EDGE('',*,*,#1422,.T.);
#5417 = ADVANCED_FACE('',(#5418),#1553,.F.);
#5418 = FACE_BOUND('',#5419,.T.);
#5419 = EDGE_LOOP('',(#5420,#5443,#5465,#5466));
#5420 = ORIENTED_EDGE('',*,*,#5421,.F.);
#5421 = EDGE_CURVE('',#5422,#1509,#5424,.T.);
#5422 = VERTEX_POINT('',#5423);
#5423 = CARTESIAN_POINT('',(30.6,2.9,23.8));
#5424 = SURFACE_CURVE('',#5425,(#5429,#5436),.PCURVE_S1.);
#5425 = LINE('',#5426,#5427);
#5426 = CARTESIAN_POINT('',(30.6,2.9,23.7));
#5427 = VECTOR('',#5428,1.);
#5428 = DIRECTION('',(0.,0.,1.));
#5429 = PCURVE('',#1553,#5430);
#5430 = DEFINITIONAL_REPRESENTATION('',(#5431),#5435);
#5431 = LINE('',#5432,#5433);
#5432 = CARTESIAN_POINT('',(-0.,0.));
#5433 = VECTOR('',#5434,1.);
#5434 = DIRECTION('',(-0.,1.));
#5435 = ( GEOMETRIC_REPRESENTATION_CONTEXT(2) 
PARAMETRIC_REPRESENTATION_CONTEXT() REPRESENTATION_CONTEXT('2D SPACE',''
  ) );
#5436 = PCURVE('',#1524,#5437);
#5437 = DEFINITIONAL_REPRESENTATION('',(#5438),#5442);
#5438 = LINE('',#5439,#5440);
#5439 = CARTESIAN_POINT('',(0.,-0.6));
#5440 = VECTOR('',#5441,1.);
#5441 = DIRECTION('',(1.,0.));
#5442 = ( GEOMETRIC_REPRESENTATION_CONTEXT(2) 
PARAMETRIC_REPRESENTATION_CONTEXT() REPRESENTATION_CONTEXT('2D SPACE',''
  ) );
#5443 = ORIENTED_EDGE('',*,*,#5444,.F.);
#5444 = EDGE_CURVE('',#5323,#5422,#5445,.T.);
#5445 = SURFACE_CURVE('',#5446,(#5451,#5458),.PCURVE_S1.);
#5446 = CIRCLE('',#5447,0.6);
#5447 = AXIS2_PLACEMENT_3D('',#5448,#5449,#5450);
#5448 = CARTESIAN_POINT('',(30.6,3.5,23.8));
#5449 = DIRECTION('',(-0.,0.,1.));
#5450 = DIRECTION('',(1.110223024625E-16,-1.,0.));
#5451 = PCURVE('',#1553,#5452);
#5452 = DEFINITIONAL_REPRESENTATION('',(#5453),#5457);
#5453 = LINE('',#5454,#5455);
#5454 = CARTESIAN_POINT('',(-6.28318530718,0.1));
#5455 = VECTOR('',#5456,1.);
#5456 = DIRECTION('',(1.,-0.));
#5457 = ( GEOMETRIC_REPRESENTATION_CONTEXT(2) 
PARAMETRIC_REPRESENTATION_CONTEXT() REPRESENTATION_CONTEXT('2D SPACE',''
  ) );
#5458 = PCURVE('',#4840,#5459);
#5459 = DEFINITIONAL_REPRESENTATION('',(#5460),#5464);
#5460 = CIRCLE('',#5461,0.6);
#5461 = AXIS2_PLACEMENT_2D('',#5462,#5463);
#5462 = CARTESIAN_POINT('',(68.35,45.75));
#5463 = DIRECTION('',(1.,0.));
#5464 = ( GEOMETRIC_REPRESENTATION_CONTEXT(2) 
PARAMETRIC_REPRESENTATION_CONTEXT() REPRESENTATION_CONTEXT('2D SPACE',''
  ) );
#5465 = ORIENTED_EDGE('',*,*,#5347,.T.);
#5466 = ORIENTED_EDGE('',*,*,#1536,.T.);
#5467 = ADVANCED_FACE('',(#5468),#1467,.F.);
#5468 = FACE_BOUND('',#5469,.F.);
#5469 = EDGE_LOOP('',(#5470,#5493,#5494,#5495));
#5470 = ORIENTED_EDGE('',*,*,#5471,.T.);
#5471 = EDGE_CURVE('',#5472,#5373,#5474,.T.);
#5472 = VERTEX_POINT('',#5473);
#5473 = CARTESIAN_POINT('',(37.,3.5,23.8));
#5474 = SURFACE_CURVE('',#5475,(#5479,#5486),.PCURVE_S1.);
#5475 = LINE('',#5476,#5477);
#5476 = CARTESIAN_POINT('',(37.,38.075,23.8));
#5477 = VECTOR('',#5478,1.);
#5478 = DIRECTION('',(-1.110223024625E-16,1.,0.));
#5479 = PCURVE('',#1467,#5480);
#5480 = DEFINITIONAL_REPRESENTATION('',(#5481),#5485);
#5481 = LINE('',#5482,#5483);
#5482 = CARTESIAN_POINT('',(0.1,-33.775));
#5483 = VECTOR('',#5484,1.);
#5484 = DIRECTION('',(0.,-1.));
#5485 = ( GEOMETRIC_REPRESENTATION_CONTEXT(2) 
PARAMETRIC_REPRESENTATION_CONTEXT() REPRESENTATION_CONTEXT('2D SPACE',''
  ) );
#5486 = PCURVE('',#4840,#5487);
#5487 = DEFINITIONAL_REPRESENTATION('',(#5488),#5492);
#5488 = LINE('',#5489,#5490);
#5489 = CARTESIAN_POINT('',(33.775,52.15));
#5490 = VECTOR('',#5491,1.);
#5491 = DIRECTION('',(-1.,0.));
#5492 = ( GEOMETRIC_REPRESENTATION_CONTEXT(2) 
PARAMETRIC_REPRESENTATION_CONTEXT() REPRESENTATION_CONTEXT('2D SPACE',''
  ) );
#5493 = ORIENTED_EDGE('',*,*,#5396,.T.);
#5494 = ORIENTED_EDGE('',*,*,#1451,.F.);
#5495 = ORIENTED_EDGE('',*,*,#5496,.F.);
#5496 = EDGE_CURVE('',#5472,#1452,#5497,.T.);
#5497 = SURFACE_CURVE('',#5498,(#5502,#5509),.PCURVE_S1.);
#5498 = LINE('',#5499,#5500);
#5499 = CARTESIAN_POINT('',(37.,3.5,23.7));
#5500 = VECTOR('',#5501,1.);
#5501 = DIRECTION('',(0.,0.,1.));
#5502 = PCURVE('',#1467,#5503);
#5503 = DEFINITIONAL_REPRESENTATION('',(#5504),#5508);
#5504 = LINE('',#5505,#5506);
#5505 = CARTESIAN_POINT('',(0.,0.8));
#5506 = VECTOR('',#5507,1.);
#5507 = DIRECTION('',(1.,0.));
#5508 = ( GEOMETRIC_REPRESENTATION_CONTEXT(2) 
PARAMETRIC_REPRESENTATION_CONTEXT() REPRESENTATION_CONTEXT('2D SPACE',''
  ) );
#5509 = PCURVE('',#1496,#5510);
#5510 = DEFINITIONAL_REPRESENTATION('',(#5511),#5515);
#5511 = LINE('',#5512,#5513);
#5512 = CARTESIAN_POINT('',(1.570796326795,0.));
#5513 = VECTOR('',#5514,1.);
#5514 = DIRECTION('',(0.,1.));
#5515 = ( GEOMETRIC_REPRESENTATION_CONTEXT(2) 
PARAMETRIC_REPRESENTATION_CONTEXT() REPRESENTATION_CONTEXT('2D SPACE',''
  ) );
#5516 = ADVANCED_FACE('',(#5517),#1524,.F.);
#5517 = FACE_BOUND('',#5518,.F.);
#5518 = EDGE_LOOP('',(#5519,#5520,#5521,#5544));
#5519 = ORIENTED_EDGE('',*,*,#1508,.F.);
#5520 = ORIENTED_EDGE('',*,*,#5421,.F.);
#5521 = ORIENTED_EDGE('',*,*,#5522,.T.);
#5522 = EDGE_CURVE('',#5422,#5523,#5525,.T.);
#5523 = VERTEX_POINT('',#5524);
#5524 = CARTESIAN_POINT('',(36.4,2.9,23.8));
#5525 = SURFACE_CURVE('',#5526,(#5530,#5537),.PCURVE_S1.);
#5526 = LINE('',#5527,#5528);
#5527 = CARTESIAN_POINT('',(7.425,2.9,23.8));
#5528 = VECTOR('',#5529,1.);
#5529 = DIRECTION('',(1.,1.110223024625E-16,0.));
#5530 = PCURVE('',#1524,#5531);
#5531 = DEFINITIONAL_REPRESENTATION('',(#5532),#5536);
#5532 = LINE('',#5533,#5534);
#5533 = CARTESIAN_POINT('',(0.1,22.575));
#5534 = VECTOR('',#5535,1.);
#5535 = DIRECTION('',(0.,-1.));
#5536 = ( GEOMETRIC_REPRESENTATION_CONTEXT(2) 
PARAMETRIC_REPRESENTATION_CONTEXT() REPRESENTATION_CONTEXT('2D SPACE',''
  ) );
#5537 = PCURVE('',#4840,#5538);
#5538 = DEFINITIONAL_REPRESENTATION('',(#5539),#5543);
#5539 = LINE('',#5540,#5541);
#5540 = CARTESIAN_POINT('',(68.95,22.575));
#5541 = VECTOR('',#5542,1.);
#5542 = DIRECTION('',(0.,1.));
#5543 = ( GEOMETRIC_REPRESENTATION_CONTEXT(2) 
PARAMETRIC_REPRESENTATION_CONTEXT() REPRESENTATION_CONTEXT('2D SPACE',''
  ) );
#5544 = ORIENTED_EDGE('',*,*,#5545,.T.);
#5545 = EDGE_CURVE('',#5523,#1480,#5546,.T.);
#5546 = SURFACE_CURVE('',#5547,(#5551,#5558),.PCURVE_S1.);
#5547 = LINE('',#5548,#5549);
#5548 = CARTESIAN_POINT('',(36.4,2.9,23.7));
#5549 = VECTOR('',#5550,1.);
#5550 = DIRECTION('',(0.,0.,1.));
#5551 = PCURVE('',#1524,#5552);
#5552 = DEFINITIONAL_REPRESENTATION('',(#5553),#5557);
#5553 = LINE('',#5554,#5555);
#5554 = CARTESIAN_POINT('',(0.,-6.4));
#5555 = VECTOR('',#5556,1.);
#5556 = DIRECTION('',(1.,0.));
#5557 = ( GEOMETRIC_REPRESENTATION_CONTEXT(2) 
PARAMETRIC_REPRESENTATION_CONTEXT() REPRESENTATION_CONTEXT('2D SPACE',''
  ) );
#5558 = PCURVE('',#1496,#5559);
#5559 = DEFINITIONAL_REPRESENTATION('',(#5560),#5564);
#5560 = LINE('',#5561,#5562);
#5561 = CARTESIAN_POINT('',(0.,0.));
#5562 = VECTOR('',#5563,1.);
#5563 = DIRECTION('',(0.,1.));
#5564 = ( GEOMETRIC_REPRESENTATION_CONTEXT(2) 
PARAMETRIC_REPRESENTATION_CONTEXT() REPRESENTATION_CONTEXT('2D SPACE',''
  ) );
#5565 = ADVANCED_FACE('',(#5566),#1496,.F.);
#5566 = FACE_BOUND('',#5567,.F.);
#5567 = EDGE_LOOP('',(#5568,#5569,#5591,#5592));
#5568 = ORIENTED_EDGE('',*,*,#5545,.F.);
#5569 = ORIENTED_EDGE('',*,*,#5570,.T.);
#5570 = EDGE_CURVE('',#5523,#5472,#5571,.T.);
#5571 = SURFACE_CURVE('',#5572,(#5577,#5584),.PCURVE_S1.);
#5572 = CIRCLE('',#5573,0.6);
#5573 = AXIS2_PLACEMENT_3D('',#5574,#5575,#5576);
#5574 = CARTESIAN_POINT('',(36.4,3.5,23.8));
#5575 = DIRECTION('',(-0.,0.,1.));
#5576 = DIRECTION('',(1.110223024625E-16,-1.,0.));
#5577 = PCURVE('',#1496,#5578);
#5578 = DEFINITIONAL_REPRESENTATION('',(#5579),#5583);
#5579 = LINE('',#5580,#5581);
#5580 = CARTESIAN_POINT('',(0.,0.1));
#5581 = VECTOR('',#5582,1.);
#5582 = DIRECTION('',(1.,0.));
#5583 = ( GEOMETRIC_REPRESENTATION_CONTEXT(2) 
PARAMETRIC_REPRESENTATION_CONTEXT() REPRESENTATION_CONTEXT('2D SPACE',''
  ) );
#5584 = PCURVE('',#4840,#5585);
#5585 = DEFINITIONAL_REPRESENTATION('',(#5586),#5590);
#5586 = CIRCLE('',#5587,0.6);
#5587 = AXIS2_PLACEMENT_2D('',#5588,#5589);
#5588 = CARTESIAN_POINT('',(68.35,51.55));
#5589 = DIRECTION('',(1.,0.));
#5590 = ( GEOMETRIC_REPRESENTATION_CONTEXT(2) 
PARAMETRIC_REPRESENTATION_CONTEXT() REPRESENTATION_CONTEXT('2D SPACE',''
  ) );
#5591 = ORIENTED_EDGE('',*,*,#5496,.T.);
#5592 = ORIENTED_EDGE('',*,*,#1479,.F.);
#5593 = ADVANCED_FACE('',(#5594),#1612,.F.);
#5594 = FACE_BOUND('',#5595,.F.);
#5595 = EDGE_LOOP('',(#5596,#5619,#5643,#5664));
#5596 = ORIENTED_EDGE('',*,*,#5597,.F.);
#5597 = EDGE_CURVE('',#5598,#1594,#5600,.T.);
#5598 = VERTEX_POINT('',#5599);
#5599 = CARTESIAN_POINT('',(30.6,1.5,23.8));
#5600 = SURFACE_CURVE('',#5601,(#5605,#5612),.PCURVE_S1.);
#5601 = LINE('',#5602,#5603);
#5602 = CARTESIAN_POINT('',(30.6,1.5,23.7));
#5603 = VECTOR('',#5604,1.);
#5604 = DIRECTION('',(0.,0.,1.));
#5605 = PCURVE('',#1612,#5606);
#5606 = DEFINITIONAL_REPRESENTATION('',(#5607),#5611);
#5607 = LINE('',#5608,#5609);
#5608 = CARTESIAN_POINT('',(0.,0.));
#5609 = VECTOR('',#5610,1.);
#5610 = DIRECTION('',(0.,1.));
#5611 = ( GEOMETRIC_REPRESENTATION_CONTEXT(2) 
PARAMETRIC_REPRESENTATION_CONTEXT() REPRESENTATION_CONTEXT('2D SPACE',''
  ) );
#5612 = PCURVE('',#1640,#5613);
#5613 = DEFINITIONAL_REPRESENTATION('',(#5614),#5618);
#5614 = LINE('',#5615,#5616);
#5615 = CARTESIAN_POINT('',(0.,-0.6));
#5616 = VECTOR('',#5617,1.);
#5617 = DIRECTION('',(1.,0.));
#5618 = ( GEOMETRIC_REPRESENTATION_CONTEXT(2) 
PARAMETRIC_REPRESENTATION_CONTEXT() REPRESENTATION_CONTEXT('2D SPACE',''
  ) );
#5619 = ORIENTED_EDGE('',*,*,#5620,.T.);
#5620 = EDGE_CURVE('',#5598,#5621,#5623,.T.);
#5621 = VERTEX_POINT('',#5622);
#5622 = CARTESIAN_POINT('',(30.,0.9,23.8));
#5623 = SURFACE_CURVE('',#5624,(#5629,#5636),.PCURVE_S1.);
#5624 = CIRCLE('',#5625,0.6);
#5625 = AXIS2_PLACEMENT_3D('',#5626,#5627,#5628);
#5626 = CARTESIAN_POINT('',(30.6,0.9,23.8));
#5627 = DIRECTION('',(0.,0.,1.));
#5628 = DIRECTION('',(-1.110223024625E-16,1.,0.));
#5629 = PCURVE('',#1612,#5630);
#5630 = DEFINITIONAL_REPRESENTATION('',(#5631),#5635);
#5631 = LINE('',#5632,#5633);
#5632 = CARTESIAN_POINT('',(0.,0.1));
#5633 = VECTOR('',#5634,1.);
#5634 = DIRECTION('',(1.,0.));
#5635 = ( GEOMETRIC_REPRESENTATION_CONTEXT(2) 
PARAMETRIC_REPRESENTATION_CONTEXT() REPRESENTATION_CONTEXT('2D SPACE',''
  ) );
#5636 = PCURVE('',#4840,#5637);
#5637 = DEFINITIONAL_REPRESENTATION('',(#5638),#5642);
#5638 = CIRCLE('',#5639,0.6);
#5639 = AXIS2_PLACEMENT_2D('',#5640,#5641);
#5640 = CARTESIAN_POINT('',(70.95,45.75));
#5641 = DIRECTION('',(-1.,0.));
#5642 = ( GEOMETRIC_REPRESENTATION_CONTEXT(2) 
PARAMETRIC_REPRESENTATION_CONTEXT() REPRESENTATION_CONTEXT('2D SPACE',''
  ) );
#5643 = ORIENTED_EDGE('',*,*,#5644,.T.);
#5644 = EDGE_CURVE('',#5621,#1596,#5645,.T.);
#5645 = SURFACE_CURVE('',#5646,(#5650,#5657),.PCURVE_S1.);
#5646 = LINE('',#5647,#5648);
#5647 = CARTESIAN_POINT('',(30.,0.9,23.7));
#5648 = VECTOR('',#5649,1.);
#5649 = DIRECTION('',(0.,0.,1.));
#5650 = PCURVE('',#1612,#5651);
#5651 = DEFINITIONAL_REPRESENTATION('',(#5652),#5656);
#5652 = LINE('',#5653,#5654);
#5653 = CARTESIAN_POINT('',(1.570796326795,0.));
#5654 = VECTOR('',#5655,1.);
#5655 = DIRECTION('',(0.,1.));
#5656 = ( GEOMETRIC_REPRESENTATION_CONTEXT(2) 
PARAMETRIC_REPRESENTATION_CONTEXT() REPRESENTATION_CONTEXT('2D SPACE',''
  ) );
#5657 = PCURVE('',#1809,#5658);
#5658 = DEFINITIONAL_REPRESENTATION('',(#5659),#5663);
#5659 = LINE('',#5660,#5661);
#5660 = CARTESIAN_POINT('',(0.,0.6));
#5661 = VECTOR('',#5662,1.);
#5662 = DIRECTION('',(1.,0.));
#5663 = ( GEOMETRIC_REPRESENTATION_CONTEXT(2) 
PARAMETRIC_REPRESENTATION_CONTEXT() REPRESENTATION_CONTEXT('2D SPACE',''
  ) );
#5664 = ORIENTED_EDGE('',*,*,#1593,.F.);
#5665 = ADVANCED_FACE('',(#5666),#1640,.T.);
#5666 = FACE_BOUND('',#5667,.T.);
#5667 = EDGE_LOOP('',(#5668,#5669,#5670,#5693));
#5668 = ORIENTED_EDGE('',*,*,#1624,.F.);
#5669 = ORIENTED_EDGE('',*,*,#5597,.F.);
#5670 = ORIENTED_EDGE('',*,*,#5671,.T.);
#5671 = EDGE_CURVE('',#5598,#5672,#5674,.T.);
#5672 = VERTEX_POINT('',#5673);
#5673 = CARTESIAN_POINT('',(36.4,1.5,23.8));
#5674 = SURFACE_CURVE('',#5675,(#5679,#5686),.PCURVE_S1.);
#5675 = LINE('',#5676,#5677);
#5676 = CARTESIAN_POINT('',(7.425,1.5,23.8));
#5677 = VECTOR('',#5678,1.);
#5678 = DIRECTION('',(1.,1.110223024625E-16,0.));
#5679 = PCURVE('',#1640,#5680);
#5680 = DEFINITIONAL_REPRESENTATION('',(#5681),#5685);
#5681 = LINE('',#5682,#5683);
#5682 = CARTESIAN_POINT('',(0.1,22.575));
#5683 = VECTOR('',#5684,1.);
#5684 = DIRECTION('',(0.,-1.));
#5685 = ( GEOMETRIC_REPRESENTATION_CONTEXT(2) 
PARAMETRIC_REPRESENTATION_CONTEXT() REPRESENTATION_CONTEXT('2D SPACE',''
  ) );
#5686 = PCURVE('',#4840,#5687);
#5687 = DEFINITIONAL_REPRESENTATION('',(#5688),#5692);
#5688 = LINE('',#5689,#5690);
#5689 = CARTESIAN_POINT('',(70.35,22.575));
#5690 = VECTOR('',#5691,1.);
#5691 = DIRECTION('',(0.,1.));
#5692 = ( GEOMETRIC_REPRESENTATION_CONTEXT(2) 
PARAMETRIC_REPRESENTATION_CONTEXT() REPRESENTATION_CONTEXT('2D SPACE',''
  ) );
#5693 = ORIENTED_EDGE('',*,*,#5694,.T.);
#5694 = EDGE_CURVE('',#5672,#1625,#5695,.T.);
#5695 = SURFACE_CURVE('',#5696,(#5700,#5707),.PCURVE_S1.);
#5696 = LINE('',#5697,#5698);
#5697 = CARTESIAN_POINT('',(36.4,1.5,23.7));
#5698 = VECTOR('',#5699,1.);
#5699 = DIRECTION('',(0.,0.,1.));
#5700 = PCURVE('',#1640,#5701);
#5701 = DEFINITIONAL_REPRESENTATION('',(#5702),#5706);
#5702 = LINE('',#5703,#5704);
#5703 = CARTESIAN_POINT('',(0.,-6.4));
#5704 = VECTOR('',#5705,1.);
#5705 = DIRECTION('',(1.,0.));
#5706 = ( GEOMETRIC_REPRESENTATION_CONTEXT(2) 
PARAMETRIC_REPRESENTATION_CONTEXT() REPRESENTATION_CONTEXT('2D SPACE',''
  ) );
#5707 = PCURVE('',#1669,#5708);
#5708 = DEFINITIONAL_REPRESENTATION('',(#5709),#5713);
#5709 = LINE('',#5710,#5711);
#5710 = CARTESIAN_POINT('',(-0.,0.));
#5711 = VECTOR('',#5712,1.);
#5712 = DIRECTION('',(-0.,1.));
#5713 = ( GEOMETRIC_REPRESENTATION_CONTEXT(2) 
PARAMETRIC_REPRESENTATION_CONTEXT() REPRESENTATION_CONTEXT('2D SPACE',''
  ) );
#5714 = ADVANCED_FACE('',(#5715),#1809,.T.);
#5715 = FACE_BOUND('',#5716,.T.);
#5716 = EDGE_LOOP('',(#5717,#5740,#5741,#5742));
#5717 = ORIENTED_EDGE('',*,*,#5718,.T.);
#5718 = EDGE_CURVE('',#5719,#5621,#5721,.T.);
#5719 = VERTEX_POINT('',#5720);
#5720 = CARTESIAN_POINT('',(30.,0.7,23.8));
#5721 = SURFACE_CURVE('',#5722,(#5726,#5733),.PCURVE_S1.);
#5722 = LINE('',#5723,#5724);
#5723 = CARTESIAN_POINT('',(30.,36.675,23.8));
#5724 = VECTOR('',#5725,1.);
#5725 = DIRECTION('',(-1.110223024625E-16,1.,0.));
#5726 = PCURVE('',#1809,#5727);
#5727 = DEFINITIONAL_REPRESENTATION('',(#5728),#5732);
#5728 = LINE('',#5729,#5730);
#5729 = CARTESIAN_POINT('',(0.1,-35.175));
#5730 = VECTOR('',#5731,1.);
#5731 = DIRECTION('',(0.,-1.));
#5732 = ( GEOMETRIC_REPRESENTATION_CONTEXT(2) 
PARAMETRIC_REPRESENTATION_CONTEXT() REPRESENTATION_CONTEXT('2D SPACE',''
  ) );
#5733 = PCURVE('',#4840,#5734);
#5734 = DEFINITIONAL_REPRESENTATION('',(#5735),#5739);
#5735 = LINE('',#5736,#5737);
#5736 = CARTESIAN_POINT('',(35.175,45.15));
#5737 = VECTOR('',#5738,1.);
#5738 = DIRECTION('',(-1.,0.));
#5739 = ( GEOMETRIC_REPRESENTATION_CONTEXT(2) 
PARAMETRIC_REPRESENTATION_CONTEXT() REPRESENTATION_CONTEXT('2D SPACE',''
  ) );
#5740 = ORIENTED_EDGE('',*,*,#5644,.T.);
#5741 = ORIENTED_EDGE('',*,*,#1795,.F.);
#5742 = ORIENTED_EDGE('',*,*,#5743,.F.);
#5743 = EDGE_CURVE('',#5719,#1767,#5744,.T.);
#5744 = SURFACE_CURVE('',#5745,(#5749,#5756),.PCURVE_S1.);
#5745 = LINE('',#5746,#5747);
#5746 = CARTESIAN_POINT('',(30.,0.7,23.7));
#5747 = VECTOR('',#5748,1.);
#5748 = DIRECTION('',(0.,0.,1.));
#5749 = PCURVE('',#1809,#5750);
#5750 = DEFINITIONAL_REPRESENTATION('',(#5751),#5755);
#5751 = LINE('',#5752,#5753);
#5752 = CARTESIAN_POINT('',(0.,0.8));
#5753 = VECTOR('',#5754,1.);
#5754 = DIRECTION('',(1.,0.));
#5755 = ( GEOMETRIC_REPRESENTATION_CONTEXT(2) 
PARAMETRIC_REPRESENTATION_CONTEXT() REPRESENTATION_CONTEXT('2D SPACE',''
  ) );
#5756 = PCURVE('',#1783,#5757);
#5757 = DEFINITIONAL_REPRESENTATION('',(#5758),#5762);
#5758 = LINE('',#5759,#5760);
#5759 = CARTESIAN_POINT('',(-1.570796326795,0.));
#5760 = VECTOR('',#5761,1.);
#5761 = DIRECTION('',(-0.,1.));
#5762 = ( GEOMETRIC_REPRESENTATION_CONTEXT(2) 
PARAMETRIC_REPRESENTATION_CONTEXT() REPRESENTATION_CONTEXT('2D SPACE',''
  ) );
#5763 = ADVANCED_FACE('',(#5764),#1669,.F.);
#5764 = FACE_BOUND('',#5765,.T.);
#5765 = EDGE_LOOP('',(#5766,#5767,#5791,#5812));
#5766 = ORIENTED_EDGE('',*,*,#5694,.F.);
#5767 = ORIENTED_EDGE('',*,*,#5768,.F.);
#5768 = EDGE_CURVE('',#5769,#5672,#5771,.T.);
#5769 = VERTEX_POINT('',#5770);
#5770 = CARTESIAN_POINT('',(37.,0.9,23.8));
#5771 = SURFACE_CURVE('',#5772,(#5777,#5784),.PCURVE_S1.);
#5772 = CIRCLE('',#5773,0.6);
#5773 = AXIS2_PLACEMENT_3D('',#5774,#5775,#5776);
#5774 = CARTESIAN_POINT('',(36.4,0.9,23.8));
#5775 = DIRECTION('',(0.,0.,1.));
#5776 = DIRECTION('',(-1.110223024625E-16,1.,0.));
#5777 = PCURVE('',#1669,#5778);
#5778 = DEFINITIONAL_REPRESENTATION('',(#5779),#5783);
#5779 = LINE('',#5780,#5781);
#5780 = CARTESIAN_POINT('',(-6.28318530718,0.1));
#5781 = VECTOR('',#5782,1.);
#5782 = DIRECTION('',(1.,-0.));
#5783 = ( GEOMETRIC_REPRESENTATION_CONTEXT(2) 
PARAMETRIC_REPRESENTATION_CONTEXT() REPRESENTATION_CONTEXT('2D SPACE',''
  ) );
#5784 = PCURVE('',#4840,#5785);
#5785 = DEFINITIONAL_REPRESENTATION('',(#5786),#5790);
#5786 = CIRCLE('',#5787,0.6);
#5787 = AXIS2_PLACEMENT_2D('',#5788,#5789);
#5788 = CARTESIAN_POINT('',(70.95,51.55));
#5789 = DIRECTION('',(-1.,0.));
#5790 = ( GEOMETRIC_REPRESENTATION_CONTEXT(2) 
PARAMETRIC_REPRESENTATION_CONTEXT() REPRESENTATION_CONTEXT('2D SPACE',''
  ) );
#5791 = ORIENTED_EDGE('',*,*,#5792,.T.);
#5792 = EDGE_CURVE('',#5769,#1653,#5793,.T.);
#5793 = SURFACE_CURVE('',#5794,(#5798,#5805),.PCURVE_S1.);
#5794 = LINE('',#5795,#5796);
#5795 = CARTESIAN_POINT('',(37.,0.9,23.7));
#5796 = VECTOR('',#5797,1.);
#5797 = DIRECTION('',(0.,0.,1.));
#5798 = PCURVE('',#1669,#5799);
#5799 = DEFINITIONAL_REPRESENTATION('',(#5800),#5804);
#5800 = LINE('',#5801,#5802);
#5801 = CARTESIAN_POINT('',(-1.570796326795,0.));
#5802 = VECTOR('',#5803,1.);
#5803 = DIRECTION('',(-0.,1.));
#5804 = ( GEOMETRIC_REPRESENTATION_CONTEXT(2) 
PARAMETRIC_REPRESENTATION_CONTEXT() REPRESENTATION_CONTEXT('2D SPACE',''
  ) );
#5805 = PCURVE('',#1697,#5806);
#5806 = DEFINITIONAL_REPRESENTATION('',(#5807),#5811);
#5807 = LINE('',#5808,#5809);
#5808 = CARTESIAN_POINT('',(0.,0.6));
#5809 = VECTOR('',#5810,1.);
#5810 = DIRECTION('',(1.,0.));
#5811 = ( GEOMETRIC_REPRESENTATION_CONTEXT(2) 
PARAMETRIC_REPRESENTATION_CONTEXT() REPRESENTATION_CONTEXT('2D SPACE',''
  ) );
#5812 = ORIENTED_EDGE('',*,*,#1652,.T.);
#5813 = ADVANCED_FACE('',(#5814),#1783,.F.);
#5814 = FACE_BOUND('',#5815,.T.);
#5815 = EDGE_LOOP('',(#5816,#5839,#5872,#5895,#5917,#5918));
#5816 = ORIENTED_EDGE('',*,*,#5817,.F.);
#5817 = EDGE_CURVE('',#5818,#1739,#5820,.T.);
#5818 = VERTEX_POINT('',#5819);
#5819 = CARTESIAN_POINT('',(30.6,1.E-01,23.7));
#5820 = SURFACE_CURVE('',#5821,(#5825,#5832),.PCURVE_S1.);
#5821 = LINE('',#5822,#5823);
#5822 = CARTESIAN_POINT('',(30.6,1.E-01,23.7));
#5823 = VECTOR('',#5824,1.);
#5824 = DIRECTION('',(0.,0.,1.));
#5825 = PCURVE('',#1783,#5826);
#5826 = DEFINITIONAL_REPRESENTATION('',(#5827),#5831);
#5827 = LINE('',#5828,#5829);
#5828 = CARTESIAN_POINT('',(-0.,0.));
#5829 = VECTOR('',#5830,1.);
#5830 = DIRECTION('',(-0.,1.));
#5831 = ( GEOMETRIC_REPRESENTATION_CONTEXT(2) 
PARAMETRIC_REPRESENTATION_CONTEXT() REPRESENTATION_CONTEXT('2D SPACE',''
  ) );
#5832 = PCURVE('',#1754,#5833);
#5833 = DEFINITIONAL_REPRESENTATION('',(#5834),#5838);
#5834 = LINE('',#5835,#5836);
#5835 = CARTESIAN_POINT('',(0.,-0.6));
#5836 = VECTOR('',#5837,1.);
#5837 = DIRECTION('',(1.,0.));
#5838 = ( GEOMETRIC_REPRESENTATION_CONTEXT(2) 
PARAMETRIC_REPRESENTATION_CONTEXT() REPRESENTATION_CONTEXT('2D SPACE',''
  ) );
#5839 = ORIENTED_EDGE('',*,*,#5840,.T.);
#5840 = EDGE_CURVE('',#5818,#5841,#5843,.T.);
#5841 = VERTEX_POINT('',#5842);
#5842 = CARTESIAN_POINT('',(30.002086962845,0.65,23.7));
#5843 = SURFACE_CURVE('',#5844,(#5849,#5856),.PCURVE_S1.);
#5844 = CIRCLE('',#5845,0.6);
#5845 = AXIS2_PLACEMENT_3D('',#5846,#5847,#5848);
#5846 = CARTESIAN_POINT('',(30.6,0.7,23.7));
#5847 = DIRECTION('',(-0.,0.,-1.));
#5848 = DIRECTION('',(-1.,-1.110223024625E-16,0.));
#5849 = PCURVE('',#1783,#5850);
#5850 = DEFINITIONAL_REPRESENTATION('',(#5851),#5855);
#5851 = LINE('',#5852,#5853);
#5852 = CARTESIAN_POINT('',(4.712388980385,-0.));
#5853 = VECTOR('',#5854,1.);
#5854 = DIRECTION('',(-1.,0.));
#5855 = ( GEOMETRIC_REPRESENTATION_CONTEXT(2) 
PARAMETRIC_REPRESENTATION_CONTEXT() REPRESENTATION_CONTEXT('2D SPACE',''
  ) );
#5856 = PCURVE('',#5857,#5862);
#5857 = PLANE('',#5858);
#5858 = AXIS2_PLACEMENT_3D('',#5859,#5860,#5861);
#5859 = CARTESIAN_POINT('',(30.,1.5,23.7));
#5860 = DIRECTION('',(0.,0.,1.));
#5861 = DIRECTION('',(1.110223024625E-16,-1.,0.));
#5862 = DEFINITIONAL_REPRESENTATION('',(#5863),#5871);
#5863 = ( BOUNDED_CURVE() B_SPLINE_CURVE(2,(#5864,#5865,#5866,#5867,
#5868,#5869,#5870),.UNSPECIFIED.,.T.,.F.) B_SPLINE_CURVE_WITH_KNOTS((1,2
    ,2,2,2,1),(-2.094395102393,0.,2.094395102393,4.188790204786,
6.28318530718,8.377580409573),.UNSPECIFIED.) CURVE() 
GEOMETRIC_REPRESENTATION_ITEM() RATIONAL_B_SPLINE_CURVE((1.,0.5,1.,0.5,
1.,0.5,1.)) REPRESENTATION_ITEM('') );
#5864 = CARTESIAN_POINT('',(0.8,-1.110223024625E-16));
#5865 = CARTESIAN_POINT('',(-0.239230484541,-1.110223024625E-16));
#5866 = CARTESIAN_POINT('',(0.280384757729,0.9));
#5867 = CARTESIAN_POINT('',(0.8,1.8));
#5868 = CARTESIAN_POINT('',(1.319615242271,0.9));
#5869 = CARTESIAN_POINT('',(1.839230484541,7.771561172376E-16));
#5870 = CARTESIAN_POINT('',(0.8,-1.110223024625E-16));
#5871 = ( GEOMETRIC_REPRESENTATION_CONTEXT(2) 
PARAMETRIC_REPRESENTATION_CONTEXT() REPRESENTATION_CONTEXT('2D SPACE',''
  ) );
#5872 = ORIENTED_EDGE('',*,*,#5873,.T.);
#5873 = EDGE_CURVE('',#5841,#5874,#5876,.T.);
#5874 = VERTEX_POINT('',#5875);
#5875 = CARTESIAN_POINT('',(30.002086962846,0.65,23.8));
#5876 = SURFACE_CURVE('',#5877,(#5881,#5888),.PCURVE_S1.);
#5877 = LINE('',#5878,#5879);
#5878 = CARTESIAN_POINT('',(30.002086962845,0.65,23.7));
#5879 = VECTOR('',#5880,1.);
#5880 = DIRECTION('',(0.,0.,1.));
#5881 = PCURVE('',#1783,#5882);
#5882 = DEFINITIONAL_REPRESENTATION('',(#5883),#5887);
#5883 = LINE('',#5884,#5885);
#5884 = CARTESIAN_POINT('',(-1.487366240184,0.));
#5885 = VECTOR('',#5886,1.);
#5886 = DIRECTION('',(-0.,1.));
#5887 = ( GEOMETRIC_REPRESENTATION_CONTEXT(2) 
PARAMETRIC_REPRESENTATION_CONTEXT() REPRESENTATION_CONTEXT('2D SPACE',''
  ) );
#5888 = PCURVE('',#3203,#5889);
#5889 = DEFINITIONAL_REPRESENTATION('',(#5890),#5894);
#5890 = LINE('',#5891,#5892);
#5891 = CARTESIAN_POINT('',(7.2,-43.35208696284));
#5892 = VECTOR('',#5893,1.);
#5893 = DIRECTION('',(1.,0.));
#5894 = ( GEOMETRIC_REPRESENTATION_CONTEXT(2) 
PARAMETRIC_REPRESENTATION_CONTEXT() REPRESENTATION_CONTEXT('2D SPACE',''
  ) );
#5895 = ORIENTED_EDGE('',*,*,#5896,.F.);
#5896 = EDGE_CURVE('',#5719,#5874,#5897,.T.);
#5897 = SURFACE_CURVE('',#5898,(#5903,#5910),.PCURVE_S1.);
#5898 = CIRCLE('',#5899,0.6);
#5899 = AXIS2_PLACEMENT_3D('',#5900,#5901,#5902);
#5900 = CARTESIAN_POINT('',(30.6,0.7,23.8));
#5901 = DIRECTION('',(-0.,0.,1.));
#5902 = DIRECTION('',(1.110223024625E-16,-1.,0.));
#5903 = PCURVE('',#1783,#5904);
#5904 = DEFINITIONAL_REPRESENTATION('',(#5905),#5909);
#5905 = LINE('',#5906,#5907);
#5906 = CARTESIAN_POINT('',(-6.28318530718,0.1));
#5907 = VECTOR('',#5908,1.);
#5908 = DIRECTION('',(1.,-0.));
#5909 = ( GEOMETRIC_REPRESENTATION_CONTEXT(2) 
PARAMETRIC_REPRESENTATION_CONTEXT() REPRESENTATION_CONTEXT('2D SPACE',''
  ) );
#5910 = PCURVE('',#4840,#5911);
#5911 = DEFINITIONAL_REPRESENTATION('',(#5912),#5916);
#5912 = CIRCLE('',#5913,0.6);
#5913 = AXIS2_PLACEMENT_2D('',#5914,#5915);
#5914 = CARTESIAN_POINT('',(71.15,45.75));
#5915 = DIRECTION('',(1.,0.));
#5916 = ( GEOMETRIC_REPRESENTATION_CONTEXT(2) 
PARAMETRIC_REPRESENTATION_CONTEXT() REPRESENTATION_CONTEXT('2D SPACE',''
  ) );
#5917 = ORIENTED_EDGE('',*,*,#5743,.T.);
#5918 = ORIENTED_EDGE('',*,*,#1766,.T.);
#5919 = ADVANCED_FACE('',(#5920),#1697,.F.);
#5920 = FACE_BOUND('',#5921,.F.);
#5921 = EDGE_LOOP('',(#5922,#5945,#5946,#5947));
#5922 = ORIENTED_EDGE('',*,*,#5923,.T.);
#5923 = EDGE_CURVE('',#5924,#5769,#5926,.T.);
#5924 = VERTEX_POINT('',#5925);
#5925 = CARTESIAN_POINT('',(37.,0.7,23.8));
#5926 = SURFACE_CURVE('',#5927,(#5931,#5938),.PCURVE_S1.);
#5927 = LINE('',#5928,#5929);
#5928 = CARTESIAN_POINT('',(37.,36.675,23.8));
#5929 = VECTOR('',#5930,1.);
#5930 = DIRECTION('',(-1.110223024625E-16,1.,0.));
#5931 = PCURVE('',#1697,#5932);
#5932 = DEFINITIONAL_REPRESENTATION('',(#5933),#5937);
#5933 = LINE('',#5934,#5935);
#5934 = CARTESIAN_POINT('',(0.1,-35.175));
#5935 = VECTOR('',#5936,1.);
#5936 = DIRECTION('',(0.,-1.));
#5937 = ( GEOMETRIC_REPRESENTATION_CONTEXT(2) 
PARAMETRIC_REPRESENTATION_CONTEXT() REPRESENTATION_CONTEXT('2D SPACE',''
  ) );
#5938 = PCURVE('',#4840,#5939);
#5939 = DEFINITIONAL_REPRESENTATION('',(#5940),#5944);
#5940 = LINE('',#5941,#5942);
#5941 = CARTESIAN_POINT('',(35.175,52.15));
#5942 = VECTOR('',#5943,1.);
#5943 = DIRECTION('',(-1.,0.));
#5944 = ( GEOMETRIC_REPRESENTATION_CONTEXT(2) 
PARAMETRIC_REPRESENTATION_CONTEXT() REPRESENTATION_CONTEXT('2D SPACE',''
  ) );
#5945 = ORIENTED_EDGE('',*,*,#5792,.T.);
#5946 = ORIENTED_EDGE('',*,*,#1681,.F.);
#5947 = ORIENTED_EDGE('',*,*,#5948,.F.);
#5948 = EDGE_CURVE('',#5924,#1682,#5949,.T.);
#5949 = SURFACE_CURVE('',#5950,(#5954,#5961),.PCURVE_S1.);
#5950 = LINE('',#5951,#5952);
#5951 = CARTESIAN_POINT('',(37.,0.7,23.7));
#5952 = VECTOR('',#5953,1.);
#5953 = DIRECTION('',(0.,0.,1.));
#5954 = PCURVE('',#1697,#5955);
#5955 = DEFINITIONAL_REPRESENTATION('',(#5956),#5960);
#5956 = LINE('',#5957,#5958);
#5957 = CARTESIAN_POINT('',(0.,0.8));
#5958 = VECTOR('',#5959,1.);
#5959 = DIRECTION('',(1.,0.));
#5960 = ( GEOMETRIC_REPRESENTATION_CONTEXT(2) 
PARAMETRIC_REPRESENTATION_CONTEXT() REPRESENTATION_CONTEXT('2D SPACE',''
  ) );
#5961 = PCURVE('',#1726,#5962);
#5962 = DEFINITIONAL_REPRESENTATION('',(#5963),#5967);
#5963 = LINE('',#5964,#5965);
#5964 = CARTESIAN_POINT('',(1.570796326795,0.));
#5965 = VECTOR('',#5966,1.);
#5966 = DIRECTION('',(0.,1.));
#5967 = ( GEOMETRIC_REPRESENTATION_CONTEXT(2) 
PARAMETRIC_REPRESENTATION_CONTEXT() REPRESENTATION_CONTEXT('2D SPACE',''
  ) );
#5968 = ADVANCED_FACE('',(#5969),#1754,.F.);
#5969 = FACE_BOUND('',#5970,.F.);
#5970 = EDGE_LOOP('',(#5971,#5972,#5973,#5996));
#5971 = ORIENTED_EDGE('',*,*,#1738,.F.);
#5972 = ORIENTED_EDGE('',*,*,#5817,.F.);
#5973 = ORIENTED_EDGE('',*,*,#5974,.T.);
#5974 = EDGE_CURVE('',#5818,#5975,#5977,.T.);
#5975 = VERTEX_POINT('',#5976);
#5976 = CARTESIAN_POINT('',(36.4,1.E-01,23.7));
#5977 = SURFACE_CURVE('',#5978,(#5982,#5989),.PCURVE_S1.);
#5978 = LINE('',#5979,#5980);
#5979 = CARTESIAN_POINT('',(30.,1.E-01,23.7));
#5980 = VECTOR('',#5981,1.);
#5981 = DIRECTION('',(1.,1.110223024625E-16,0.));
#5982 = PCURVE('',#1754,#5983);
#5983 = DEFINITIONAL_REPRESENTATION('',(#5984),#5988);
#5984 = LINE('',#5985,#5986);
#5985 = CARTESIAN_POINT('',(0.,0.));
#5986 = VECTOR('',#5987,1.);
#5987 = DIRECTION('',(0.,-1.));
#5988 = ( GEOMETRIC_REPRESENTATION_CONTEXT(2) 
PARAMETRIC_REPRESENTATION_CONTEXT() REPRESENTATION_CONTEXT('2D SPACE',''
  ) );
#5989 = PCURVE('',#5857,#5990);
#5990 = DEFINITIONAL_REPRESENTATION('',(#5991),#5995);
#5991 = LINE('',#5992,#5993);
#5992 = CARTESIAN_POINT('',(1.4,-1.554312234475E-16));
#5993 = VECTOR('',#5994,1.);
#5994 = DIRECTION('',(0.,1.));
#5995 = ( GEOMETRIC_REPRESENTATION_CONTEXT(2) 
PARAMETRIC_REPRESENTATION_CONTEXT() REPRESENTATION_CONTEXT('2D SPACE',''
  ) );
#5996 = ORIENTED_EDGE('',*,*,#5997,.T.);
#5997 = EDGE_CURVE('',#5975,#1710,#5998,.T.);
#5998 = SURFACE_CURVE('',#5999,(#6003,#6010),.PCURVE_S1.);
#5999 = LINE('',#6000,#6001);
#6000 = CARTESIAN_POINT('',(36.4,1.E-01,23.7));
#6001 = VECTOR('',#6002,1.);
#6002 = DIRECTION('',(0.,0.,1.));
#6003 = PCURVE('',#1754,#6004);
#6004 = DEFINITIONAL_REPRESENTATION('',(#6005),#6009);
#6005 = LINE('',#6006,#6007);
#6006 = CARTESIAN_POINT('',(0.,-6.4));
#6007 = VECTOR('',#6008,1.);
#6008 = DIRECTION('',(1.,0.));
#6009 = ( GEOMETRIC_REPRESENTATION_CONTEXT(2) 
PARAMETRIC_REPRESENTATION_CONTEXT() REPRESENTATION_CONTEXT('2D SPACE',''
  ) );
#6010 = PCURVE('',#1726,#6011);
#6011 = DEFINITIONAL_REPRESENTATION('',(#6012),#6016);
#6012 = LINE('',#6013,#6014);
#6013 = CARTESIAN_POINT('',(0.,0.));
#6014 = VECTOR('',#6015,1.);
#6015 = DIRECTION('',(0.,1.));
#6016 = ( GEOMETRIC_REPRESENTATION_CONTEXT(2) 
PARAMETRIC_REPRESENTATION_CONTEXT() REPRESENTATION_CONTEXT('2D SPACE',''
  ) );
#6017 = ADVANCED_FACE('',(#6018),#1726,.F.);
#6018 = FACE_BOUND('',#6019,.F.);
#6019 = EDGE_LOOP('',(#6020,#6021,#6045,#6068,#6090,#6091));
#6020 = ORIENTED_EDGE('',*,*,#5997,.F.);
#6021 = ORIENTED_EDGE('',*,*,#6022,.T.);
#6022 = EDGE_CURVE('',#5975,#6023,#6025,.T.);
#6023 = VERTEX_POINT('',#6024);
#6024 = CARTESIAN_POINT('',(36.997913037155,0.65,23.7));
#6025 = SURFACE_CURVE('',#6026,(#6031,#6038),.PCURVE_S1.);
#6026 = CIRCLE('',#6027,0.6);
#6027 = AXIS2_PLACEMENT_3D('',#6028,#6029,#6030);
#6028 = CARTESIAN_POINT('',(36.4,0.7,23.7));
#6029 = DIRECTION('',(0.,0.,1.));
#6030 = DIRECTION('',(-1.,-1.110223024625E-16,0.));
#6031 = PCURVE('',#1726,#6032);
#6032 = DEFINITIONAL_REPRESENTATION('',(#6033),#6037);
#6033 = LINE('',#6034,#6035);
#6034 = CARTESIAN_POINT('',(-1.570796326795,0.));
#6035 = VECTOR('',#6036,1.);
#6036 = DIRECTION('',(1.,0.));
#6037 = ( GEOMETRIC_REPRESENTATION_CONTEXT(2) 
PARAMETRIC_REPRESENTATION_CONTEXT() REPRESENTATION_CONTEXT('2D SPACE',''
  ) );
#6038 = PCURVE('',#5857,#6039);
#6039 = DEFINITIONAL_REPRESENTATION('',(#6040),#6044);
#6040 = CIRCLE('',#6041,0.6);
#6041 = AXIS2_PLACEMENT_2D('',#6042,#6043);
#6042 = CARTESIAN_POINT('',(0.8,6.4));
#6043 = DIRECTION('',(0.,-1.));
#6044 = ( GEOMETRIC_REPRESENTATION_CONTEXT(2) 
PARAMETRIC_REPRESENTATION_CONTEXT() REPRESENTATION_CONTEXT('2D SPACE',''
  ) );
#6045 = ORIENTED_EDGE('',*,*,#6046,.T.);
#6046 = EDGE_CURVE('',#6023,#6047,#6049,.T.);
#6047 = VERTEX_POINT('',#6048);
#6048 = CARTESIAN_POINT('',(36.997913037155,0.65,23.8));
#6049 = SURFACE_CURVE('',#6050,(#6054,#6061),.PCURVE_S1.);
#6050 = LINE('',#6051,#6052);
#6051 = CARTESIAN_POINT('',(36.997913037155,0.65,23.7));
#6052 = VECTOR('',#6053,1.);
#6053 = DIRECTION('',(0.,0.,1.));
#6054 = PCURVE('',#1726,#6055);
#6055 = DEFINITIONAL_REPRESENTATION('',(#6056),#6060);
#6056 = LINE('',#6057,#6058);
#6057 = CARTESIAN_POINT('',(1.487366240184,0.));
#6058 = VECTOR('',#6059,1.);
#6059 = DIRECTION('',(0.,1.));
#6060 = ( GEOMETRIC_REPRESENTATION_CONTEXT(2) 
PARAMETRIC_REPRESENTATION_CONTEXT() REPRESENTATION_CONTEXT('2D SPACE',''
  ) );
#6061 = PCURVE('',#3203,#6062);
#6062 = DEFINITIONAL_REPRESENTATION('',(#6063),#6067);
#6063 = LINE('',#6064,#6065);
#6064 = CARTESIAN_POINT('',(7.2,-50.34791303715));
#6065 = VECTOR('',#6066,1.);
#6066 = DIRECTION('',(1.,0.));
#6067 = ( GEOMETRIC_REPRESENTATION_CONTEXT(2) 
PARAMETRIC_REPRESENTATION_CONTEXT() REPRESENTATION_CONTEXT('2D SPACE',''
  ) );
#6068 = ORIENTED_EDGE('',*,*,#6069,.T.);
#6069 = EDGE_CURVE('',#6047,#5924,#6070,.T.);
#6070 = SURFACE_CURVE('',#6071,(#6076,#6083),.PCURVE_S1.);
#6071 = CIRCLE('',#6072,0.6);
#6072 = AXIS2_PLACEMENT_3D('',#6073,#6074,#6075);
#6073 = CARTESIAN_POINT('',(36.4,0.7,23.8));
#6074 = DIRECTION('',(-0.,0.,1.));
#6075 = DIRECTION('',(1.110223024625E-16,-1.,0.));
#6076 = PCURVE('',#1726,#6077);
#6077 = DEFINITIONAL_REPRESENTATION('',(#6078),#6082);
#6078 = LINE('',#6079,#6080);
#6079 = CARTESIAN_POINT('',(0.,0.1));
#6080 = VECTOR('',#6081,1.);
#6081 = DIRECTION('',(1.,0.));
#6082 = ( GEOMETRIC_REPRESENTATION_CONTEXT(2) 
PARAMETRIC_REPRESENTATION_CONTEXT() REPRESENTATION_CONTEXT('2D SPACE',''
  ) );
#6083 = PCURVE('',#4840,#6084);
#6084 = DEFINITIONAL_REPRESENTATION('',(#6085),#6089);
#6085 = CIRCLE('',#6086,0.6);
#6086 = AXIS2_PLACEMENT_2D('',#6087,#6088);
#6087 = CARTESIAN_POINT('',(71.15,51.55));
#6088 = DIRECTION('',(1.,0.));
#6089 = ( GEOMETRIC_REPRESENTATION_CONTEXT(2) 
PARAMETRIC_REPRESENTATION_CONTEXT() REPRESENTATION_CONTEXT('2D SPACE',''
  ) );
#6090 = ORIENTED_EDGE('',*,*,#5948,.T.);
#6091 = ORIENTED_EDGE('',*,*,#1709,.F.);
#6092 = ADVANCED_FACE('',(#6093),#1842,.F.);
#6093 = FACE_BOUND('',#6094,.F.);
#6094 = EDGE_LOOP('',(#6095,#6118,#6142,#6163));
#6095 = ORIENTED_EDGE('',*,*,#6096,.F.);
#6096 = EDGE_CURVE('',#6097,#1824,#6099,.T.);
#6097 = VERTEX_POINT('',#6098);
#6098 = CARTESIAN_POINT('',(48.6,4.3,23.8));
#6099 = SURFACE_CURVE('',#6100,(#6104,#6111),.PCURVE_S1.);
#6100 = LINE('',#6101,#6102);
#6101 = CARTESIAN_POINT('',(48.6,4.3,23.7));
#6102 = VECTOR('',#6103,1.);
#6103 = DIRECTION('',(0.,0.,1.));
#6104 = PCURVE('',#1842,#6105);
#6105 = DEFINITIONAL_REPRESENTATION('',(#6106),#6110);
#6106 = LINE('',#6107,#6108);
#6107 = CARTESIAN_POINT('',(0.,0.));
#6108 = VECTOR('',#6109,1.);
#6109 = DIRECTION('',(0.,1.));
#6110 = ( GEOMETRIC_REPRESENTATION_CONTEXT(2) 
PARAMETRIC_REPRESENTATION_CONTEXT() REPRESENTATION_CONTEXT('2D SPACE',''
  ) );
#6111 = PCURVE('',#1870,#6112);
#6112 = DEFINITIONAL_REPRESENTATION('',(#6113),#6117);
#6113 = LINE('',#6114,#6115);
#6114 = CARTESIAN_POINT('',(0.,-0.6));
#6115 = VECTOR('',#6116,1.);
#6116 = DIRECTION('',(1.,0.));
#6117 = ( GEOMETRIC_REPRESENTATION_CONTEXT(2) 
PARAMETRIC_REPRESENTATION_CONTEXT() REPRESENTATION_CONTEXT('2D SPACE',''
  ) );
#6118 = ORIENTED_EDGE('',*,*,#6119,.T.);
#6119 = EDGE_CURVE('',#6097,#6120,#6122,.T.);
#6120 = VERTEX_POINT('',#6121);
#6121 = CARTESIAN_POINT('',(48.,3.7,23.8));
#6122 = SURFACE_CURVE('',#6123,(#6128,#6135),.PCURVE_S1.);
#6123 = CIRCLE('',#6124,0.6);
#6124 = AXIS2_PLACEMENT_3D('',#6125,#6126,#6127);
#6125 = CARTESIAN_POINT('',(48.6,3.7,23.8));
#6126 = DIRECTION('',(0.,0.,1.));
#6127 = DIRECTION('',(-1.110223024625E-16,1.,0.));
#6128 = PCURVE('',#1842,#6129);
#6129 = DEFINITIONAL_REPRESENTATION('',(#6130),#6134);
#6130 = LINE('',#6131,#6132);
#6131 = CARTESIAN_POINT('',(0.,0.1));
#6132 = VECTOR('',#6133,1.);
#6133 = DIRECTION('',(1.,0.));
#6134 = ( GEOMETRIC_REPRESENTATION_CONTEXT(2) 
PARAMETRIC_REPRESENTATION_CONTEXT() REPRESENTATION_CONTEXT('2D SPACE',''
  ) );
#6135 = PCURVE('',#4840,#6136);
#6136 = DEFINITIONAL_REPRESENTATION('',(#6137),#6141);
#6137 = CIRCLE('',#6138,0.6);
#6138 = AXIS2_PLACEMENT_2D('',#6139,#6140);
#6139 = CARTESIAN_POINT('',(68.15,63.75));
#6140 = DIRECTION('',(-1.,0.));
#6141 = ( GEOMETRIC_REPRESENTATION_CONTEXT(2) 
PARAMETRIC_REPRESENTATION_CONTEXT() REPRESENTATION_CONTEXT('2D SPACE',''
  ) );
#6142 = ORIENTED_EDGE('',*,*,#6143,.T.);
#6143 = EDGE_CURVE('',#6120,#1826,#6144,.T.);
#6144 = SURFACE_CURVE('',#6145,(#6149,#6156),.PCURVE_S1.);
#6145 = LINE('',#6146,#6147);
#6146 = CARTESIAN_POINT('',(48.,3.7,23.7));
#6147 = VECTOR('',#6148,1.);
#6148 = DIRECTION('',(0.,0.,1.));
#6149 = PCURVE('',#1842,#6150);
#6150 = DEFINITIONAL_REPRESENTATION('',(#6151),#6155);
#6151 = LINE('',#6152,#6153);
#6152 = CARTESIAN_POINT('',(1.570796326795,0.));
#6153 = VECTOR('',#6154,1.);
#6154 = DIRECTION('',(0.,1.));
#6155 = ( GEOMETRIC_REPRESENTATION_CONTEXT(2) 
PARAMETRIC_REPRESENTATION_CONTEXT() REPRESENTATION_CONTEXT('2D SPACE',''
  ) );
#6156 = PCURVE('',#2039,#6157);
#6157 = DEFINITIONAL_REPRESENTATION('',(#6158),#6162);
#6158 = LINE('',#6159,#6160);
#6159 = CARTESIAN_POINT('',(0.,0.6));
#6160 = VECTOR('',#6161,1.);
#6161 = DIRECTION('',(1.,0.));
#6162 = ( GEOMETRIC_REPRESENTATION_CONTEXT(2) 
PARAMETRIC_REPRESENTATION_CONTEXT() REPRESENTATION_CONTEXT('2D SPACE',''
  ) );
#6163 = ORIENTED_EDGE('',*,*,#1823,.F.);
#6164 = ADVANCED_FACE('',(#6165),#1870,.T.);
#6165 = FACE_BOUND('',#6166,.T.);
#6166 = EDGE_LOOP('',(#6167,#6168,#6169,#6192));
#6167 = ORIENTED_EDGE('',*,*,#1854,.F.);
#6168 = ORIENTED_EDGE('',*,*,#6096,.F.);
#6169 = ORIENTED_EDGE('',*,*,#6170,.T.);
#6170 = EDGE_CURVE('',#6097,#6171,#6173,.T.);
#6171 = VERTEX_POINT('',#6172);
#6172 = CARTESIAN_POINT('',(54.4,4.3,23.8));
#6173 = SURFACE_CURVE('',#6174,(#6178,#6185),.PCURVE_S1.);
#6174 = LINE('',#6175,#6176);
#6175 = CARTESIAN_POINT('',(16.425,4.3,23.8));
#6176 = VECTOR('',#6177,1.);
#6177 = DIRECTION('',(1.,1.110223024625E-16,0.));
#6178 = PCURVE('',#1870,#6179);
#6179 = DEFINITIONAL_REPRESENTATION('',(#6180),#6184);
#6180 = LINE('',#6181,#6182);
#6181 = CARTESIAN_POINT('',(0.1,31.575));
#6182 = VECTOR('',#6183,1.);
#6183 = DIRECTION('',(0.,-1.));
#6184 = ( GEOMETRIC_REPRESENTATION_CONTEXT(2) 
PARAMETRIC_REPRESENTATION_CONTEXT() REPRESENTATION_CONTEXT('2D SPACE',''
  ) );
#6185 = PCURVE('',#4840,#6186);
#6186 = DEFINITIONAL_REPRESENTATION('',(#6187),#6191);
#6187 = LINE('',#6188,#6189);
#6188 = CARTESIAN_POINT('',(67.55,31.575));
#6189 = VECTOR('',#6190,1.);
#6190 = DIRECTION('',(0.,1.));
#6191 = ( GEOMETRIC_REPRESENTATION_CONTEXT(2) 
PARAMETRIC_REPRESENTATION_CONTEXT() REPRESENTATION_CONTEXT('2D SPACE',''
  ) );
#6192 = ORIENTED_EDGE('',*,*,#6193,.T.);
#6193 = EDGE_CURVE('',#6171,#1855,#6194,.T.);
#6194 = SURFACE_CURVE('',#6195,(#6199,#6206),.PCURVE_S1.);
#6195 = LINE('',#6196,#6197);
#6196 = CARTESIAN_POINT('',(54.4,4.3,23.7));
#6197 = VECTOR('',#6198,1.);
#6198 = DIRECTION('',(0.,0.,1.));
#6199 = PCURVE('',#1870,#6200);
#6200 = DEFINITIONAL_REPRESENTATION('',(#6201),#6205);
#6201 = LINE('',#6202,#6203);
#6202 = CARTESIAN_POINT('',(0.,-6.4));
#6203 = VECTOR('',#6204,1.);
#6204 = DIRECTION('',(1.,0.));
#6205 = ( GEOMETRIC_REPRESENTATION_CONTEXT(2) 
PARAMETRIC_REPRESENTATION_CONTEXT() REPRESENTATION_CONTEXT('2D SPACE',''
  ) );
#6206 = PCURVE('',#1899,#6207);
#6207 = DEFINITIONAL_REPRESENTATION('',(#6208),#6212);
#6208 = LINE('',#6209,#6210);
#6209 = CARTESIAN_POINT('',(-0.,0.));
#6210 = VECTOR('',#6211,1.);
#6211 = DIRECTION('',(-0.,1.));
#6212 = ( GEOMETRIC_REPRESENTATION_CONTEXT(2) 
PARAMETRIC_REPRESENTATION_CONTEXT() REPRESENTATION_CONTEXT('2D SPACE',''
  ) );
#6213 = ADVANCED_FACE('',(#6214),#2039,.T.);
#6214 = FACE_BOUND('',#6215,.T.);
#6215 = EDGE_LOOP('',(#6216,#6239,#6240,#6241));
#6216 = ORIENTED_EDGE('',*,*,#6217,.T.);
#6217 = EDGE_CURVE('',#6218,#6120,#6220,.T.);
#6218 = VERTEX_POINT('',#6219);
#6219 = CARTESIAN_POINT('',(48.,3.5,23.8));
#6220 = SURFACE_CURVE('',#6221,(#6225,#6232),.PCURVE_S1.);
#6221 = LINE('',#6222,#6223);
#6222 = CARTESIAN_POINT('',(48.,38.075,23.8));
#6223 = VECTOR('',#6224,1.);
#6224 = DIRECTION('',(-1.110223024625E-16,1.,0.));
#6225 = PCURVE('',#2039,#6226);
#6226 = DEFINITIONAL_REPRESENTATION('',(#6227),#6231);
#6227 = LINE('',#6228,#6229);
#6228 = CARTESIAN_POINT('',(0.1,-33.775));
#6229 = VECTOR('',#6230,1.);
#6230 = DIRECTION('',(0.,-1.));
#6231 = ( GEOMETRIC_REPRESENTATION_CONTEXT(2) 
PARAMETRIC_REPRESENTATION_CONTEXT() REPRESENTATION_CONTEXT('2D SPACE',''
  ) );
#6232 = PCURVE('',#4840,#6233);
#6233 = DEFINITIONAL_REPRESENTATION('',(#6234),#6238);
#6234 = LINE('',#6235,#6236);
#6235 = CARTESIAN_POINT('',(33.775,63.15));
#6236 = VECTOR('',#6237,1.);
#6237 = DIRECTION('',(-1.,0.));
#6238 = ( GEOMETRIC_REPRESENTATION_CONTEXT(2) 
PARAMETRIC_REPRESENTATION_CONTEXT() REPRESENTATION_CONTEXT('2D SPACE',''
  ) );
#6239 = ORIENTED_EDGE('',*,*,#6143,.T.);
#6240 = ORIENTED_EDGE('',*,*,#2025,.F.);
#6241 = ORIENTED_EDGE('',*,*,#6242,.F.);
#6242 = EDGE_CURVE('',#6218,#1997,#6243,.T.);
#6243 = SURFACE_CURVE('',#6244,(#6248,#6255),.PCURVE_S1.);
#6244 = LINE('',#6245,#6246);
#6245 = CARTESIAN_POINT('',(48.,3.5,23.7));
#6246 = VECTOR('',#6247,1.);
#6247 = DIRECTION('',(0.,0.,1.));
#6248 = PCURVE('',#2039,#6249);
#6249 = DEFINITIONAL_REPRESENTATION('',(#6250),#6254);
#6250 = LINE('',#6251,#6252);
#6251 = CARTESIAN_POINT('',(0.,0.8));
#6252 = VECTOR('',#6253,1.);
#6253 = DIRECTION('',(1.,0.));
#6254 = ( GEOMETRIC_REPRESENTATION_CONTEXT(2) 
PARAMETRIC_REPRESENTATION_CONTEXT() REPRESENTATION_CONTEXT('2D SPACE',''
  ) );
#6255 = PCURVE('',#2013,#6256);
#6256 = DEFINITIONAL_REPRESENTATION('',(#6257),#6261);
#6257 = LINE('',#6258,#6259);
#6258 = CARTESIAN_POINT('',(-1.570796326795,0.));
#6259 = VECTOR('',#6260,1.);
#6260 = DIRECTION('',(-0.,1.));
#6261 = ( GEOMETRIC_REPRESENTATION_CONTEXT(2) 
PARAMETRIC_REPRESENTATION_CONTEXT() REPRESENTATION_CONTEXT('2D SPACE',''
  ) );
#6262 = ADVANCED_FACE('',(#6263),#1899,.F.);
#6263 = FACE_BOUND('',#6264,.T.);
#6264 = EDGE_LOOP('',(#6265,#6266,#6290,#6311));
#6265 = ORIENTED_EDGE('',*,*,#6193,.F.);
#6266 = ORIENTED_EDGE('',*,*,#6267,.F.);
#6267 = EDGE_CURVE('',#6268,#6171,#6270,.T.);
#6268 = VERTEX_POINT('',#6269);
#6269 = CARTESIAN_POINT('',(55.,3.7,23.8));
#6270 = SURFACE_CURVE('',#6271,(#6276,#6283),.PCURVE_S1.);
#6271 = CIRCLE('',#6272,0.6);
#6272 = AXIS2_PLACEMENT_3D('',#6273,#6274,#6275);
#6273 = CARTESIAN_POINT('',(54.4,3.7,23.8));
#6274 = DIRECTION('',(0.,0.,1.));
#6275 = DIRECTION('',(-1.110223024625E-16,1.,0.));
#6276 = PCURVE('',#1899,#6277);
#6277 = DEFINITIONAL_REPRESENTATION('',(#6278),#6282);
#6278 = LINE('',#6279,#6280);
#6279 = CARTESIAN_POINT('',(-6.28318530718,0.1));
#6280 = VECTOR('',#6281,1.);
#6281 = DIRECTION('',(1.,-0.));
#6282 = ( GEOMETRIC_REPRESENTATION_CONTEXT(2) 
PARAMETRIC_REPRESENTATION_CONTEXT() REPRESENTATION_CONTEXT('2D SPACE',''
  ) );
#6283 = PCURVE('',#4840,#6284);
#6284 = DEFINITIONAL_REPRESENTATION('',(#6285),#6289);
#6285 = CIRCLE('',#6286,0.6);
#6286 = AXIS2_PLACEMENT_2D('',#6287,#6288);
#6287 = CARTESIAN_POINT('',(68.15,69.55));
#6288 = DIRECTION('',(-1.,0.));
#6289 = ( GEOMETRIC_REPRESENTATION_CONTEXT(2) 
PARAMETRIC_REPRESENTATION_CONTEXT() REPRESENTATION_CONTEXT('2D SPACE',''
  ) );
#6290 = ORIENTED_EDGE('',*,*,#6291,.T.);
#6291 = EDGE_CURVE('',#6268,#1883,#6292,.T.);
#6292 = SURFACE_CURVE('',#6293,(#6297,#6304),.PCURVE_S1.);
#6293 = LINE('',#6294,#6295);
#6294 = CARTESIAN_POINT('',(55.,3.7,23.7));
#6295 = VECTOR('',#6296,1.);
#6296 = DIRECTION('',(0.,0.,1.));
#6297 = PCURVE('',#1899,#6298);
#6298 = DEFINITIONAL_REPRESENTATION('',(#6299),#6303);
#6299 = LINE('',#6300,#6301);
#6300 = CARTESIAN_POINT('',(-1.570796326795,0.));
#6301 = VECTOR('',#6302,1.);
#6302 = DIRECTION('',(-0.,1.));
#6303 = ( GEOMETRIC_REPRESENTATION_CONTEXT(2) 
PARAMETRIC_REPRESENTATION_CONTEXT() REPRESENTATION_CONTEXT('2D SPACE',''
  ) );
#6304 = PCURVE('',#1927,#6305);
#6305 = DEFINITIONAL_REPRESENTATION('',(#6306),#6310);
#6306 = LINE('',#6307,#6308);
#6307 = CARTESIAN_POINT('',(0.,0.6));
#6308 = VECTOR('',#6309,1.);
#6309 = DIRECTION('',(1.,0.));
#6310 = ( GEOMETRIC_REPRESENTATION_CONTEXT(2) 
PARAMETRIC_REPRESENTATION_CONTEXT() REPRESENTATION_CONTEXT('2D SPACE',''
  ) );
#6311 = ORIENTED_EDGE('',*,*,#1882,.T.);
#6312 = ADVANCED_FACE('',(#6313),#2013,.F.);
#6313 = FACE_BOUND('',#6314,.T.);
#6314 = EDGE_LOOP('',(#6315,#6338,#6360,#6361));
#6315 = ORIENTED_EDGE('',*,*,#6316,.F.);
#6316 = EDGE_CURVE('',#6317,#1969,#6319,.T.);
#6317 = VERTEX_POINT('',#6318);
#6318 = CARTESIAN_POINT('',(48.6,2.9,23.8));
#6319 = SURFACE_CURVE('',#6320,(#6324,#6331),.PCURVE_S1.);
#6320 = LINE('',#6321,#6322);
#6321 = CARTESIAN_POINT('',(48.6,2.9,23.7));
#6322 = VECTOR('',#6323,1.);
#6323 = DIRECTION('',(0.,0.,1.));
#6324 = PCURVE('',#2013,#6325);
#6325 = DEFINITIONAL_REPRESENTATION('',(#6326),#6330);
#6326 = LINE('',#6327,#6328);
#6327 = CARTESIAN_POINT('',(-0.,0.));
#6328 = VECTOR('',#6329,1.);
#6329 = DIRECTION('',(-0.,1.));
#6330 = ( GEOMETRIC_REPRESENTATION_CONTEXT(2) 
PARAMETRIC_REPRESENTATION_CONTEXT() REPRESENTATION_CONTEXT('2D SPACE',''
  ) );
#6331 = PCURVE('',#1984,#6332);
#6332 = DEFINITIONAL_REPRESENTATION('',(#6333),#6337);
#6333 = LINE('',#6334,#6335);
#6334 = CARTESIAN_POINT('',(0.,-0.6));
#6335 = VECTOR('',#6336,1.);
#6336 = DIRECTION('',(1.,0.));
#6337 = ( GEOMETRIC_REPRESENTATION_CONTEXT(2) 
PARAMETRIC_REPRESENTATION_CONTEXT() REPRESENTATION_CONTEXT('2D SPACE',''
  ) );
#6338 = ORIENTED_EDGE('',*,*,#6339,.F.);
#6339 = EDGE_CURVE('',#6218,#6317,#6340,.T.);
#6340 = SURFACE_CURVE('',#6341,(#6346,#6353),.PCURVE_S1.);
#6341 = CIRCLE('',#6342,0.6);
#6342 = AXIS2_PLACEMENT_3D('',#6343,#6344,#6345);
#6343 = CARTESIAN_POINT('',(48.6,3.5,23.8));
#6344 = DIRECTION('',(-0.,0.,1.));
#6345 = DIRECTION('',(1.110223024625E-16,-1.,0.));
#6346 = PCURVE('',#2013,#6347);
#6347 = DEFINITIONAL_REPRESENTATION('',(#6348),#6352);
#6348 = LINE('',#6349,#6350);
#6349 = CARTESIAN_POINT('',(-6.28318530718,0.1));
#6350 = VECTOR('',#6351,1.);
#6351 = DIRECTION('',(1.,-0.));
#6352 = ( GEOMETRIC_REPRESENTATION_CONTEXT(2) 
PARAMETRIC_REPRESENTATION_CONTEXT() REPRESENTATION_CONTEXT('2D SPACE',''
  ) );
#6353 = PCURVE('',#4840,#6354);
#6354 = DEFINITIONAL_REPRESENTATION('',(#6355),#6359);
#6355 = CIRCLE('',#6356,0.6);
#6356 = AXIS2_PLACEMENT_2D('',#6357,#6358);
#6357 = CARTESIAN_POINT('',(68.35,63.75));
#6358 = DIRECTION('',(1.,0.));
#6359 = ( GEOMETRIC_REPRESENTATION_CONTEXT(2) 
PARAMETRIC_REPRESENTATION_CONTEXT() REPRESENTATION_CONTEXT('2D SPACE',''
  ) );
#6360 = ORIENTED_EDGE('',*,*,#6242,.T.);
#6361 = ORIENTED_EDGE('',*,*,#1996,.T.);
#6362 = ADVANCED_FACE('',(#6363),#1927,.F.);
#6363 = FACE_BOUND('',#6364,.F.);
#6364 = EDGE_LOOP('',(#6365,#6388,#6389,#6390));
#6365 = ORIENTED_EDGE('',*,*,#6366,.T.);
#6366 = EDGE_CURVE('',#6367,#6268,#6369,.T.);
#6367 = VERTEX_POINT('',#6368);
#6368 = CARTESIAN_POINT('',(55.,3.5,23.8));
#6369 = SURFACE_CURVE('',#6370,(#6374,#6381),.PCURVE_S1.);
#6370 = LINE('',#6371,#6372);
#6371 = CARTESIAN_POINT('',(55.,38.075,23.8));
#6372 = VECTOR('',#6373,1.);
#6373 = DIRECTION('',(-1.110223024625E-16,1.,0.));
#6374 = PCURVE('',#1927,#6375);
#6375 = DEFINITIONAL_REPRESENTATION('',(#6376),#6380);
#6376 = LINE('',#6377,#6378);
#6377 = CARTESIAN_POINT('',(0.1,-33.775));
#6378 = VECTOR('',#6379,1.);
#6379 = DIRECTION('',(0.,-1.));
#6380 = ( GEOMETRIC_REPRESENTATION_CONTEXT(2) 
PARAMETRIC_REPRESENTATION_CONTEXT() REPRESENTATION_CONTEXT('2D SPACE',''
  ) );
#6381 = PCURVE('',#4840,#6382);
#6382 = DEFINITIONAL_REPRESENTATION('',(#6383),#6387);
#6383 = LINE('',#6384,#6385);
#6384 = CARTESIAN_POINT('',(33.775,70.15));
#6385 = VECTOR('',#6386,1.);
#6386 = DIRECTION('',(-1.,0.));
#6387 = ( GEOMETRIC_REPRESENTATION_CONTEXT(2) 
PARAMETRIC_REPRESENTATION_CONTEXT() REPRESENTATION_CONTEXT('2D SPACE',''
  ) );
#6388 = ORIENTED_EDGE('',*,*,#6291,.T.);
#6389 = ORIENTED_EDGE('',*,*,#1911,.F.);
#6390 = ORIENTED_EDGE('',*,*,#6391,.F.);
#6391 = EDGE_CURVE('',#6367,#1912,#6392,.T.);
#6392 = SURFACE_CURVE('',#6393,(#6397,#6404),.PCURVE_S1.);
#6393 = LINE('',#6394,#6395);
#6394 = CARTESIAN_POINT('',(55.,3.5,23.7));
#6395 = VECTOR('',#6396,1.);
#6396 = DIRECTION('',(0.,0.,1.));
#6397 = PCURVE('',#1927,#6398);
#6398 = DEFINITIONAL_REPRESENTATION('',(#6399),#6403);
#6399 = LINE('',#6400,#6401);
#6400 = CARTESIAN_POINT('',(0.,0.8));
#6401 = VECTOR('',#6402,1.);
#6402 = DIRECTION('',(1.,0.));
#6403 = ( GEOMETRIC_REPRESENTATION_CONTEXT(2) 
PARAMETRIC_REPRESENTATION_CONTEXT() REPRESENTATION_CONTEXT('2D SPACE',''
  ) );
#6404 = PCURVE('',#1956,#6405);
#6405 = DEFINITIONAL_REPRESENTATION('',(#6406),#6410);
#6406 = LINE('',#6407,#6408);
#6407 = CARTESIAN_POINT('',(1.570796326795,0.));
#6408 = VECTOR('',#6409,1.);
#6409 = DIRECTION('',(0.,1.));
#6410 = ( GEOMETRIC_REPRESENTATION_CONTEXT(2) 
PARAMETRIC_REPRESENTATION_CONTEXT() REPRESENTATION_CONTEXT('2D SPACE',''
  ) );
#6411 = ADVANCED_FACE('',(#6412),#1984,.F.);
#6412 = FACE_BOUND('',#6413,.F.);
#6413 = EDGE_LOOP('',(#6414,#6415,#6416,#6439));
#6414 = ORIENTED_EDGE('',*,*,#1968,.F.);
#6415 = ORIENTED_EDGE('',*,*,#6316,.F.);
#6416 = ORIENTED_EDGE('',*,*,#6417,.T.);
#6417 = EDGE_CURVE('',#6317,#6418,#6420,.T.);
#6418 = VERTEX_POINT('',#6419);
#6419 = CARTESIAN_POINT('',(54.4,2.9,23.8));
#6420 = SURFACE_CURVE('',#6421,(#6425,#6432),.PCURVE_S1.);
#6421 = LINE('',#6422,#6423);
#6422 = CARTESIAN_POINT('',(16.425,2.9,23.8));
#6423 = VECTOR('',#6424,1.);
#6424 = DIRECTION('',(1.,1.110223024625E-16,0.));
#6425 = PCURVE('',#1984,#6426);
#6426 = DEFINITIONAL_REPRESENTATION('',(#6427),#6431);
#6427 = LINE('',#6428,#6429);
#6428 = CARTESIAN_POINT('',(0.1,31.575));
#6429 = VECTOR('',#6430,1.);
#6430 = DIRECTION('',(0.,-1.));
#6431 = ( GEOMETRIC_REPRESENTATION_CONTEXT(2) 
PARAMETRIC_REPRESENTATION_CONTEXT() REPRESENTATION_CONTEXT('2D SPACE',''
  ) );
#6432 = PCURVE('',#4840,#6433);
#6433 = DEFINITIONAL_REPRESENTATION('',(#6434),#6438);
#6434 = LINE('',#6435,#6436);
#6435 = CARTESIAN_POINT('',(68.95,31.575));
#6436 = VECTOR('',#6437,1.);
#6437 = DIRECTION('',(0.,1.));
#6438 = ( GEOMETRIC_REPRESENTATION_CONTEXT(2) 
PARAMETRIC_REPRESENTATION_CONTEXT() REPRESENTATION_CONTEXT('2D SPACE',''
  ) );
#6439 = ORIENTED_EDGE('',*,*,#6440,.T.);
#6440 = EDGE_CURVE('',#6418,#1940,#6441,.T.);
#6441 = SURFACE_CURVE('',#6442,(#6446,#6453),.PCURVE_S1.);
#6442 = LINE('',#6443,#6444);
#6443 = CARTESIAN_POINT('',(54.4,2.9,23.7));
#6444 = VECTOR('',#6445,1.);
#6445 = DIRECTION('',(0.,0.,1.));
#6446 = PCURVE('',#1984,#6447);
#6447 = DEFINITIONAL_REPRESENTATION('',(#6448),#6452);
#6448 = LINE('',#6449,#6450);
#6449 = CARTESIAN_POINT('',(0.,-6.4));
#6450 = VECTOR('',#6451,1.);
#6451 = DIRECTION('',(1.,0.));
#6452 = ( GEOMETRIC_REPRESENTATION_CONTEXT(2) 
PARAMETRIC_REPRESENTATION_CONTEXT() REPRESENTATION_CONTEXT('2D SPACE',''
  ) );
#6453 = PCURVE('',#1956,#6454);
#6454 = DEFINITIONAL_REPRESENTATION('',(#6455),#6459);
#6455 = LINE('',#6456,#6457);
#6456 = CARTESIAN_POINT('',(0.,0.));
#6457 = VECTOR('',#6458,1.);
#6458 = DIRECTION('',(0.,1.));
#6459 = ( GEOMETRIC_REPRESENTATION_CONTEXT(2) 
PARAMETRIC_REPRESENTATION_CONTEXT() REPRESENTATION_CONTEXT('2D SPACE',''
  ) );
#6460 = ADVANCED_FACE('',(#6461),#1956,.F.);
#6461 = FACE_BOUND('',#6462,.F.);
#6462 = EDGE_LOOP('',(#6463,#6464,#6486,#6487));
#6463 = ORIENTED_EDGE('',*,*,#6440,.F.);
#6464 = ORIENTED_EDGE('',*,*,#6465,.T.);
#6465 = EDGE_CURVE('',#6418,#6367,#6466,.T.);
#6466 = SURFACE_CURVE('',#6467,(#6472,#6479),.PCURVE_S1.);
#6467 = CIRCLE('',#6468,0.6);
#6468 = AXIS2_PLACEMENT_3D('',#6469,#6470,#6471);
#6469 = CARTESIAN_POINT('',(54.4,3.5,23.8));
#6470 = DIRECTION('',(-0.,0.,1.));
#6471 = DIRECTION('',(1.110223024625E-16,-1.,0.));
#6472 = PCURVE('',#1956,#6473);
#6473 = DEFINITIONAL_REPRESENTATION('',(#6474),#6478);
#6474 = LINE('',#6475,#6476);
#6475 = CARTESIAN_POINT('',(0.,0.1));
#6476 = VECTOR('',#6477,1.);
#6477 = DIRECTION('',(1.,0.));
#6478 = ( GEOMETRIC_REPRESENTATION_CONTEXT(2) 
PARAMETRIC_REPRESENTATION_CONTEXT() REPRESENTATION_CONTEXT('2D SPACE',''
  ) );
#6479 = PCURVE('',#4840,#6480);
#6480 = DEFINITIONAL_REPRESENTATION('',(#6481),#6485);
#6481 = CIRCLE('',#6482,0.6);
#6482 = AXIS2_PLACEMENT_2D('',#6483,#6484);
#6483 = CARTESIAN_POINT('',(68.35,69.55));
#6484 = DIRECTION('',(1.,0.));
#6485 = ( GEOMETRIC_REPRESENTATION_CONTEXT(2) 
PARAMETRIC_REPRESENTATION_CONTEXT() REPRESENTATION_CONTEXT('2D SPACE',''
  ) );
#6486 = ORIENTED_EDGE('',*,*,#6391,.T.);
#6487 = ORIENTED_EDGE('',*,*,#1939,.F.);
#6488 = ADVANCED_FACE('',(#6489),#2072,.F.);
#6489 = FACE_BOUND('',#6490,.F.);
#6490 = EDGE_LOOP('',(#6491,#6514,#6538,#6559));
#6491 = ORIENTED_EDGE('',*,*,#6492,.F.);
#6492 = EDGE_CURVE('',#6493,#2054,#6495,.T.);
#6493 = VERTEX_POINT('',#6494);
#6494 = CARTESIAN_POINT('',(48.6,1.5,23.8));
#6495 = SURFACE_CURVE('',#6496,(#6500,#6507),.PCURVE_S1.);
#6496 = LINE('',#6497,#6498);
#6497 = CARTESIAN_POINT('',(48.6,1.5,23.7));
#6498 = VECTOR('',#6499,1.);
#6499 = DIRECTION('',(0.,0.,1.));
#6500 = PCURVE('',#2072,#6501);
#6501 = DEFINITIONAL_REPRESENTATION('',(#6502),#6506);
#6502 = LINE('',#6503,#6504);
#6503 = CARTESIAN_POINT('',(0.,0.));
#6504 = VECTOR('',#6505,1.);
#6505 = DIRECTION('',(0.,1.));
#6506 = ( GEOMETRIC_REPRESENTATION_CONTEXT(2) 
PARAMETRIC_REPRESENTATION_CONTEXT() REPRESENTATION_CONTEXT('2D SPACE',''
  ) );
#6507 = PCURVE('',#2100,#6508);
#6508 = DEFINITIONAL_REPRESENTATION('',(#6509),#6513);
#6509 = LINE('',#6510,#6511);
#6510 = CARTESIAN_POINT('',(0.,-0.6));
#6511 = VECTOR('',#6512,1.);
#6512 = DIRECTION('',(1.,0.));
#6513 = ( GEOMETRIC_REPRESENTATION_CONTEXT(2) 
PARAMETRIC_REPRESENTATION_CONTEXT() REPRESENTATION_CONTEXT('2D SPACE',''
  ) );
#6514 = ORIENTED_EDGE('',*,*,#6515,.T.);
#6515 = EDGE_CURVE('',#6493,#6516,#6518,.T.);
#6516 = VERTEX_POINT('',#6517);
#6517 = CARTESIAN_POINT('',(48.,0.9,23.8));
#6518 = SURFACE_CURVE('',#6519,(#6524,#6531),.PCURVE_S1.);
#6519 = CIRCLE('',#6520,0.6);
#6520 = AXIS2_PLACEMENT_3D('',#6521,#6522,#6523);
#6521 = CARTESIAN_POINT('',(48.6,0.9,23.8));
#6522 = DIRECTION('',(0.,0.,1.));
#6523 = DIRECTION('',(-1.110223024625E-16,1.,0.));
#6524 = PCURVE('',#2072,#6525);
#6525 = DEFINITIONAL_REPRESENTATION('',(#6526),#6530);
#6526 = LINE('',#6527,#6528);
#6527 = CARTESIAN_POINT('',(0.,0.1));
#6528 = VECTOR('',#6529,1.);
#6529 = DIRECTION('',(1.,0.));
#6530 = ( GEOMETRIC_REPRESENTATION_CONTEXT(2) 
PARAMETRIC_REPRESENTATION_CONTEXT() REPRESENTATION_CONTEXT('2D SPACE',''
  ) );
#6531 = PCURVE('',#4840,#6532);
#6532 = DEFINITIONAL_REPRESENTATION('',(#6533),#6537);
#6533 = CIRCLE('',#6534,0.6);
#6534 = AXIS2_PLACEMENT_2D('',#6535,#6536);
#6535 = CARTESIAN_POINT('',(70.95,63.75));
#6536 = DIRECTION('',(-1.,0.));
#6537 = ( GEOMETRIC_REPRESENTATION_CONTEXT(2) 
PARAMETRIC_REPRESENTATION_CONTEXT() REPRESENTATION_CONTEXT('2D SPACE',''
  ) );
#6538 = ORIENTED_EDGE('',*,*,#6539,.T.);
#6539 = EDGE_CURVE('',#6516,#2056,#6540,.T.);
#6540 = SURFACE_CURVE('',#6541,(#6545,#6552),.PCURVE_S1.);
#6541 = LINE('',#6542,#6543);
#6542 = CARTESIAN_POINT('',(48.,0.9,23.7));
#6543 = VECTOR('',#6544,1.);
#6544 = DIRECTION('',(0.,0.,1.));
#6545 = PCURVE('',#2072,#6546);
#6546 = DEFINITIONAL_REPRESENTATION('',(#6547),#6551);
#6547 = LINE('',#6548,#6549);
#6548 = CARTESIAN_POINT('',(1.570796326795,0.));
#6549 = VECTOR('',#6550,1.);
#6550 = DIRECTION('',(0.,1.));
#6551 = ( GEOMETRIC_REPRESENTATION_CONTEXT(2) 
PARAMETRIC_REPRESENTATION_CONTEXT() REPRESENTATION_CONTEXT('2D SPACE',''
  ) );
#6552 = PCURVE('',#2269,#6553);
#6553 = DEFINITIONAL_REPRESENTATION('',(#6554),#6558);
#6554 = LINE('',#6555,#6556);
#6555 = CARTESIAN_POINT('',(0.,0.6));
#6556 = VECTOR('',#6557,1.);
#6557 = DIRECTION('',(1.,0.));
#6558 = ( GEOMETRIC_REPRESENTATION_CONTEXT(2) 
PARAMETRIC_REPRESENTATION_CONTEXT() REPRESENTATION_CONTEXT('2D SPACE',''
  ) );
#6559 = ORIENTED_EDGE('',*,*,#2053,.F.);
#6560 = ADVANCED_FACE('',(#6561),#2100,.T.);
#6561 = FACE_BOUND('',#6562,.T.);
#6562 = EDGE_LOOP('',(#6563,#6564,#6565,#6588));
#6563 = ORIENTED_EDGE('',*,*,#2084,.F.);
#6564 = ORIENTED_EDGE('',*,*,#6492,.F.);
#6565 = ORIENTED_EDGE('',*,*,#6566,.T.);
#6566 = EDGE_CURVE('',#6493,#6567,#6569,.T.);
#6567 = VERTEX_POINT('',#6568);
#6568 = CARTESIAN_POINT('',(54.4,1.5,23.8));
#6569 = SURFACE_CURVE('',#6570,(#6574,#6581),.PCURVE_S1.);
#6570 = LINE('',#6571,#6572);
#6571 = CARTESIAN_POINT('',(16.425,1.5,23.8));
#6572 = VECTOR('',#6573,1.);
#6573 = DIRECTION('',(1.,1.110223024625E-16,0.));
#6574 = PCURVE('',#2100,#6575);
#6575 = DEFINITIONAL_REPRESENTATION('',(#6576),#6580);
#6576 = LINE('',#6577,#6578);
#6577 = CARTESIAN_POINT('',(0.1,31.575));
#6578 = VECTOR('',#6579,1.);
#6579 = DIRECTION('',(0.,-1.));
#6580 = ( GEOMETRIC_REPRESENTATION_CONTEXT(2) 
PARAMETRIC_REPRESENTATION_CONTEXT() REPRESENTATION_CONTEXT('2D SPACE',''
  ) );
#6581 = PCURVE('',#4840,#6582);
#6582 = DEFINITIONAL_REPRESENTATION('',(#6583),#6587);
#6583 = LINE('',#6584,#6585);
#6584 = CARTESIAN_POINT('',(70.35,31.575));
#6585 = VECTOR('',#6586,1.);
#6586 = DIRECTION('',(0.,1.));
#6587 = ( GEOMETRIC_REPRESENTATION_CONTEXT(2) 
PARAMETRIC_REPRESENTATION_CONTEXT() REPRESENTATION_CONTEXT('2D SPACE',''
  ) );
#6588 = ORIENTED_EDGE('',*,*,#6589,.T.);
#6589 = EDGE_CURVE('',#6567,#2085,#6590,.T.);
#6590 = SURFACE_CURVE('',#6591,(#6595,#6602),.PCURVE_S1.);
#6591 = LINE('',#6592,#6593);
#6592 = CARTESIAN_POINT('',(54.4,1.5,23.7));
#6593 = VECTOR('',#6594,1.);
#6594 = DIRECTION('',(0.,0.,1.));
#6595 = PCURVE('',#2100,#6596);
#6596 = DEFINITIONAL_REPRESENTATION('',(#6597),#6601);
#6597 = LINE('',#6598,#6599);
#6598 = CARTESIAN_POINT('',(0.,-6.4));
#6599 = VECTOR('',#6600,1.);
#6600 = DIRECTION('',(1.,0.));
#6601 = ( GEOMETRIC_REPRESENTATION_CONTEXT(2) 
PARAMETRIC_REPRESENTATION_CONTEXT() REPRESENTATION_CONTEXT('2D SPACE',''
  ) );
#6602 = PCURVE('',#2129,#6603);
#6603 = DEFINITIONAL_REPRESENTATION('',(#6604),#6608);
#6604 = LINE('',#6605,#6606);
#6605 = CARTESIAN_POINT('',(-0.,0.));
#6606 = VECTOR('',#6607,1.);
#6607 = DIRECTION('',(-0.,1.));
#6608 = ( GEOMETRIC_REPRESENTATION_CONTEXT(2) 
PARAMETRIC_REPRESENTATION_CONTEXT() REPRESENTATION_CONTEXT('2D SPACE',''
  ) );
#6609 = ADVANCED_FACE('',(#6610),#2269,.T.);
#6610 = FACE_BOUND('',#6611,.T.);
#6611 = EDGE_LOOP('',(#6612,#6635,#6636,#6637));
#6612 = ORIENTED_EDGE('',*,*,#6613,.T.);
#6613 = EDGE_CURVE('',#6614,#6516,#6616,.T.);
#6614 = VERTEX_POINT('',#6615);
#6615 = CARTESIAN_POINT('',(48.,0.7,23.8));
#6616 = SURFACE_CURVE('',#6617,(#6621,#6628),.PCURVE_S1.);
#6617 = LINE('',#6618,#6619);
#6618 = CARTESIAN_POINT('',(48.,36.675,23.8));
#6619 = VECTOR('',#6620,1.);
#6620 = DIRECTION('',(-1.110223024625E-16,1.,0.));
#6621 = PCURVE('',#2269,#6622);
#6622 = DEFINITIONAL_REPRESENTATION('',(#6623),#6627);
#6623 = LINE('',#6624,#6625);
#6624 = CARTESIAN_POINT('',(0.1,-35.175));
#6625 = VECTOR('',#6626,1.);
#6626 = DIRECTION('',(0.,-1.));
#6627 = ( GEOMETRIC_REPRESENTATION_CONTEXT(2) 
PARAMETRIC_REPRESENTATION_CONTEXT() REPRESENTATION_CONTEXT('2D SPACE',''
  ) );
#6628 = PCURVE('',#4840,#6629);
#6629 = DEFINITIONAL_REPRESENTATION('',(#6630),#6634);
#6630 = LINE('',#6631,#6632);
#6631 = CARTESIAN_POINT('',(35.175,63.15));
#6632 = VECTOR('',#6633,1.);
#6633 = DIRECTION('',(-1.,0.));
#6634 = ( GEOMETRIC_REPRESENTATION_CONTEXT(2) 
PARAMETRIC_REPRESENTATION_CONTEXT() REPRESENTATION_CONTEXT('2D SPACE',''
  ) );
#6635 = ORIENTED_EDGE('',*,*,#6539,.T.);
#6636 = ORIENTED_EDGE('',*,*,#2255,.F.);
#6637 = ORIENTED_EDGE('',*,*,#6638,.F.);
#6638 = EDGE_CURVE('',#6614,#2227,#6639,.T.);
#6639 = SURFACE_CURVE('',#6640,(#6644,#6651),.PCURVE_S1.);
#6640 = LINE('',#6641,#6642);
#6641 = CARTESIAN_POINT('',(48.,0.7,23.7));
#6642 = VECTOR('',#6643,1.);
#6643 = DIRECTION('',(0.,0.,1.));
#6644 = PCURVE('',#2269,#6645);
#6645 = DEFINITIONAL_REPRESENTATION('',(#6646),#6650);
#6646 = LINE('',#6647,#6648);
#6647 = CARTESIAN_POINT('',(0.,0.8));
#6648 = VECTOR('',#6649,1.);
#6649 = DIRECTION('',(1.,0.));
#6650 = ( GEOMETRIC_REPRESENTATION_CONTEXT(2) 
PARAMETRIC_REPRESENTATION_CONTEXT() REPRESENTATION_CONTEXT('2D SPACE',''
  ) );
#6651 = PCURVE('',#2243,#6652);
#6652 = DEFINITIONAL_REPRESENTATION('',(#6653),#6657);
#6653 = LINE('',#6654,#6655);
#6654 = CARTESIAN_POINT('',(-1.570796326795,0.));
#6655 = VECTOR('',#6656,1.);
#6656 = DIRECTION('',(-0.,1.));
#6657 = ( GEOMETRIC_REPRESENTATION_CONTEXT(2) 
PARAMETRIC_REPRESENTATION_CONTEXT() REPRESENTATION_CONTEXT('2D SPACE',''
  ) );
#6658 = ADVANCED_FACE('',(#6659),#2129,.F.);
#6659 = FACE_BOUND('',#6660,.T.);
#6660 = EDGE_LOOP('',(#6661,#6662,#6686,#6707));
#6661 = ORIENTED_EDGE('',*,*,#6589,.F.);
#6662 = ORIENTED_EDGE('',*,*,#6663,.F.);
#6663 = EDGE_CURVE('',#6664,#6567,#6666,.T.);
#6664 = VERTEX_POINT('',#6665);
#6665 = CARTESIAN_POINT('',(55.,0.9,23.8));
#6666 = SURFACE_CURVE('',#6667,(#6672,#6679),.PCURVE_S1.);
#6667 = CIRCLE('',#6668,0.6);
#6668 = AXIS2_PLACEMENT_3D('',#6669,#6670,#6671);
#6669 = CARTESIAN_POINT('',(54.4,0.9,23.8));
#6670 = DIRECTION('',(0.,0.,1.));
#6671 = DIRECTION('',(-1.110223024625E-16,1.,0.));
#6672 = PCURVE('',#2129,#6673);
#6673 = DEFINITIONAL_REPRESENTATION('',(#6674),#6678);
#6674 = LINE('',#6675,#6676);
#6675 = CARTESIAN_POINT('',(-6.28318530718,0.1));
#6676 = VECTOR('',#6677,1.);
#6677 = DIRECTION('',(1.,-0.));
#6678 = ( GEOMETRIC_REPRESENTATION_CONTEXT(2) 
PARAMETRIC_REPRESENTATION_CONTEXT() REPRESENTATION_CONTEXT('2D SPACE',''
  ) );
#6679 = PCURVE('',#4840,#6680);
#6680 = DEFINITIONAL_REPRESENTATION('',(#6681),#6685);
#6681 = CIRCLE('',#6682,0.6);
#6682 = AXIS2_PLACEMENT_2D('',#6683,#6684);
#6683 = CARTESIAN_POINT('',(70.95,69.55));
#6684 = DIRECTION('',(-1.,0.));
#6685 = ( GEOMETRIC_REPRESENTATION_CONTEXT(2) 
PARAMETRIC_REPRESENTATION_CONTEXT() REPRESENTATION_CONTEXT('2D SPACE',''
  ) );
#6686 = ORIENTED_EDGE('',*,*,#6687,.T.);
#6687 = EDGE_CURVE('',#6664,#2113,#6688,.T.);
#6688 = SURFACE_CURVE('',#6689,(#6693,#6700),.PCURVE_S1.);
#6689 = LINE('',#6690,#6691);
#6690 = CARTESIAN_POINT('',(55.,0.9,23.7));
#6691 = VECTOR('',#6692,1.);
#6692 = DIRECTION('',(0.,0.,1.));
#6693 = PCURVE('',#2129,#6694);
#6694 = DEFINITIONAL_REPRESENTATION('',(#6695),#6699);
#6695 = LINE('',#6696,#6697);
#6696 = CARTESIAN_POINT('',(-1.570796326795,0.));
#6697 = VECTOR('',#6698,1.);
#6698 = DIRECTION('',(-0.,1.));
#6699 = ( GEOMETRIC_REPRESENTATION_CONTEXT(2) 
PARAMETRIC_REPRESENTATION_CONTEXT() REPRESENTATION_CONTEXT('2D SPACE',''
  ) );
#6700 = PCURVE('',#2157,#6701);
#6701 = DEFINITIONAL_REPRESENTATION('',(#6702),#6706);
#6702 = LINE('',#6703,#6704);
#6703 = CARTESIAN_POINT('',(0.,0.6));
#6704 = VECTOR('',#6705,1.);
#6705 = DIRECTION('',(1.,0.));
#6706 = ( GEOMETRIC_REPRESENTATION_CONTEXT(2) 
PARAMETRIC_REPRESENTATION_CONTEXT() REPRESENTATION_CONTEXT('2D SPACE',''
  ) );
#6707 = ORIENTED_EDGE('',*,*,#2112,.T.);
#6708 = ADVANCED_FACE('',(#6709),#2243,.F.);
#6709 = FACE_BOUND('',#6710,.T.);
#6710 = EDGE_LOOP('',(#6711,#6734,#6767,#6790,#6812,#6813));
#6711 = ORIENTED_EDGE('',*,*,#6712,.F.);
#6712 = EDGE_CURVE('',#6713,#2199,#6715,.T.);
#6713 = VERTEX_POINT('',#6714);
#6714 = CARTESIAN_POINT('',(48.6,1.E-01,23.7));
#6715 = SURFACE_CURVE('',#6716,(#6720,#6727),.PCURVE_S1.);
#6716 = LINE('',#6717,#6718);
#6717 = CARTESIAN_POINT('',(48.6,1.E-01,23.7));
#6718 = VECTOR('',#6719,1.);
#6719 = DIRECTION('',(0.,0.,1.));
#6720 = PCURVE('',#2243,#6721);
#6721 = DEFINITIONAL_REPRESENTATION('',(#6722),#6726);
#6722 = LINE('',#6723,#6724);
#6723 = CARTESIAN_POINT('',(-0.,0.));
#6724 = VECTOR('',#6725,1.);
#6725 = DIRECTION('',(-0.,1.));
#6726 = ( GEOMETRIC_REPRESENTATION_CONTEXT(2) 
PARAMETRIC_REPRESENTATION_CONTEXT() REPRESENTATION_CONTEXT('2D SPACE',''
  ) );
#6727 = PCURVE('',#2214,#6728);
#6728 = DEFINITIONAL_REPRESENTATION('',(#6729),#6733);
#6729 = LINE('',#6730,#6731);
#6730 = CARTESIAN_POINT('',(0.,-0.6));
#6731 = VECTOR('',#6732,1.);
#6732 = DIRECTION('',(1.,0.));
#6733 = ( GEOMETRIC_REPRESENTATION_CONTEXT(2) 
PARAMETRIC_REPRESENTATION_CONTEXT() REPRESENTATION_CONTEXT('2D SPACE',''
  ) );
#6734 = ORIENTED_EDGE('',*,*,#6735,.T.);
#6735 = EDGE_CURVE('',#6713,#6736,#6738,.T.);
#6736 = VERTEX_POINT('',#6737);
#6737 = CARTESIAN_POINT('',(48.002086962845,0.65,23.7));
#6738 = SURFACE_CURVE('',#6739,(#6744,#6751),.PCURVE_S1.);
#6739 = CIRCLE('',#6740,0.6);
#6740 = AXIS2_PLACEMENT_3D('',#6741,#6742,#6743);
#6741 = CARTESIAN_POINT('',(48.6,0.7,23.7));
#6742 = DIRECTION('',(-0.,0.,-1.));
#6743 = DIRECTION('',(-1.,-1.110223024625E-16,0.));
#6744 = PCURVE('',#2243,#6745);
#6745 = DEFINITIONAL_REPRESENTATION('',(#6746),#6750);
#6746 = LINE('',#6747,#6748);
#6747 = CARTESIAN_POINT('',(4.712388980385,-0.));
#6748 = VECTOR('',#6749,1.);
#6749 = DIRECTION('',(-1.,0.));
#6750 = ( GEOMETRIC_REPRESENTATION_CONTEXT(2) 
PARAMETRIC_REPRESENTATION_CONTEXT() REPRESENTATION_CONTEXT('2D SPACE',''
  ) );
#6751 = PCURVE('',#6752,#6757);
#6752 = PLANE('',#6753);
#6753 = AXIS2_PLACEMENT_3D('',#6754,#6755,#6756);
#6754 = CARTESIAN_POINT('',(48.,1.5,23.7));
#6755 = DIRECTION('',(0.,0.,1.));
#6756 = DIRECTION('',(1.110223024625E-16,-1.,0.));
#6757 = DEFINITIONAL_REPRESENTATION('',(#6758),#6766);
#6758 = ( BOUNDED_CURVE() B_SPLINE_CURVE(2,(#6759,#6760,#6761,#6762,
#6763,#6764,#6765),.UNSPECIFIED.,.T.,.F.) B_SPLINE_CURVE_WITH_KNOTS((1,2
    ,2,2,2,1),(-2.094395102393,0.,2.094395102393,4.188790204786,
6.28318530718,8.377580409573),.UNSPECIFIED.) CURVE() 
GEOMETRIC_REPRESENTATION_ITEM() RATIONAL_B_SPLINE_CURVE((1.,0.5,1.,0.5,
1.,0.5,1.)) REPRESENTATION_ITEM('') );
#6759 = CARTESIAN_POINT('',(0.8,-1.110223024625E-16));
#6760 = CARTESIAN_POINT('',(-0.239230484541,-1.110223024625E-16));
#6761 = CARTESIAN_POINT('',(0.280384757729,0.9));
#6762 = CARTESIAN_POINT('',(0.8,1.8));
#6763 = CARTESIAN_POINT('',(1.319615242271,0.9));
#6764 = CARTESIAN_POINT('',(1.839230484541,7.771561172376E-16));
#6765 = CARTESIAN_POINT('',(0.8,-1.110223024625E-16));
#6766 = ( GEOMETRIC_REPRESENTATION_CONTEXT(2) 
PARAMETRIC_REPRESENTATION_CONTEXT() REPRESENTATION_CONTEXT('2D SPACE',''
  ) );
#6767 = ORIENTED_EDGE('',*,*,#6768,.T.);
#6768 = EDGE_CURVE('',#6736,#6769,#6771,.T.);
#6769 = VERTEX_POINT('',#6770);
#6770 = CARTESIAN_POINT('',(48.002086962846,0.65,23.8));
#6771 = SURFACE_CURVE('',#6772,(#6776,#6783),.PCURVE_S1.);
#6772 = LINE('',#6773,#6774);
#6773 = CARTESIAN_POINT('',(48.002086962845,0.65,23.7));
#6774 = VECTOR('',#6775,1.);
#6775 = DIRECTION('',(0.,0.,1.));
#6776 = PCURVE('',#2243,#6777);
#6777 = DEFINITIONAL_REPRESENTATION('',(#6778),#6782);
#6778 = LINE('',#6779,#6780);
#6779 = CARTESIAN_POINT('',(-1.487366240184,0.));
#6780 = VECTOR('',#6781,1.);
#6781 = DIRECTION('',(-0.,1.));
#6782 = ( GEOMETRIC_REPRESENTATION_CONTEXT(2) 
PARAMETRIC_REPRESENTATION_CONTEXT() REPRESENTATION_CONTEXT('2D SPACE',''
  ) );
#6783 = PCURVE('',#3203,#6784);
#6784 = DEFINITIONAL_REPRESENTATION('',(#6785),#6789);
#6785 = LINE('',#6786,#6787);
#6786 = CARTESIAN_POINT('',(7.2,-61.35208696284));
#6787 = VECTOR('',#6788,1.);
#6788 = DIRECTION('',(1.,0.));
#6789 = ( GEOMETRIC_REPRESENTATION_CONTEXT(2) 
PARAMETRIC_REPRESENTATION_CONTEXT() REPRESENTATION_CONTEXT('2D SPACE',''
  ) );
#6790 = ORIENTED_EDGE('',*,*,#6791,.F.);
#6791 = EDGE_CURVE('',#6614,#6769,#6792,.T.);
#6792 = SURFACE_CURVE('',#6793,(#6798,#6805),.PCURVE_S1.);
#6793 = CIRCLE('',#6794,0.6);
#6794 = AXIS2_PLACEMENT_3D('',#6795,#6796,#6797);
#6795 = CARTESIAN_POINT('',(48.6,0.7,23.8));
#6796 = DIRECTION('',(-0.,0.,1.));
#6797 = DIRECTION('',(1.110223024625E-16,-1.,0.));
#6798 = PCURVE('',#2243,#6799);
#6799 = DEFINITIONAL_REPRESENTATION('',(#6800),#6804);
#6800 = LINE('',#6801,#6802);
#6801 = CARTESIAN_POINT('',(-6.28318530718,0.1));
#6802 = VECTOR('',#6803,1.);
#6803 = DIRECTION('',(1.,-0.));
#6804 = ( GEOMETRIC_REPRESENTATION_CONTEXT(2) 
PARAMETRIC_REPRESENTATION_CONTEXT() REPRESENTATION_CONTEXT('2D SPACE',''
  ) );
#6805 = PCURVE('',#4840,#6806);
#6806 = DEFINITIONAL_REPRESENTATION('',(#6807),#6811);
#6807 = CIRCLE('',#6808,0.6);
#6808 = AXIS2_PLACEMENT_2D('',#6809,#6810);
#6809 = CARTESIAN_POINT('',(71.15,63.75));
#6810 = DIRECTION('',(1.,0.));
#6811 = ( GEOMETRIC_REPRESENTATION_CONTEXT(2) 
PARAMETRIC_REPRESENTATION_CONTEXT() REPRESENTATION_CONTEXT('2D SPACE',''
  ) );
#6812 = ORIENTED_EDGE('',*,*,#6638,.T.);
#6813 = ORIENTED_EDGE('',*,*,#2226,.T.);
#6814 = ADVANCED_FACE('',(#6815),#2157,.F.);
#6815 = FACE_BOUND('',#6816,.F.);
#6816 = EDGE_LOOP('',(#6817,#6840,#6841,#6842));
#6817 = ORIENTED_EDGE('',*,*,#6818,.T.);
#6818 = EDGE_CURVE('',#6819,#6664,#6821,.T.);
#6819 = VERTEX_POINT('',#6820);
#6820 = CARTESIAN_POINT('',(55.,0.7,23.8));
#6821 = SURFACE_CURVE('',#6822,(#6826,#6833),.PCURVE_S1.);
#6822 = LINE('',#6823,#6824);
#6823 = CARTESIAN_POINT('',(55.,36.675,23.8));
#6824 = VECTOR('',#6825,1.);
#6825 = DIRECTION('',(-1.110223024625E-16,1.,0.));
#6826 = PCURVE('',#2157,#6827);
#6827 = DEFINITIONAL_REPRESENTATION('',(#6828),#6832);
#6828 = LINE('',#6829,#6830);
#6829 = CARTESIAN_POINT('',(0.1,-35.175));
#6830 = VECTOR('',#6831,1.);
#6831 = DIRECTION('',(0.,-1.));
#6832 = ( GEOMETRIC_REPRESENTATION_CONTEXT(2) 
PARAMETRIC_REPRESENTATION_CONTEXT() REPRESENTATION_CONTEXT('2D SPACE',''
  ) );
#6833 = PCURVE('',#4840,#6834);
#6834 = DEFINITIONAL_REPRESENTATION('',(#6835),#6839);
#6835 = LINE('',#6836,#6837);
#6836 = CARTESIAN_POINT('',(35.175,70.15));
#6837 = VECTOR('',#6838,1.);
#6838 = DIRECTION('',(-1.,0.));
#6839 = ( GEOMETRIC_REPRESENTATION_CONTEXT(2) 
PARAMETRIC_REPRESENTATION_CONTEXT() REPRESENTATION_CONTEXT('2D SPACE',''
  ) );
#6840 = ORIENTED_EDGE('',*,*,#6687,.T.);
#6841 = ORIENTED_EDGE('',*,*,#2141,.F.);
#6842 = ORIENTED_EDGE('',*,*,#6843,.F.);
#6843 = EDGE_CURVE('',#6819,#2142,#6844,.T.);
#6844 = SURFACE_CURVE('',#6845,(#6849,#6856),.PCURVE_S1.);
#6845 = LINE('',#6846,#6847);
#6846 = CARTESIAN_POINT('',(55.,0.7,23.7));
#6847 = VECTOR('',#6848,1.);
#6848 = DIRECTION('',(0.,0.,1.));
#6849 = PCURVE('',#2157,#6850);
#6850 = DEFINITIONAL_REPRESENTATION('',(#6851),#6855);
#6851 = LINE('',#6852,#6853);
#6852 = CARTESIAN_POINT('',(0.,0.8));
#6853 = VECTOR('',#6854,1.);
#6854 = DIRECTION('',(1.,0.));
#6855 = ( GEOMETRIC_REPRESENTATION_CONTEXT(2) 
PARAMETRIC_REPRESENTATION_CONTEXT() REPRESENTATION_CONTEXT('2D SPACE',''
  ) );
#6856 = PCURVE('',#2186,#6857);
#6857 = DEFINITIONAL_REPRESENTATION('',(#6858),#6862);
#6858 = LINE('',#6859,#6860);
#6859 = CARTESIAN_POINT('',(1.570796326795,0.));
#6860 = VECTOR('',#6861,1.);
#6861 = DIRECTION('',(0.,1.));
#6862 = ( GEOMETRIC_REPRESENTATION_CONTEXT(2) 
PARAMETRIC_REPRESENTATION_CONTEXT() REPRESENTATION_CONTEXT('2D SPACE',''
  ) );
#6863 = ADVANCED_FACE('',(#6864),#2214,.F.);
#6864 = FACE_BOUND('',#6865,.F.);
#6865 = EDGE_LOOP('',(#6866,#6867,#6868,#6891));
#6866 = ORIENTED_EDGE('',*,*,#2198,.F.);
#6867 = ORIENTED_EDGE('',*,*,#6712,.F.);
#6868 = ORIENTED_EDGE('',*,*,#6869,.T.);
#6869 = EDGE_CURVE('',#6713,#6870,#6872,.T.);
#6870 = VERTEX_POINT('',#6871);
#6871 = CARTESIAN_POINT('',(54.4,0.1,23.7));
#6872 = SURFACE_CURVE('',#6873,(#6877,#6884),.PCURVE_S1.);
#6873 = LINE('',#6874,#6875);
#6874 = CARTESIAN_POINT('',(48.,1.E-01,23.7));
#6875 = VECTOR('',#6876,1.);
#6876 = DIRECTION('',(1.,1.110223024625E-16,0.));
#6877 = PCURVE('',#2214,#6878);
#6878 = DEFINITIONAL_REPRESENTATION('',(#6879),#6883);
#6879 = LINE('',#6880,#6881);
#6880 = CARTESIAN_POINT('',(0.,0.));
#6881 = VECTOR('',#6882,1.);
#6882 = DIRECTION('',(0.,-1.));
#6883 = ( GEOMETRIC_REPRESENTATION_CONTEXT(2) 
PARAMETRIC_REPRESENTATION_CONTEXT() REPRESENTATION_CONTEXT('2D SPACE',''
  ) );
#6884 = PCURVE('',#6752,#6885);
#6885 = DEFINITIONAL_REPRESENTATION('',(#6886),#6890);
#6886 = LINE('',#6887,#6888);
#6887 = CARTESIAN_POINT('',(1.4,-1.554312234475E-16));
#6888 = VECTOR('',#6889,1.);
#6889 = DIRECTION('',(0.,1.));
#6890 = ( GEOMETRIC_REPRESENTATION_CONTEXT(2) 
PARAMETRIC_REPRESENTATION_CONTEXT() REPRESENTATION_CONTEXT('2D SPACE',''
  ) );
#6891 = ORIENTED_EDGE('',*,*,#6892,.T.);
#6892 = EDGE_CURVE('',#6870,#2170,#6893,.T.);
#6893 = SURFACE_CURVE('',#6894,(#6898,#6905),.PCURVE_S1.);
#6894 = LINE('',#6895,#6896);
#6895 = CARTESIAN_POINT('',(54.4,0.1,23.7));
#6896 = VECTOR('',#6897,1.);
#6897 = DIRECTION('',(0.,0.,1.));
#6898 = PCURVE('',#2214,#6899);
#6899 = DEFINITIONAL_REPRESENTATION('',(#6900),#6904);
#6900 = LINE('',#6901,#6902);
#6901 = CARTESIAN_POINT('',(0.,-6.4));
#6902 = VECTOR('',#6903,1.);
#6903 = DIRECTION('',(1.,0.));
#6904 = ( GEOMETRIC_REPRESENTATION_CONTEXT(2) 
PARAMETRIC_REPRESENTATION_CONTEXT() REPRESENTATION_CONTEXT('2D SPACE',''
  ) );
#6905 = PCURVE('',#2186,#6906);
#6906 = DEFINITIONAL_REPRESENTATION('',(#6907),#6911);
#6907 = LINE('',#6908,#6909);
#6908 = CARTESIAN_POINT('',(0.,0.));
#6909 = VECTOR('',#6910,1.);
#6910 = DIRECTION('',(0.,1.));
#6911 = ( GEOMETRIC_REPRESENTATION_CONTEXT(2) 
PARAMETRIC_REPRESENTATION_CONTEXT() REPRESENTATION_CONTEXT('2D SPACE',''
  ) );
#6912 = ADVANCED_FACE('',(#6913),#2186,.F.);
#6913 = FACE_BOUND('',#6914,.F.);
#6914 = EDGE_LOOP('',(#6915,#6916,#6940,#6963,#6985,#6986));
#6915 = ORIENTED_EDGE('',*,*,#6892,.F.);
#6916 = ORIENTED_EDGE('',*,*,#6917,.T.);
#6917 = EDGE_CURVE('',#6870,#6918,#6920,.T.);
#6918 = VERTEX_POINT('',#6919);
#6919 = CARTESIAN_POINT('',(54.997913037155,0.65,23.7));
#6920 = SURFACE_CURVE('',#6921,(#6926,#6933),.PCURVE_S1.);
#6921 = CIRCLE('',#6922,0.6);
#6922 = AXIS2_PLACEMENT_3D('',#6923,#6924,#6925);
#6923 = CARTESIAN_POINT('',(54.4,0.7,23.7));
#6924 = DIRECTION('',(0.,0.,1.));
#6925 = DIRECTION('',(-1.,-1.110223024625E-16,0.));
#6926 = PCURVE('',#2186,#6927);
#6927 = DEFINITIONAL_REPRESENTATION('',(#6928),#6932);
#6928 = LINE('',#6929,#6930);
#6929 = CARTESIAN_POINT('',(-1.570796326795,0.));
#6930 = VECTOR('',#6931,1.);
#6931 = DIRECTION('',(1.,0.));
#6932 = ( GEOMETRIC_REPRESENTATION_CONTEXT(2) 
PARAMETRIC_REPRESENTATION_CONTEXT() REPRESENTATION_CONTEXT('2D SPACE',''
  ) );
#6933 = PCURVE('',#6752,#6934);
#6934 = DEFINITIONAL_REPRESENTATION('',(#6935),#6939);
#6935 = CIRCLE('',#6936,0.6);
#6936 = AXIS2_PLACEMENT_2D('',#6937,#6938);
#6937 = CARTESIAN_POINT('',(0.8,6.4));
#6938 = DIRECTION('',(0.,-1.));
#6939 = ( GEOMETRIC_REPRESENTATION_CONTEXT(2) 
PARAMETRIC_REPRESENTATION_CONTEXT() REPRESENTATION_CONTEXT('2D SPACE',''
  ) );
#6940 = ORIENTED_EDGE('',*,*,#6941,.T.);
#6941 = EDGE_CURVE('',#6918,#6942,#6944,.T.);
#6942 = VERTEX_POINT('',#6943);
#6943 = CARTESIAN_POINT('',(54.997913037156,0.65,23.8));
#6944 = SURFACE_CURVE('',#6945,(#6949,#6956),.PCURVE_S1.);
#6945 = LINE('',#6946,#6947);
#6946 = CARTESIAN_POINT('',(54.997913037155,0.65,23.7));
#6947 = VECTOR('',#6948,1.);
#6948 = DIRECTION('',(0.,0.,1.));
#6949 = PCURVE('',#2186,#6950);
#6950 = DEFINITIONAL_REPRESENTATION('',(#6951),#6955);
#6951 = LINE('',#6952,#6953);
#6952 = CARTESIAN_POINT('',(1.487366240184,0.));
#6953 = VECTOR('',#6954,1.);
#6954 = DIRECTION('',(0.,1.));
#6955 = ( GEOMETRIC_REPRESENTATION_CONTEXT(2) 
PARAMETRIC_REPRESENTATION_CONTEXT() REPRESENTATION_CONTEXT('2D SPACE',''
  ) );
#6956 = PCURVE('',#3203,#6957);
#6957 = DEFINITIONAL_REPRESENTATION('',(#6958),#6962);
#6958 = LINE('',#6959,#6960);
#6959 = CARTESIAN_POINT('',(7.2,-68.34791303715));
#6960 = VECTOR('',#6961,1.);
#6961 = DIRECTION('',(1.,0.));
#6962 = ( GEOMETRIC_REPRESENTATION_CONTEXT(2) 
PARAMETRIC_REPRESENTATION_CONTEXT() REPRESENTATION_CONTEXT('2D SPACE',''
  ) );
#6963 = ORIENTED_EDGE('',*,*,#6964,.T.);
#6964 = EDGE_CURVE('',#6942,#6819,#6965,.T.);
#6965 = SURFACE_CURVE('',#6966,(#6971,#6978),.PCURVE_S1.);
#6966 = CIRCLE('',#6967,0.6);
#6967 = AXIS2_PLACEMENT_3D('',#6968,#6969,#6970);
#6968 = CARTESIAN_POINT('',(54.4,0.7,23.8));
#6969 = DIRECTION('',(-0.,0.,1.));
#6970 = DIRECTION('',(1.110223024625E-16,-1.,0.));
#6971 = PCURVE('',#2186,#6972);
#6972 = DEFINITIONAL_REPRESENTATION('',(#6973),#6977);
#6973 = LINE('',#6974,#6975);
#6974 = CARTESIAN_POINT('',(0.,0.1));
#6975 = VECTOR('',#6976,1.);
#6976 = DIRECTION('',(1.,0.));
#6977 = ( GEOMETRIC_REPRESENTATION_CONTEXT(2) 
PARAMETRIC_REPRESENTATION_CONTEXT() REPRESENTATION_CONTEXT('2D SPACE',''
  ) );
#6978 = PCURVE('',#4840,#6979);
#6979 = DEFINITIONAL_REPRESENTATION('',(#6980),#6984);
#6980 = CIRCLE('',#6981,0.6);
#6981 = AXIS2_PLACEMENT_2D('',#6982,#6983);
#6982 = CARTESIAN_POINT('',(71.15,69.55));
#6983 = DIRECTION('',(1.,0.));
#6984 = ( GEOMETRIC_REPRESENTATION_CONTEXT(2) 
PARAMETRIC_REPRESENTATION_CONTEXT() REPRESENTATION_CONTEXT('2D SPACE',''
  ) );
#6985 = ORIENTED_EDGE('',*,*,#6843,.T.);
#6986 = ORIENTED_EDGE('',*,*,#2169,.F.);
#6987 = ADVANCED_FACE('',(#6988),#2302,.F.);
#6988 = FACE_BOUND('',#6989,.F.);
#6989 = EDGE_LOOP('',(#6990,#7013,#7042,#7063));
#6990 = ORIENTED_EDGE('',*,*,#6991,.F.);
#6991 = EDGE_CURVE('',#6992,#2284,#6994,.T.);
#6992 = VERTEX_POINT('',#6993);
#6993 = CARTESIAN_POINT('',(98.11,37.45,24.9));
#6994 = SURFACE_CURVE('',#6995,(#6999,#7006),.PCURVE_S1.);
#6995 = LINE('',#6996,#6997);
#6996 = CARTESIAN_POINT('',(98.11,37.45,23.7));
#6997 = VECTOR('',#6998,1.);
#6998 = DIRECTION('',(0.,0.,1.));
#6999 = PCURVE('',#2302,#7000);
#7000 = DEFINITIONAL_REPRESENTATION('',(#7001),#7005);
#7001 = LINE('',#7002,#7003);
#7002 = CARTESIAN_POINT('',(0.,0.));
#7003 = VECTOR('',#7004,1.);
#7004 = DIRECTION('',(0.,1.));
#7005 = ( GEOMETRIC_REPRESENTATION_CONTEXT(2) 
PARAMETRIC_REPRESENTATION_CONTEXT() REPRESENTATION_CONTEXT('2D SPACE',''
  ) );
#7006 = PCURVE('',#2330,#7007);
#7007 = DEFINITIONAL_REPRESENTATION('',(#7008),#7012);
#7008 = LINE('',#7009,#7010);
#7009 = CARTESIAN_POINT('',(0.,-2.09));
#7010 = VECTOR('',#7011,1.);
#7011 = DIRECTION('',(1.,0.));
#7012 = ( GEOMETRIC_REPRESENTATION_CONTEXT(2) 
PARAMETRIC_REPRESENTATION_CONTEXT() REPRESENTATION_CONTEXT('2D SPACE',''
  ) );
#7013 = ORIENTED_EDGE('',*,*,#7014,.T.);
#7014 = EDGE_CURVE('',#6992,#7015,#7017,.T.);
#7015 = VERTEX_POINT('',#7016);
#7016 = CARTESIAN_POINT('',(96.02,35.36,24.9));
#7017 = SURFACE_CURVE('',#7018,(#7023,#7030),.PCURVE_S1.);
#7018 = CIRCLE('',#7019,2.09);
#7019 = AXIS2_PLACEMENT_3D('',#7020,#7021,#7022);
#7020 = CARTESIAN_POINT('',(98.11,35.36,24.9));
#7021 = DIRECTION('',(0.,0.,1.));
#7022 = DIRECTION('',(-1.110223024625E-16,1.,0.));
#7023 = PCURVE('',#2302,#7024);
#7024 = DEFINITIONAL_REPRESENTATION('',(#7025),#7029);
#7025 = LINE('',#7026,#7027);
#7026 = CARTESIAN_POINT('',(0.,1.2));
#7027 = VECTOR('',#7028,1.);
#7028 = DIRECTION('',(1.,0.));
#7029 = ( GEOMETRIC_REPRESENTATION_CONTEXT(2) 
PARAMETRIC_REPRESENTATION_CONTEXT() REPRESENTATION_CONTEXT('2D SPACE',''
  ) );
#7030 = PCURVE('',#7031,#7036);
#7031 = PLANE('',#7032);
#7032 = AXIS2_PLACEMENT_3D('',#7033,#7034,#7035);
#7033 = CARTESIAN_POINT('',(93.92,39.55,24.9));
#7034 = DIRECTION('',(0.,0.,1.));
#7035 = DIRECTION('',(1.110223024625E-16,-1.,0.));
#7036 = DEFINITIONAL_REPRESENTATION('',(#7037),#7041);
#7037 = CIRCLE('',#7038,2.09);
#7038 = AXIS2_PLACEMENT_2D('',#7039,#7040);
#7039 = CARTESIAN_POINT('',(4.19,4.19));
#7040 = DIRECTION('',(-1.,0.));
#7041 = ( GEOMETRIC_REPRESENTATION_CONTEXT(2) 
PARAMETRIC_REPRESENTATION_CONTEXT() REPRESENTATION_CONTEXT('2D SPACE',''
  ) );
#7042 = ORIENTED_EDGE('',*,*,#7043,.T.);
#7043 = EDGE_CURVE('',#7015,#2286,#7044,.T.);
#7044 = SURFACE_CURVE('',#7045,(#7049,#7056),.PCURVE_S1.);
#7045 = LINE('',#7046,#7047);
#7046 = CARTESIAN_POINT('',(96.02,35.36,23.7));
#7047 = VECTOR('',#7048,1.);
#7048 = DIRECTION('',(0.,0.,1.));
#7049 = PCURVE('',#2302,#7050);
#7050 = DEFINITIONAL_REPRESENTATION('',(#7051),#7055);
#7051 = LINE('',#7052,#7053);
#7052 = CARTESIAN_POINT('',(1.570796326795,0.));
#7053 = VECTOR('',#7054,1.);
#7054 = DIRECTION('',(0.,1.));
#7055 = ( GEOMETRIC_REPRESENTATION_CONTEXT(2) 
PARAMETRIC_REPRESENTATION_CONTEXT() REPRESENTATION_CONTEXT('2D SPACE',''
  ) );
#7056 = PCURVE('',#2499,#7057);
#7057 = DEFINITIONAL_REPRESENTATION('',(#7058),#7062);
#7058 = LINE('',#7059,#7060);
#7059 = CARTESIAN_POINT('',(0.,2.09));
#7060 = VECTOR('',#7061,1.);
#7061 = DIRECTION('',(1.,0.));
#7062 = ( GEOMETRIC_REPRESENTATION_CONTEXT(2) 
PARAMETRIC_REPRESENTATION_CONTEXT() REPRESENTATION_CONTEXT('2D SPACE',''
  ) );
#7063 = ORIENTED_EDGE('',*,*,#2283,.F.);
#7064 = ADVANCED_FACE('',(#7065),#2330,.T.);
#7065 = FACE_BOUND('',#7066,.T.);
#7066 = EDGE_LOOP('',(#7067,#7068,#7069,#7092));
#7067 = ORIENTED_EDGE('',*,*,#2314,.F.);
#7068 = ORIENTED_EDGE('',*,*,#6991,.F.);
#7069 = ORIENTED_EDGE('',*,*,#7070,.F.);
#7070 = EDGE_CURVE('',#7071,#6992,#7073,.T.);
#7071 = VERTEX_POINT('',#7072);
#7072 = CARTESIAN_POINT('',(104.875,37.45,24.9));
#7073 = SURFACE_CURVE('',#7074,(#7078,#7085),.PCURVE_S1.);
#7074 = LINE('',#7075,#7076);
#7075 = CARTESIAN_POINT('',(94.97,37.45,24.9));
#7076 = VECTOR('',#7077,1.);
#7077 = DIRECTION('',(-1.,-1.110223024625E-16,0.));
#7078 = PCURVE('',#2330,#7079);
#7079 = DEFINITIONAL_REPRESENTATION('',(#7080),#7084);
#7080 = LINE('',#7081,#7082);
#7081 = CARTESIAN_POINT('',(1.2,1.05));
#7082 = VECTOR('',#7083,1.);
#7083 = DIRECTION('',(0.,1.));
#7084 = ( GEOMETRIC_REPRESENTATION_CONTEXT(2) 
PARAMETRIC_REPRESENTATION_CONTEXT() REPRESENTATION_CONTEXT('2D SPACE',''
  ) );
#7085 = PCURVE('',#7031,#7086);
#7086 = DEFINITIONAL_REPRESENTATION('',(#7087),#7091);
#7087 = LINE('',#7088,#7089);
#7088 = CARTESIAN_POINT('',(2.1,1.05));
#7089 = VECTOR('',#7090,1.);
#7090 = DIRECTION('',(0.,-1.));
#7091 = ( GEOMETRIC_REPRESENTATION_CONTEXT(2) 
PARAMETRIC_REPRESENTATION_CONTEXT() REPRESENTATION_CONTEXT('2D SPACE',''
  ) );
#7092 = ORIENTED_EDGE('',*,*,#7093,.T.);
#7093 = EDGE_CURVE('',#7071,#2315,#7094,.T.);
#7094 = SURFACE_CURVE('',#7095,(#7099,#7106),.PCURVE_S1.);
#7095 = LINE('',#7096,#7097);
#7096 = CARTESIAN_POINT('',(104.875,37.45,23.7));
#7097 = VECTOR('',#7098,1.);
#7098 = DIRECTION('',(0.,0.,1.));
#7099 = PCURVE('',#2330,#7100);
#7100 = DEFINITIONAL_REPRESENTATION('',(#7101),#7105);
#7101 = LINE('',#7102,#7103);
#7102 = CARTESIAN_POINT('',(0.,-8.855));
#7103 = VECTOR('',#7104,1.);
#7104 = DIRECTION('',(1.,0.));
#7105 = ( GEOMETRIC_REPRESENTATION_CONTEXT(2) 
PARAMETRIC_REPRESENTATION_CONTEXT() REPRESENTATION_CONTEXT('2D SPACE',''
  ) );
#7106 = PCURVE('',#2359,#7107);
#7107 = DEFINITIONAL_REPRESENTATION('',(#7108),#7112);
#7108 = LINE('',#7109,#7110);
#7109 = CARTESIAN_POINT('',(-0.,0.));
#7110 = VECTOR('',#7111,1.);
#7111 = DIRECTION('',(-0.,1.));
#7112 = ( GEOMETRIC_REPRESENTATION_CONTEXT(2) 
PARAMETRIC_REPRESENTATION_CONTEXT() REPRESENTATION_CONTEXT('2D SPACE',''
  ) );
#7113 = ADVANCED_FACE('',(#7114),#2499,.T.);
#7114 = FACE_BOUND('',#7115,.T.);
#7115 = EDGE_LOOP('',(#7116,#7139,#7160,#7161));
#7116 = ORIENTED_EDGE('',*,*,#7117,.F.);
#7117 = EDGE_CURVE('',#7118,#2457,#7120,.T.);
#7118 = VERTEX_POINT('',#7119);
#7119 = CARTESIAN_POINT('',(96.02,35.34,24.9));
#7120 = SURFACE_CURVE('',#7121,(#7125,#7132),.PCURVE_S1.);
#7121 = LINE('',#7122,#7123);
#7122 = CARTESIAN_POINT('',(96.02,35.34,23.7));
#7123 = VECTOR('',#7124,1.);
#7124 = DIRECTION('',(0.,0.,1.));
#7125 = PCURVE('',#2499,#7126);
#7126 = DEFINITIONAL_REPRESENTATION('',(#7127),#7131);
#7127 = LINE('',#7128,#7129);
#7128 = CARTESIAN_POINT('',(0.,2.11));
#7129 = VECTOR('',#7130,1.);
#7130 = DIRECTION('',(1.,0.));
#7131 = ( GEOMETRIC_REPRESENTATION_CONTEXT(2) 
PARAMETRIC_REPRESENTATION_CONTEXT() REPRESENTATION_CONTEXT('2D SPACE',''
  ) );
#7132 = PCURVE('',#2473,#7133);
#7133 = DEFINITIONAL_REPRESENTATION('',(#7134),#7138);
#7134 = LINE('',#7135,#7136);
#7135 = CARTESIAN_POINT('',(-1.570796326795,0.));
#7136 = VECTOR('',#7137,1.);
#7137 = DIRECTION('',(-0.,1.));
#7138 = ( GEOMETRIC_REPRESENTATION_CONTEXT(2) 
PARAMETRIC_REPRESENTATION_CONTEXT() REPRESENTATION_CONTEXT('2D SPACE',''
  ) );
#7139 = ORIENTED_EDGE('',*,*,#7140,.F.);
#7140 = EDGE_CURVE('',#7015,#7118,#7141,.T.);
#7141 = SURFACE_CURVE('',#7142,(#7146,#7153),.PCURVE_S1.);
#7142 = LINE('',#7143,#7144);
#7143 = CARTESIAN_POINT('',(96.02,38.5,24.9));
#7144 = VECTOR('',#7145,1.);
#7145 = DIRECTION('',(1.110223024625E-16,-1.,0.));
#7146 = PCURVE('',#2499,#7147);
#7147 = DEFINITIONAL_REPRESENTATION('',(#7148),#7152);
#7148 = LINE('',#7149,#7150);
#7149 = CARTESIAN_POINT('',(1.2,-1.05));
#7150 = VECTOR('',#7151,1.);
#7151 = DIRECTION('',(0.,1.));
#7152 = ( GEOMETRIC_REPRESENTATION_CONTEXT(2) 
PARAMETRIC_REPRESENTATION_CONTEXT() REPRESENTATION_CONTEXT('2D SPACE',''
  ) );
#7153 = PCURVE('',#7031,#7154);
#7154 = DEFINITIONAL_REPRESENTATION('',(#7155),#7159);
#7155 = LINE('',#7156,#7157);
#7156 = CARTESIAN_POINT('',(1.05,2.1));
#7157 = VECTOR('',#7158,1.);
#7158 = DIRECTION('',(1.,0.));
#7159 = ( GEOMETRIC_REPRESENTATION_CONTEXT(2) 
PARAMETRIC_REPRESENTATION_CONTEXT() REPRESENTATION_CONTEXT('2D SPACE',''
  ) );
#7160 = ORIENTED_EDGE('',*,*,#7043,.T.);
#7161 = ORIENTED_EDGE('',*,*,#2485,.F.);
#7162 = ADVANCED_FACE('',(#7163),#2359,.F.);
#7163 = FACE_BOUND('',#7164,.T.);
#7164 = EDGE_LOOP('',(#7165,#7166,#7190,#7211));
#7165 = ORIENTED_EDGE('',*,*,#7093,.F.);
#7166 = ORIENTED_EDGE('',*,*,#7167,.F.);
#7167 = EDGE_CURVE('',#7168,#7071,#7170,.T.);
#7168 = VERTEX_POINT('',#7169);
#7169 = CARTESIAN_POINT('',(106.965,35.36,24.9));
#7170 = SURFACE_CURVE('',#7171,(#7176,#7183),.PCURVE_S1.);
#7171 = CIRCLE('',#7172,2.09);
#7172 = AXIS2_PLACEMENT_3D('',#7173,#7174,#7175);
#7173 = CARTESIAN_POINT('',(104.875,35.36,24.9));
#7174 = DIRECTION('',(0.,0.,1.));
#7175 = DIRECTION('',(-1.110223024625E-16,1.,0.));
#7176 = PCURVE('',#2359,#7177);
#7177 = DEFINITIONAL_REPRESENTATION('',(#7178),#7182);
#7178 = LINE('',#7179,#7180);
#7179 = CARTESIAN_POINT('',(-6.28318530718,1.2));
#7180 = VECTOR('',#7181,1.);
#7181 = DIRECTION('',(1.,-0.));
#7182 = ( GEOMETRIC_REPRESENTATION_CONTEXT(2) 
PARAMETRIC_REPRESENTATION_CONTEXT() REPRESENTATION_CONTEXT('2D SPACE',''
  ) );
#7183 = PCURVE('',#7031,#7184);
#7184 = DEFINITIONAL_REPRESENTATION('',(#7185),#7189);
#7185 = CIRCLE('',#7186,2.09);
#7186 = AXIS2_PLACEMENT_2D('',#7187,#7188);
#7187 = CARTESIAN_POINT('',(4.19,10.955));
#7188 = DIRECTION('',(-1.,0.));
#7189 = ( GEOMETRIC_REPRESENTATION_CONTEXT(2) 
PARAMETRIC_REPRESENTATION_CONTEXT() REPRESENTATION_CONTEXT('2D SPACE',''
  ) );
#7190 = ORIENTED_EDGE('',*,*,#7191,.T.);
#7191 = EDGE_CURVE('',#7168,#2343,#7192,.T.);
#7192 = SURFACE_CURVE('',#7193,(#7197,#7204),.PCURVE_S1.);
#7193 = LINE('',#7194,#7195);
#7194 = CARTESIAN_POINT('',(106.965,35.36,23.7));
#7195 = VECTOR('',#7196,1.);
#7196 = DIRECTION('',(0.,0.,1.));
#7197 = PCURVE('',#2359,#7198);
#7198 = DEFINITIONAL_REPRESENTATION('',(#7199),#7203);
#7199 = LINE('',#7200,#7201);
#7200 = CARTESIAN_POINT('',(-1.570796326795,0.));
#7201 = VECTOR('',#7202,1.);
#7202 = DIRECTION('',(-0.,1.));
#7203 = ( GEOMETRIC_REPRESENTATION_CONTEXT(2) 
PARAMETRIC_REPRESENTATION_CONTEXT() REPRESENTATION_CONTEXT('2D SPACE',''
  ) );
#7204 = PCURVE('',#2387,#7205);
#7205 = DEFINITIONAL_REPRESENTATION('',(#7206),#7210);
#7206 = LINE('',#7207,#7208);
#7207 = CARTESIAN_POINT('',(0.,2.09));
#7208 = VECTOR('',#7209,1.);
#7209 = DIRECTION('',(1.,0.));
#7210 = ( GEOMETRIC_REPRESENTATION_CONTEXT(2) 
PARAMETRIC_REPRESENTATION_CONTEXT() REPRESENTATION_CONTEXT('2D SPACE',''
  ) );
#7211 = ORIENTED_EDGE('',*,*,#2342,.T.);
#7212 = ADVANCED_FACE('',(#7213),#2473,.F.);
#7213 = FACE_BOUND('',#7214,.T.);
#7214 = EDGE_LOOP('',(#7215,#7238,#7260,#7261));
#7215 = ORIENTED_EDGE('',*,*,#7216,.F.);
#7216 = EDGE_CURVE('',#7217,#2429,#7219,.T.);
#7217 = VERTEX_POINT('',#7218);
#7218 = CARTESIAN_POINT('',(98.11,33.25,24.9));
#7219 = SURFACE_CURVE('',#7220,(#7224,#7231),.PCURVE_S1.);
#7220 = LINE('',#7221,#7222);
#7221 = CARTESIAN_POINT('',(98.11,33.25,23.7));
#7222 = VECTOR('',#7223,1.);
#7223 = DIRECTION('',(0.,0.,1.));
#7224 = PCURVE('',#2473,#7225);
#7225 = DEFINITIONAL_REPRESENTATION('',(#7226),#7230);
#7226 = LINE('',#7227,#7228);
#7227 = CARTESIAN_POINT('',(-0.,0.));
#7228 = VECTOR('',#7229,1.);
#7229 = DIRECTION('',(-0.,1.));
#7230 = ( GEOMETRIC_REPRESENTATION_CONTEXT(2) 
PARAMETRIC_REPRESENTATION_CONTEXT() REPRESENTATION_CONTEXT('2D SPACE',''
  ) );
#7231 = PCURVE('',#2444,#7232);
#7232 = DEFINITIONAL_REPRESENTATION('',(#7233),#7237);
#7233 = LINE('',#7234,#7235);
#7234 = CARTESIAN_POINT('',(0.,-2.09));
#7235 = VECTOR('',#7236,1.);
#7236 = DIRECTION('',(1.,0.));
#7237 = ( GEOMETRIC_REPRESENTATION_CONTEXT(2) 
PARAMETRIC_REPRESENTATION_CONTEXT() REPRESENTATION_CONTEXT('2D SPACE',''
  ) );
#7238 = ORIENTED_EDGE('',*,*,#7239,.F.);
#7239 = EDGE_CURVE('',#7118,#7217,#7240,.T.);
#7240 = SURFACE_CURVE('',#7241,(#7246,#7253),.PCURVE_S1.);
#7241 = CIRCLE('',#7242,2.09);
#7242 = AXIS2_PLACEMENT_3D('',#7243,#7244,#7245);
#7243 = CARTESIAN_POINT('',(98.11,35.34,24.9));
#7244 = DIRECTION('',(-0.,0.,1.));
#7245 = DIRECTION('',(1.110223024625E-16,-1.,0.));
#7246 = PCURVE('',#2473,#7247);
#7247 = DEFINITIONAL_REPRESENTATION('',(#7248),#7252);
#7248 = LINE('',#7249,#7250);
#7249 = CARTESIAN_POINT('',(-6.28318530718,1.2));
#7250 = VECTOR('',#7251,1.);
#7251 = DIRECTION('',(1.,-0.));
#7252 = ( GEOMETRIC_REPRESENTATION_CONTEXT(2) 
PARAMETRIC_REPRESENTATION_CONTEXT() REPRESENTATION_CONTEXT('2D SPACE',''
  ) );
#7253 = PCURVE('',#7031,#7254);
#7254 = DEFINITIONAL_REPRESENTATION('',(#7255),#7259);
#7255 = CIRCLE('',#7256,2.09);
#7256 = AXIS2_PLACEMENT_2D('',#7257,#7258);
#7257 = CARTESIAN_POINT('',(4.21,4.19));
#7258 = DIRECTION('',(1.,0.));
#7259 = ( GEOMETRIC_REPRESENTATION_CONTEXT(2) 
PARAMETRIC_REPRESENTATION_CONTEXT() REPRESENTATION_CONTEXT('2D SPACE',''
  ) );
#7260 = ORIENTED_EDGE('',*,*,#7117,.T.);
#7261 = ORIENTED_EDGE('',*,*,#2456,.T.);
#7262 = ADVANCED_FACE('',(#7263),#2387,.F.);
#7263 = FACE_BOUND('',#7264,.F.);
#7264 = EDGE_LOOP('',(#7265,#7288,#7309,#7310));
#7265 = ORIENTED_EDGE('',*,*,#7266,.F.);
#7266 = EDGE_CURVE('',#7267,#2372,#7269,.T.);
#7267 = VERTEX_POINT('',#7268);
#7268 = CARTESIAN_POINT('',(106.965,35.34,24.9));
#7269 = SURFACE_CURVE('',#7270,(#7274,#7281),.PCURVE_S1.);
#7270 = LINE('',#7271,#7272);
#7271 = CARTESIAN_POINT('',(106.965,35.34,23.7));
#7272 = VECTOR('',#7273,1.);
#7273 = DIRECTION('',(0.,0.,1.));
#7274 = PCURVE('',#2387,#7275);
#7275 = DEFINITIONAL_REPRESENTATION('',(#7276),#7280);
#7276 = LINE('',#7277,#7278);
#7277 = CARTESIAN_POINT('',(0.,2.11));
#7278 = VECTOR('',#7279,1.);
#7279 = DIRECTION('',(1.,0.));
#7280 = ( GEOMETRIC_REPRESENTATION_CONTEXT(2) 
PARAMETRIC_REPRESENTATION_CONTEXT() REPRESENTATION_CONTEXT('2D SPACE',''
  ) );
#7281 = PCURVE('',#2416,#7282);
#7282 = DEFINITIONAL_REPRESENTATION('',(#7283),#7287);
#7283 = LINE('',#7284,#7285);
#7284 = CARTESIAN_POINT('',(1.570796326795,0.));
#7285 = VECTOR('',#7286,1.);
#7286 = DIRECTION('',(0.,1.));
#7287 = ( GEOMETRIC_REPRESENTATION_CONTEXT(2) 
PARAMETRIC_REPRESENTATION_CONTEXT() REPRESENTATION_CONTEXT('2D SPACE',''
  ) );
#7288 = ORIENTED_EDGE('',*,*,#7289,.F.);
#7289 = EDGE_CURVE('',#7168,#7267,#7290,.T.);
#7290 = SURFACE_CURVE('',#7291,(#7295,#7302),.PCURVE_S1.);
#7291 = LINE('',#7292,#7293);
#7292 = CARTESIAN_POINT('',(106.965,38.5,24.9));
#7293 = VECTOR('',#7294,1.);
#7294 = DIRECTION('',(1.110223024625E-16,-1.,0.));
#7295 = PCURVE('',#2387,#7296);
#7296 = DEFINITIONAL_REPRESENTATION('',(#7297),#7301);
#7297 = LINE('',#7298,#7299);
#7298 = CARTESIAN_POINT('',(1.2,-1.05));
#7299 = VECTOR('',#7300,1.);
#7300 = DIRECTION('',(0.,1.));
#7301 = ( GEOMETRIC_REPRESENTATION_CONTEXT(2) 
PARAMETRIC_REPRESENTATION_CONTEXT() REPRESENTATION_CONTEXT('2D SPACE',''
  ) );
#7302 = PCURVE('',#7031,#7303);
#7303 = DEFINITIONAL_REPRESENTATION('',(#7304),#7308);
#7304 = LINE('',#7305,#7306);
#7305 = CARTESIAN_POINT('',(1.05,13.045));
#7306 = VECTOR('',#7307,1.);
#7307 = DIRECTION('',(1.,0.));
#7308 = ( GEOMETRIC_REPRESENTATION_CONTEXT(2) 
PARAMETRIC_REPRESENTATION_CONTEXT() REPRESENTATION_CONTEXT('2D SPACE',''
  ) );
#7309 = ORIENTED_EDGE('',*,*,#7191,.T.);
#7310 = ORIENTED_EDGE('',*,*,#2371,.F.);
#7311 = ADVANCED_FACE('',(#7312),#2444,.F.);
#7312 = FACE_BOUND('',#7313,.F.);
#7313 = EDGE_LOOP('',(#7314,#7315,#7316,#7339));
#7314 = ORIENTED_EDGE('',*,*,#2428,.F.);
#7315 = ORIENTED_EDGE('',*,*,#7216,.F.);
#7316 = ORIENTED_EDGE('',*,*,#7317,.F.);
#7317 = EDGE_CURVE('',#7318,#7217,#7320,.T.);
#7318 = VERTEX_POINT('',#7319);
#7319 = CARTESIAN_POINT('',(104.875,33.25,24.9));
#7320 = SURFACE_CURVE('',#7321,(#7325,#7332),.PCURVE_S1.);
#7321 = LINE('',#7322,#7323);
#7322 = CARTESIAN_POINT('',(94.97,33.25,24.9));
#7323 = VECTOR('',#7324,1.);
#7324 = DIRECTION('',(-1.,-1.110223024625E-16,0.));
#7325 = PCURVE('',#2444,#7326);
#7326 = DEFINITIONAL_REPRESENTATION('',(#7327),#7331);
#7327 = LINE('',#7328,#7329);
#7328 = CARTESIAN_POINT('',(1.2,1.05));
#7329 = VECTOR('',#7330,1.);
#7330 = DIRECTION('',(0.,1.));
#7331 = ( GEOMETRIC_REPRESENTATION_CONTEXT(2) 
PARAMETRIC_REPRESENTATION_CONTEXT() REPRESENTATION_CONTEXT('2D SPACE',''
  ) );
#7332 = PCURVE('',#7031,#7333);
#7333 = DEFINITIONAL_REPRESENTATION('',(#7334),#7338);
#7334 = LINE('',#7335,#7336);
#7335 = CARTESIAN_POINT('',(6.3,1.05));
#7336 = VECTOR('',#7337,1.);
#7337 = DIRECTION('',(0.,-1.));
#7338 = ( GEOMETRIC_REPRESENTATION_CONTEXT(2) 
PARAMETRIC_REPRESENTATION_CONTEXT() REPRESENTATION_CONTEXT('2D SPACE',''
  ) );
#7339 = ORIENTED_EDGE('',*,*,#7340,.T.);
#7340 = EDGE_CURVE('',#7318,#2400,#7341,.T.);
#7341 = SURFACE_CURVE('',#7342,(#7346,#7353),.PCURVE_S1.);
#7342 = LINE('',#7343,#7344);
#7343 = CARTESIAN_POINT('',(104.875,33.25,23.7));
#7344 = VECTOR('',#7345,1.);
#7345 = DIRECTION('',(0.,0.,1.));
#7346 = PCURVE('',#2444,#7347);
#7347 = DEFINITIONAL_REPRESENTATION('',(#7348),#7352);
#7348 = LINE('',#7349,#7350);
#7349 = CARTESIAN_POINT('',(0.,-8.855));
#7350 = VECTOR('',#7351,1.);
#7351 = DIRECTION('',(1.,0.));
#7352 = ( GEOMETRIC_REPRESENTATION_CONTEXT(2) 
PARAMETRIC_REPRESENTATION_CONTEXT() REPRESENTATION_CONTEXT('2D SPACE',''
  ) );
#7353 = PCURVE('',#2416,#7354);
#7354 = DEFINITIONAL_REPRESENTATION('',(#7355),#7359);
#7355 = LINE('',#7356,#7357);
#7356 = CARTESIAN_POINT('',(0.,0.));
#7357 = VECTOR('',#7358,1.);
#7358 = DIRECTION('',(0.,1.));
#7359 = ( GEOMETRIC_REPRESENTATION_CONTEXT(2) 
PARAMETRIC_REPRESENTATION_CONTEXT() REPRESENTATION_CONTEXT('2D SPACE',''
  ) );
#7360 = ADVANCED_FACE('',(#7361),#2416,.F.);
#7361 = FACE_BOUND('',#7362,.F.);
#7362 = EDGE_LOOP('',(#7363,#7364,#7386,#7387));
#7363 = ORIENTED_EDGE('',*,*,#7340,.F.);
#7364 = ORIENTED_EDGE('',*,*,#7365,.T.);
#7365 = EDGE_CURVE('',#7318,#7267,#7366,.T.);
#7366 = SURFACE_CURVE('',#7367,(#7372,#7379),.PCURVE_S1.);
#7367 = CIRCLE('',#7368,2.09);
#7368 = AXIS2_PLACEMENT_3D('',#7369,#7370,#7371);
#7369 = CARTESIAN_POINT('',(104.875,35.34,24.9));
#7370 = DIRECTION('',(-0.,0.,1.));
#7371 = DIRECTION('',(1.110223024625E-16,-1.,0.));
#7372 = PCURVE('',#2416,#7373);
#7373 = DEFINITIONAL_REPRESENTATION('',(#7374),#7378);
#7374 = LINE('',#7375,#7376);
#7375 = CARTESIAN_POINT('',(0.,1.2));
#7376 = VECTOR('',#7377,1.);
#7377 = DIRECTION('',(1.,0.));
#7378 = ( GEOMETRIC_REPRESENTATION_CONTEXT(2) 
PARAMETRIC_REPRESENTATION_CONTEXT() REPRESENTATION_CONTEXT('2D SPACE',''
  ) );
#7379 = PCURVE('',#7031,#7380);
#7380 = DEFINITIONAL_REPRESENTATION('',(#7381),#7385);
#7381 = CIRCLE('',#7382,2.09);
#7382 = AXIS2_PLACEMENT_2D('',#7383,#7384);
#7383 = CARTESIAN_POINT('',(4.21,10.955));
#7384 = DIRECTION('',(1.,0.));
#7385 = ( GEOMETRIC_REPRESENTATION_CONTEXT(2) 
PARAMETRIC_REPRESENTATION_CONTEXT() REPRESENTATION_CONTEXT('2D SPACE',''
  ) );
#7386 = ORIENTED_EDGE('',*,*,#7266,.T.);
#7387 = ORIENTED_EDGE('',*,*,#2399,.F.);
#7388 = ADVANCED_FACE('',(#7389),#2753,.T.);
#7389 = FACE_BOUND('',#7390,.T.);
#7390 = EDGE_LOOP('',(#7391,#7416,#7437,#7438,#7439,#7440,#7441,#7442,
    #7465,#7488,#7516,#7544));
#7391 = ORIENTED_EDGE('',*,*,#7392,.F.);
#7392 = EDGE_CURVE('',#7393,#7395,#7397,.T.);
#7393 = VERTEX_POINT('',#7394);
#7394 = CARTESIAN_POINT('',(-11.,70.05,23.8));
#7395 = VERTEX_POINT('',#7396);
#7396 = CARTESIAN_POINT('',(15.507738371067,70.05,23.8));
#7397 = SURFACE_CURVE('',#7398,(#7402,#7409),.PCURVE_S1.);
#7398 = LINE('',#7399,#7400);
#7399 = CARTESIAN_POINT('',(-14.25,70.05,23.8));
#7400 = VECTOR('',#7401,1.);
#7401 = DIRECTION('',(1.,1.110223024625E-16,0.));
#7402 = PCURVE('',#2753,#7403);
#7403 = DEFINITIONAL_REPRESENTATION('',(#7404),#7408);
#7404 = LINE('',#7405,#7406);
#7405 = CARTESIAN_POINT('',(7.3,0.9));
#7406 = VECTOR('',#7407,1.);
#7407 = DIRECTION('',(0.,-1.));
#7408 = ( GEOMETRIC_REPRESENTATION_CONTEXT(2) 
PARAMETRIC_REPRESENTATION_CONTEXT() REPRESENTATION_CONTEXT('2D SPACE',''
  ) );
#7409 = PCURVE('',#4840,#7410);
#7410 = DEFINITIONAL_REPRESENTATION('',(#7411),#7415);
#7411 = LINE('',#7412,#7413);
#7412 = CARTESIAN_POINT('',(1.8,0.9));
#7413 = VECTOR('',#7414,1.);
#7414 = DIRECTION('',(0.,1.));
#7415 = ( GEOMETRIC_REPRESENTATION_CONTEXT(2) 
PARAMETRIC_REPRESENTATION_CONTEXT() REPRESENTATION_CONTEXT('2D SPACE',''
  ) );
#7416 = ORIENTED_EDGE('',*,*,#7417,.F.);
#7417 = EDGE_CURVE('',#3273,#7393,#7418,.T.);
#7418 = SURFACE_CURVE('',#7419,(#7423,#7430),.PCURVE_S1.);
#7419 = LINE('',#7420,#7421);
#7420 = CARTESIAN_POINT('',(-11.,70.05,16.5));
#7421 = VECTOR('',#7422,1.);
#7422 = DIRECTION('',(0.,0.,1.));
#7423 = PCURVE('',#2753,#7424);
#7424 = DEFINITIONAL_REPRESENTATION('',(#7425),#7429);
#7425 = LINE('',#7426,#7427);
#7426 = CARTESIAN_POINT('',(0.,-2.35));
#7427 = VECTOR('',#7428,1.);
#7428 = DIRECTION('',(1.,0.));
#7429 = ( GEOMETRIC_REPRESENTATION_CONTEXT(2) 
PARAMETRIC_REPRESENTATION_CONTEXT() REPRESENTATION_CONTEXT('2D SPACE',''
  ) );
#7430 = PCURVE('',#3289,#7431);
#7431 = DEFINITIONAL_REPRESENTATION('',(#7432),#7436);
#7432 = LINE('',#7433,#7434);
#7433 = CARTESIAN_POINT('',(0.,0.));
#7434 = VECTOR('',#7435,1.);
#7435 = DIRECTION('',(0.,1.));
#7436 = ( GEOMETRIC_REPRESENTATION_CONTEXT(2) 
PARAMETRIC_REPRESENTATION_CONTEXT() REPRESENTATION_CONTEXT('2D SPACE',''
  ) );
#7437 = ORIENTED_EDGE('',*,*,#3301,.T.);
#7438 = ORIENTED_EDGE('',*,*,#3449,.T.);
#7439 = ORIENTED_EDGE('',*,*,#3421,.F.);
#7440 = ORIENTED_EDGE('',*,*,#3373,.F.);
#7441 = ORIENTED_EDGE('',*,*,#2737,.T.);
#7442 = ORIENTED_EDGE('',*,*,#7443,.T.);
#7443 = EDGE_CURVE('',#2738,#7444,#7446,.T.);
#7444 = VERTEX_POINT('',#7445);
#7445 = CARTESIAN_POINT('',(60.,70.05,23.8));
#7446 = SURFACE_CURVE('',#7447,(#7451,#7458),.PCURVE_S1.);
#7447 = LINE('',#7448,#7449);
#7448 = CARTESIAN_POINT('',(60.,70.05,16.4));
#7449 = VECTOR('',#7450,1.);
#7450 = DIRECTION('',(0.,0.,1.));
#7451 = PCURVE('',#2753,#7452);
#7452 = DEFINITIONAL_REPRESENTATION('',(#7453),#7457);
#7453 = LINE('',#7454,#7455);
#7454 = CARTESIAN_POINT('',(-0.1,-73.35));
#7455 = VECTOR('',#7456,1.);
#7456 = DIRECTION('',(1.,0.));
#7457 = ( GEOMETRIC_REPRESENTATION_CONTEXT(2) 
PARAMETRIC_REPRESENTATION_CONTEXT() REPRESENTATION_CONTEXT('2D SPACE',''
  ) );
#7458 = PCURVE('',#2781,#7459);
#7459 = DEFINITIONAL_REPRESENTATION('',(#7460),#7464);
#7460 = LINE('',#7461,#7462);
#7461 = CARTESIAN_POINT('',(1.E-01,0.85));
#7462 = VECTOR('',#7463,1.);
#7463 = DIRECTION('',(1.,0.));
#7464 = ( GEOMETRIC_REPRESENTATION_CONTEXT(2) 
PARAMETRIC_REPRESENTATION_CONTEXT() REPRESENTATION_CONTEXT('2D SPACE',''
  ) );
#7465 = ORIENTED_EDGE('',*,*,#7466,.F.);
#7466 = EDGE_CURVE('',#7467,#7444,#7469,.T.);
#7467 = VERTEX_POINT('',#7468);
#7468 = CARTESIAN_POINT('',(22.192261628933,70.05,23.8));
#7469 = SURFACE_CURVE('',#7470,(#7474,#7481),.PCURVE_S1.);
#7470 = LINE('',#7471,#7472);
#7471 = CARTESIAN_POINT('',(-14.25,70.05,23.8));
#7472 = VECTOR('',#7473,1.);
#7473 = DIRECTION('',(1.,1.110223024625E-16,0.));
#7474 = PCURVE('',#2753,#7475);
#7475 = DEFINITIONAL_REPRESENTATION('',(#7476),#7480);
#7476 = LINE('',#7477,#7478);
#7477 = CARTESIAN_POINT('',(7.3,0.9));
#7478 = VECTOR('',#7479,1.);
#7479 = DIRECTION('',(0.,-1.));
#7480 = ( GEOMETRIC_REPRESENTATION_CONTEXT(2) 
PARAMETRIC_REPRESENTATION_CONTEXT() REPRESENTATION_CONTEXT('2D SPACE',''
  ) );
#7481 = PCURVE('',#4840,#7482);
#7482 = DEFINITIONAL_REPRESENTATION('',(#7483),#7487);
#7483 = LINE('',#7484,#7485);
#7484 = CARTESIAN_POINT('',(1.8,0.9));
#7485 = VECTOR('',#7486,1.);
#7486 = DIRECTION('',(0.,1.));
#7487 = ( GEOMETRIC_REPRESENTATION_CONTEXT(2) 
PARAMETRIC_REPRESENTATION_CONTEXT() REPRESENTATION_CONTEXT('2D SPACE',''
  ) );
#7488 = ORIENTED_EDGE('',*,*,#7489,.F.);
#7489 = EDGE_CURVE('',#7490,#7467,#7492,.T.);
#7490 = VERTEX_POINT('',#7491);
#7491 = CARTESIAN_POINT('',(22.192261628933,70.05,17.9));
#7492 = SURFACE_CURVE('',#7493,(#7497,#7504),.PCURVE_S1.);
#7493 = LINE('',#7494,#7495);
#7494 = CARTESIAN_POINT('',(22.192261628933,70.05,17.9));
#7495 = VECTOR('',#7496,1.);
#7496 = DIRECTION('',(0.,0.,1.));
#7497 = PCURVE('',#2753,#7498);
#7498 = DEFINITIONAL_REPRESENTATION('',(#7499),#7503);
#7499 = LINE('',#7500,#7501);
#7500 = CARTESIAN_POINT('',(1.4,-35.54226162893));
#7501 = VECTOR('',#7502,1.);
#7502 = DIRECTION('',(1.,0.));
#7503 = ( GEOMETRIC_REPRESENTATION_CONTEXT(2) 
PARAMETRIC_REPRESENTATION_CONTEXT() REPRESENTATION_CONTEXT('2D SPACE',''
  ) );
#7504 = PCURVE('',#7505,#7510);
#7505 = CYLINDRICAL_SURFACE('',#7506,0.65);
#7506 = AXIS2_PLACEMENT_3D('',#7507,#7508,#7509);
#7507 = CARTESIAN_POINT('',(21.55,69.95,17.9));
#7508 = DIRECTION('',(0.,0.,1.));
#7509 = DIRECTION('',(-1.110223024625E-16,1.,0.));
#7510 = DEFINITIONAL_REPRESENTATION('',(#7511),#7515);
#7511 = LINE('',#7512,#7513);
#7512 = CARTESIAN_POINT('',(-1.416336728311,0.));
#7513 = VECTOR('',#7514,1.);
#7514 = DIRECTION('',(-0.,1.));
#7515 = ( GEOMETRIC_REPRESENTATION_CONTEXT(2) 
PARAMETRIC_REPRESENTATION_CONTEXT() REPRESENTATION_CONTEXT('2D SPACE',''
  ) );
#7516 = ORIENTED_EDGE('',*,*,#7517,.T.);
#7517 = EDGE_CURVE('',#7490,#7518,#7520,.T.);
#7518 = VERTEX_POINT('',#7519);
#7519 = CARTESIAN_POINT('',(15.507738371067,70.05,17.9));
#7520 = SURFACE_CURVE('',#7521,(#7525,#7532),.PCURVE_S1.);
#7521 = LINE('',#7522,#7523);
#7522 = CARTESIAN_POINT('',(1.075,70.05,17.9));
#7523 = VECTOR('',#7524,1.);
#7524 = DIRECTION('',(-1.,-1.110223024625E-16,0.));
#7525 = PCURVE('',#2753,#7526);
#7526 = DEFINITIONAL_REPRESENTATION('',(#7527),#7531);
#7527 = LINE('',#7528,#7529);
#7528 = CARTESIAN_POINT('',(1.4,-14.425));
#7529 = VECTOR('',#7530,1.);
#7530 = DIRECTION('',(0.,1.));
#7531 = ( GEOMETRIC_REPRESENTATION_CONTEXT(2) 
PARAMETRIC_REPRESENTATION_CONTEXT() REPRESENTATION_CONTEXT('2D SPACE',''
  ) );
#7532 = PCURVE('',#7533,#7538);
#7533 = PLANE('',#7534);
#7534 = AXIS2_PLACEMENT_3D('',#7535,#7536,#7537);
#7535 = CARTESIAN_POINT('',(15.5,70.6,17.9));
#7536 = DIRECTION('',(0.,0.,1.));
#7537 = DIRECTION('',(1.110223024625E-16,-1.,0.));
#7538 = DEFINITIONAL_REPRESENTATION('',(#7539),#7543);
#7539 = LINE('',#7540,#7541);
#7540 = CARTESIAN_POINT('',(0.55,-14.425));
#7541 = VECTOR('',#7542,1.);
#7542 = DIRECTION('',(0.,-1.));
#7543 = ( GEOMETRIC_REPRESENTATION_CONTEXT(2) 
PARAMETRIC_REPRESENTATION_CONTEXT() REPRESENTATION_CONTEXT('2D SPACE',''
  ) );
#7544 = ORIENTED_EDGE('',*,*,#7545,.T.);
#7545 = EDGE_CURVE('',#7518,#7395,#7546,.T.);
#7546 = SURFACE_CURVE('',#7547,(#7551,#7558),.PCURVE_S1.);
#7547 = LINE('',#7548,#7549);
#7548 = CARTESIAN_POINT('',(15.507738371067,70.05,17.9));
#7549 = VECTOR('',#7550,1.);
#7550 = DIRECTION('',(0.,0.,1.));
#7551 = PCURVE('',#2753,#7552);
#7552 = DEFINITIONAL_REPRESENTATION('',(#7553),#7557);
#7553 = LINE('',#7554,#7555);
#7554 = CARTESIAN_POINT('',(1.4,-28.85773837106));
#7555 = VECTOR('',#7556,1.);
#7556 = DIRECTION('',(1.,0.));
#7557 = ( GEOMETRIC_REPRESENTATION_CONTEXT(2) 
PARAMETRIC_REPRESENTATION_CONTEXT() REPRESENTATION_CONTEXT('2D SPACE',''
  ) );
#7558 = PCURVE('',#7559,#7564);
#7559 = CYLINDRICAL_SURFACE('',#7560,0.65);
#7560 = AXIS2_PLACEMENT_3D('',#7561,#7562,#7563);
#7561 = CARTESIAN_POINT('',(16.15,69.95,17.9));
#7562 = DIRECTION('',(0.,0.,1.));
#7563 = DIRECTION('',(-1.110223024625E-16,1.,0.));
#7564 = DEFINITIONAL_REPRESENTATION('',(#7565),#7569);
#7565 = LINE('',#7566,#7567);
#7566 = CARTESIAN_POINT('',(1.416336728311,0.));
#7567 = VECTOR('',#7568,1.);
#7568 = DIRECTION('',(0.,1.));
#7569 = ( GEOMETRIC_REPRESENTATION_CONTEXT(2) 
PARAMETRIC_REPRESENTATION_CONTEXT() REPRESENTATION_CONTEXT('2D SPACE',''
  ) );
#7570 = ADVANCED_FACE('',(#7571),#3289,.F.);
#7571 = FACE_BOUND('',#7572,.F.);
#7572 = EDGE_LOOP('',(#7573,#7574,#7575,#7598));
#7573 = ORIENTED_EDGE('',*,*,#7417,.F.);
#7574 = ORIENTED_EDGE('',*,*,#3272,.T.);
#7575 = ORIENTED_EDGE('',*,*,#7576,.T.);
#7576 = EDGE_CURVE('',#3245,#7577,#7579,.T.);
#7577 = VERTEX_POINT('',#7578);
#7578 = CARTESIAN_POINT('',(-13.35,67.7,23.8));
#7579 = SURFACE_CURVE('',#7580,(#7584,#7591),.PCURVE_S1.);
#7580 = LINE('',#7581,#7582);
#7581 = CARTESIAN_POINT('',(-13.35,67.7,16.5));
#7582 = VECTOR('',#7583,1.);
#7583 = DIRECTION('',(0.,0.,1.));
#7584 = PCURVE('',#3289,#7585);
#7585 = DEFINITIONAL_REPRESENTATION('',(#7586),#7590);
#7586 = LINE('',#7587,#7588);
#7587 = CARTESIAN_POINT('',(1.570796326795,0.));
#7588 = VECTOR('',#7589,1.);
#7589 = DIRECTION('',(0.,1.));
#7590 = ( GEOMETRIC_REPRESENTATION_CONTEXT(2) 
PARAMETRIC_REPRESENTATION_CONTEXT() REPRESENTATION_CONTEXT('2D SPACE',''
  ) );
#7591 = PCURVE('',#3260,#7592);
#7592 = DEFINITIONAL_REPRESENTATION('',(#7593),#7597);
#7593 = LINE('',#7594,#7595);
#7594 = CARTESIAN_POINT('',(0.,2.35));
#7595 = VECTOR('',#7596,1.);
#7596 = DIRECTION('',(1.,0.));
#7597 = ( GEOMETRIC_REPRESENTATION_CONTEXT(2) 
PARAMETRIC_REPRESENTATION_CONTEXT() REPRESENTATION_CONTEXT('2D SPACE',''
  ) );
#7598 = ORIENTED_EDGE('',*,*,#7599,.F.);
#7599 = EDGE_CURVE('',#7393,#7577,#7600,.T.);
#7600 = SURFACE_CURVE('',#7601,(#7606,#7613),.PCURVE_S1.);
#7601 = CIRCLE('',#7602,2.35);
#7602 = AXIS2_PLACEMENT_3D('',#7603,#7604,#7605);
#7603 = CARTESIAN_POINT('',(-11.,67.7,23.8));
#7604 = DIRECTION('',(0.,0.,1.));
#7605 = DIRECTION('',(-1.110223024625E-16,1.,0.));
#7606 = PCURVE('',#3289,#7607);
#7607 = DEFINITIONAL_REPRESENTATION('',(#7608),#7612);
#7608 = LINE('',#7609,#7610);
#7609 = CARTESIAN_POINT('',(0.,7.3));
#7610 = VECTOR('',#7611,1.);
#7611 = DIRECTION('',(1.,0.));
#7612 = ( GEOMETRIC_REPRESENTATION_CONTEXT(2) 
PARAMETRIC_REPRESENTATION_CONTEXT() REPRESENTATION_CONTEXT('2D SPACE',''
  ) );
#7613 = PCURVE('',#4840,#7614);
#7614 = DEFINITIONAL_REPRESENTATION('',(#7615),#7619);
#7615 = CIRCLE('',#7616,2.35);
#7616 = AXIS2_PLACEMENT_2D('',#7617,#7618);
#7617 = CARTESIAN_POINT('',(4.15,4.15));
#7618 = DIRECTION('',(-1.,0.));
#7619 = ( GEOMETRIC_REPRESENTATION_CONTEXT(2) 
PARAMETRIC_REPRESENTATION_CONTEXT() REPRESENTATION_CONTEXT('2D SPACE',''
  ) );
#7620 = ADVANCED_FACE('',(#7621),#3260,.T.);
#7621 = FACE_BOUND('',#7622,.T.);
#7622 = EDGE_LOOP('',(#7623,#7624,#7625,#7648));
#7623 = ORIENTED_EDGE('',*,*,#3244,.T.);
#7624 = ORIENTED_EDGE('',*,*,#7576,.T.);
#7625 = ORIENTED_EDGE('',*,*,#7626,.F.);
#7626 = EDGE_CURVE('',#7627,#7577,#7629,.T.);
#7627 = VERTEX_POINT('',#7628);
#7628 = CARTESIAN_POINT('',(-13.35,3.,23.8));
#7629 = SURFACE_CURVE('',#7630,(#7634,#7641),.PCURVE_S1.);
#7630 = LINE('',#7631,#7632);
#7631 = CARTESIAN_POINT('',(-13.35,70.95,23.8));
#7632 = VECTOR('',#7633,1.);
#7633 = DIRECTION('',(-1.110223024625E-16,1.,0.));
#7634 = PCURVE('',#3260,#7635);
#7635 = DEFINITIONAL_REPRESENTATION('',(#7636),#7640);
#7636 = LINE('',#7637,#7638);
#7637 = CARTESIAN_POINT('',(7.3,-0.9));
#7638 = VECTOR('',#7639,1.);
#7639 = DIRECTION('',(0.,-1.));
#7640 = ( GEOMETRIC_REPRESENTATION_CONTEXT(2) 
PARAMETRIC_REPRESENTATION_CONTEXT() REPRESENTATION_CONTEXT('2D SPACE',''
  ) );
#7641 = PCURVE('',#4840,#7642);
#7642 = DEFINITIONAL_REPRESENTATION('',(#7643),#7647);
#7643 = LINE('',#7644,#7645);
#7644 = CARTESIAN_POINT('',(0.9,1.8));
#7645 = VECTOR('',#7646,1.);
#7646 = DIRECTION('',(-1.,0.));
#7647 = ( GEOMETRIC_REPRESENTATION_CONTEXT(2) 
PARAMETRIC_REPRESENTATION_CONTEXT() REPRESENTATION_CONTEXT('2D SPACE',''
  ) );
#7648 = ORIENTED_EDGE('',*,*,#7649,.F.);
#7649 = EDGE_CURVE('',#3216,#7627,#7650,.T.);
#7650 = SURFACE_CURVE('',#7651,(#7655,#7662),.PCURVE_S1.);
#7651 = LINE('',#7652,#7653);
#7652 = CARTESIAN_POINT('',(-13.35,3.,16.5));
#7653 = VECTOR('',#7654,1.);
#7654 = DIRECTION('',(0.,0.,1.));
#7655 = PCURVE('',#3260,#7656);
#7656 = DEFINITIONAL_REPRESENTATION('',(#7657),#7661);
#7657 = LINE('',#7658,#7659);
#7658 = CARTESIAN_POINT('',(0.,67.05));
#7659 = VECTOR('',#7660,1.);
#7660 = DIRECTION('',(1.,0.));
#7661 = ( GEOMETRIC_REPRESENTATION_CONTEXT(2) 
PARAMETRIC_REPRESENTATION_CONTEXT() REPRESENTATION_CONTEXT('2D SPACE',''
  ) );
#7662 = PCURVE('',#3232,#7663);
#7663 = DEFINITIONAL_REPRESENTATION('',(#7664),#7668);
#7664 = LINE('',#7665,#7666);
#7665 = CARTESIAN_POINT('',(-1.570796326795,0.));
#7666 = VECTOR('',#7667,1.);
#7667 = DIRECTION('',(-0.,1.));
#7668 = ( GEOMETRIC_REPRESENTATION_CONTEXT(2) 
PARAMETRIC_REPRESENTATION_CONTEXT() REPRESENTATION_CONTEXT('2D SPACE',''
  ) );
#7669 = ADVANCED_FACE('',(#7670),#3232,.F.);
#7670 = FACE_BOUND('',#7671,.T.);
#7671 = EDGE_LOOP('',(#7672,#7695,#7696,#7697));
#7672 = ORIENTED_EDGE('',*,*,#7673,.F.);
#7673 = EDGE_CURVE('',#3188,#7674,#7676,.T.);
#7674 = VERTEX_POINT('',#7675);
#7675 = CARTESIAN_POINT('',(-11.,0.65,23.8));
#7676 = SURFACE_CURVE('',#7677,(#7681,#7688),.PCURVE_S1.);
#7677 = LINE('',#7678,#7679);
#7678 = CARTESIAN_POINT('',(-11.,0.65,16.5));
#7679 = VECTOR('',#7680,1.);
#7680 = DIRECTION('',(0.,0.,1.));
#7681 = PCURVE('',#3232,#7682);
#7682 = DEFINITIONAL_REPRESENTATION('',(#7683),#7687);
#7683 = LINE('',#7684,#7685);
#7684 = CARTESIAN_POINT('',(-0.,0.));
#7685 = VECTOR('',#7686,1.);
#7686 = DIRECTION('',(-0.,1.));
#7687 = ( GEOMETRIC_REPRESENTATION_CONTEXT(2) 
PARAMETRIC_REPRESENTATION_CONTEXT() REPRESENTATION_CONTEXT('2D SPACE',''
  ) );
#7688 = PCURVE('',#3203,#7689);
#7689 = DEFINITIONAL_REPRESENTATION('',(#7690),#7694);
#7690 = LINE('',#7691,#7692);
#7691 = CARTESIAN_POINT('',(0.,-2.35));
#7692 = VECTOR('',#7693,1.);
#7693 = DIRECTION('',(1.,0.));
#7694 = ( GEOMETRIC_REPRESENTATION_CONTEXT(2) 
PARAMETRIC_REPRESENTATION_CONTEXT() REPRESENTATION_CONTEXT('2D SPACE',''
  ) );
#7695 = ORIENTED_EDGE('',*,*,#3215,.F.);
#7696 = ORIENTED_EDGE('',*,*,#7649,.T.);
#7697 = ORIENTED_EDGE('',*,*,#7698,.T.);
#7698 = EDGE_CURVE('',#7627,#7674,#7699,.T.);
#7699 = SURFACE_CURVE('',#7700,(#7705,#7712),.PCURVE_S1.);
#7700 = CIRCLE('',#7701,2.35);
#7701 = AXIS2_PLACEMENT_3D('',#7702,#7703,#7704);
#7702 = CARTESIAN_POINT('',(-11.,3.,23.8));
#7703 = DIRECTION('',(-0.,0.,1.));
#7704 = DIRECTION('',(1.110223024625E-16,-1.,0.));
#7705 = PCURVE('',#3232,#7706);
#7706 = DEFINITIONAL_REPRESENTATION('',(#7707),#7711);
#7707 = LINE('',#7708,#7709);
#7708 = CARTESIAN_POINT('',(-6.28318530718,7.3));
#7709 = VECTOR('',#7710,1.);
#7710 = DIRECTION('',(1.,-0.));
#7711 = ( GEOMETRIC_REPRESENTATION_CONTEXT(2) 
PARAMETRIC_REPRESENTATION_CONTEXT() REPRESENTATION_CONTEXT('2D SPACE',''
  ) );
#7712 = PCURVE('',#4840,#7713);
#7713 = DEFINITIONAL_REPRESENTATION('',(#7714),#7718);
#7714 = CIRCLE('',#7715,2.35);
#7715 = AXIS2_PLACEMENT_2D('',#7716,#7717);
#7716 = CARTESIAN_POINT('',(68.85,4.15));
#7717 = DIRECTION('',(1.,0.));
#7718 = ( GEOMETRIC_REPRESENTATION_CONTEXT(2) 
PARAMETRIC_REPRESENTATION_CONTEXT() REPRESENTATION_CONTEXT('2D SPACE',''
  ) );
#7719 = ADVANCED_FACE('',(#7720),#3203,.F.);
#7720 = FACE_BOUND('',#7721,.F.);
#7721 = EDGE_LOOP('',(#7722,#7745,#7746,#7747,#7770,#7791,#7792,#7813,
    #7814,#7835,#7836,#7857,#7858,#7881,#7909,#7937));
#7722 = ORIENTED_EDGE('',*,*,#7723,.F.);
#7723 = EDGE_CURVE('',#7674,#7724,#7726,.T.);
#7724 = VERTEX_POINT('',#7725);
#7725 = CARTESIAN_POINT('',(15.6,0.65,23.8));
#7726 = SURFACE_CURVE('',#7727,(#7731,#7738),.PCURVE_S1.);
#7727 = LINE('',#7728,#7729);
#7728 = CARTESIAN_POINT('',(-14.25,0.65,23.8));
#7729 = VECTOR('',#7730,1.);
#7730 = DIRECTION('',(1.,1.110223024625E-16,0.));
#7731 = PCURVE('',#3203,#7732);
#7732 = DEFINITIONAL_REPRESENTATION('',(#7733),#7737);
#7733 = LINE('',#7734,#7735);
#7734 = CARTESIAN_POINT('',(7.3,0.9));
#7735 = VECTOR('',#7736,1.);
#7736 = DIRECTION('',(0.,-1.));
#7737 = ( GEOMETRIC_REPRESENTATION_CONTEXT(2) 
PARAMETRIC_REPRESENTATION_CONTEXT() REPRESENTATION_CONTEXT('2D SPACE',''
  ) );
#7738 = PCURVE('',#4840,#7739);
#7739 = DEFINITIONAL_REPRESENTATION('',(#7740),#7744);
#7740 = LINE('',#7741,#7742);
#7741 = CARTESIAN_POINT('',(71.2,0.9));
#7742 = VECTOR('',#7743,1.);
#7743 = DIRECTION('',(0.,1.));
#7744 = ( GEOMETRIC_REPRESENTATION_CONTEXT(2) 
PARAMETRIC_REPRESENTATION_CONTEXT() REPRESENTATION_CONTEXT('2D SPACE',''
  ) );
#7745 = ORIENTED_EDGE('',*,*,#7673,.F.);
#7746 = ORIENTED_EDGE('',*,*,#3187,.T.);
#7747 = ORIENTED_EDGE('',*,*,#7748,.T.);
#7748 = EDGE_CURVE('',#3159,#7749,#7751,.T.);
#7749 = VERTEX_POINT('',#7750);
#7750 = CARTESIAN_POINT('',(123.9,0.65,23.8));
#7751 = SURFACE_CURVE('',#7752,(#7756,#7763),.PCURVE_S1.);
#7752 = LINE('',#7753,#7754);
#7753 = CARTESIAN_POINT('',(123.9,0.65,16.5));
#7754 = VECTOR('',#7755,1.);
#7755 = DIRECTION('',(0.,0.,1.));
#7756 = PCURVE('',#3203,#7757);
#7757 = DEFINITIONAL_REPRESENTATION('',(#7758),#7762);
#7758 = LINE('',#7759,#7760);
#7759 = CARTESIAN_POINT('',(0.,-137.25));
#7760 = VECTOR('',#7761,1.);
#7761 = DIRECTION('',(1.,0.));
#7762 = ( GEOMETRIC_REPRESENTATION_CONTEXT(2) 
PARAMETRIC_REPRESENTATION_CONTEXT() REPRESENTATION_CONTEXT('2D SPACE',''
  ) );
#7763 = PCURVE('',#3175,#7764);
#7764 = DEFINITIONAL_REPRESENTATION('',(#7765),#7769);
#7765 = LINE('',#7766,#7767);
#7766 = CARTESIAN_POINT('',(0.,0.));
#7767 = VECTOR('',#7768,1.);
#7768 = DIRECTION('',(0.,1.));
#7769 = ( GEOMETRIC_REPRESENTATION_CONTEXT(2) 
PARAMETRIC_REPRESENTATION_CONTEXT() REPRESENTATION_CONTEXT('2D SPACE',''
  ) );
#7770 = ORIENTED_EDGE('',*,*,#7771,.F.);
#7771 = EDGE_CURVE('',#6942,#7749,#7772,.T.);
#7772 = SURFACE_CURVE('',#7773,(#7777,#7784),.PCURVE_S1.);
#7773 = LINE('',#7774,#7775);
#7774 = CARTESIAN_POINT('',(-14.25,0.65,23.8));
#7775 = VECTOR('',#7776,1.);
#7776 = DIRECTION('',(1.,1.110223024625E-16,0.));
#7777 = PCURVE('',#3203,#7778);
#7778 = DEFINITIONAL_REPRESENTATION('',(#7779),#7783);
#7779 = LINE('',#7780,#7781);
#7780 = CARTESIAN_POINT('',(7.3,0.9));
#7781 = VECTOR('',#7782,1.);
#7782 = DIRECTION('',(0.,-1.));
#7783 = ( GEOMETRIC_REPRESENTATION_CONTEXT(2) 
PARAMETRIC_REPRESENTATION_CONTEXT() REPRESENTATION_CONTEXT('2D SPACE',''
  ) );
#7784 = PCURVE('',#4840,#7785);
#7785 = DEFINITIONAL_REPRESENTATION('',(#7786),#7790);
#7786 = LINE('',#7787,#7788);
#7787 = CARTESIAN_POINT('',(71.2,0.9));
#7788 = VECTOR('',#7789,1.);
#7789 = DIRECTION('',(0.,1.));
#7790 = ( GEOMETRIC_REPRESENTATION_CONTEXT(2) 
PARAMETRIC_REPRESENTATION_CONTEXT() REPRESENTATION_CONTEXT('2D SPACE',''
  ) );
#7791 = ORIENTED_EDGE('',*,*,#6941,.F.);
#7792 = ORIENTED_EDGE('',*,*,#7793,.T.);
#7793 = EDGE_CURVE('',#6918,#6736,#7794,.T.);
#7794 = SURFACE_CURVE('',#7795,(#7799,#7806),.PCURVE_S1.);
#7795 = LINE('',#7796,#7797);
#7796 = CARTESIAN_POINT('',(17.325,0.65,23.7));
#7797 = VECTOR('',#7798,1.);
#7798 = DIRECTION('',(-1.,-1.110223024625E-16,0.));
#7799 = PCURVE('',#3203,#7800);
#7800 = DEFINITIONAL_REPRESENTATION('',(#7801),#7805);
#7801 = LINE('',#7802,#7803);
#7802 = CARTESIAN_POINT('',(7.2,-30.675));
#7803 = VECTOR('',#7804,1.);
#7804 = DIRECTION('',(0.,1.));
#7805 = ( GEOMETRIC_REPRESENTATION_CONTEXT(2) 
PARAMETRIC_REPRESENTATION_CONTEXT() REPRESENTATION_CONTEXT('2D SPACE',''
  ) );
#7806 = PCURVE('',#6752,#7807);
#7807 = DEFINITIONAL_REPRESENTATION('',(#7808),#7812);
#7808 = LINE('',#7809,#7810);
#7809 = CARTESIAN_POINT('',(0.85,-30.675));
#7810 = VECTOR('',#7811,1.);
#7811 = DIRECTION('',(0.,-1.));
#7812 = ( GEOMETRIC_REPRESENTATION_CONTEXT(2) 
PARAMETRIC_REPRESENTATION_CONTEXT() REPRESENTATION_CONTEXT('2D SPACE',''
  ) );
#7813 = ORIENTED_EDGE('',*,*,#6768,.T.);
#7814 = ORIENTED_EDGE('',*,*,#7815,.F.);
#7815 = EDGE_CURVE('',#6047,#6769,#7816,.T.);
#7816 = SURFACE_CURVE('',#7817,(#7821,#7828),.PCURVE_S1.);
#7817 = LINE('',#7818,#7819);
#7818 = CARTESIAN_POINT('',(-14.25,0.65,23.8));
#7819 = VECTOR('',#7820,1.);
#7820 = DIRECTION('',(1.,1.110223024625E-16,0.));
#7821 = PCURVE('',#3203,#7822);
#7822 = DEFINITIONAL_REPRESENTATION('',(#7823),#7827);
#7823 = LINE('',#7824,#7825);
#7824 = CARTESIAN_POINT('',(7.3,0.9));
#7825 = VECTOR('',#7826,1.);
#7826 = DIRECTION('',(0.,-1.));
#7827 = ( GEOMETRIC_REPRESENTATION_CONTEXT(2) 
PARAMETRIC_REPRESENTATION_CONTEXT() REPRESENTATION_CONTEXT('2D SPACE',''
  ) );
#7828 = PCURVE('',#4840,#7829);
#7829 = DEFINITIONAL_REPRESENTATION('',(#7830),#7834);
#7830 = LINE('',#7831,#7832);
#7831 = CARTESIAN_POINT('',(71.2,0.9));
#7832 = VECTOR('',#7833,1.);
#7833 = DIRECTION('',(0.,1.));
#7834 = ( GEOMETRIC_REPRESENTATION_CONTEXT(2) 
PARAMETRIC_REPRESENTATION_CONTEXT() REPRESENTATION_CONTEXT('2D SPACE',''
  ) );
#7835 = ORIENTED_EDGE('',*,*,#6046,.F.);
#7836 = ORIENTED_EDGE('',*,*,#7837,.T.);
#7837 = EDGE_CURVE('',#6023,#5841,#7838,.T.);
#7838 = SURFACE_CURVE('',#7839,(#7843,#7850),.PCURVE_S1.);
#7839 = LINE('',#7840,#7841);
#7840 = CARTESIAN_POINT('',(8.325,0.65,23.7));
#7841 = VECTOR('',#7842,1.);
#7842 = DIRECTION('',(-1.,-1.110223024625E-16,0.));
#7843 = PCURVE('',#3203,#7844);
#7844 = DEFINITIONAL_REPRESENTATION('',(#7845),#7849);
#7845 = LINE('',#7846,#7847);
#7846 = CARTESIAN_POINT('',(7.2,-21.675));
#7847 = VECTOR('',#7848,1.);
#7848 = DIRECTION('',(0.,1.));
#7849 = ( GEOMETRIC_REPRESENTATION_CONTEXT(2) 
PARAMETRIC_REPRESENTATION_CONTEXT() REPRESENTATION_CONTEXT('2D SPACE',''
  ) );
#7850 = PCURVE('',#5857,#7851);
#7851 = DEFINITIONAL_REPRESENTATION('',(#7852),#7856);
#7852 = LINE('',#7853,#7854);
#7853 = CARTESIAN_POINT('',(0.85,-21.675));
#7854 = VECTOR('',#7855,1.);
#7855 = DIRECTION('',(0.,-1.));
#7856 = ( GEOMETRIC_REPRESENTATION_CONTEXT(2) 
PARAMETRIC_REPRESENTATION_CONTEXT() REPRESENTATION_CONTEXT('2D SPACE',''
  ) );
#7857 = ORIENTED_EDGE('',*,*,#5873,.T.);
#7858 = ORIENTED_EDGE('',*,*,#7859,.F.);
#7859 = EDGE_CURVE('',#7860,#5874,#7862,.T.);
#7860 = VERTEX_POINT('',#7861);
#7861 = CARTESIAN_POINT('',(18.,0.65,23.8));
#7862 = SURFACE_CURVE('',#7863,(#7867,#7874),.PCURVE_S1.);
#7863 = LINE('',#7864,#7865);
#7864 = CARTESIAN_POINT('',(-14.25,0.65,23.8));
#7865 = VECTOR('',#7866,1.);
#7866 = DIRECTION('',(1.,1.110223024625E-16,0.));
#7867 = PCURVE('',#3203,#7868);
#7868 = DEFINITIONAL_REPRESENTATION('',(#7869),#7873);
#7869 = LINE('',#7870,#7871);
#7870 = CARTESIAN_POINT('',(7.3,0.9));
#7871 = VECTOR('',#7872,1.);
#7872 = DIRECTION('',(0.,-1.));
#7873 = ( GEOMETRIC_REPRESENTATION_CONTEXT(2) 
PARAMETRIC_REPRESENTATION_CONTEXT() REPRESENTATION_CONTEXT('2D SPACE',''
  ) );
#7874 = PCURVE('',#4840,#7875);
#7875 = DEFINITIONAL_REPRESENTATION('',(#7876),#7880);
#7876 = LINE('',#7877,#7878);
#7877 = CARTESIAN_POINT('',(71.2,0.9));
#7878 = VECTOR('',#7879,1.);
#7879 = DIRECTION('',(0.,1.));
#7880 = ( GEOMETRIC_REPRESENTATION_CONTEXT(2) 
PARAMETRIC_REPRESENTATION_CONTEXT() REPRESENTATION_CONTEXT('2D SPACE',''
  ) );
#7881 = ORIENTED_EDGE('',*,*,#7882,.T.);
#7882 = EDGE_CURVE('',#7860,#7883,#7885,.T.);
#7883 = VERTEX_POINT('',#7884);
#7884 = CARTESIAN_POINT('',(18.,0.65,22.276063829787));
#7885 = SURFACE_CURVE('',#7886,(#7890,#7897),.PCURVE_S1.);
#7886 = LINE('',#7887,#7888);
#7887 = CARTESIAN_POINT('',(18.,0.65,19.134798480081));
#7888 = VECTOR('',#7889,1.);
#7889 = DIRECTION('',(0.,0.,-1.));
#7890 = PCURVE('',#3203,#7891);
#7891 = DEFINITIONAL_REPRESENTATION('',(#7892),#7896);
#7892 = LINE('',#7893,#7894);
#7893 = CARTESIAN_POINT('',(2.634798480081,-31.35));
#7894 = VECTOR('',#7895,1.);
#7895 = DIRECTION('',(-1.,-0.));
#7896 = ( GEOMETRIC_REPRESENTATION_CONTEXT(2) 
PARAMETRIC_REPRESENTATION_CONTEXT() REPRESENTATION_CONTEXT('2D SPACE',''
  ) );
#7897 = PCURVE('',#7898,#7903);
#7898 = PLANE('',#7899);
#7899 = AXIS2_PLACEMENT_3D('',#7900,#7901,#7902);
#7900 = CARTESIAN_POINT('',(18.,6.06294264123,21.769596960161));
#7901 = DIRECTION('',(-1.,-1.110223024625E-16,-0.));
#7902 = DIRECTION('',(0.,0.,-1.));
#7903 = DEFINITIONAL_REPRESENTATION('',(#7904),#7908);
#7904 = LINE('',#7905,#7906);
#7905 = CARTESIAN_POINT('',(2.634798480081,5.41294264123));
#7906 = VECTOR('',#7907,1.);
#7907 = DIRECTION('',(1.,0.));
#7908 = ( GEOMETRIC_REPRESENTATION_CONTEXT(2) 
PARAMETRIC_REPRESENTATION_CONTEXT() REPRESENTATION_CONTEXT('2D SPACE',''
  ) );
#7909 = ORIENTED_EDGE('',*,*,#7910,.T.);
#7910 = EDGE_CURVE('',#7883,#7911,#7913,.T.);
#7911 = VERTEX_POINT('',#7912);
#7912 = CARTESIAN_POINT('',(15.6,0.65,22.276063829787));
#7913 = SURFACE_CURVE('',#7914,(#7918,#7925),.PCURVE_S1.);
#7914 = LINE('',#7915,#7916);
#7915 = CARTESIAN_POINT('',(2.325,0.65,22.276063829787));
#7916 = VECTOR('',#7917,1.);
#7917 = DIRECTION('',(-1.,-1.110223024625E-16,0.));
#7918 = PCURVE('',#3203,#7919);
#7919 = DEFINITIONAL_REPRESENTATION('',(#7920),#7924);
#7920 = LINE('',#7921,#7922);
#7921 = CARTESIAN_POINT('',(5.776063829787,-15.675));
#7922 = VECTOR('',#7923,1.);
#7923 = DIRECTION('',(0.,1.));
#7924 = ( GEOMETRIC_REPRESENTATION_CONTEXT(2) 
PARAMETRIC_REPRESENTATION_CONTEXT() REPRESENTATION_CONTEXT('2D SPACE',''
  ) );
#7925 = PCURVE('',#7926,#7931);
#7926 = PLANE('',#7927);
#7927 = AXIS2_PLACEMENT_3D('',#7928,#7929,#7930);
#7928 = CARTESIAN_POINT('',(18.,10.,17.8));
#7929 = DIRECTION('',(-4.793887485372E-17,0.431794997856,0.901971773298)
  );
#7930 = DIRECTION('',(1.001389830278E-16,-0.901971773298,0.431794997856)
  );
#7931 = DEFINITIONAL_REPRESENTATION('',(#7932),#7936);
#7932 = LINE('',#7933,#7934);
#7933 = CARTESIAN_POINT('',(10.366178052124,-15.675));
#7934 = VECTOR('',#7935,1.);
#7935 = DIRECTION('',(0.,-1.));
#7936 = ( GEOMETRIC_REPRESENTATION_CONTEXT(2) 
PARAMETRIC_REPRESENTATION_CONTEXT() REPRESENTATION_CONTEXT('2D SPACE',''
  ) );
#7937 = ORIENTED_EDGE('',*,*,#7938,.F.);
#7938 = EDGE_CURVE('',#7724,#7911,#7939,.T.);
#7939 = SURFACE_CURVE('',#7940,(#7944,#7951),.PCURVE_S1.);
#7940 = LINE('',#7941,#7942);
#7941 = CARTESIAN_POINT('',(15.6,0.65,19.134798480081));
#7942 = VECTOR('',#7943,1.);
#7943 = DIRECTION('',(0.,0.,-1.));
#7944 = PCURVE('',#3203,#7945);
#7945 = DEFINITIONAL_REPRESENTATION('',(#7946),#7950);
#7946 = LINE('',#7947,#7948);
#7947 = CARTESIAN_POINT('',(2.634798480081,-28.95));
#7948 = VECTOR('',#7949,1.);
#7949 = DIRECTION('',(-1.,-0.));
#7950 = ( GEOMETRIC_REPRESENTATION_CONTEXT(2) 
PARAMETRIC_REPRESENTATION_CONTEXT() REPRESENTATION_CONTEXT('2D SPACE',''
  ) );
#7951 = PCURVE('',#7952,#7957);
#7952 = PLANE('',#7953);
#7953 = AXIS2_PLACEMENT_3D('',#7954,#7955,#7956);
#7954 = CARTESIAN_POINT('',(15.6,6.06294264123,21.769596960161));
#7955 = DIRECTION('',(-1.,-1.110223024625E-16,-0.));
#7956 = DIRECTION('',(0.,0.,-1.));
#7957 = DEFINITIONAL_REPRESENTATION('',(#7958),#7962);
#7958 = LINE('',#7959,#7960);
#7959 = CARTESIAN_POINT('',(2.634798480081,5.41294264123));
#7960 = VECTOR('',#7961,1.);
#7961 = DIRECTION('',(1.,0.));
#7962 = ( GEOMETRIC_REPRESENTATION_CONTEXT(2) 
PARAMETRIC_REPRESENTATION_CONTEXT() REPRESENTATION_CONTEXT('2D SPACE',''
  ) );
#7963 = ADVANCED_FACE('',(#7964),#3175,.F.);
#7964 = FACE_BOUND('',#7965,.F.);
#7965 = EDGE_LOOP('',(#7966,#7967,#7968,#7991));
#7966 = ORIENTED_EDGE('',*,*,#7748,.F.);
#7967 = ORIENTED_EDGE('',*,*,#3158,.T.);
#7968 = ORIENTED_EDGE('',*,*,#7969,.T.);
#7969 = EDGE_CURVE('',#3131,#7970,#7972,.T.);
#7970 = VERTEX_POINT('',#7971);
#7971 = CARTESIAN_POINT('',(126.25,3.,23.8));
#7972 = SURFACE_CURVE('',#7973,(#7977,#7984),.PCURVE_S1.);
#7973 = LINE('',#7974,#7975);
#7974 = CARTESIAN_POINT('',(126.25,3.,16.5));
#7975 = VECTOR('',#7976,1.);
#7976 = DIRECTION('',(0.,0.,1.));
#7977 = PCURVE('',#3175,#7978);
#7978 = DEFINITIONAL_REPRESENTATION('',(#7979),#7983);
#7979 = LINE('',#7980,#7981);
#7980 = CARTESIAN_POINT('',(1.570796326795,0.));
#7981 = VECTOR('',#7982,1.);
#7982 = DIRECTION('',(0.,1.));
#7983 = ( GEOMETRIC_REPRESENTATION_CONTEXT(2) 
PARAMETRIC_REPRESENTATION_CONTEXT() REPRESENTATION_CONTEXT('2D SPACE',''
  ) );
#7984 = PCURVE('',#3146,#7985);
#7985 = DEFINITIONAL_REPRESENTATION('',(#7986),#7990);
#7986 = LINE('',#7987,#7988);
#7987 = CARTESIAN_POINT('',(0.,67.05));
#7988 = VECTOR('',#7989,1.);
#7989 = DIRECTION('',(1.,0.));
#7990 = ( GEOMETRIC_REPRESENTATION_CONTEXT(2) 
PARAMETRIC_REPRESENTATION_CONTEXT() REPRESENTATION_CONTEXT('2D SPACE',''
  ) );
#7991 = ORIENTED_EDGE('',*,*,#7992,.F.);
#7992 = EDGE_CURVE('',#7749,#7970,#7993,.T.);
#7993 = SURFACE_CURVE('',#7994,(#7999,#8006),.PCURVE_S1.);
#7994 = CIRCLE('',#7995,2.35);
#7995 = AXIS2_PLACEMENT_3D('',#7996,#7997,#7998);
#7996 = CARTESIAN_POINT('',(123.9,3.,23.8));
#7997 = DIRECTION('',(-0.,0.,1.));
#7998 = DIRECTION('',(1.110223024625E-16,-1.,0.));
#7999 = PCURVE('',#3175,#8000);
#8000 = DEFINITIONAL_REPRESENTATION('',(#8001),#8005);
#8001 = LINE('',#8002,#8003);
#8002 = CARTESIAN_POINT('',(0.,7.3));
#8003 = VECTOR('',#8004,1.);
#8004 = DIRECTION('',(1.,0.));
#8005 = ( GEOMETRIC_REPRESENTATION_CONTEXT(2) 
PARAMETRIC_REPRESENTATION_CONTEXT() REPRESENTATION_CONTEXT('2D SPACE',''
  ) );
#8006 = PCURVE('',#4840,#8007);
#8007 = DEFINITIONAL_REPRESENTATION('',(#8008),#8012);
#8008 = CIRCLE('',#8009,2.35);
#8009 = AXIS2_PLACEMENT_2D('',#8010,#8011);
#8010 = CARTESIAN_POINT('',(68.85,139.05));
#8011 = DIRECTION('',(1.,0.));
#8012 = ( GEOMETRIC_REPRESENTATION_CONTEXT(2) 
PARAMETRIC_REPRESENTATION_CONTEXT() REPRESENTATION_CONTEXT('2D SPACE',''
  ) );
#8013 = ADVANCED_FACE('',(#8014),#3146,.F.);
#8014 = FACE_BOUND('',#8015,.F.);
#8015 = EDGE_LOOP('',(#8016,#8017,#8018,#8041,#8074,#8102,#8175,#8203,
    #8231));
#8016 = ORIENTED_EDGE('',*,*,#7969,.F.);
#8017 = ORIENTED_EDGE('',*,*,#3130,.T.);
#8018 = ORIENTED_EDGE('',*,*,#8019,.F.);
#8019 = EDGE_CURVE('',#8020,#3103,#8022,.T.);
#8020 = VERTEX_POINT('',#8021);
#8021 = CARTESIAN_POINT('',(126.25,33.15,16.75));
#8022 = SURFACE_CURVE('',#8023,(#8027,#8034),.PCURVE_S1.);
#8023 = LINE('',#8024,#8025);
#8024 = CARTESIAN_POINT('',(126.25,33.15,15.35));
#8025 = VECTOR('',#8026,1.);
#8026 = DIRECTION('',(0.,0.,-1.));
#8027 = PCURVE('',#3146,#8028);
#8028 = DEFINITIONAL_REPRESENTATION('',(#8029),#8033);
#8029 = LINE('',#8030,#8031);
#8030 = CARTESIAN_POINT('',(-1.15,36.9));
#8031 = VECTOR('',#8032,1.);
#8032 = DIRECTION('',(-1.,0.));
#8033 = ( GEOMETRIC_REPRESENTATION_CONTEXT(2) 
PARAMETRIC_REPRESENTATION_CONTEXT() REPRESENTATION_CONTEXT('2D SPACE',''
  ) );
#8034 = PCURVE('',#3118,#8035);
#8035 = DEFINITIONAL_REPRESENTATION('',(#8036),#8040);
#8036 = LINE('',#8037,#8038);
#8037 = CARTESIAN_POINT('',(1.15,-2.85));
#8038 = VECTOR('',#8039,1.);
#8039 = DIRECTION('',(-1.,-0.));
#8040 = ( GEOMETRIC_REPRESENTATION_CONTEXT(2) 
PARAMETRIC_REPRESENTATION_CONTEXT() REPRESENTATION_CONTEXT('2D SPACE',''
  ) );
#8041 = ORIENTED_EDGE('',*,*,#8042,.F.);
#8042 = EDGE_CURVE('',#8043,#8020,#8045,.T.);
#8043 = VERTEX_POINT('',#8044);
#8044 = CARTESIAN_POINT('',(126.25,32.4,17.5));
#8045 = SURFACE_CURVE('',#8046,(#8051,#8062),.PCURVE_S1.);
#8046 = CIRCLE('',#8047,0.75);
#8047 = AXIS2_PLACEMENT_3D('',#8048,#8049,#8050);
#8048 = CARTESIAN_POINT('',(126.25,32.4,16.75));
#8049 = DIRECTION('',(-1.,-1.110223024625E-16,0.));
#8050 = DIRECTION('',(0.,0.,1.));
#8051 = PCURVE('',#3146,#8052);
#8052 = DEFINITIONAL_REPRESENTATION('',(#8053),#8061);
#8053 = ( BOUNDED_CURVE() B_SPLINE_CURVE(2,(#8054,#8055,#8056,#8057,
#8058,#8059,#8060),.UNSPECIFIED.,.T.,.F.) B_SPLINE_CURVE_WITH_KNOTS((1,2
    ,2,2,2,1),(-2.094395102393,0.,2.094395102393,4.188790204786,
6.28318530718,8.377580409573),.UNSPECIFIED.) CURVE() 
GEOMETRIC_REPRESENTATION_ITEM() RATIONAL_B_SPLINE_CURVE((1.,0.5,1.,0.5,
1.,0.5,1.)) REPRESENTATION_ITEM('') );
#8054 = CARTESIAN_POINT('',(1.,37.65));
#8055 = CARTESIAN_POINT('',(1.,36.350961894323));
#8056 = CARTESIAN_POINT('',(-0.125,37.000480947162));
#8057 = CARTESIAN_POINT('',(-1.25,37.65));
#8058 = CARTESIAN_POINT('',(-0.125,38.299519052838));
#8059 = CARTESIAN_POINT('',(1.,38.949038105677));
#8060 = CARTESIAN_POINT('',(1.,37.65));
#8061 = ( GEOMETRIC_REPRESENTATION_CONTEXT(2) 
PARAMETRIC_REPRESENTATION_CONTEXT() REPRESENTATION_CONTEXT('2D SPACE',''
  ) );
#8062 = PCURVE('',#8063,#8068);
#8063 = CYLINDRICAL_SURFACE('',#8064,0.75);
#8064 = AXIS2_PLACEMENT_3D('',#8065,#8066,#8067);
#8065 = CARTESIAN_POINT('',(126.6,32.4,16.75));
#8066 = DIRECTION('',(-1.,-1.110223024625E-16,0.));
#8067 = DIRECTION('',(0.,0.,1.));
#8068 = DEFINITIONAL_REPRESENTATION('',(#8069),#8073);
#8069 = LINE('',#8070,#8071);
#8070 = CARTESIAN_POINT('',(0.,0.35));
#8071 = VECTOR('',#8072,1.);
#8072 = DIRECTION('',(1.,0.));
#8073 = ( GEOMETRIC_REPRESENTATION_CONTEXT(2) 
PARAMETRIC_REPRESENTATION_CONTEXT() REPRESENTATION_CONTEXT('2D SPACE',''
  ) );
#8074 = ORIENTED_EDGE('',*,*,#8075,.F.);
#8075 = EDGE_CURVE('',#8076,#8043,#8078,.T.);
#8076 = VERTEX_POINT('',#8077);
#8077 = CARTESIAN_POINT('',(126.25,30.15,17.5));
#8078 = SURFACE_CURVE('',#8079,(#8083,#8090),.PCURVE_S1.);
#8079 = LINE('',#8080,#8081);
#8080 = CARTESIAN_POINT('',(126.25,55.3,17.5));
#8081 = VECTOR('',#8082,1.);
#8082 = DIRECTION('',(-1.110223024625E-16,1.,0.));
#8083 = PCURVE('',#3146,#8084);
#8084 = DEFINITIONAL_REPRESENTATION('',(#8085),#8089);
#8085 = LINE('',#8086,#8087);
#8086 = CARTESIAN_POINT('',(1.,14.75));
#8087 = VECTOR('',#8088,1.);
#8088 = DIRECTION('',(0.,-1.));
#8089 = ( GEOMETRIC_REPRESENTATION_CONTEXT(2) 
PARAMETRIC_REPRESENTATION_CONTEXT() REPRESENTATION_CONTEXT('2D SPACE',''
  ) );
#8090 = PCURVE('',#8091,#8096);
#8091 = PLANE('',#8092);
#8092 = AXIS2_PLACEMENT_3D('',#8093,#8094,#8095);
#8093 = CARTESIAN_POINT('',(120.4,40.55,17.5));
#8094 = DIRECTION('',(0.,0.,-1.));
#8095 = DIRECTION('',(0.662573882203,-0.74899656249,0.));
#8096 = DEFINITIONAL_REPRESENTATION('',(#8097),#8101);
#8097 = LINE('',#8098,#8099);
#8098 = CARTESIAN_POINT('',(-7.171642085845,-14.15459465306));
#8099 = VECTOR('',#8100,1.);
#8100 = DIRECTION('',(-0.74899656249,-0.662573882203));
#8101 = ( GEOMETRIC_REPRESENTATION_CONTEXT(2) 
PARAMETRIC_REPRESENTATION_CONTEXT() REPRESENTATION_CONTEXT('2D SPACE',''
  ) );
#8102 = ORIENTED_EDGE('',*,*,#8103,.T.);
#8103 = EDGE_CURVE('',#8076,#8104,#8106,.T.);
#8104 = VERTEX_POINT('',#8105);
#8105 = CARTESIAN_POINT('',(126.25,28.364285714286,23.75));
#8106 = SURFACE_CURVE('',#8107,(#8126,#8148),.PCURVE_S1.);
#8107 = B_SPLINE_CURVE_WITH_KNOTS('',5,(#8108,#8109,#8110,#8111,#8112,
    #8113,#8114,#8115,#8116,#8117,#8118,#8119,#8120,#8121,#8122,#8123,
    #8124,#8125),.UNSPECIFIED.,.F.,.F.,(6,4,4,4,6),(0.,0.251413847037,
    0.500491954597,0.750352577225,1.),.UNSPECIFIED.);
#8108 = CARTESIAN_POINT('',(126.25,30.15,17.5));
#8109 = CARTESIAN_POINT('',(126.25,30.060426122936,17.813508569722));
#8110 = CARTESIAN_POINT('',(126.25,29.970806807029,18.127176175398));
#8111 = CARTESIAN_POINT('',(126.25,29.881149148658,18.440977979699));
#8112 = CARTESIAN_POINT('',(126.25,29.791458603427,18.754894888004));
#8113 = CARTESIAN_POINT('',(126.25,29.612853416427,19.380013042505));
#8114 = CARTESIAN_POINT('',(126.25,29.523939387201,19.691212144798));
#8115 = CARTESIAN_POINT('',(126.25,29.435001151479,20.002495969824));
#8116 = CARTESIAN_POINT('',(126.25,29.346041903025,20.313853339414));
#8117 = CARTESIAN_POINT('',(126.25,29.167806630088,20.937676794693));
#8118 = CARTESIAN_POINT('',(126.25,29.078530537599,21.250143118402));
#8119 = CARTESIAN_POINT('',(126.25,28.989238215352,21.562666246269));
#8120 = CARTESIAN_POINT('',(126.25,28.899931656802,21.875239201192));
#8121 = CARTESIAN_POINT('',(126.25,28.721369339217,22.500207312741));
#8122 = CARTESIAN_POINT('',(126.25,28.632113628461,22.812602300385));
#8123 = CARTESIAN_POINT('',(126.25,28.542846805599,23.125036180403));
#8124 = CARTESIAN_POINT('',(126.25,28.453570142138,23.437504502515));
#8125 = CARTESIAN_POINT('',(126.25,28.364284634286,23.75000378));
#8126 = PCURVE('',#3146,#8127);
#8127 = DEFINITIONAL_REPRESENTATION('',(#8128),#8147);
#8128 = B_SPLINE_CURVE_WITH_KNOTS('',5,(#8129,#8130,#8131,#8132,#8133,
    #8134,#8135,#8136,#8137,#8138,#8139,#8140,#8141,#8142,#8143,#8144,
    #8145,#8146),.UNSPECIFIED.,.F.,.F.,(6,4,4,4,6),(0.,0.251413847037,
    0.500491954597,0.750352577225,1.),.UNSPECIFIED.);
#8129 = CARTESIAN_POINT('',(1.,39.9));
#8130 = CARTESIAN_POINT('',(1.313508569722,39.989573877064));
#8131 = CARTESIAN_POINT('',(1.627176175398,40.079193192971));
#8132 = CARTESIAN_POINT('',(1.940977979699,40.168850851343));
#8133 = CARTESIAN_POINT('',(2.254894888004,40.258541396573));
#8134 = CARTESIAN_POINT('',(2.880013042505,40.437146583573));
#8135 = CARTESIAN_POINT('',(3.191212144798,40.526060612799));
#8136 = CARTESIAN_POINT('',(3.502495969824,40.614998848521));
#8137 = CARTESIAN_POINT('',(3.813853339414,40.703958096975));
#8138 = CARTESIAN_POINT('',(4.437676794693,40.882193369912));
#8139 = CARTESIAN_POINT('',(4.750143118402,40.971469462401));
#8140 = CARTESIAN_POINT('',(5.062666246269,41.060761784648));
#8141 = CARTESIAN_POINT('',(5.375239201192,41.150068343198));
#8142 = CARTESIAN_POINT('',(6.000207312741,41.328630660783));
#8143 = CARTESIAN_POINT('',(6.312602300385,41.417886371539));
#8144 = CARTESIAN_POINT('',(6.625036180403,41.507153194401));
#8145 = CARTESIAN_POINT('',(6.937504502515,41.596429857862));
#8146 = CARTESIAN_POINT('',(7.25000378,41.685715365714));
#8147 = ( GEOMETRIC_REPRESENTATION_CONTEXT(2) 
PARAMETRIC_REPRESENTATION_CONTEXT() REPRESENTATION_CONTEXT('2D SPACE',''
  ) );
#8148 = PCURVE('',#8149,#8154);
#8149 = B_SPLINE_SURFACE_WITH_KNOTS('',1,1,(
    (#8150,#8151)
    ,(#8152,#8153
    )),.UNSPECIFIED.,.F.,.F.,.F.,(2,2),(2,2),(0.,12.8),(0.,1.),
  .PIECEWISE_BEZIER_KNOTS.);
#8150 = CARTESIAN_POINT('',(120.4,30.15,17.5));
#8151 = CARTESIAN_POINT('',(118.6,28.35,23.8));
#8152 = CARTESIAN_POINT('',(129.6,30.15,17.5));
#8153 = CARTESIAN_POINT('',(131.4,28.35,23.8));
#8154 = DEFINITIONAL_REPRESENTATION('',(#8155),#8174);
#8155 = B_SPLINE_CURVE_WITH_KNOTS('',5,(#8156,#8157,#8158,#8159,#8160,
    #8161,#8162,#8163,#8164,#8165,#8166,#8167,#8168,#8169,#8170,#8171,
    #8172,#8173),.UNSPECIFIED.,.F.,.F.,(6,4,4,4,6),(0.,0.251413847037,
    0.500491954597,0.750352577225,1.),.UNSPECIFIED.);
#8156 = CARTESIAN_POINT('',(8.139130434783,0.));
#8157 = CARTESIAN_POINT('',(8.105265074834,4.976326503531E-02));
#8158 = CARTESIAN_POINT('',(8.073031129894,9.955177387276E-02));
#8159 = CARTESIAN_POINT('',(8.042274249771,0.149361584079));
#8160 = CARTESIAN_POINT('',(8.012868082472,0.199189664763));
#8161 = CARTESIAN_POINT('',(7.956801963278,0.298414768652));
#8162 = CARTESIAN_POINT('',(7.930118770286,0.347811451555));
#8163 = CARTESIAN_POINT('',(7.904550570632,0.397221582512));
#8164 = CARTESIAN_POINT('',(7.880007931141,0.446643387209));
#8165 = CARTESIAN_POINT('',(7.83275001469,0.545662983285));
#8166 = CARTESIAN_POINT('',(7.810040246187,0.595260812445));
#8167 = CARTESIAN_POINT('',(7.788210882282,0.644867658138));
#8168 = CARTESIAN_POINT('',(7.767196122785,0.694482412888));
#8169 = CARTESIAN_POINT('',(7.72670158335,0.793683700435));
#8170 = CARTESIAN_POINT('',(7.707220202235,0.84327020641));
#8171 = CARTESIAN_POINT('',(7.688440256179,0.892862885778));
#8172 = CARTESIAN_POINT('',(7.67031289075,0.942461032145));
#8173 = CARTESIAN_POINT('',(7.652796208699,0.992064092063));
#8174 = ( GEOMETRIC_REPRESENTATION_CONTEXT(2) 
PARAMETRIC_REPRESENTATION_CONTEXT() REPRESENTATION_CONTEXT('2D SPACE',''
  ) );
#8175 = ORIENTED_EDGE('',*,*,#8176,.T.);
#8176 = EDGE_CURVE('',#8104,#8177,#8179,.T.);
#8177 = VERTEX_POINT('',#8178);
#8178 = CARTESIAN_POINT('',(126.25,28.35,23.75));
#8179 = SURFACE_CURVE('',#8180,(#8184,#8191),.PCURVE_S1.);
#8180 = LINE('',#8181,#8182);
#8181 = CARTESIAN_POINT('',(126.25,56.2,23.75));
#8182 = VECTOR('',#8183,1.);
#8183 = DIRECTION('',(1.110223024625E-16,-1.,0.));
#8184 = PCURVE('',#3146,#8185);
#8185 = DEFINITIONAL_REPRESENTATION('',(#8186),#8190);
#8186 = LINE('',#8187,#8188);
#8187 = CARTESIAN_POINT('',(7.25,13.85));
#8188 = VECTOR('',#8189,1.);
#8189 = DIRECTION('',(0.,1.));
#8190 = ( GEOMETRIC_REPRESENTATION_CONTEXT(2) 
PARAMETRIC_REPRESENTATION_CONTEXT() REPRESENTATION_CONTEXT('2D SPACE',''
  ) );
#8191 = PCURVE('',#8192,#8197);
#8192 = PLANE('',#8193);
#8193 = AXIS2_PLACEMENT_3D('',#8194,#8195,#8196);
#8194 = CARTESIAN_POINT('',(118.6,42.35,23.75));
#8195 = DIRECTION('',(0.,0.,1.));
#8196 = DIRECTION('',(1.110223024625E-16,-1.,0.));
#8197 = DEFINITIONAL_REPRESENTATION('',(#8198),#8202);
#8198 = LINE('',#8199,#8200);
#8199 = CARTESIAN_POINT('',(-13.85,7.65));
#8200 = VECTOR('',#8201,1.);
#8201 = DIRECTION('',(1.,0.));
#8202 = ( GEOMETRIC_REPRESENTATION_CONTEXT(2) 
PARAMETRIC_REPRESENTATION_CONTEXT() REPRESENTATION_CONTEXT('2D SPACE',''
  ) );
#8203 = ORIENTED_EDGE('',*,*,#8204,.F.);
#8204 = EDGE_CURVE('',#8205,#8177,#8207,.T.);
#8205 = VERTEX_POINT('',#8206);
#8206 = CARTESIAN_POINT('',(126.25,28.35,23.8));
#8207 = SURFACE_CURVE('',#8208,(#8212,#8219),.PCURVE_S1.);
#8208 = LINE('',#8209,#8210);
#8209 = CARTESIAN_POINT('',(126.25,28.35,20.125));
#8210 = VECTOR('',#8211,1.);
#8211 = DIRECTION('',(0.,0.,-1.));
#8212 = PCURVE('',#3146,#8213);
#8213 = DEFINITIONAL_REPRESENTATION('',(#8214),#8218);
#8214 = LINE('',#8215,#8216);
#8215 = CARTESIAN_POINT('',(3.625,41.7));
#8216 = VECTOR('',#8217,1.);
#8217 = DIRECTION('',(-1.,0.));
#8218 = ( GEOMETRIC_REPRESENTATION_CONTEXT(2) 
PARAMETRIC_REPRESENTATION_CONTEXT() REPRESENTATION_CONTEXT('2D SPACE',''
  ) );
#8219 = PCURVE('',#8220,#8225);
#8220 = PLANE('',#8221);
#8221 = AXIS2_PLACEMENT_3D('',#8222,#8223,#8224);
#8222 = CARTESIAN_POINT('',(118.6,28.35,23.75));
#8223 = DIRECTION('',(1.110223024625E-16,-1.,0.));
#8224 = DIRECTION('',(0.,0.,1.));
#8225 = DEFINITIONAL_REPRESENTATION('',(#8226),#8230);
#8226 = LINE('',#8227,#8228);
#8227 = CARTESIAN_POINT('',(-3.625,-7.65));
#8228 = VECTOR('',#8229,1.);
#8229 = DIRECTION('',(-1.,-0.));
#8230 = ( GEOMETRIC_REPRESENTATION_CONTEXT(2) 
PARAMETRIC_REPRESENTATION_CONTEXT() REPRESENTATION_CONTEXT('2D SPACE',''
  ) );
#8231 = ORIENTED_EDGE('',*,*,#8232,.F.);
#8232 = EDGE_CURVE('',#7970,#8205,#8233,.T.);
#8233 = SURFACE_CURVE('',#8234,(#8238,#8245),.PCURVE_S1.);
#8234 = LINE('',#8235,#8236);
#8235 = CARTESIAN_POINT('',(126.25,70.95,23.8));
#8236 = VECTOR('',#8237,1.);
#8237 = DIRECTION('',(-1.110223024625E-16,1.,0.));
#8238 = PCURVE('',#3146,#8239);
#8239 = DEFINITIONAL_REPRESENTATION('',(#8240),#8244);
#8240 = LINE('',#8241,#8242);
#8241 = CARTESIAN_POINT('',(7.3,-0.9));
#8242 = VECTOR('',#8243,1.);
#8243 = DIRECTION('',(0.,-1.));
#8244 = ( GEOMETRIC_REPRESENTATION_CONTEXT(2) 
PARAMETRIC_REPRESENTATION_CONTEXT() REPRESENTATION_CONTEXT('2D SPACE',''
  ) );
#8245 = PCURVE('',#4840,#8246);
#8246 = DEFINITIONAL_REPRESENTATION('',(#8247),#8251);
#8247 = LINE('',#8248,#8249);
#8248 = CARTESIAN_POINT('',(0.9,141.4));
#8249 = VECTOR('',#8250,1.);
#8250 = DIRECTION('',(-1.,0.));
#8251 = ( GEOMETRIC_REPRESENTATION_CONTEXT(2) 
PARAMETRIC_REPRESENTATION_CONTEXT() REPRESENTATION_CONTEXT('2D SPACE',''
  ) );
#8252 = ADVANCED_FACE('',(#8253),#3118,.T.);
#8253 = FACE_BOUND('',#8254,.T.);
#8254 = EDGE_LOOP('',(#8255,#8278,#8306,#8334,#8355,#8356));
#8255 = ORIENTED_EDGE('',*,*,#8256,.T.);
#8256 = EDGE_CURVE('',#8020,#8257,#8259,.T.);
#8257 = VERTEX_POINT('',#8258);
#8258 = CARTESIAN_POINT('',(123.4,33.15,16.75));
#8259 = SURFACE_CURVE('',#8260,(#8264,#8271),.PCURVE_S1.);
#8260 = LINE('',#8261,#8262);
#8261 = CARTESIAN_POINT('',(126.6,33.15,16.75));
#8262 = VECTOR('',#8263,1.);
#8263 = DIRECTION('',(-1.,-1.110223024625E-16,0.));
#8264 = PCURVE('',#3118,#8265);
#8265 = DEFINITIONAL_REPRESENTATION('',(#8266),#8270);
#8266 = LINE('',#8267,#8268);
#8267 = CARTESIAN_POINT('',(2.55,-3.2));
#8268 = VECTOR('',#8269,1.);
#8269 = DIRECTION('',(0.,1.));
#8270 = ( GEOMETRIC_REPRESENTATION_CONTEXT(2) 
PARAMETRIC_REPRESENTATION_CONTEXT() REPRESENTATION_CONTEXT('2D SPACE',''
  ) );
#8271 = PCURVE('',#8063,#8272);
#8272 = DEFINITIONAL_REPRESENTATION('',(#8273),#8277);
#8273 = LINE('',#8274,#8275);
#8274 = CARTESIAN_POINT('',(1.570796326795,0.));
#8275 = VECTOR('',#8276,1.);
#8276 = DIRECTION('',(0.,1.));
#8277 = ( GEOMETRIC_REPRESENTATION_CONTEXT(2) 
PARAMETRIC_REPRESENTATION_CONTEXT() REPRESENTATION_CONTEXT('2D SPACE',''
  ) );
#8278 = ORIENTED_EDGE('',*,*,#8279,.F.);
#8279 = EDGE_CURVE('',#8280,#8257,#8282,.T.);
#8280 = VERTEX_POINT('',#8281);
#8281 = CARTESIAN_POINT('',(123.4,33.15,14.4));
#8282 = SURFACE_CURVE('',#8283,(#8287,#8294),.PCURVE_S1.);
#8283 = LINE('',#8284,#8285);
#8284 = CARTESIAN_POINT('',(123.4,33.15,14.2));
#8285 = VECTOR('',#8286,1.);
#8286 = DIRECTION('',(0.,0.,1.));
#8287 = PCURVE('',#3118,#8288);
#8288 = DEFINITIONAL_REPRESENTATION('',(#8289),#8293);
#8289 = LINE('',#8290,#8291);
#8290 = CARTESIAN_POINT('',(0.,0.));
#8291 = VECTOR('',#8292,1.);
#8292 = DIRECTION('',(1.,0.));
#8293 = ( GEOMETRIC_REPRESENTATION_CONTEXT(2) 
PARAMETRIC_REPRESENTATION_CONTEXT() REPRESENTATION_CONTEXT('2D SPACE',''
  ) );
#8294 = PCURVE('',#8295,#8300);
#8295 = PLANE('',#8296);
#8296 = AXIS2_PLACEMENT_3D('',#8297,#8298,#8299);
#8297 = CARTESIAN_POINT('',(123.4,39.55,12.2));
#8298 = DIRECTION('',(1.,1.110223024625E-16,0.));
#8299 = DIRECTION('',(0.,0.,1.));
#8300 = DEFINITIONAL_REPRESENTATION('',(#8301),#8305);
#8301 = LINE('',#8302,#8303);
#8302 = CARTESIAN_POINT('',(2.,6.4));
#8303 = VECTOR('',#8304,1.);
#8304 = DIRECTION('',(1.,0.));
#8305 = ( GEOMETRIC_REPRESENTATION_CONTEXT(2) 
PARAMETRIC_REPRESENTATION_CONTEXT() REPRESENTATION_CONTEXT('2D SPACE',''
  ) );
#8306 = ORIENTED_EDGE('',*,*,#8307,.T.);
#8307 = EDGE_CURVE('',#8280,#8308,#8310,.T.);
#8308 = VERTEX_POINT('',#8309);
#8309 = CARTESIAN_POINT('',(126.6,33.15,14.4));
#8310 = SURFACE_CURVE('',#8311,(#8315,#8322),.PCURVE_S1.);
#8311 = LINE('',#8312,#8313);
#8312 = CARTESIAN_POINT('',(123.4,33.15,14.4));
#8313 = VECTOR('',#8314,1.);
#8314 = DIRECTION('',(1.,1.110223024625E-16,0.));
#8315 = PCURVE('',#3118,#8316);
#8316 = DEFINITIONAL_REPRESENTATION('',(#8317),#8321);
#8317 = LINE('',#8318,#8319);
#8318 = CARTESIAN_POINT('',(0.2,0.));
#8319 = VECTOR('',#8320,1.);
#8320 = DIRECTION('',(0.,-1.));
#8321 = ( GEOMETRIC_REPRESENTATION_CONTEXT(2) 
PARAMETRIC_REPRESENTATION_CONTEXT() REPRESENTATION_CONTEXT('2D SPACE',''
  ) );
#8322 = PCURVE('',#8323,#8328);
#8323 = CYLINDRICAL_SURFACE('',#8324,0.2);
#8324 = AXIS2_PLACEMENT_3D('',#8325,#8326,#8327);
#8325 = CARTESIAN_POINT('',(123.4,32.95,14.4));
#8326 = DIRECTION('',(1.,1.110223024625E-16,0.));
#8327 = DIRECTION('',(0.,0.,-1.));
#8328 = DEFINITIONAL_REPRESENTATION('',(#8329),#8333);
#8329 = LINE('',#8330,#8331);
#8330 = CARTESIAN_POINT('',(1.570796326795,0.));
#8331 = VECTOR('',#8332,1.);
#8332 = DIRECTION('',(0.,1.));
#8333 = ( GEOMETRIC_REPRESENTATION_CONTEXT(2) 
PARAMETRIC_REPRESENTATION_CONTEXT() REPRESENTATION_CONTEXT('2D SPACE',''
  ) );
#8334 = ORIENTED_EDGE('',*,*,#8335,.T.);
#8335 = EDGE_CURVE('',#8308,#3075,#8336,.T.);
#8336 = SURFACE_CURVE('',#8337,(#8341,#8348),.PCURVE_S1.);
#8337 = LINE('',#8338,#8339);
#8338 = CARTESIAN_POINT('',(126.6,33.15,14.2));
#8339 = VECTOR('',#8340,1.);
#8340 = DIRECTION('',(0.,0.,1.));
#8341 = PCURVE('',#3118,#8342);
#8342 = DEFINITIONAL_REPRESENTATION('',(#8343),#8347);
#8343 = LINE('',#8344,#8345);
#8344 = CARTESIAN_POINT('',(0.,-3.2));
#8345 = VECTOR('',#8346,1.);
#8346 = DIRECTION('',(1.,0.));
#8347 = ( GEOMETRIC_REPRESENTATION_CONTEXT(2) 
PARAMETRIC_REPRESENTATION_CONTEXT() REPRESENTATION_CONTEXT('2D SPACE',''
  ) );
#8348 = PCURVE('',#3090,#8349);
#8349 = DEFINITIONAL_REPRESENTATION('',(#8350),#8354);
#8350 = LINE('',#8351,#8352);
#8351 = CARTESIAN_POINT('',(2.,6.4));
#8352 = VECTOR('',#8353,1.);
#8353 = DIRECTION('',(1.,0.));
#8354 = ( GEOMETRIC_REPRESENTATION_CONTEXT(2) 
PARAMETRIC_REPRESENTATION_CONTEXT() REPRESENTATION_CONTEXT('2D SPACE',''
  ) );
#8355 = ORIENTED_EDGE('',*,*,#3102,.F.);
#8356 = ORIENTED_EDGE('',*,*,#8019,.F.);
#8357 = ADVANCED_FACE('',(#8358),#3090,.T.);
#8358 = FACE_BOUND('',#8359,.T.);
#8359 = EDGE_LOOP('',(#8360,#8361,#8385,#8413,#8441,#8469,#8497,#8525,
    #8558,#8579));
#8360 = ORIENTED_EDGE('',*,*,#8335,.F.);
#8361 = ORIENTED_EDGE('',*,*,#8362,.F.);
#8362 = EDGE_CURVE('',#8363,#8308,#8365,.T.);
#8363 = VERTEX_POINT('',#8364);
#8364 = CARTESIAN_POINT('',(126.6,32.95,14.2));
#8365 = SURFACE_CURVE('',#8366,(#8371,#8378),.PCURVE_S1.);
#8366 = CIRCLE('',#8367,0.2);
#8367 = AXIS2_PLACEMENT_3D('',#8368,#8369,#8370);
#8368 = CARTESIAN_POINT('',(126.6,32.95,14.4));
#8369 = DIRECTION('',(1.,1.110223024625E-16,-0.));
#8370 = DIRECTION('',(0.,0.,1.));
#8371 = PCURVE('',#3090,#8372);
#8372 = DEFINITIONAL_REPRESENTATION('',(#8373),#8377);
#8373 = CIRCLE('',#8374,0.2);
#8374 = AXIS2_PLACEMENT_2D('',#8375,#8376);
#8375 = CARTESIAN_POINT('',(2.2,6.6));
#8376 = DIRECTION('',(1.,0.));
#8377 = ( GEOMETRIC_REPRESENTATION_CONTEXT(2) 
PARAMETRIC_REPRESENTATION_CONTEXT() REPRESENTATION_CONTEXT('2D SPACE',''
  ) );
#8378 = PCURVE('',#8323,#8379);
#8379 = DEFINITIONAL_REPRESENTATION('',(#8380),#8384);
#8380 = LINE('',#8381,#8382);
#8381 = CARTESIAN_POINT('',(-3.14159265359,3.2));
#8382 = VECTOR('',#8383,1.);
#8383 = DIRECTION('',(1.,0.));
#8384 = ( GEOMETRIC_REPRESENTATION_CONTEXT(2) 
PARAMETRIC_REPRESENTATION_CONTEXT() REPRESENTATION_CONTEXT('2D SPACE',''
  ) );
#8385 = ORIENTED_EDGE('',*,*,#8386,.T.);
#8386 = EDGE_CURVE('',#8363,#8387,#8389,.T.);
#8387 = VERTEX_POINT('',#8388);
#8388 = CARTESIAN_POINT('',(126.6,31.15,14.2));
#8389 = SURFACE_CURVE('',#8390,(#8394,#8401),.PCURVE_S1.);
#8390 = LINE('',#8391,#8392);
#8391 = CARTESIAN_POINT('',(126.6,39.55,14.2));
#8392 = VECTOR('',#8393,1.);
#8393 = DIRECTION('',(1.110223024625E-16,-1.,0.));
#8394 = PCURVE('',#3090,#8395);
#8395 = DEFINITIONAL_REPRESENTATION('',(#8396),#8400);
#8396 = LINE('',#8397,#8398);
#8397 = CARTESIAN_POINT('',(2.,0.));
#8398 = VECTOR('',#8399,1.);
#8399 = DIRECTION('',(0.,1.));
#8400 = ( GEOMETRIC_REPRESENTATION_CONTEXT(2) 
PARAMETRIC_REPRESENTATION_CONTEXT() REPRESENTATION_CONTEXT('2D SPACE',''
  ) );
#8401 = PCURVE('',#8402,#8407);
#8402 = PLANE('',#8403);
#8403 = AXIS2_PLACEMENT_3D('',#8404,#8405,#8406);
#8404 = CARTESIAN_POINT('',(123.4,39.55,14.2));
#8405 = DIRECTION('',(0.,0.,1.));
#8406 = DIRECTION('',(1.110223024625E-16,-1.,0.));
#8407 = DEFINITIONAL_REPRESENTATION('',(#8408),#8412);
#8408 = LINE('',#8409,#8410);
#8409 = CARTESIAN_POINT('',(3.552713678801E-16,3.2));
#8410 = VECTOR('',#8411,1.);
#8411 = DIRECTION('',(1.,0.));
#8412 = ( GEOMETRIC_REPRESENTATION_CONTEXT(2) 
PARAMETRIC_REPRESENTATION_CONTEXT() REPRESENTATION_CONTEXT('2D SPACE',''
  ) );
#8413 = ORIENTED_EDGE('',*,*,#8414,.F.);
#8414 = EDGE_CURVE('',#8415,#8387,#8417,.T.);
#8415 = VERTEX_POINT('',#8416);
#8416 = CARTESIAN_POINT('',(126.6,31.15,12.2));
#8417 = SURFACE_CURVE('',#8418,(#8422,#8429),.PCURVE_S1.);
#8418 = LINE('',#8419,#8420);
#8419 = CARTESIAN_POINT('',(126.6,31.15,12.2));
#8420 = VECTOR('',#8421,1.);
#8421 = DIRECTION('',(0.,0.,1.));
#8422 = PCURVE('',#3090,#8423);
#8423 = DEFINITIONAL_REPRESENTATION('',(#8424),#8428);
#8424 = LINE('',#8425,#8426);
#8425 = CARTESIAN_POINT('',(0.,8.4));
#8426 = VECTOR('',#8427,1.);
#8427 = DIRECTION('',(1.,0.));
#8428 = ( GEOMETRIC_REPRESENTATION_CONTEXT(2) 
PARAMETRIC_REPRESENTATION_CONTEXT() REPRESENTATION_CONTEXT('2D SPACE',''
  ) );
#8429 = PCURVE('',#8430,#8435);
#8430 = PLANE('',#8431);
#8431 = AXIS2_PLACEMENT_3D('',#8432,#8433,#8434);
#8432 = CARTESIAN_POINT('',(123.4,31.15,12.2));
#8433 = DIRECTION('',(1.110223024625E-16,-1.,0.));
#8434 = DIRECTION('',(0.,0.,1.));
#8435 = DEFINITIONAL_REPRESENTATION('',(#8436),#8440);
#8436 = LINE('',#8437,#8438);
#8437 = CARTESIAN_POINT('',(0.,-3.2));
#8438 = VECTOR('',#8439,1.);
#8439 = DIRECTION('',(1.,0.));
#8440 = ( GEOMETRIC_REPRESENTATION_CONTEXT(2) 
PARAMETRIC_REPRESENTATION_CONTEXT() REPRESENTATION_CONTEXT('2D SPACE',''
  ) );
#8441 = ORIENTED_EDGE('',*,*,#8442,.F.);
#8442 = EDGE_CURVE('',#8443,#8415,#8445,.T.);
#8443 = VERTEX_POINT('',#8444);
#8444 = CARTESIAN_POINT('',(126.6,39.55,12.2));
#8445 = SURFACE_CURVE('',#8446,(#8450,#8457),.PCURVE_S1.);
#8446 = LINE('',#8447,#8448);
#8447 = CARTESIAN_POINT('',(126.6,39.55,12.2));
#8448 = VECTOR('',#8449,1.);
#8449 = DIRECTION('',(1.110223024625E-16,-1.,0.));
#8450 = PCURVE('',#3090,#8451);
#8451 = DEFINITIONAL_REPRESENTATION('',(#8452),#8456);
#8452 = LINE('',#8453,#8454);
#8453 = CARTESIAN_POINT('',(0.,0.));
#8454 = VECTOR('',#8455,1.);
#8455 = DIRECTION('',(0.,1.));
#8456 = ( GEOMETRIC_REPRESENTATION_CONTEXT(2) 
PARAMETRIC_REPRESENTATION_CONTEXT() REPRESENTATION_CONTEXT('2D SPACE',''
  ) );
#8457 = PCURVE('',#8458,#8463);
#8458 = PLANE('',#8459);
#8459 = AXIS2_PLACEMENT_3D('',#8460,#8461,#8462);
#8460 = CARTESIAN_POINT('',(123.4,39.55,12.2));
#8461 = DIRECTION('',(0.,0.,1.));
#8462 = DIRECTION('',(1.110223024625E-16,-1.,0.));
#8463 = DEFINITIONAL_REPRESENTATION('',(#8464),#8468);
#8464 = LINE('',#8465,#8466);
#8465 = CARTESIAN_POINT('',(3.552713678801E-16,3.2));
#8466 = VECTOR('',#8467,1.);
#8467 = DIRECTION('',(1.,0.));
#8468 = ( GEOMETRIC_REPRESENTATION_CONTEXT(2) 
PARAMETRIC_REPRESENTATION_CONTEXT() REPRESENTATION_CONTEXT('2D SPACE',''
  ) );
#8469 = ORIENTED_EDGE('',*,*,#8470,.T.);
#8470 = EDGE_CURVE('',#8443,#8471,#8473,.T.);
#8471 = VERTEX_POINT('',#8472);
#8472 = CARTESIAN_POINT('',(126.6,39.55,14.2));
#8473 = SURFACE_CURVE('',#8474,(#8478,#8485),.PCURVE_S1.);
#8474 = LINE('',#8475,#8476);
#8475 = CARTESIAN_POINT('',(126.6,39.55,12.2));
#8476 = VECTOR('',#8477,1.);
#8477 = DIRECTION('',(0.,0.,1.));
#8478 = PCURVE('',#3090,#8479);
#8479 = DEFINITIONAL_REPRESENTATION('',(#8480),#8484);
#8480 = LINE('',#8481,#8482);
#8481 = CARTESIAN_POINT('',(0.,0.));
#8482 = VECTOR('',#8483,1.);
#8483 = DIRECTION('',(1.,0.));
#8484 = ( GEOMETRIC_REPRESENTATION_CONTEXT(2) 
PARAMETRIC_REPRESENTATION_CONTEXT() REPRESENTATION_CONTEXT('2D SPACE',''
  ) );
#8485 = PCURVE('',#8486,#8491);
#8486 = PLANE('',#8487);
#8487 = AXIS2_PLACEMENT_3D('',#8488,#8489,#8490);
#8488 = CARTESIAN_POINT('',(123.4,39.55,12.2));
#8489 = DIRECTION('',(1.110223024625E-16,-1.,0.));
#8490 = DIRECTION('',(0.,0.,1.));
#8491 = DEFINITIONAL_REPRESENTATION('',(#8492),#8496);
#8492 = LINE('',#8493,#8494);
#8493 = CARTESIAN_POINT('',(0.,-3.2));
#8494 = VECTOR('',#8495,1.);
#8495 = DIRECTION('',(1.,0.));
#8496 = ( GEOMETRIC_REPRESENTATION_CONTEXT(2) 
PARAMETRIC_REPRESENTATION_CONTEXT() REPRESENTATION_CONTEXT('2D SPACE',''
  ) );
#8497 = ORIENTED_EDGE('',*,*,#8498,.T.);
#8498 = EDGE_CURVE('',#8471,#8499,#8501,.T.);
#8499 = VERTEX_POINT('',#8500);
#8500 = CARTESIAN_POINT('',(126.6,37.75,14.2));
#8501 = SURFACE_CURVE('',#8502,(#8506,#8513),.PCURVE_S1.);
#8502 = LINE('',#8503,#8504);
#8503 = CARTESIAN_POINT('',(126.6,39.55,14.2));
#8504 = VECTOR('',#8505,1.);
#8505 = DIRECTION('',(1.110223024625E-16,-1.,0.));
#8506 = PCURVE('',#3090,#8507);
#8507 = DEFINITIONAL_REPRESENTATION('',(#8508),#8512);
#8508 = LINE('',#8509,#8510);
#8509 = CARTESIAN_POINT('',(2.,0.));
#8510 = VECTOR('',#8511,1.);
#8511 = DIRECTION('',(0.,1.));
#8512 = ( GEOMETRIC_REPRESENTATION_CONTEXT(2) 
PARAMETRIC_REPRESENTATION_CONTEXT() REPRESENTATION_CONTEXT('2D SPACE',''
  ) );
#8513 = PCURVE('',#8514,#8519);
#8514 = PLANE('',#8515);
#8515 = AXIS2_PLACEMENT_3D('',#8516,#8517,#8518);
#8516 = CARTESIAN_POINT('',(123.4,39.55,14.2));
#8517 = DIRECTION('',(0.,0.,1.));
#8518 = DIRECTION('',(1.110223024625E-16,-1.,0.));
#8519 = DEFINITIONAL_REPRESENTATION('',(#8520),#8524);
#8520 = LINE('',#8521,#8522);
#8521 = CARTESIAN_POINT('',(3.552713678801E-16,3.2));
#8522 = VECTOR('',#8523,1.);
#8523 = DIRECTION('',(1.,0.));
#8524 = ( GEOMETRIC_REPRESENTATION_CONTEXT(2) 
PARAMETRIC_REPRESENTATION_CONTEXT() REPRESENTATION_CONTEXT('2D SPACE',''
  ) );
#8525 = ORIENTED_EDGE('',*,*,#8526,.T.);
#8526 = EDGE_CURVE('',#8499,#8527,#8529,.T.);
#8527 = VERTEX_POINT('',#8528);
#8528 = CARTESIAN_POINT('',(126.6,37.55,14.4));
#8529 = SURFACE_CURVE('',#8530,(#8535,#8546),.PCURVE_S1.);
#8530 = CIRCLE('',#8531,0.2);
#8531 = AXIS2_PLACEMENT_3D('',#8532,#8533,#8534);
#8532 = CARTESIAN_POINT('',(126.6,37.75,14.4));
#8533 = DIRECTION('',(-1.,-1.110223024625E-16,0.));
#8534 = DIRECTION('',(0.,0.,1.));
#8535 = PCURVE('',#3090,#8536);
#8536 = DEFINITIONAL_REPRESENTATION('',(#8537),#8545);
#8537 = ( BOUNDED_CURVE() B_SPLINE_CURVE(2,(#8538,#8539,#8540,#8541,
#8542,#8543,#8544),.UNSPECIFIED.,.T.,.F.) B_SPLINE_CURVE_WITH_KNOTS((1,2
    ,2,2,2,1),(-2.094395102393,0.,2.094395102393,4.188790204786,
6.28318530718,8.377580409573),.UNSPECIFIED.) CURVE() 
GEOMETRIC_REPRESENTATION_ITEM() RATIONAL_B_SPLINE_CURVE((1.,0.5,1.,0.5,
1.,0.5,1.)) REPRESENTATION_ITEM('') );
#8538 = CARTESIAN_POINT('',(2.4,1.8));
#8539 = CARTESIAN_POINT('',(2.4,1.453589838486));
#8540 = CARTESIAN_POINT('',(2.1,1.626794919243));
#8541 = CARTESIAN_POINT('',(1.8,1.8));
#8542 = CARTESIAN_POINT('',(2.1,1.973205080757));
#8543 = CARTESIAN_POINT('',(2.4,2.146410161514));
#8544 = CARTESIAN_POINT('',(2.4,1.8));
#8545 = ( GEOMETRIC_REPRESENTATION_CONTEXT(2) 
PARAMETRIC_REPRESENTATION_CONTEXT() REPRESENTATION_CONTEXT('2D SPACE',''
  ) );
#8546 = PCURVE('',#8547,#8552);
#8547 = CYLINDRICAL_SURFACE('',#8548,0.2);
#8548 = AXIS2_PLACEMENT_3D('',#8549,#8550,#8551);
#8549 = CARTESIAN_POINT('',(123.4,37.75,14.4));
#8550 = DIRECTION('',(1.,1.110223024625E-16,0.));
#8551 = DIRECTION('',(0.,0.,-1.));
#8552 = DEFINITIONAL_REPRESENTATION('',(#8553),#8557);
#8553 = LINE('',#8554,#8555);
#8554 = CARTESIAN_POINT('',(3.14159265359,3.2));
#8555 = VECTOR('',#8556,1.);
#8556 = DIRECTION('',(-1.,0.));
#8557 = ( GEOMETRIC_REPRESENTATION_CONTEXT(2) 
PARAMETRIC_REPRESENTATION_CONTEXT() REPRESENTATION_CONTEXT('2D SPACE',''
  ) );
#8558 = ORIENTED_EDGE('',*,*,#8559,.T.);
#8559 = EDGE_CURVE('',#8527,#3047,#8560,.T.);
#8560 = SURFACE_CURVE('',#8561,(#8565,#8572),.PCURVE_S1.);
#8561 = LINE('',#8562,#8563);
#8562 = CARTESIAN_POINT('',(126.6,37.55,14.2));
#8563 = VECTOR('',#8564,1.);
#8564 = DIRECTION('',(0.,0.,1.));
#8565 = PCURVE('',#3090,#8566);
#8566 = DEFINITIONAL_REPRESENTATION('',(#8567),#8571);
#8567 = LINE('',#8568,#8569);
#8568 = CARTESIAN_POINT('',(2.,2.));
#8569 = VECTOR('',#8570,1.);
#8570 = DIRECTION('',(1.,0.));
#8571 = ( GEOMETRIC_REPRESENTATION_CONTEXT(2) 
PARAMETRIC_REPRESENTATION_CONTEXT() REPRESENTATION_CONTEXT('2D SPACE',''
  ) );
#8572 = PCURVE('',#3062,#8573);
#8573 = DEFINITIONAL_REPRESENTATION('',(#8574),#8578);
#8574 = LINE('',#8575,#8576);
#8575 = CARTESIAN_POINT('',(0.,-3.2));
#8576 = VECTOR('',#8577,1.);
#8577 = DIRECTION('',(1.,0.));
#8578 = ( GEOMETRIC_REPRESENTATION_CONTEXT(2) 
PARAMETRIC_REPRESENTATION_CONTEXT() REPRESENTATION_CONTEXT('2D SPACE',''
  ) );
#8579 = ORIENTED_EDGE('',*,*,#3074,.F.);
#8580 = ADVANCED_FACE('',(#8581),#3062,.F.);
#8581 = FACE_BOUND('',#8582,.F.);
#8582 = EDGE_LOOP('',(#8583,#8613,#8636,#8657,#8658,#8659));
#8583 = ORIENTED_EDGE('',*,*,#8584,.T.);
#8584 = EDGE_CURVE('',#8585,#8587,#8589,.T.);
#8585 = VERTEX_POINT('',#8586);
#8586 = CARTESIAN_POINT('',(126.25,37.55,16.75));
#8587 = VERTEX_POINT('',#8588);
#8588 = CARTESIAN_POINT('',(123.4,37.55,16.75));
#8589 = SURFACE_CURVE('',#8590,(#8594,#8601),.PCURVE_S1.);
#8590 = LINE('',#8591,#8592);
#8591 = CARTESIAN_POINT('',(126.6,37.55,16.75));
#8592 = VECTOR('',#8593,1.);
#8593 = DIRECTION('',(-1.,-1.110223024625E-16,0.));
#8594 = PCURVE('',#3062,#8595);
#8595 = DEFINITIONAL_REPRESENTATION('',(#8596),#8600);
#8596 = LINE('',#8597,#8598);
#8597 = CARTESIAN_POINT('',(2.55,-3.2));
#8598 = VECTOR('',#8599,1.);
#8599 = DIRECTION('',(0.,1.));
#8600 = ( GEOMETRIC_REPRESENTATION_CONTEXT(2) 
PARAMETRIC_REPRESENTATION_CONTEXT() REPRESENTATION_CONTEXT('2D SPACE',''
  ) );
#8601 = PCURVE('',#8602,#8607);
#8602 = CYLINDRICAL_SURFACE('',#8603,0.75);
#8603 = AXIS2_PLACEMENT_3D('',#8604,#8605,#8606);
#8604 = CARTESIAN_POINT('',(126.6,38.3,16.75));
#8605 = DIRECTION('',(-1.,-1.110223024625E-16,0.));
#8606 = DIRECTION('',(0.,0.,1.));
#8607 = DEFINITIONAL_REPRESENTATION('',(#8608),#8612);
#8608 = LINE('',#8609,#8610);
#8609 = CARTESIAN_POINT('',(-1.570796326795,0.));
#8610 = VECTOR('',#8611,1.);
#8611 = DIRECTION('',(-0.,1.));
#8612 = ( GEOMETRIC_REPRESENTATION_CONTEXT(2) 
PARAMETRIC_REPRESENTATION_CONTEXT() REPRESENTATION_CONTEXT('2D SPACE',''
  ) );
#8613 = ORIENTED_EDGE('',*,*,#8614,.F.);
#8614 = EDGE_CURVE('',#8615,#8587,#8617,.T.);
#8615 = VERTEX_POINT('',#8616);
#8616 = CARTESIAN_POINT('',(123.4,37.55,14.4));
#8617 = SURFACE_CURVE('',#8618,(#8622,#8629),.PCURVE_S1.);
#8618 = LINE('',#8619,#8620);
#8619 = CARTESIAN_POINT('',(123.4,37.55,14.2));
#8620 = VECTOR('',#8621,1.);
#8621 = DIRECTION('',(0.,0.,1.));
#8622 = PCURVE('',#3062,#8623);
#8623 = DEFINITIONAL_REPRESENTATION('',(#8624),#8628);
#8624 = LINE('',#8625,#8626);
#8625 = CARTESIAN_POINT('',(0.,0.));
#8626 = VECTOR('',#8627,1.);
#8627 = DIRECTION('',(1.,0.));
#8628 = ( GEOMETRIC_REPRESENTATION_CONTEXT(2) 
PARAMETRIC_REPRESENTATION_CONTEXT() REPRESENTATION_CONTEXT('2D SPACE',''
  ) );
#8629 = PCURVE('',#8295,#8630);
#8630 = DEFINITIONAL_REPRESENTATION('',(#8631),#8635);
#8631 = LINE('',#8632,#8633);
#8632 = CARTESIAN_POINT('',(2.,2.));
#8633 = VECTOR('',#8634,1.);
#8634 = DIRECTION('',(1.,0.));
#8635 = ( GEOMETRIC_REPRESENTATION_CONTEXT(2) 
PARAMETRIC_REPRESENTATION_CONTEXT() REPRESENTATION_CONTEXT('2D SPACE',''
  ) );
#8636 = ORIENTED_EDGE('',*,*,#8637,.T.);
#8637 = EDGE_CURVE('',#8615,#8527,#8638,.T.);
#8638 = SURFACE_CURVE('',#8639,(#8643,#8650),.PCURVE_S1.);
#8639 = LINE('',#8640,#8641);
#8640 = CARTESIAN_POINT('',(123.4,37.55,14.4));
#8641 = VECTOR('',#8642,1.);
#8642 = DIRECTION('',(1.,1.110223024625E-16,0.));
#8643 = PCURVE('',#3062,#8644);
#8644 = DEFINITIONAL_REPRESENTATION('',(#8645),#8649);
#8645 = LINE('',#8646,#8647);
#8646 = CARTESIAN_POINT('',(0.2,0.));
#8647 = VECTOR('',#8648,1.);
#8648 = DIRECTION('',(0.,-1.));
#8649 = ( GEOMETRIC_REPRESENTATION_CONTEXT(2) 
PARAMETRIC_REPRESENTATION_CONTEXT() REPRESENTATION_CONTEXT('2D SPACE',''
  ) );
#8650 = PCURVE('',#8547,#8651);
#8651 = DEFINITIONAL_REPRESENTATION('',(#8652),#8656);
#8652 = LINE('',#8653,#8654);
#8653 = CARTESIAN_POINT('',(-1.570796326795,0.));
#8654 = VECTOR('',#8655,1.);
#8655 = DIRECTION('',(-0.,1.));
#8656 = ( GEOMETRIC_REPRESENTATION_CONTEXT(2) 
PARAMETRIC_REPRESENTATION_CONTEXT() REPRESENTATION_CONTEXT('2D SPACE',''
  ) );
#8657 = ORIENTED_EDGE('',*,*,#8559,.T.);
#8658 = ORIENTED_EDGE('',*,*,#3046,.F.);
#8659 = ORIENTED_EDGE('',*,*,#8660,.F.);
#8660 = EDGE_CURVE('',#8585,#3019,#8661,.T.);
#8661 = SURFACE_CURVE('',#8662,(#8666,#8673),.PCURVE_S1.);
#8662 = LINE('',#8663,#8664);
#8663 = CARTESIAN_POINT('',(126.25,37.55,15.35));
#8664 = VECTOR('',#8665,1.);
#8665 = DIRECTION('',(0.,0.,-1.));
#8666 = PCURVE('',#3062,#8667);
#8667 = DEFINITIONAL_REPRESENTATION('',(#8668),#8672);
#8668 = LINE('',#8669,#8670);
#8669 = CARTESIAN_POINT('',(1.15,-2.85));
#8670 = VECTOR('',#8671,1.);
#8671 = DIRECTION('',(-1.,-0.));
#8672 = ( GEOMETRIC_REPRESENTATION_CONTEXT(2) 
PARAMETRIC_REPRESENTATION_CONTEXT() REPRESENTATION_CONTEXT('2D SPACE',''
  ) );
#8673 = PCURVE('',#3034,#8674);
#8674 = DEFINITIONAL_REPRESENTATION('',(#8675),#8679);
#8675 = LINE('',#8676,#8677);
#8676 = CARTESIAN_POINT('',(-1.15,32.5));
#8677 = VECTOR('',#8678,1.);
#8678 = DIRECTION('',(-1.,0.));
#8679 = ( GEOMETRIC_REPRESENTATION_CONTEXT(2) 
PARAMETRIC_REPRESENTATION_CONTEXT() REPRESENTATION_CONTEXT('2D SPACE',''
  ) );
#8680 = ADVANCED_FACE('',(#8681),#3034,.F.);
#8681 = FACE_BOUND('',#8682,.F.);
#8682 = EDGE_LOOP('',(#8683,#8684,#8685,#8708,#8731,#8759,#8782,#8855,
    #8878));
#8683 = ORIENTED_EDGE('',*,*,#8660,.T.);
#8684 = ORIENTED_EDGE('',*,*,#3018,.T.);
#8685 = ORIENTED_EDGE('',*,*,#8686,.T.);
#8686 = EDGE_CURVE('',#2990,#8687,#8689,.T.);
#8687 = VERTEX_POINT('',#8688);
#8688 = CARTESIAN_POINT('',(126.25,67.7,23.8));
#8689 = SURFACE_CURVE('',#8690,(#8694,#8701),.PCURVE_S1.);
#8690 = LINE('',#8691,#8692);
#8691 = CARTESIAN_POINT('',(126.25,67.7,16.5));
#8692 = VECTOR('',#8693,1.);
#8693 = DIRECTION('',(0.,0.,1.));
#8694 = PCURVE('',#3034,#8695);
#8695 = DEFINITIONAL_REPRESENTATION('',(#8696),#8700);
#8696 = LINE('',#8697,#8698);
#8697 = CARTESIAN_POINT('',(0.,2.35));
#8698 = VECTOR('',#8699,1.);
#8699 = DIRECTION('',(1.,0.));
#8700 = ( GEOMETRIC_REPRESENTATION_CONTEXT(2) 
PARAMETRIC_REPRESENTATION_CONTEXT() REPRESENTATION_CONTEXT('2D SPACE',''
  ) );
#8701 = PCURVE('',#3006,#8702);
#8702 = DEFINITIONAL_REPRESENTATION('',(#8703),#8707);
#8703 = LINE('',#8704,#8705);
#8704 = CARTESIAN_POINT('',(-1.570796326795,0.));
#8705 = VECTOR('',#8706,1.);
#8706 = DIRECTION('',(-0.,1.));
#8707 = ( GEOMETRIC_REPRESENTATION_CONTEXT(2) 
PARAMETRIC_REPRESENTATION_CONTEXT() REPRESENTATION_CONTEXT('2D SPACE',''
  ) );
#8708 = ORIENTED_EDGE('',*,*,#8709,.F.);
#8709 = EDGE_CURVE('',#8710,#8687,#8712,.T.);
#8710 = VERTEX_POINT('',#8711);
#8711 = CARTESIAN_POINT('',(126.25,42.35,23.8));
#8712 = SURFACE_CURVE('',#8713,(#8717,#8724),.PCURVE_S1.);
#8713 = LINE('',#8714,#8715);
#8714 = CARTESIAN_POINT('',(126.25,70.95,23.8));
#8715 = VECTOR('',#8716,1.);
#8716 = DIRECTION('',(-1.110223024625E-16,1.,0.));
#8717 = PCURVE('',#3034,#8718);
#8718 = DEFINITIONAL_REPRESENTATION('',(#8719),#8723);
#8719 = LINE('',#8720,#8721);
#8720 = CARTESIAN_POINT('',(7.3,-0.9));
#8721 = VECTOR('',#8722,1.);
#8722 = DIRECTION('',(0.,-1.));
#8723 = ( GEOMETRIC_REPRESENTATION_CONTEXT(2) 
PARAMETRIC_REPRESENTATION_CONTEXT() REPRESENTATION_CONTEXT('2D SPACE',''
  ) );
#8724 = PCURVE('',#4840,#8725);
#8725 = DEFINITIONAL_REPRESENTATION('',(#8726),#8730);
#8726 = LINE('',#8727,#8728);
#8727 = CARTESIAN_POINT('',(0.9,141.4));
#8728 = VECTOR('',#8729,1.);
#8729 = DIRECTION('',(-1.,0.));
#8730 = ( GEOMETRIC_REPRESENTATION_CONTEXT(2) 
PARAMETRIC_REPRESENTATION_CONTEXT() REPRESENTATION_CONTEXT('2D SPACE',''
  ) );
#8731 = ORIENTED_EDGE('',*,*,#8732,.T.);
#8732 = EDGE_CURVE('',#8710,#8733,#8735,.T.);
#8733 = VERTEX_POINT('',#8734);
#8734 = CARTESIAN_POINT('',(126.25,42.35,23.75));
#8735 = SURFACE_CURVE('',#8736,(#8740,#8747),.PCURVE_S1.);
#8736 = LINE('',#8737,#8738);
#8737 = CARTESIAN_POINT('',(126.25,42.35,20.125));
#8738 = VECTOR('',#8739,1.);
#8739 = DIRECTION('',(0.,0.,-1.));
#8740 = PCURVE('',#3034,#8741);
#8741 = DEFINITIONAL_REPRESENTATION('',(#8742),#8746);
#8742 = LINE('',#8743,#8744);
#8743 = CARTESIAN_POINT('',(3.625,27.7));
#8744 = VECTOR('',#8745,1.);
#8745 = DIRECTION('',(-1.,0.));
#8746 = ( GEOMETRIC_REPRESENTATION_CONTEXT(2) 
PARAMETRIC_REPRESENTATION_CONTEXT() REPRESENTATION_CONTEXT('2D SPACE',''
  ) );
#8747 = PCURVE('',#8748,#8753);
#8748 = PLANE('',#8749);
#8749 = AXIS2_PLACEMENT_3D('',#8750,#8751,#8752);
#8750 = CARTESIAN_POINT('',(118.6,42.35,23.75));
#8751 = DIRECTION('',(1.110223024625E-16,-1.,0.));
#8752 = DIRECTION('',(0.,0.,1.));
#8753 = DEFINITIONAL_REPRESENTATION('',(#8754),#8758);
#8754 = LINE('',#8755,#8756);
#8755 = CARTESIAN_POINT('',(-3.625,-7.65));
#8756 = VECTOR('',#8757,1.);
#8757 = DIRECTION('',(-1.,-0.));
#8758 = ( GEOMETRIC_REPRESENTATION_CONTEXT(2) 
PARAMETRIC_REPRESENTATION_CONTEXT() REPRESENTATION_CONTEXT('2D SPACE',''
  ) );
#8759 = ORIENTED_EDGE('',*,*,#8760,.T.);
#8760 = EDGE_CURVE('',#8733,#8761,#8763,.T.);
#8761 = VERTEX_POINT('',#8762);
#8762 = CARTESIAN_POINT('',(126.25,42.335714285714,23.75));
#8763 = SURFACE_CURVE('',#8764,(#8768,#8775),.PCURVE_S1.);
#8764 = LINE('',#8765,#8766);
#8765 = CARTESIAN_POINT('',(126.25,56.2,23.75));
#8766 = VECTOR('',#8767,1.);
#8767 = DIRECTION('',(1.110223024625E-16,-1.,0.));
#8768 = PCURVE('',#3034,#8769);
#8769 = DEFINITIONAL_REPRESENTATION('',(#8770),#8774);
#8770 = LINE('',#8771,#8772);
#8771 = CARTESIAN_POINT('',(7.25,13.85));
#8772 = VECTOR('',#8773,1.);
#8773 = DIRECTION('',(0.,1.));
#8774 = ( GEOMETRIC_REPRESENTATION_CONTEXT(2) 
PARAMETRIC_REPRESENTATION_CONTEXT() REPRESENTATION_CONTEXT('2D SPACE',''
  ) );
#8775 = PCURVE('',#8192,#8776);
#8776 = DEFINITIONAL_REPRESENTATION('',(#8777),#8781);
#8777 = LINE('',#8778,#8779);
#8778 = CARTESIAN_POINT('',(-13.85,7.65));
#8779 = VECTOR('',#8780,1.);
#8780 = DIRECTION('',(1.,0.));
#8781 = ( GEOMETRIC_REPRESENTATION_CONTEXT(2) 
PARAMETRIC_REPRESENTATION_CONTEXT() REPRESENTATION_CONTEXT('2D SPACE',''
  ) );
#8782 = ORIENTED_EDGE('',*,*,#8783,.F.);
#8783 = EDGE_CURVE('',#8784,#8761,#8786,.T.);
#8784 = VERTEX_POINT('',#8785);
#8785 = CARTESIAN_POINT('',(126.25,40.55,17.5));
#8786 = SURFACE_CURVE('',#8787,(#8806,#8828),.PCURVE_S1.);
#8787 = B_SPLINE_CURVE_WITH_KNOTS('',5,(#8788,#8789,#8790,#8791,#8792,
    #8793,#8794,#8795,#8796,#8797,#8798,#8799,#8800,#8801,#8802,#8803,
    #8804,#8805),.UNSPECIFIED.,.F.,.F.,(6,4,4,4,6),(0.,0.251413847037,
    0.500491954597,0.750352577225,1.),.UNSPECIFIED.);
#8788 = CARTESIAN_POINT('',(126.25,40.55,17.5));
#8789 = CARTESIAN_POINT('',(126.25,40.639573877064,17.813508569722));
#8790 = CARTESIAN_POINT('',(126.25,40.729193192971,18.127176175398));
#8791 = CARTESIAN_POINT('',(126.25,40.818850851343,18.440977979699));
#8792 = CARTESIAN_POINT('',(126.25,40.908541396573,18.754894888004));
#8793 = CARTESIAN_POINT('',(126.25,41.087146583573,19.380013042504));
#8794 = CARTESIAN_POINT('',(126.25,41.176060612799,19.691212144797));
#8795 = CARTESIAN_POINT('',(126.25,41.264998848521,20.002495969824));
#8796 = CARTESIAN_POINT('',(126.25,41.353958096975,20.313853339414));
#8797 = CARTESIAN_POINT('',(126.25,41.532193369912,20.937676794692));
#8798 = CARTESIAN_POINT('',(126.25,41.621469462401,21.250143118402));
#8799 = CARTESIAN_POINT('',(126.25,41.710761784648,21.562666246269));
#8800 = CARTESIAN_POINT('',(126.25,41.800068343198,21.875239201192));
#8801 = CARTESIAN_POINT('',(126.25,41.978630660783,22.500207312741));
#8802 = CARTESIAN_POINT('',(126.25,42.067886371539,22.812602300385));
#8803 = CARTESIAN_POINT('',(126.25,42.157153194401,23.125036180403));
#8804 = CARTESIAN_POINT('',(126.25,42.246429857862,23.437504502515));
#8805 = CARTESIAN_POINT('',(126.25,42.335715365714,23.75000378));
#8806 = PCURVE('',#3034,#8807);
#8807 = DEFINITIONAL_REPRESENTATION('',(#8808),#8827);
#8808 = B_SPLINE_CURVE_WITH_KNOTS('',5,(#8809,#8810,#8811,#8812,#8813,
    #8814,#8815,#8816,#8817,#8818,#8819,#8820,#8821,#8822,#8823,#8824,
    #8825,#8826),.UNSPECIFIED.,.F.,.F.,(6,4,4,4,6),(0.,0.251413847037,
    0.500491954597,0.750352577225,1.),.UNSPECIFIED.);
#8809 = CARTESIAN_POINT('',(1.,29.5));
#8810 = CARTESIAN_POINT('',(1.313508569722,29.410426122936));
#8811 = CARTESIAN_POINT('',(1.627176175398,29.320806807029));
#8812 = CARTESIAN_POINT('',(1.940977979699,29.231149148658));
#8813 = CARTESIAN_POINT('',(2.254894888004,29.141458603427));
#8814 = CARTESIAN_POINT('',(2.880013042504,28.962853416427));
#8815 = CARTESIAN_POINT('',(3.191212144797,28.873939387201));
#8816 = CARTESIAN_POINT('',(3.502495969824,28.785001151479));
#8817 = CARTESIAN_POINT('',(3.813853339414,28.696041903025));
#8818 = CARTESIAN_POINT('',(4.437676794692,28.517806630088));
#8819 = CARTESIAN_POINT('',(4.750143118402,28.428530537599));
#8820 = CARTESIAN_POINT('',(5.062666246269,28.339238215352));
#8821 = CARTESIAN_POINT('',(5.375239201192,28.249931656802));
#8822 = CARTESIAN_POINT('',(6.000207312741,28.071369339217));
#8823 = CARTESIAN_POINT('',(6.312602300385,27.982113628461));
#8824 = CARTESIAN_POINT('',(6.625036180403,27.892846805599));
#8825 = CARTESIAN_POINT('',(6.937504502515,27.803570142138));
#8826 = CARTESIAN_POINT('',(7.25000378,27.714284634286));
#8827 = ( GEOMETRIC_REPRESENTATION_CONTEXT(2) 
PARAMETRIC_REPRESENTATION_CONTEXT() REPRESENTATION_CONTEXT('2D SPACE',''
  ) );
#8828 = PCURVE('',#8829,#8834);
#8829 = B_SPLINE_SURFACE_WITH_KNOTS('',1,1,(
    (#8830,#8831)
    ,(#8832,#8833
    )),.UNSPECIFIED.,.F.,.F.,.F.,(2,2),(2,2),(0.,12.8),(0.,1.),
  .PIECEWISE_BEZIER_KNOTS.);
#8830 = CARTESIAN_POINT('',(129.6,40.55,17.5));
#8831 = CARTESIAN_POINT('',(131.4,42.35,23.8));
#8832 = CARTESIAN_POINT('',(120.4,40.55,17.5));
#8833 = CARTESIAN_POINT('',(118.6,42.35,23.8));
#8834 = DEFINITIONAL_REPRESENTATION('',(#8835),#8854);
#8835 = B_SPLINE_CURVE_WITH_KNOTS('',5,(#8836,#8837,#8838,#8839,#8840,
    #8841,#8842,#8843,#8844,#8845,#8846,#8847,#8848,#8849,#8850,#8851,
    #8852,#8853),.UNSPECIFIED.,.F.,.F.,(6,4,4,4,6),(0.,0.251413847037,
    0.500491954597,0.750352577225,1.),.UNSPECIFIED.);
#8836 = CARTESIAN_POINT('',(4.660869565217,0.));
#8837 = CARTESIAN_POINT('',(4.694734925166,4.976326503531E-02));
#8838 = CARTESIAN_POINT('',(4.726968870106,9.955177387274E-02));
#8839 = CARTESIAN_POINT('',(4.757725750229,0.149361584079));
#8840 = CARTESIAN_POINT('',(4.787131917528,0.199189664763));
#8841 = CARTESIAN_POINT('',(4.843198036722,0.298414768651));
#8842 = CARTESIAN_POINT('',(4.869881229714,0.347811451555));
#8843 = CARTESIAN_POINT('',(4.895449429368,0.397221582512));
#8844 = CARTESIAN_POINT('',(4.919992068859,0.446643387208));
#8845 = CARTESIAN_POINT('',(4.96724998531,0.545662983285));
#8846 = CARTESIAN_POINT('',(4.989959753812,0.595260812445));
#8847 = CARTESIAN_POINT('',(5.011789117718,0.644867658138));
#8848 = CARTESIAN_POINT('',(5.032803877215,0.694482412888));
#8849 = CARTESIAN_POINT('',(5.07329841665,0.793683700435));
#8850 = CARTESIAN_POINT('',(5.092779797765,0.84327020641));
#8851 = CARTESIAN_POINT('',(5.111559743821,0.892862885778));
#8852 = CARTESIAN_POINT('',(5.12968710925,0.942461032145));
#8853 = CARTESIAN_POINT('',(5.147203791301,0.992064092063));
#8854 = ( GEOMETRIC_REPRESENTATION_CONTEXT(2) 
PARAMETRIC_REPRESENTATION_CONTEXT() REPRESENTATION_CONTEXT('2D SPACE',''
  ) );
#8855 = ORIENTED_EDGE('',*,*,#8856,.F.);
#8856 = EDGE_CURVE('',#8857,#8784,#8859,.T.);
#8857 = VERTEX_POINT('',#8858);
#8858 = CARTESIAN_POINT('',(126.25,38.3,17.5));
#8859 = SURFACE_CURVE('',#8860,(#8864,#8871),.PCURVE_S1.);
#8860 = LINE('',#8861,#8862);
#8861 = CARTESIAN_POINT('',(126.25,55.3,17.5));
#8862 = VECTOR('',#8863,1.);
#8863 = DIRECTION('',(-1.110223024625E-16,1.,0.));
#8864 = PCURVE('',#3034,#8865);
#8865 = DEFINITIONAL_REPRESENTATION('',(#8866),#8870);
#8866 = LINE('',#8867,#8868);
#8867 = CARTESIAN_POINT('',(1.,14.75));
#8868 = VECTOR('',#8869,1.);
#8869 = DIRECTION('',(0.,-1.));
#8870 = ( GEOMETRIC_REPRESENTATION_CONTEXT(2) 
PARAMETRIC_REPRESENTATION_CONTEXT() REPRESENTATION_CONTEXT('2D SPACE',''
  ) );
#8871 = PCURVE('',#8091,#8872);
#8872 = DEFINITIONAL_REPRESENTATION('',(#8873),#8877);
#8873 = LINE('',#8874,#8875);
#8874 = CARTESIAN_POINT('',(-7.171642085845,-14.15459465306));
#8875 = VECTOR('',#8876,1.);
#8876 = DIRECTION('',(-0.74899656249,-0.662573882203));
#8877 = ( GEOMETRIC_REPRESENTATION_CONTEXT(2) 
PARAMETRIC_REPRESENTATION_CONTEXT() REPRESENTATION_CONTEXT('2D SPACE',''
  ) );
#8878 = ORIENTED_EDGE('',*,*,#8879,.F.);
#8879 = EDGE_CURVE('',#8585,#8857,#8880,.T.);
#8880 = SURFACE_CURVE('',#8881,(#8886,#8897),.PCURVE_S1.);
#8881 = CIRCLE('',#8882,0.75);
#8882 = AXIS2_PLACEMENT_3D('',#8883,#8884,#8885);
#8883 = CARTESIAN_POINT('',(126.25,38.3,16.75));
#8884 = DIRECTION('',(-1.,-1.110223024625E-16,0.));
#8885 = DIRECTION('',(0.,0.,1.));
#8886 = PCURVE('',#3034,#8887);
#8887 = DEFINITIONAL_REPRESENTATION('',(#8888),#8896);
#8888 = ( BOUNDED_CURVE() B_SPLINE_CURVE(2,(#8889,#8890,#8891,#8892,
#8893,#8894,#8895),.UNSPECIFIED.,.T.,.F.) B_SPLINE_CURVE_WITH_KNOTS((1,2
    ,2,2,2,1),(-2.094395102393,0.,2.094395102393,4.188790204786,
6.28318530718,8.377580409573),.UNSPECIFIED.) CURVE() 
GEOMETRIC_REPRESENTATION_ITEM() RATIONAL_B_SPLINE_CURVE((1.,0.5,1.,0.5,
1.,0.5,1.)) REPRESENTATION_ITEM('') );
#8889 = CARTESIAN_POINT('',(1.,31.75));
#8890 = CARTESIAN_POINT('',(1.,30.450961894323));
#8891 = CARTESIAN_POINT('',(-0.125,31.100480947162));
#8892 = CARTESIAN_POINT('',(-1.25,31.75));
#8893 = CARTESIAN_POINT('',(-0.125,32.399519052838));
#8894 = CARTESIAN_POINT('',(1.,33.049038105677));
#8895 = CARTESIAN_POINT('',(1.,31.75));
#8896 = ( GEOMETRIC_REPRESENTATION_CONTEXT(2) 
PARAMETRIC_REPRESENTATION_CONTEXT() REPRESENTATION_CONTEXT('2D SPACE',''
  ) );
#8897 = PCURVE('',#8602,#8898);
#8898 = DEFINITIONAL_REPRESENTATION('',(#8899),#8903);
#8899 = LINE('',#8900,#8901);
#8900 = CARTESIAN_POINT('',(-6.28318530718,0.35));
#8901 = VECTOR('',#8902,1.);
#8902 = DIRECTION('',(1.,-0.));
#8903 = ( GEOMETRIC_REPRESENTATION_CONTEXT(2) 
PARAMETRIC_REPRESENTATION_CONTEXT() REPRESENTATION_CONTEXT('2D SPACE',''
  ) );
#8904 = ADVANCED_FACE('',(#8905),#3006,.F.);
#8905 = FACE_BOUND('',#8906,.T.);
#8906 = EDGE_LOOP('',(#8907,#8930,#8931,#8932));
#8907 = ORIENTED_EDGE('',*,*,#8908,.F.);
#8908 = EDGE_CURVE('',#2962,#8909,#8911,.T.);
#8909 = VERTEX_POINT('',#8910);
#8910 = CARTESIAN_POINT('',(123.9,70.05,23.8));
#8911 = SURFACE_CURVE('',#8912,(#8916,#8923),.PCURVE_S1.);
#8912 = LINE('',#8913,#8914);
#8913 = CARTESIAN_POINT('',(123.9,70.05,16.5));
#8914 = VECTOR('',#8915,1.);
#8915 = DIRECTION('',(0.,0.,1.));
#8916 = PCURVE('',#3006,#8917);
#8917 = DEFINITIONAL_REPRESENTATION('',(#8918),#8922);
#8918 = LINE('',#8919,#8920);
#8919 = CARTESIAN_POINT('',(-0.,0.));
#8920 = VECTOR('',#8921,1.);
#8921 = DIRECTION('',(-0.,1.));
#8922 = ( GEOMETRIC_REPRESENTATION_CONTEXT(2) 
PARAMETRIC_REPRESENTATION_CONTEXT() REPRESENTATION_CONTEXT('2D SPACE',''
  ) );
#8923 = PCURVE('',#2977,#8924);
#8924 = DEFINITIONAL_REPRESENTATION('',(#8925),#8929);
#8925 = LINE('',#8926,#8927);
#8926 = CARTESIAN_POINT('',(0.,-137.25));
#8927 = VECTOR('',#8928,1.);
#8928 = DIRECTION('',(1.,0.));
#8929 = ( GEOMETRIC_REPRESENTATION_CONTEXT(2) 
PARAMETRIC_REPRESENTATION_CONTEXT() REPRESENTATION_CONTEXT('2D SPACE',''
  ) );
#8930 = ORIENTED_EDGE('',*,*,#2989,.F.);
#8931 = ORIENTED_EDGE('',*,*,#8686,.T.);
#8932 = ORIENTED_EDGE('',*,*,#8933,.T.);
#8933 = EDGE_CURVE('',#8687,#8909,#8934,.T.);
#8934 = SURFACE_CURVE('',#8935,(#8940,#8947),.PCURVE_S1.);
#8935 = CIRCLE('',#8936,2.35);
#8936 = AXIS2_PLACEMENT_3D('',#8937,#8938,#8939);
#8937 = CARTESIAN_POINT('',(123.9,67.7,23.8));
#8938 = DIRECTION('',(0.,0.,1.));
#8939 = DIRECTION('',(-1.110223024625E-16,1.,0.));
#8940 = PCURVE('',#3006,#8941);
#8941 = DEFINITIONAL_REPRESENTATION('',(#8942),#8946);
#8942 = LINE('',#8943,#8944);
#8943 = CARTESIAN_POINT('',(-6.28318530718,7.3));
#8944 = VECTOR('',#8945,1.);
#8945 = DIRECTION('',(1.,-0.));
#8946 = ( GEOMETRIC_REPRESENTATION_CONTEXT(2) 
PARAMETRIC_REPRESENTATION_CONTEXT() REPRESENTATION_CONTEXT('2D SPACE',''
  ) );
#8947 = PCURVE('',#4840,#8948);
#8948 = DEFINITIONAL_REPRESENTATION('',(#8949),#8953);
#8949 = CIRCLE('',#8950,2.35);
#8950 = AXIS2_PLACEMENT_2D('',#8951,#8952);
#8951 = CARTESIAN_POINT('',(4.15,139.05));
#8952 = DIRECTION('',(-1.,0.));
#8953 = ( GEOMETRIC_REPRESENTATION_CONTEXT(2) 
PARAMETRIC_REPRESENTATION_CONTEXT() REPRESENTATION_CONTEXT('2D SPACE',''
  ) );
#8954 = ADVANCED_FACE('',(#8955),#2977,.T.);
#8955 = FACE_BOUND('',#8956,.T.);
#8956 = EDGE_LOOP('',(#8957,#8980,#9001,#9002));
#8957 = ORIENTED_EDGE('',*,*,#8958,.F.);
#8958 = EDGE_CURVE('',#8959,#8909,#8961,.T.);
#8959 = VERTEX_POINT('',#8960);
#8960 = CARTESIAN_POINT('',(118.,70.05,23.8));
#8961 = SURFACE_CURVE('',#8962,(#8966,#8973),.PCURVE_S1.);
#8962 = LINE('',#8963,#8964);
#8963 = CARTESIAN_POINT('',(-14.25,70.05,23.8));
#8964 = VECTOR('',#8965,1.);
#8965 = DIRECTION('',(1.,1.110223024625E-16,0.));
#8966 = PCURVE('',#2977,#8967);
#8967 = DEFINITIONAL_REPRESENTATION('',(#8968),#8972);
#8968 = LINE('',#8969,#8970);
#8969 = CARTESIAN_POINT('',(7.3,0.9));
#8970 = VECTOR('',#8971,1.);
#8971 = DIRECTION('',(0.,-1.));
#8972 = ( GEOMETRIC_REPRESENTATION_CONTEXT(2) 
PARAMETRIC_REPRESENTATION_CONTEXT() REPRESENTATION_CONTEXT('2D SPACE',''
  ) );
#8973 = PCURVE('',#4840,#8974);
#8974 = DEFINITIONAL_REPRESENTATION('',(#8975),#8979);
#8975 = LINE('',#8976,#8977);
#8976 = CARTESIAN_POINT('',(1.8,0.9));
#8977 = VECTOR('',#8978,1.);
#8978 = DIRECTION('',(0.,1.));
#8979 = ( GEOMETRIC_REPRESENTATION_CONTEXT(2) 
PARAMETRIC_REPRESENTATION_CONTEXT() REPRESENTATION_CONTEXT('2D SPACE',''
  ) );
#8980 = ORIENTED_EDGE('',*,*,#8981,.F.);
#8981 = EDGE_CURVE('',#2934,#8959,#8982,.T.);
#8982 = SURFACE_CURVE('',#8983,(#8987,#8994),.PCURVE_S1.);
#8983 = LINE('',#8984,#8985);
#8984 = CARTESIAN_POINT('',(118.,70.05,16.4));
#8985 = VECTOR('',#8986,1.);
#8986 = DIRECTION('',(0.,0.,1.));
#8987 = PCURVE('',#2977,#8988);
#8988 = DEFINITIONAL_REPRESENTATION('',(#8989),#8993);
#8989 = LINE('',#8990,#8991);
#8990 = CARTESIAN_POINT('',(-0.1,-131.35));
#8991 = VECTOR('',#8992,1.);
#8992 = DIRECTION('',(1.,0.));
#8993 = ( GEOMETRIC_REPRESENTATION_CONTEXT(2) 
PARAMETRIC_REPRESENTATION_CONTEXT() REPRESENTATION_CONTEXT('2D SPACE',''
  ) );
#8994 = PCURVE('',#2949,#8995);
#8995 = DEFINITIONAL_REPRESENTATION('',(#8996),#9000);
#8996 = LINE('',#8997,#8998);
#8997 = CARTESIAN_POINT('',(1.E-01,0.85));
#8998 = VECTOR('',#8999,1.);
#8999 = DIRECTION('',(1.,0.));
#9000 = ( GEOMETRIC_REPRESENTATION_CONTEXT(2) 
PARAMETRIC_REPRESENTATION_CONTEXT() REPRESENTATION_CONTEXT('2D SPACE',''
  ) );
#9001 = ORIENTED_EDGE('',*,*,#2961,.T.);
#9002 = ORIENTED_EDGE('',*,*,#8908,.T.);
#9003 = ADVANCED_FACE('',(#9004),#2949,.T.);
#9004 = FACE_BOUND('',#9005,.T.);
#9005 = EDGE_LOOP('',(#9006,#9036,#9064,#9085,#9086,#9087));
#9006 = ORIENTED_EDGE('',*,*,#9007,.F.);
#9007 = EDGE_CURVE('',#9008,#9010,#9012,.T.);
#9008 = VERTEX_POINT('',#9009);
#9009 = CARTESIAN_POINT('',(118.,68.1,16.3));
#9010 = VERTEX_POINT('',#9011);
#9011 = CARTESIAN_POINT('',(118.,68.1,23.8));
#9012 = SURFACE_CURVE('',#9013,(#9017,#9024),.PCURVE_S1.);
#9013 = LINE('',#9014,#9015);
#9014 = CARTESIAN_POINT('',(118.,68.1,16.3));
#9015 = VECTOR('',#9016,1.);
#9016 = DIRECTION('',(0.,0.,1.));
#9017 = PCURVE('',#2949,#9018);
#9018 = DEFINITIONAL_REPRESENTATION('',(#9019),#9023);
#9019 = LINE('',#9020,#9021);
#9020 = CARTESIAN_POINT('',(0.,2.8));
#9021 = VECTOR('',#9022,1.);
#9022 = DIRECTION('',(1.,0.));
#9023 = ( GEOMETRIC_REPRESENTATION_CONTEXT(2) 
PARAMETRIC_REPRESENTATION_CONTEXT() REPRESENTATION_CONTEXT('2D SPACE',''
  ) );
#9024 = PCURVE('',#9025,#9030);
#9025 = PLANE('',#9026);
#9026 = AXIS2_PLACEMENT_3D('',#9027,#9028,#9029);
#9027 = CARTESIAN_POINT('',(111.,68.1,16.3));
#9028 = DIRECTION('',(1.110223024625E-16,-1.,0.));
#9029 = DIRECTION('',(0.,0.,1.));
#9030 = DEFINITIONAL_REPRESENTATION('',(#9031),#9035);
#9031 = LINE('',#9032,#9033);
#9032 = CARTESIAN_POINT('',(0.,-7.));
#9033 = VECTOR('',#9034,1.);
#9034 = DIRECTION('',(1.,0.));
#9035 = ( GEOMETRIC_REPRESENTATION_CONTEXT(2) 
PARAMETRIC_REPRESENTATION_CONTEXT() REPRESENTATION_CONTEXT('2D SPACE',''
  ) );
#9036 = ORIENTED_EDGE('',*,*,#9037,.F.);
#9037 = EDGE_CURVE('',#9038,#9008,#9040,.T.);
#9038 = VERTEX_POINT('',#9039);
#9039 = CARTESIAN_POINT('',(118.,70.9,16.3));
#9040 = SURFACE_CURVE('',#9041,(#9045,#9052),.PCURVE_S1.);
#9041 = LINE('',#9042,#9043);
#9042 = CARTESIAN_POINT('',(118.,70.9,16.3));
#9043 = VECTOR('',#9044,1.);
#9044 = DIRECTION('',(1.110223024625E-16,-1.,0.));
#9045 = PCURVE('',#2949,#9046);
#9046 = DEFINITIONAL_REPRESENTATION('',(#9047),#9051);
#9047 = LINE('',#9048,#9049);
#9048 = CARTESIAN_POINT('',(0.,0.));
#9049 = VECTOR('',#9050,1.);
#9050 = DIRECTION('',(0.,1.));
#9051 = ( GEOMETRIC_REPRESENTATION_CONTEXT(2) 
PARAMETRIC_REPRESENTATION_CONTEXT() REPRESENTATION_CONTEXT('2D SPACE',''
  ) );
#9052 = PCURVE('',#9053,#9058);
#9053 = PLANE('',#9054);
#9054 = AXIS2_PLACEMENT_3D('',#9055,#9056,#9057);
#9055 = CARTESIAN_POINT('',(111.,70.9,16.3));
#9056 = DIRECTION('',(0.,0.,1.));
#9057 = DIRECTION('',(1.110223024625E-16,-1.,0.));
#9058 = DEFINITIONAL_REPRESENTATION('',(#9059),#9063);
#9059 = LINE('',#9060,#9061);
#9060 = CARTESIAN_POINT('',(7.771561172376E-16,7.));
#9061 = VECTOR('',#9062,1.);
#9062 = DIRECTION('',(1.,0.));
#9063 = ( GEOMETRIC_REPRESENTATION_CONTEXT(2) 
PARAMETRIC_REPRESENTATION_CONTEXT() REPRESENTATION_CONTEXT('2D SPACE',''
  ) );
#9064 = ORIENTED_EDGE('',*,*,#9065,.T.);
#9065 = EDGE_CURVE('',#9038,#2906,#9066,.T.);
#9066 = SURFACE_CURVE('',#9067,(#9071,#9078),.PCURVE_S1.);
#9067 = LINE('',#9068,#9069);
#9068 = CARTESIAN_POINT('',(118.,70.9,16.3));
#9069 = VECTOR('',#9070,1.);
#9070 = DIRECTION('',(0.,0.,1.));
#9071 = PCURVE('',#2949,#9072);
#9072 = DEFINITIONAL_REPRESENTATION('',(#9073),#9077);
#9073 = LINE('',#9074,#9075);
#9074 = CARTESIAN_POINT('',(0.,0.));
#9075 = VECTOR('',#9076,1.);
#9076 = DIRECTION('',(1.,0.));
#9077 = ( GEOMETRIC_REPRESENTATION_CONTEXT(2) 
PARAMETRIC_REPRESENTATION_CONTEXT() REPRESENTATION_CONTEXT('2D SPACE',''
  ) );
#9078 = PCURVE('',#2921,#9079);
#9079 = DEFINITIONAL_REPRESENTATION('',(#9080),#9084);
#9080 = LINE('',#9081,#9082);
#9081 = CARTESIAN_POINT('',(0.,-7.));
#9082 = VECTOR('',#9083,1.);
#9083 = DIRECTION('',(1.,0.));
#9084 = ( GEOMETRIC_REPRESENTATION_CONTEXT(2) 
PARAMETRIC_REPRESENTATION_CONTEXT() REPRESENTATION_CONTEXT('2D SPACE',''
  ) );
#9085 = ORIENTED_EDGE('',*,*,#2933,.F.);
#9086 = ORIENTED_EDGE('',*,*,#8981,.T.);
#9087 = ORIENTED_EDGE('',*,*,#9088,.F.);
#9088 = EDGE_CURVE('',#9010,#8959,#9089,.T.);
#9089 = SURFACE_CURVE('',#9090,(#9094,#9101),.PCURVE_S1.);
#9090 = LINE('',#9091,#9092);
#9091 = CARTESIAN_POINT('',(118.,71.375,23.8));
#9092 = VECTOR('',#9093,1.);
#9093 = DIRECTION('',(-1.110223024625E-16,1.,0.));
#9094 = PCURVE('',#2949,#9095);
#9095 = DEFINITIONAL_REPRESENTATION('',(#9096),#9100);
#9096 = LINE('',#9097,#9098);
#9097 = CARTESIAN_POINT('',(7.5,-0.475));
#9098 = VECTOR('',#9099,1.);
#9099 = DIRECTION('',(0.,-1.));
#9100 = ( GEOMETRIC_REPRESENTATION_CONTEXT(2) 
PARAMETRIC_REPRESENTATION_CONTEXT() REPRESENTATION_CONTEXT('2D SPACE',''
  ) );
#9101 = PCURVE('',#4840,#9102);
#9102 = DEFINITIONAL_REPRESENTATION('',(#9103),#9107);
#9103 = LINE('',#9104,#9105);
#9104 = CARTESIAN_POINT('',(0.475,133.15));
#9105 = VECTOR('',#9106,1.);
#9106 = DIRECTION('',(-1.,0.));
#9107 = ( GEOMETRIC_REPRESENTATION_CONTEXT(2) 
PARAMETRIC_REPRESENTATION_CONTEXT() REPRESENTATION_CONTEXT('2D SPACE',''
  ) );
#9108 = ADVANCED_FACE('',(#9109),#2921,.F.);
#9109 = FACE_BOUND('',#9110,.F.);
#9110 = EDGE_LOOP('',(#9111,#9134,#9155,#9156));
#9111 = ORIENTED_EDGE('',*,*,#9112,.F.);
#9112 = EDGE_CURVE('',#9113,#2878,#9115,.T.);
#9113 = VERTEX_POINT('',#9114);
#9114 = CARTESIAN_POINT('',(111.,70.9,16.3));
#9115 = SURFACE_CURVE('',#9116,(#9120,#9127),.PCURVE_S1.);
#9116 = LINE('',#9117,#9118);
#9117 = CARTESIAN_POINT('',(111.,70.9,16.3));
#9118 = VECTOR('',#9119,1.);
#9119 = DIRECTION('',(0.,0.,1.));
#9120 = PCURVE('',#2921,#9121);
#9121 = DEFINITIONAL_REPRESENTATION('',(#9122),#9126);
#9122 = LINE('',#9123,#9124);
#9123 = CARTESIAN_POINT('',(0.,0.));
#9124 = VECTOR('',#9125,1.);
#9125 = DIRECTION('',(1.,0.));
#9126 = ( GEOMETRIC_REPRESENTATION_CONTEXT(2) 
PARAMETRIC_REPRESENTATION_CONTEXT() REPRESENTATION_CONTEXT('2D SPACE',''
  ) );
#9127 = PCURVE('',#2893,#9128);
#9128 = DEFINITIONAL_REPRESENTATION('',(#9129),#9133);
#9129 = LINE('',#9130,#9131);
#9130 = CARTESIAN_POINT('',(0.,0.));
#9131 = VECTOR('',#9132,1.);
#9132 = DIRECTION('',(1.,0.));
#9133 = ( GEOMETRIC_REPRESENTATION_CONTEXT(2) 
PARAMETRIC_REPRESENTATION_CONTEXT() REPRESENTATION_CONTEXT('2D SPACE',''
  ) );
#9134 = ORIENTED_EDGE('',*,*,#9135,.T.);
#9135 = EDGE_CURVE('',#9113,#9038,#9136,.T.);
#9136 = SURFACE_CURVE('',#9137,(#9141,#9148),.PCURVE_S1.);
#9137 = LINE('',#9138,#9139);
#9138 = CARTESIAN_POINT('',(111.,70.9,16.3));
#9139 = VECTOR('',#9140,1.);
#9140 = DIRECTION('',(1.,1.110223024625E-16,0.));
#9141 = PCURVE('',#2921,#9142);
#9142 = DEFINITIONAL_REPRESENTATION('',(#9143),#9147);
#9143 = LINE('',#9144,#9145);
#9144 = CARTESIAN_POINT('',(0.,0.));
#9145 = VECTOR('',#9146,1.);
#9146 = DIRECTION('',(0.,-1.));
#9147 = ( GEOMETRIC_REPRESENTATION_CONTEXT(2) 
PARAMETRIC_REPRESENTATION_CONTEXT() REPRESENTATION_CONTEXT('2D SPACE',''
  ) );
#9148 = PCURVE('',#9053,#9149);
#9149 = DEFINITIONAL_REPRESENTATION('',(#9150),#9154);
#9150 = LINE('',#9151,#9152);
#9151 = CARTESIAN_POINT('',(0.,0.));
#9152 = VECTOR('',#9153,1.);
#9153 = DIRECTION('',(0.,1.));
#9154 = ( GEOMETRIC_REPRESENTATION_CONTEXT(2) 
PARAMETRIC_REPRESENTATION_CONTEXT() REPRESENTATION_CONTEXT('2D SPACE',''
  ) );
#9155 = ORIENTED_EDGE('',*,*,#9065,.T.);
#9156 = ORIENTED_EDGE('',*,*,#2905,.F.);
#9157 = ADVANCED_FACE('',(#9158),#2893,.F.);
#9158 = FACE_BOUND('',#9159,.F.);
#9159 = EDGE_LOOP('',(#9160,#9185,#9206,#9207,#9208,#9231));
#9160 = ORIENTED_EDGE('',*,*,#9161,.F.);
#9161 = EDGE_CURVE('',#9162,#9164,#9166,.T.);
#9162 = VERTEX_POINT('',#9163);
#9163 = CARTESIAN_POINT('',(111.,68.1,16.3));
#9164 = VERTEX_POINT('',#9165);
#9165 = CARTESIAN_POINT('',(111.,68.1,23.8));
#9166 = SURFACE_CURVE('',#9167,(#9171,#9178),.PCURVE_S1.);
#9167 = LINE('',#9168,#9169);
#9168 = CARTESIAN_POINT('',(111.,68.1,16.3));
#9169 = VECTOR('',#9170,1.);
#9170 = DIRECTION('',(0.,0.,1.));
#9171 = PCURVE('',#2893,#9172);
#9172 = DEFINITIONAL_REPRESENTATION('',(#9173),#9177);
#9173 = LINE('',#9174,#9175);
#9174 = CARTESIAN_POINT('',(0.,2.8));
#9175 = VECTOR('',#9176,1.);
#9176 = DIRECTION('',(1.,0.));
#9177 = ( GEOMETRIC_REPRESENTATION_CONTEXT(2) 
PARAMETRIC_REPRESENTATION_CONTEXT() REPRESENTATION_CONTEXT('2D SPACE',''
  ) );
#9178 = PCURVE('',#9025,#9179);
#9179 = DEFINITIONAL_REPRESENTATION('',(#9180),#9184);
#9180 = LINE('',#9181,#9182);
#9181 = CARTESIAN_POINT('',(0.,0.));
#9182 = VECTOR('',#9183,1.);
#9183 = DIRECTION('',(1.,0.));
#9184 = ( GEOMETRIC_REPRESENTATION_CONTEXT(2) 
PARAMETRIC_REPRESENTATION_CONTEXT() REPRESENTATION_CONTEXT('2D SPACE',''
  ) );
#9185 = ORIENTED_EDGE('',*,*,#9186,.F.);
#9186 = EDGE_CURVE('',#9113,#9162,#9187,.T.);
#9187 = SURFACE_CURVE('',#9188,(#9192,#9199),.PCURVE_S1.);
#9188 = LINE('',#9189,#9190);
#9189 = CARTESIAN_POINT('',(111.,70.9,16.3));
#9190 = VECTOR('',#9191,1.);
#9191 = DIRECTION('',(1.110223024625E-16,-1.,0.));
#9192 = PCURVE('',#2893,#9193);
#9193 = DEFINITIONAL_REPRESENTATION('',(#9194),#9198);
#9194 = LINE('',#9195,#9196);
#9195 = CARTESIAN_POINT('',(0.,0.));
#9196 = VECTOR('',#9197,1.);
#9197 = DIRECTION('',(0.,1.));
#9198 = ( GEOMETRIC_REPRESENTATION_CONTEXT(2) 
PARAMETRIC_REPRESENTATION_CONTEXT() REPRESENTATION_CONTEXT('2D SPACE',''
  ) );
#9199 = PCURVE('',#9053,#9200);
#9200 = DEFINITIONAL_REPRESENTATION('',(#9201),#9205);
#9201 = LINE('',#9202,#9203);
#9202 = CARTESIAN_POINT('',(0.,0.));
#9203 = VECTOR('',#9204,1.);
#9204 = DIRECTION('',(1.,0.));
#9205 = ( GEOMETRIC_REPRESENTATION_CONTEXT(2) 
PARAMETRIC_REPRESENTATION_CONTEXT() REPRESENTATION_CONTEXT('2D SPACE',''
  ) );
#9206 = ORIENTED_EDGE('',*,*,#9112,.T.);
#9207 = ORIENTED_EDGE('',*,*,#2877,.F.);
#9208 = ORIENTED_EDGE('',*,*,#9209,.T.);
#9209 = EDGE_CURVE('',#2850,#9210,#9212,.T.);
#9210 = VERTEX_POINT('',#9211);
#9211 = CARTESIAN_POINT('',(111.,70.05,23.8));
#9212 = SURFACE_CURVE('',#9213,(#9217,#9224),.PCURVE_S1.);
#9213 = LINE('',#9214,#9215);
#9214 = CARTESIAN_POINT('',(111.,70.05,16.4));
#9215 = VECTOR('',#9216,1.);
#9216 = DIRECTION('',(0.,0.,1.));
#9217 = PCURVE('',#2893,#9218);
#9218 = DEFINITIONAL_REPRESENTATION('',(#9219),#9223);
#9219 = LINE('',#9220,#9221);
#9220 = CARTESIAN_POINT('',(1.E-01,0.85));
#9221 = VECTOR('',#9222,1.);
#9222 = DIRECTION('',(1.,0.));
#9223 = ( GEOMETRIC_REPRESENTATION_CONTEXT(2) 
PARAMETRIC_REPRESENTATION_CONTEXT() REPRESENTATION_CONTEXT('2D SPACE',''
  ) );
#9224 = PCURVE('',#2865,#9225);
#9225 = DEFINITIONAL_REPRESENTATION('',(#9226),#9230);
#9226 = LINE('',#9227,#9228);
#9227 = CARTESIAN_POINT('',(-0.1,-124.35));
#9228 = VECTOR('',#9229,1.);
#9229 = DIRECTION('',(1.,0.));
#9230 = ( GEOMETRIC_REPRESENTATION_CONTEXT(2) 
PARAMETRIC_REPRESENTATION_CONTEXT() REPRESENTATION_CONTEXT('2D SPACE',''
  ) );
#9231 = ORIENTED_EDGE('',*,*,#9232,.F.);
#9232 = EDGE_CURVE('',#9164,#9210,#9233,.T.);
#9233 = SURFACE_CURVE('',#9234,(#9238,#9245),.PCURVE_S1.);
#9234 = LINE('',#9235,#9236);
#9235 = CARTESIAN_POINT('',(111.,71.375,23.8));
#9236 = VECTOR('',#9237,1.);
#9237 = DIRECTION('',(-1.110223024625E-16,1.,0.));
#9238 = PCURVE('',#2893,#9239);
#9239 = DEFINITIONAL_REPRESENTATION('',(#9240),#9244);
#9240 = LINE('',#9241,#9242);
#9241 = CARTESIAN_POINT('',(7.5,-0.475));
#9242 = VECTOR('',#9243,1.);
#9243 = DIRECTION('',(0.,-1.));
#9244 = ( GEOMETRIC_REPRESENTATION_CONTEXT(2) 
PARAMETRIC_REPRESENTATION_CONTEXT() REPRESENTATION_CONTEXT('2D SPACE',''
  ) );
#9245 = PCURVE('',#4840,#9246);
#9246 = DEFINITIONAL_REPRESENTATION('',(#9247),#9251);
#9247 = LINE('',#9248,#9249);
#9248 = CARTESIAN_POINT('',(0.475,126.15));
#9249 = VECTOR('',#9250,1.);
#9250 = DIRECTION('',(-1.,0.));
#9251 = ( GEOMETRIC_REPRESENTATION_CONTEXT(2) 
PARAMETRIC_REPRESENTATION_CONTEXT() REPRESENTATION_CONTEXT('2D SPACE',''
  ) );
#9252 = ADVANCED_FACE('',(#9253,#9301,#9307,#9313,#9319),#2865,.T.);
#9253 = FACE_BOUND('',#9254,.T.);
#9254 = EDGE_LOOP('',(#9255,#9278,#9299,#9300));
#9255 = ORIENTED_EDGE('',*,*,#9256,.F.);
#9256 = EDGE_CURVE('',#9257,#9210,#9259,.T.);
#9257 = VERTEX_POINT('',#9258);
#9258 = CARTESIAN_POINT('',(67.,70.05,23.8));
#9259 = SURFACE_CURVE('',#9260,(#9264,#9271),.PCURVE_S1.);
#9260 = LINE('',#9261,#9262);
#9261 = CARTESIAN_POINT('',(-14.25,70.05,23.8));
#9262 = VECTOR('',#9263,1.);
#9263 = DIRECTION('',(1.,1.110223024625E-16,0.));
#9264 = PCURVE('',#2865,#9265);
#9265 = DEFINITIONAL_REPRESENTATION('',(#9266),#9270);
#9266 = LINE('',#9267,#9268);
#9267 = CARTESIAN_POINT('',(7.3,0.9));
#9268 = VECTOR('',#9269,1.);
#9269 = DIRECTION('',(0.,-1.));
#9270 = ( GEOMETRIC_REPRESENTATION_CONTEXT(2) 
PARAMETRIC_REPRESENTATION_CONTEXT() REPRESENTATION_CONTEXT('2D SPACE',''
  ) );
#9271 = PCURVE('',#4840,#9272);
#9272 = DEFINITIONAL_REPRESENTATION('',(#9273),#9277);
#9273 = LINE('',#9274,#9275);
#9274 = CARTESIAN_POINT('',(1.8,0.9));
#9275 = VECTOR('',#9276,1.);
#9276 = DIRECTION('',(0.,1.));
#9277 = ( GEOMETRIC_REPRESENTATION_CONTEXT(2) 
PARAMETRIC_REPRESENTATION_CONTEXT() REPRESENTATION_CONTEXT('2D SPACE',''
  ) );
#9278 = ORIENTED_EDGE('',*,*,#9279,.F.);
#9279 = EDGE_CURVE('',#2822,#9257,#9280,.T.);
#9280 = SURFACE_CURVE('',#9281,(#9285,#9292),.PCURVE_S1.);
#9281 = LINE('',#9282,#9283);
#9282 = CARTESIAN_POINT('',(67.,70.05,16.4));
#9283 = VECTOR('',#9284,1.);
#9284 = DIRECTION('',(0.,0.,1.));
#9285 = PCURVE('',#2865,#9286);
#9286 = DEFINITIONAL_REPRESENTATION('',(#9287),#9291);
#9287 = LINE('',#9288,#9289);
#9288 = CARTESIAN_POINT('',(-0.1,-80.35));
#9289 = VECTOR('',#9290,1.);
#9290 = DIRECTION('',(1.,0.));
#9291 = ( GEOMETRIC_REPRESENTATION_CONTEXT(2) 
PARAMETRIC_REPRESENTATION_CONTEXT() REPRESENTATION_CONTEXT('2D SPACE',''
  ) );
#9292 = PCURVE('',#2837,#9293);
#9293 = DEFINITIONAL_REPRESENTATION('',(#9294),#9298);
#9294 = LINE('',#9295,#9296);
#9295 = CARTESIAN_POINT('',(1.E-01,0.85));
#9296 = VECTOR('',#9297,1.);
#9297 = DIRECTION('',(1.,0.));
#9298 = ( GEOMETRIC_REPRESENTATION_CONTEXT(2) 
PARAMETRIC_REPRESENTATION_CONTEXT() REPRESENTATION_CONTEXT('2D SPACE',''
  ) );
#9299 = ORIENTED_EDGE('',*,*,#2849,.T.);
#9300 = ORIENTED_EDGE('',*,*,#9209,.T.);
#9301 = FACE_BOUND('',#9302,.T.);
#9302 = EDGE_LOOP('',(#9303,#9304,#9305,#9306));
#9303 = ORIENTED_EDGE('',*,*,#3547,.T.);
#9304 = ORIENTED_EDGE('',*,*,#3645,.T.);
#9305 = ORIENTED_EDGE('',*,*,#3672,.F.);
#9306 = ORIENTED_EDGE('',*,*,#3596,.F.);
#9307 = FACE_BOUND('',#9308,.T.);
#9308 = EDGE_LOOP('',(#9309,#9310,#9311,#9312));
#9309 = ORIENTED_EDGE('',*,*,#3743,.T.);
#9310 = ORIENTED_EDGE('',*,*,#3841,.T.);
#9311 = ORIENTED_EDGE('',*,*,#3868,.F.);
#9312 = ORIENTED_EDGE('',*,*,#3792,.F.);
#9313 = FACE_BOUND('',#9314,.T.);
#9314 = EDGE_LOOP('',(#9315,#9316,#9317,#9318));
#9315 = ORIENTED_EDGE('',*,*,#3939,.T.);
#9316 = ORIENTED_EDGE('',*,*,#4037,.T.);
#9317 = ORIENTED_EDGE('',*,*,#4064,.F.);
#9318 = ORIENTED_EDGE('',*,*,#3988,.F.);
#9319 = FACE_BOUND('',#9320,.T.);
#9320 = EDGE_LOOP('',(#9321,#9322,#9323,#9324));
#9321 = ORIENTED_EDGE('',*,*,#4135,.T.);
#9322 = ORIENTED_EDGE('',*,*,#4233,.T.);
#9323 = ORIENTED_EDGE('',*,*,#4260,.F.);
#9324 = ORIENTED_EDGE('',*,*,#4184,.F.);
#9325 = ADVANCED_FACE('',(#9326),#2837,.T.);
#9326 = FACE_BOUND('',#9327,.T.);
#9327 = EDGE_LOOP('',(#9328,#9358,#9386,#9407,#9408,#9409));
#9328 = ORIENTED_EDGE('',*,*,#9329,.F.);
#9329 = EDGE_CURVE('',#9330,#9332,#9334,.T.);
#9330 = VERTEX_POINT('',#9331);
#9331 = CARTESIAN_POINT('',(67.,68.1,16.3));
#9332 = VERTEX_POINT('',#9333);
#9333 = CARTESIAN_POINT('',(67.,68.1,23.8));
#9334 = SURFACE_CURVE('',#9335,(#9339,#9346),.PCURVE_S1.);
#9335 = LINE('',#9336,#9337);
#9336 = CARTESIAN_POINT('',(67.,68.1,16.3));
#9337 = VECTOR('',#9338,1.);
#9338 = DIRECTION('',(0.,0.,1.));
#9339 = PCURVE('',#2837,#9340);
#9340 = DEFINITIONAL_REPRESENTATION('',(#9341),#9345);
#9341 = LINE('',#9342,#9343);
#9342 = CARTESIAN_POINT('',(0.,2.8));
#9343 = VECTOR('',#9344,1.);
#9344 = DIRECTION('',(1.,0.));
#9345 = ( GEOMETRIC_REPRESENTATION_CONTEXT(2) 
PARAMETRIC_REPRESENTATION_CONTEXT() REPRESENTATION_CONTEXT('2D SPACE',''
  ) );
#9346 = PCURVE('',#9347,#9352);
#9347 = PLANE('',#9348);
#9348 = AXIS2_PLACEMENT_3D('',#9349,#9350,#9351);
#9349 = CARTESIAN_POINT('',(60.,68.1,16.3));
#9350 = DIRECTION('',(1.110223024625E-16,-1.,0.));
#9351 = DIRECTION('',(0.,0.,1.));
#9352 = DEFINITIONAL_REPRESENTATION('',(#9353),#9357);
#9353 = LINE('',#9354,#9355);
#9354 = CARTESIAN_POINT('',(0.,-7.));
#9355 = VECTOR('',#9356,1.);
#9356 = DIRECTION('',(1.,0.));
#9357 = ( GEOMETRIC_REPRESENTATION_CONTEXT(2) 
PARAMETRIC_REPRESENTATION_CONTEXT() REPRESENTATION_CONTEXT('2D SPACE',''
  ) );
#9358 = ORIENTED_EDGE('',*,*,#9359,.F.);
#9359 = EDGE_CURVE('',#9360,#9330,#9362,.T.);
#9360 = VERTEX_POINT('',#9361);
#9361 = CARTESIAN_POINT('',(67.,70.9,16.3));
#9362 = SURFACE_CURVE('',#9363,(#9367,#9374),.PCURVE_S1.);
#9363 = LINE('',#9364,#9365);
#9364 = CARTESIAN_POINT('',(67.,70.9,16.3));
#9365 = VECTOR('',#9366,1.);
#9366 = DIRECTION('',(1.110223024625E-16,-1.,0.));
#9367 = PCURVE('',#2837,#9368);
#9368 = DEFINITIONAL_REPRESENTATION('',(#9369),#9373);
#9369 = LINE('',#9370,#9371);
#9370 = CARTESIAN_POINT('',(0.,0.));
#9371 = VECTOR('',#9372,1.);
#9372 = DIRECTION('',(0.,1.));
#9373 = ( GEOMETRIC_REPRESENTATION_CONTEXT(2) 
PARAMETRIC_REPRESENTATION_CONTEXT() REPRESENTATION_CONTEXT('2D SPACE',''
  ) );
#9374 = PCURVE('',#9375,#9380);
#9375 = PLANE('',#9376);
#9376 = AXIS2_PLACEMENT_3D('',#9377,#9378,#9379);
#9377 = CARTESIAN_POINT('',(60.,70.9,16.3));
#9378 = DIRECTION('',(0.,0.,1.));
#9379 = DIRECTION('',(1.110223024625E-16,-1.,0.));
#9380 = DEFINITIONAL_REPRESENTATION('',(#9381),#9385);
#9381 = LINE('',#9382,#9383);
#9382 = CARTESIAN_POINT('',(-1.343369859796E-14,7.));
#9383 = VECTOR('',#9384,1.);
#9384 = DIRECTION('',(1.,0.));
#9385 = ( GEOMETRIC_REPRESENTATION_CONTEXT(2) 
PARAMETRIC_REPRESENTATION_CONTEXT() REPRESENTATION_CONTEXT('2D SPACE',''
  ) );
#9386 = ORIENTED_EDGE('',*,*,#9387,.T.);
#9387 = EDGE_CURVE('',#9360,#2794,#9388,.T.);
#9388 = SURFACE_CURVE('',#9389,(#9393,#9400),.PCURVE_S1.);
#9389 = LINE('',#9390,#9391);
#9390 = CARTESIAN_POINT('',(67.,70.9,16.3));
#9391 = VECTOR('',#9392,1.);
#9392 = DIRECTION('',(0.,0.,1.));
#9393 = PCURVE('',#2837,#9394);
#9394 = DEFINITIONAL_REPRESENTATION('',(#9395),#9399);
#9395 = LINE('',#9396,#9397);
#9396 = CARTESIAN_POINT('',(0.,0.));
#9397 = VECTOR('',#9398,1.);
#9398 = DIRECTION('',(1.,0.));
#9399 = ( GEOMETRIC_REPRESENTATION_CONTEXT(2) 
PARAMETRIC_REPRESENTATION_CONTEXT() REPRESENTATION_CONTEXT('2D SPACE',''
  ) );
#9400 = PCURVE('',#2809,#9401);
#9401 = DEFINITIONAL_REPRESENTATION('',(#9402),#9406);
#9402 = LINE('',#9403,#9404);
#9403 = CARTESIAN_POINT('',(0.,-7.));
#9404 = VECTOR('',#9405,1.);
#9405 = DIRECTION('',(1.,0.));
#9406 = ( GEOMETRIC_REPRESENTATION_CONTEXT(2) 
PARAMETRIC_REPRESENTATION_CONTEXT() REPRESENTATION_CONTEXT('2D SPACE',''
  ) );
#9407 = ORIENTED_EDGE('',*,*,#2821,.F.);
#9408 = ORIENTED_EDGE('',*,*,#9279,.T.);
#9409 = ORIENTED_EDGE('',*,*,#9410,.F.);
#9410 = EDGE_CURVE('',#9332,#9257,#9411,.T.);
#9411 = SURFACE_CURVE('',#9412,(#9416,#9423),.PCURVE_S1.);
#9412 = LINE('',#9413,#9414);
#9413 = CARTESIAN_POINT('',(67.,71.375,23.8));
#9414 = VECTOR('',#9415,1.);
#9415 = DIRECTION('',(-1.110223024625E-16,1.,0.));
#9416 = PCURVE('',#2837,#9417);
#9417 = DEFINITIONAL_REPRESENTATION('',(#9418),#9422);
#9418 = LINE('',#9419,#9420);
#9419 = CARTESIAN_POINT('',(7.5,-0.475));
#9420 = VECTOR('',#9421,1.);
#9421 = DIRECTION('',(0.,-1.));
#9422 = ( GEOMETRIC_REPRESENTATION_CONTEXT(2) 
PARAMETRIC_REPRESENTATION_CONTEXT() REPRESENTATION_CONTEXT('2D SPACE',''
  ) );
#9423 = PCURVE('',#4840,#9424);
#9424 = DEFINITIONAL_REPRESENTATION('',(#9425),#9429);
#9425 = LINE('',#9426,#9427);
#9426 = CARTESIAN_POINT('',(0.475,82.15));
#9427 = VECTOR('',#9428,1.);
#9428 = DIRECTION('',(-1.,0.));
#9429 = ( GEOMETRIC_REPRESENTATION_CONTEXT(2) 
PARAMETRIC_REPRESENTATION_CONTEXT() REPRESENTATION_CONTEXT('2D SPACE',''
  ) );
#9430 = ADVANCED_FACE('',(#9431),#2809,.F.);
#9431 = FACE_BOUND('',#9432,.F.);
#9432 = EDGE_LOOP('',(#9433,#9456,#9477,#9478));
#9433 = ORIENTED_EDGE('',*,*,#9434,.F.);
#9434 = EDGE_CURVE('',#9435,#2766,#9437,.T.);
#9435 = VERTEX_POINT('',#9436);
#9436 = CARTESIAN_POINT('',(60.,70.9,16.3));
#9437 = SURFACE_CURVE('',#9438,(#9442,#9449),.PCURVE_S1.);
#9438 = LINE('',#9439,#9440);
#9439 = CARTESIAN_POINT('',(60.,70.9,16.3));
#9440 = VECTOR('',#9441,1.);
#9441 = DIRECTION('',(0.,0.,1.));
#9442 = PCURVE('',#2809,#9443);
#9443 = DEFINITIONAL_REPRESENTATION('',(#9444),#9448);
#9444 = LINE('',#9445,#9446);
#9445 = CARTESIAN_POINT('',(0.,0.));
#9446 = VECTOR('',#9447,1.);
#9447 = DIRECTION('',(1.,0.));
#9448 = ( GEOMETRIC_REPRESENTATION_CONTEXT(2) 
PARAMETRIC_REPRESENTATION_CONTEXT() REPRESENTATION_CONTEXT('2D SPACE',''
  ) );
#9449 = PCURVE('',#2781,#9450);
#9450 = DEFINITIONAL_REPRESENTATION('',(#9451),#9455);
#9451 = LINE('',#9452,#9453);
#9452 = CARTESIAN_POINT('',(0.,0.));
#9453 = VECTOR('',#9454,1.);
#9454 = DIRECTION('',(1.,0.));
#9455 = ( GEOMETRIC_REPRESENTATION_CONTEXT(2) 
PARAMETRIC_REPRESENTATION_CONTEXT() REPRESENTATION_CONTEXT('2D SPACE',''
  ) );
#9456 = ORIENTED_EDGE('',*,*,#9457,.T.);
#9457 = EDGE_CURVE('',#9435,#9360,#9458,.T.);
#9458 = SURFACE_CURVE('',#9459,(#9463,#9470),.PCURVE_S1.);
#9459 = LINE('',#9460,#9461);
#9460 = CARTESIAN_POINT('',(60.,70.9,16.3));
#9461 = VECTOR('',#9462,1.);
#9462 = DIRECTION('',(1.,1.110223024625E-16,0.));
#9463 = PCURVE('',#2809,#9464);
#9464 = DEFINITIONAL_REPRESENTATION('',(#9465),#9469);
#9465 = LINE('',#9466,#9467);
#9466 = CARTESIAN_POINT('',(0.,0.));
#9467 = VECTOR('',#9468,1.);
#9468 = DIRECTION('',(0.,-1.));
#9469 = ( GEOMETRIC_REPRESENTATION_CONTEXT(2) 
PARAMETRIC_REPRESENTATION_CONTEXT() REPRESENTATION_CONTEXT('2D SPACE',''
  ) );
#9470 = PCURVE('',#9375,#9471);
#9471 = DEFINITIONAL_REPRESENTATION('',(#9472),#9476);
#9472 = LINE('',#9473,#9474);
#9473 = CARTESIAN_POINT('',(0.,0.));
#9474 = VECTOR('',#9475,1.);
#9475 = DIRECTION('',(0.,1.));
#9476 = ( GEOMETRIC_REPRESENTATION_CONTEXT(2) 
PARAMETRIC_REPRESENTATION_CONTEXT() REPRESENTATION_CONTEXT('2D SPACE',''
  ) );
#9477 = ORIENTED_EDGE('',*,*,#9387,.T.);
#9478 = ORIENTED_EDGE('',*,*,#2793,.F.);
#9479 = ADVANCED_FACE('',(#9480),#2781,.F.);
#9480 = FACE_BOUND('',#9481,.F.);
#9481 = EDGE_LOOP('',(#9482,#9507,#9528,#9529,#9530,#9531));
#9482 = ORIENTED_EDGE('',*,*,#9483,.F.);
#9483 = EDGE_CURVE('',#9484,#9486,#9488,.T.);
#9484 = VERTEX_POINT('',#9485);
#9485 = CARTESIAN_POINT('',(60.,68.1,16.3));
#9486 = VERTEX_POINT('',#9487);
#9487 = CARTESIAN_POINT('',(60.,68.1,23.8));
#9488 = SURFACE_CURVE('',#9489,(#9493,#9500),.PCURVE_S1.);
#9489 = LINE('',#9490,#9491);
#9490 = CARTESIAN_POINT('',(60.,68.1,16.3));
#9491 = VECTOR('',#9492,1.);
#9492 = DIRECTION('',(0.,0.,1.));
#9493 = PCURVE('',#2781,#9494);
#9494 = DEFINITIONAL_REPRESENTATION('',(#9495),#9499);
#9495 = LINE('',#9496,#9497);
#9496 = CARTESIAN_POINT('',(0.,2.8));
#9497 = VECTOR('',#9498,1.);
#9498 = DIRECTION('',(1.,0.));
#9499 = ( GEOMETRIC_REPRESENTATION_CONTEXT(2) 
PARAMETRIC_REPRESENTATION_CONTEXT() REPRESENTATION_CONTEXT('2D SPACE',''
  ) );
#9500 = PCURVE('',#9347,#9501);
#9501 = DEFINITIONAL_REPRESENTATION('',(#9502),#9506);
#9502 = LINE('',#9503,#9504);
#9503 = CARTESIAN_POINT('',(0.,0.));
#9504 = VECTOR('',#9505,1.);
#9505 = DIRECTION('',(1.,0.));
#9506 = ( GEOMETRIC_REPRESENTATION_CONTEXT(2) 
PARAMETRIC_REPRESENTATION_CONTEXT() REPRESENTATION_CONTEXT('2D SPACE',''
  ) );
#9507 = ORIENTED_EDGE('',*,*,#9508,.F.);
#9508 = EDGE_CURVE('',#9435,#9484,#9509,.T.);
#9509 = SURFACE_CURVE('',#9510,(#9514,#9521),.PCURVE_S1.);
#9510 = LINE('',#9511,#9512);
#9511 = CARTESIAN_POINT('',(60.,70.9,16.3));
#9512 = VECTOR('',#9513,1.);
#9513 = DIRECTION('',(1.110223024625E-16,-1.,0.));
#9514 = PCURVE('',#2781,#9515);
#9515 = DEFINITIONAL_REPRESENTATION('',(#9516),#9520);
#9516 = LINE('',#9517,#9518);
#9517 = CARTESIAN_POINT('',(0.,0.));
#9518 = VECTOR('',#9519,1.);
#9519 = DIRECTION('',(0.,1.));
#9520 = ( GEOMETRIC_REPRESENTATION_CONTEXT(2) 
PARAMETRIC_REPRESENTATION_CONTEXT() REPRESENTATION_CONTEXT('2D SPACE',''
  ) );
#9521 = PCURVE('',#9375,#9522);
#9522 = DEFINITIONAL_REPRESENTATION('',(#9523),#9527);
#9523 = LINE('',#9524,#9525);
#9524 = CARTESIAN_POINT('',(0.,0.));
#9525 = VECTOR('',#9526,1.);
#9526 = DIRECTION('',(1.,0.));
#9527 = ( GEOMETRIC_REPRESENTATION_CONTEXT(2) 
PARAMETRIC_REPRESENTATION_CONTEXT() REPRESENTATION_CONTEXT('2D SPACE',''
  ) );
#9528 = ORIENTED_EDGE('',*,*,#9434,.T.);
#9529 = ORIENTED_EDGE('',*,*,#2765,.F.);
#9530 = ORIENTED_EDGE('',*,*,#7443,.T.);
#9531 = ORIENTED_EDGE('',*,*,#9532,.F.);
#9532 = EDGE_CURVE('',#9486,#7444,#9533,.T.);
#9533 = SURFACE_CURVE('',#9534,(#9538,#9545),.PCURVE_S1.);
#9534 = LINE('',#9535,#9536);
#9535 = CARTESIAN_POINT('',(60.,71.375,23.8));
#9536 = VECTOR('',#9537,1.);
#9537 = DIRECTION('',(-1.110223024625E-16,1.,0.));
#9538 = PCURVE('',#2781,#9539);
#9539 = DEFINITIONAL_REPRESENTATION('',(#9540),#9544);
#9540 = LINE('',#9541,#9542);
#9541 = CARTESIAN_POINT('',(7.5,-0.475));
#9542 = VECTOR('',#9543,1.);
#9543 = DIRECTION('',(0.,-1.));
#9544 = ( GEOMETRIC_REPRESENTATION_CONTEXT(2) 
PARAMETRIC_REPRESENTATION_CONTEXT() REPRESENTATION_CONTEXT('2D SPACE',''
  ) );
#9545 = PCURVE('',#4840,#9546);
#9546 = DEFINITIONAL_REPRESENTATION('',(#9547),#9551);
#9547 = LINE('',#9548,#9549);
#9548 = CARTESIAN_POINT('',(0.475,75.15));
#9549 = VECTOR('',#9550,1.);
#9550 = DIRECTION('',(-1.,0.));
#9551 = ( GEOMETRIC_REPRESENTATION_CONTEXT(2) 
PARAMETRIC_REPRESENTATION_CONTEXT() REPRESENTATION_CONTEXT('2D SPACE',''
  ) );
#9552 = ADVANCED_FACE('',(#9553,#9791),#4439,.F.);
#9553 = FACE_BOUND('',#9554,.F.);
#9554 = EDGE_LOOP('',(#9555,#9585,#9614,#9642,#9675,#9703,#9732,#9760));
#9555 = ORIENTED_EDGE('',*,*,#9556,.F.);
#9556 = EDGE_CURVE('',#9557,#9559,#9561,.T.);
#9557 = VERTEX_POINT('',#9558);
#9558 = CARTESIAN_POINT('',(8.025,39.55,24.9));
#9559 = VERTEX_POINT('',#9560);
#9560 = CARTESIAN_POINT('',(14.79,39.55,24.9));
#9561 = SURFACE_CURVE('',#9562,(#9566,#9573),.PCURVE_S1.);
#9562 = LINE('',#9563,#9564);
#9563 = CARTESIAN_POINT('',(3.835,39.55,24.9));
#9564 = VECTOR('',#9565,1.);
#9565 = DIRECTION('',(1.,1.110223024625E-16,0.));
#9566 = PCURVE('',#4439,#9567);
#9567 = DEFINITIONAL_REPRESENTATION('',(#9568),#9572);
#9568 = LINE('',#9569,#9570);
#9569 = CARTESIAN_POINT('',(0.,0.));
#9570 = VECTOR('',#9571,1.);
#9571 = DIRECTION('',(0.,1.));
#9572 = ( GEOMETRIC_REPRESENTATION_CONTEXT(2) 
PARAMETRIC_REPRESENTATION_CONTEXT() REPRESENTATION_CONTEXT('2D SPACE',''
  ) );
#9573 = PCURVE('',#9574,#9579);
#9574 = PLANE('',#9575);
#9575 = AXIS2_PLACEMENT_3D('',#9576,#9577,#9578);
#9576 = CARTESIAN_POINT('',(3.835,39.55,23.7));
#9577 = DIRECTION('',(1.110223024625E-16,-1.,0.));
#9578 = DIRECTION('',(0.,0.,1.));
#9579 = DEFINITIONAL_REPRESENTATION('',(#9580),#9584);
#9580 = LINE('',#9581,#9582);
#9581 = CARTESIAN_POINT('',(1.2,0.));
#9582 = VECTOR('',#9583,1.);
#9583 = DIRECTION('',(0.,-1.));
#9584 = ( GEOMETRIC_REPRESENTATION_CONTEXT(2) 
PARAMETRIC_REPRESENTATION_CONTEXT() REPRESENTATION_CONTEXT('2D SPACE',''
  ) );
#9585 = ORIENTED_EDGE('',*,*,#9586,.T.);
#9586 = EDGE_CURVE('',#9557,#9587,#9589,.T.);
#9587 = VERTEX_POINT('',#9588);
#9588 = CARTESIAN_POINT('',(3.835,35.36,24.9));
#9589 = SURFACE_CURVE('',#9590,(#9595,#9602),.PCURVE_S1.);
#9590 = CIRCLE('',#9591,4.19);
#9591 = AXIS2_PLACEMENT_3D('',#9592,#9593,#9594);
#9592 = CARTESIAN_POINT('',(8.025,35.36,24.9));
#9593 = DIRECTION('',(0.,0.,1.));
#9594 = DIRECTION('',(-1.,-1.110223024625E-16,0.));
#9595 = PCURVE('',#4439,#9596);
#9596 = DEFINITIONAL_REPRESENTATION('',(#9597),#9601);
#9597 = CIRCLE('',#9598,4.19);
#9598 = AXIS2_PLACEMENT_2D('',#9599,#9600);
#9599 = CARTESIAN_POINT('',(4.19,4.19));
#9600 = DIRECTION('',(0.,-1.));
#9601 = ( GEOMETRIC_REPRESENTATION_CONTEXT(2) 
PARAMETRIC_REPRESENTATION_CONTEXT() REPRESENTATION_CONTEXT('2D SPACE',''
  ) );
#9602 = PCURVE('',#9603,#9608);
#9603 = CYLINDRICAL_SURFACE('',#9604,4.19);
#9604 = AXIS2_PLACEMENT_3D('',#9605,#9606,#9607);
#9605 = CARTESIAN_POINT('',(8.025,35.36,23.7));
#9606 = DIRECTION('',(0.,0.,1.));
#9607 = DIRECTION('',(-1.110223024625E-16,1.,0.));
#9608 = DEFINITIONAL_REPRESENTATION('',(#9609),#9613);
#9609 = LINE('',#9610,#9611);
#9610 = CARTESIAN_POINT('',(-4.712388980385,1.2));
#9611 = VECTOR('',#9612,1.);
#9612 = DIRECTION('',(1.,0.));
#9613 = ( GEOMETRIC_REPRESENTATION_CONTEXT(2) 
PARAMETRIC_REPRESENTATION_CONTEXT() REPRESENTATION_CONTEXT('2D SPACE',''
  ) );
#9614 = ORIENTED_EDGE('',*,*,#9615,.T.);
#9615 = EDGE_CURVE('',#9587,#9616,#9618,.T.);
#9616 = VERTEX_POINT('',#9617);
#9617 = CARTESIAN_POINT('',(3.835,35.34,24.9));
#9618 = SURFACE_CURVE('',#9619,(#9623,#9630),.PCURVE_S1.);
#9619 = LINE('',#9620,#9621);
#9620 = CARTESIAN_POINT('',(3.835,39.55,24.9));
#9621 = VECTOR('',#9622,1.);
#9622 = DIRECTION('',(1.110223024625E-16,-1.,0.));
#9623 = PCURVE('',#4439,#9624);
#9624 = DEFINITIONAL_REPRESENTATION('',(#9625),#9629);
#9625 = LINE('',#9626,#9627);
#9626 = CARTESIAN_POINT('',(0.,0.));
#9627 = VECTOR('',#9628,1.);
#9628 = DIRECTION('',(1.,0.));
#9629 = ( GEOMETRIC_REPRESENTATION_CONTEXT(2) 
PARAMETRIC_REPRESENTATION_CONTEXT() REPRESENTATION_CONTEXT('2D SPACE',''
  ) );
#9630 = PCURVE('',#9631,#9636);
#9631 = PLANE('',#9632);
#9632 = AXIS2_PLACEMENT_3D('',#9633,#9634,#9635);
#9633 = CARTESIAN_POINT('',(3.835,39.55,23.7));
#9634 = DIRECTION('',(1.,1.110223024625E-16,0.));
#9635 = DIRECTION('',(0.,0.,1.));
#9636 = DEFINITIONAL_REPRESENTATION('',(#9637),#9641);
#9637 = LINE('',#9638,#9639);
#9638 = CARTESIAN_POINT('',(1.2,0.));
#9639 = VECTOR('',#9640,1.);
#9640 = DIRECTION('',(0.,1.));
#9641 = ( GEOMETRIC_REPRESENTATION_CONTEXT(2) 
PARAMETRIC_REPRESENTATION_CONTEXT() REPRESENTATION_CONTEXT('2D SPACE',''
  ) );
#9642 = ORIENTED_EDGE('',*,*,#9643,.F.);
#9643 = EDGE_CURVE('',#9644,#9616,#9646,.T.);
#9644 = VERTEX_POINT('',#9645);
#9645 = CARTESIAN_POINT('',(8.025,31.15,24.9));
#9646 = SURFACE_CURVE('',#9647,(#9652,#9663),.PCURVE_S1.);
#9647 = CIRCLE('',#9648,4.19);
#9648 = AXIS2_PLACEMENT_3D('',#9649,#9650,#9651);
#9649 = CARTESIAN_POINT('',(8.025,35.34,24.9));
#9650 = DIRECTION('',(-0.,0.,-1.));
#9651 = DIRECTION('',(-1.,-1.110223024625E-16,0.));
#9652 = PCURVE('',#4439,#9653);
#9653 = DEFINITIONAL_REPRESENTATION('',(#9654),#9662);
#9654 = ( BOUNDED_CURVE() B_SPLINE_CURVE(2,(#9655,#9656,#9657,#9658,
#9659,#9660,#9661),.UNSPECIFIED.,.T.,.F.) B_SPLINE_CURVE_WITH_KNOTS((1,2
    ,2,2,2,1),(-2.094395102393,0.,2.094395102393,4.188790204786,
6.28318530718,8.377580409573),.UNSPECIFIED.) CURVE() 
GEOMETRIC_REPRESENTATION_ITEM() RATIONAL_B_SPLINE_CURVE((1.,0.5,1.,0.5,
1.,0.5,1.)) REPRESENTATION_ITEM('') );
#9655 = CARTESIAN_POINT('',(4.21,0.));
#9656 = CARTESIAN_POINT('',(-3.047292883714,0.));
#9657 = CARTESIAN_POINT('',(0.581353558143,6.285));
#9658 = CARTESIAN_POINT('',(4.21,12.57));
#9659 = CARTESIAN_POINT('',(7.838646441857,6.285));
#9660 = CARTESIAN_POINT('',(11.467292883714,6.217248937901E-15));
#9661 = CARTESIAN_POINT('',(4.21,0.));
#9662 = ( GEOMETRIC_REPRESENTATION_CONTEXT(2) 
PARAMETRIC_REPRESENTATION_CONTEXT() REPRESENTATION_CONTEXT('2D SPACE',''
  ) );
#9663 = PCURVE('',#9664,#9669);
#9664 = CYLINDRICAL_SURFACE('',#9665,4.19);
#9665 = AXIS2_PLACEMENT_3D('',#9666,#9667,#9668);
#9666 = CARTESIAN_POINT('',(8.025,35.34,23.7));
#9667 = DIRECTION('',(0.,0.,1.));
#9668 = DIRECTION('',(1.110223024625E-16,-1.,0.));
#9669 = DEFINITIONAL_REPRESENTATION('',(#9670),#9674);
#9670 = LINE('',#9671,#9672);
#9671 = CARTESIAN_POINT('',(4.712388980385,1.2));
#9672 = VECTOR('',#9673,1.);
#9673 = DIRECTION('',(-1.,0.));
#9674 = ( GEOMETRIC_REPRESENTATION_CONTEXT(2) 
PARAMETRIC_REPRESENTATION_CONTEXT() REPRESENTATION_CONTEXT('2D SPACE',''
  ) );
#9675 = ORIENTED_EDGE('',*,*,#9676,.T.);
#9676 = EDGE_CURVE('',#9644,#9677,#9679,.T.);
#9677 = VERTEX_POINT('',#9678);
#9678 = CARTESIAN_POINT('',(14.79,31.15,24.9));
#9679 = SURFACE_CURVE('',#9680,(#9684,#9691),.PCURVE_S1.);
#9680 = LINE('',#9681,#9682);
#9681 = CARTESIAN_POINT('',(3.835,31.15,24.9));
#9682 = VECTOR('',#9683,1.);
#9683 = DIRECTION('',(1.,1.110223024625E-16,0.));
#9684 = PCURVE('',#4439,#9685);
#9685 = DEFINITIONAL_REPRESENTATION('',(#9686),#9690);
#9686 = LINE('',#9687,#9688);
#9687 = CARTESIAN_POINT('',(8.4,-4.440892098501E-17));
#9688 = VECTOR('',#9689,1.);
#9689 = DIRECTION('',(0.,1.));
#9690 = ( GEOMETRIC_REPRESENTATION_CONTEXT(2) 
PARAMETRIC_REPRESENTATION_CONTEXT() REPRESENTATION_CONTEXT('2D SPACE',''
  ) );
#9691 = PCURVE('',#9692,#9697);
#9692 = PLANE('',#9693);
#9693 = AXIS2_PLACEMENT_3D('',#9694,#9695,#9696);
#9694 = CARTESIAN_POINT('',(3.835,31.15,23.7));
#9695 = DIRECTION('',(1.110223024625E-16,-1.,0.));
#9696 = DIRECTION('',(0.,0.,1.));
#9697 = DEFINITIONAL_REPRESENTATION('',(#9698),#9702);
#9698 = LINE('',#9699,#9700);
#9699 = CARTESIAN_POINT('',(1.2,0.));
#9700 = VECTOR('',#9701,1.);
#9701 = DIRECTION('',(0.,-1.));
#9702 = ( GEOMETRIC_REPRESENTATION_CONTEXT(2) 
PARAMETRIC_REPRESENTATION_CONTEXT() REPRESENTATION_CONTEXT('2D SPACE',''
  ) );
#9703 = ORIENTED_EDGE('',*,*,#9704,.T.);
#9704 = EDGE_CURVE('',#9677,#9705,#9707,.T.);
#9705 = VERTEX_POINT('',#9706);
#9706 = CARTESIAN_POINT('',(18.98,35.34,24.9));
#9707 = SURFACE_CURVE('',#9708,(#9713,#9720),.PCURVE_S1.);
#9708 = CIRCLE('',#9709,4.19);
#9709 = AXIS2_PLACEMENT_3D('',#9710,#9711,#9712);
#9710 = CARTESIAN_POINT('',(14.79,35.34,24.9));
#9711 = DIRECTION('',(0.,0.,1.));
#9712 = DIRECTION('',(-1.,-1.110223024625E-16,0.));
#9713 = PCURVE('',#4439,#9714);
#9714 = DEFINITIONAL_REPRESENTATION('',(#9715),#9719);
#9715 = CIRCLE('',#9716,4.19);
#9716 = AXIS2_PLACEMENT_2D('',#9717,#9718);
#9717 = CARTESIAN_POINT('',(4.21,10.955));
#9718 = DIRECTION('',(0.,-1.));
#9719 = ( GEOMETRIC_REPRESENTATION_CONTEXT(2) 
PARAMETRIC_REPRESENTATION_CONTEXT() REPRESENTATION_CONTEXT('2D SPACE',''
  ) );
#9720 = PCURVE('',#9721,#9726);
#9721 = CYLINDRICAL_SURFACE('',#9722,4.19);
#9722 = AXIS2_PLACEMENT_3D('',#9723,#9724,#9725);
#9723 = CARTESIAN_POINT('',(14.79,35.34,23.7));
#9724 = DIRECTION('',(0.,0.,1.));
#9725 = DIRECTION('',(1.110223024625E-16,-1.,0.));
#9726 = DEFINITIONAL_REPRESENTATION('',(#9727),#9731);
#9727 = LINE('',#9728,#9729);
#9728 = CARTESIAN_POINT('',(-1.570796326795,1.2));
#9729 = VECTOR('',#9730,1.);
#9730 = DIRECTION('',(1.,0.));
#9731 = ( GEOMETRIC_REPRESENTATION_CONTEXT(2) 
PARAMETRIC_REPRESENTATION_CONTEXT() REPRESENTATION_CONTEXT('2D SPACE',''
  ) );
#9732 = ORIENTED_EDGE('',*,*,#9733,.F.);
#9733 = EDGE_CURVE('',#9734,#9705,#9736,.T.);
#9734 = VERTEX_POINT('',#9735);
#9735 = CARTESIAN_POINT('',(18.98,35.36,24.9));
#9736 = SURFACE_CURVE('',#9737,(#9741,#9748),.PCURVE_S1.);
#9737 = LINE('',#9738,#9739);
#9738 = CARTESIAN_POINT('',(18.98,39.55,24.9));
#9739 = VECTOR('',#9740,1.);
#9740 = DIRECTION('',(1.110223024625E-16,-1.,0.));
#9741 = PCURVE('',#4439,#9742);
#9742 = DEFINITIONAL_REPRESENTATION('',(#9743),#9747);
#9743 = LINE('',#9744,#9745);
#9744 = CARTESIAN_POINT('',(1.681432770795E-15,15.145));
#9745 = VECTOR('',#9746,1.);
#9746 = DIRECTION('',(1.,0.));
#9747 = ( GEOMETRIC_REPRESENTATION_CONTEXT(2) 
PARAMETRIC_REPRESENTATION_CONTEXT() REPRESENTATION_CONTEXT('2D SPACE',''
  ) );
#9748 = PCURVE('',#9749,#9754);
#9749 = PLANE('',#9750);
#9750 = AXIS2_PLACEMENT_3D('',#9751,#9752,#9753);
#9751 = CARTESIAN_POINT('',(18.98,39.55,23.7));
#9752 = DIRECTION('',(1.,1.110223024625E-16,0.));
#9753 = DIRECTION('',(0.,0.,1.));
#9754 = DEFINITIONAL_REPRESENTATION('',(#9755),#9759);
#9755 = LINE('',#9756,#9757);
#9756 = CARTESIAN_POINT('',(1.2,0.));
#9757 = VECTOR('',#9758,1.);
#9758 = DIRECTION('',(0.,1.));
#9759 = ( GEOMETRIC_REPRESENTATION_CONTEXT(2) 
PARAMETRIC_REPRESENTATION_CONTEXT() REPRESENTATION_CONTEXT('2D SPACE',''
  ) );
#9760 = ORIENTED_EDGE('',*,*,#9761,.F.);
#9761 = EDGE_CURVE('',#9559,#9734,#9762,.T.);
#9762 = SURFACE_CURVE('',#9763,(#9768,#9779),.PCURVE_S1.);
#9763 = CIRCLE('',#9764,4.19);
#9764 = AXIS2_PLACEMENT_3D('',#9765,#9766,#9767);
#9765 = CARTESIAN_POINT('',(14.79,35.36,24.9));
#9766 = DIRECTION('',(-0.,0.,-1.));
#9767 = DIRECTION('',(-1.,-1.110223024625E-16,0.));
#9768 = PCURVE('',#4439,#9769);
#9769 = DEFINITIONAL_REPRESENTATION('',(#9770),#9778);
#9770 = ( BOUNDED_CURVE() B_SPLINE_CURVE(2,(#9771,#9772,#9773,#9774,
#9775,#9776,#9777),.UNSPECIFIED.,.T.,.F.) B_SPLINE_CURVE_WITH_KNOTS((1,2
    ,2,2,2,1),(-2.094395102393,0.,2.094395102393,4.188790204786,
6.28318530718,8.377580409573),.UNSPECIFIED.) CURVE() 
GEOMETRIC_REPRESENTATION_ITEM() RATIONAL_B_SPLINE_CURVE((1.,0.5,1.,0.5,
1.,0.5,1.)) REPRESENTATION_ITEM('') );
#9771 = CARTESIAN_POINT('',(4.19,6.765));
#9772 = CARTESIAN_POINT('',(-3.067292883714,6.765));
#9773 = CARTESIAN_POINT('',(0.561353558143,13.05));
#9774 = CARTESIAN_POINT('',(4.19,19.335));
#9775 = CARTESIAN_POINT('',(7.818646441857,13.05));
#9776 = CARTESIAN_POINT('',(11.447292883714,6.765));
#9777 = CARTESIAN_POINT('',(4.19,6.765));
#9778 = ( GEOMETRIC_REPRESENTATION_CONTEXT(2) 
PARAMETRIC_REPRESENTATION_CONTEXT() REPRESENTATION_CONTEXT('2D SPACE',''
  ) );
#9779 = PCURVE('',#9780,#9785);
#9780 = CYLINDRICAL_SURFACE('',#9781,4.19);
#9781 = AXIS2_PLACEMENT_3D('',#9782,#9783,#9784);
#9782 = CARTESIAN_POINT('',(14.79,35.36,23.7));
#9783 = DIRECTION('',(0.,0.,1.));
#9784 = DIRECTION('',(-1.110223024625E-16,1.,0.));
#9785 = DEFINITIONAL_REPRESENTATION('',(#9786),#9790);
#9786 = LINE('',#9787,#9788);
#9787 = CARTESIAN_POINT('',(1.570796326795,1.2));
#9788 = VECTOR('',#9789,1.);
#9789 = DIRECTION('',(-1.,0.));
#9790 = ( GEOMETRIC_REPRESENTATION_CONTEXT(2) 
PARAMETRIC_REPRESENTATION_CONTEXT() REPRESENTATION_CONTEXT('2D SPACE',''
  ) );
#9791 = FACE_BOUND('',#9792,.F.);
#9792 = EDGE_LOOP('',(#9793,#9794,#9795,#9796,#9797,#9798,#9799,#9800));
#9793 = ORIENTED_EDGE('',*,*,#4422,.F.);
#9794 = ORIENTED_EDGE('',*,*,#4478,.F.);
#9795 = ORIENTED_EDGE('',*,*,#4575,.F.);
#9796 = ORIENTED_EDGE('',*,*,#4697,.T.);
#9797 = ORIENTED_EDGE('',*,*,#4773,.F.);
#9798 = ORIENTED_EDGE('',*,*,#4725,.T.);
#9799 = ORIENTED_EDGE('',*,*,#4647,.F.);
#9800 = ORIENTED_EDGE('',*,*,#4548,.F.);
#9801 = ADVANCED_FACE('',(#9802,#10377,#10567,#10797,#10807,#10817,
    #10827,#11057,#11171),#4840,.F.);
#9802 = FACE_BOUND('',#9803,.F.);
#9803 = EDGE_LOOP('',(#9804,#9805,#9806,#9807,#9808,#9809,#9832,#9860,
    #9888,#9916,#9944,#9972,#9993,#9994,#9995,#9996,#9997,#9998,#9999,
    #10000,#10001,#10002,#10003,#10004,#10005,#10006,#10007,#10008,
    #10009,#10010,#10011,#10012,#10035,#10063,#10084,#10085,#10086,
    #10087,#10088,#10109,#10110,#10111,#10112,#10133,#10134,#10135,
    #10159,#10187,#10215,#10243,#10271,#10299,#10327,#10355));
#9804 = ORIENTED_EDGE('',*,*,#7392,.F.);
#9805 = ORIENTED_EDGE('',*,*,#7599,.T.);
#9806 = ORIENTED_EDGE('',*,*,#7626,.F.);
#9807 = ORIENTED_EDGE('',*,*,#7698,.T.);
#9808 = ORIENTED_EDGE('',*,*,#7723,.T.);
#9809 = ORIENTED_EDGE('',*,*,#9810,.F.);
#9810 = EDGE_CURVE('',#9811,#7724,#9813,.T.);
#9811 = VERTEX_POINT('',#9812);
#9812 = CARTESIAN_POINT('',(15.6,3.,23.8));
#9813 = SURFACE_CURVE('',#9814,(#9818,#9825),.PCURVE_S1.);
#9814 = LINE('',#9815,#9816);
#9815 = CARTESIAN_POINT('',(15.6,38.956471320615,23.8));
#9816 = VECTOR('',#9817,1.);
#9817 = DIRECTION('',(1.110223024625E-16,-1.,0.));
#9818 = PCURVE('',#4840,#9819);
#9819 = DEFINITIONAL_REPRESENTATION('',(#9820),#9824);
#9820 = LINE('',#9821,#9822);
#9821 = CARTESIAN_POINT('',(32.893528679385,30.75));
#9822 = VECTOR('',#9823,1.);
#9823 = DIRECTION('',(1.,0.));
#9824 = ( GEOMETRIC_REPRESENTATION_CONTEXT(2) 
PARAMETRIC_REPRESENTATION_CONTEXT() REPRESENTATION_CONTEXT('2D SPACE',''
  ) );
#9825 = PCURVE('',#7952,#9826);
#9826 = DEFINITIONAL_REPRESENTATION('',(#9827),#9831);
#9827 = LINE('',#9828,#9829);
#9828 = CARTESIAN_POINT('',(-2.030403039839,-32.89352867938));
#9829 = VECTOR('',#9830,1.);
#9830 = DIRECTION('',(0.,1.));
#9831 = ( GEOMETRIC_REPRESENTATION_CONTEXT(2) 
PARAMETRIC_REPRESENTATION_CONTEXT() REPRESENTATION_CONTEXT('2D SPACE',''
  ) );
#9832 = ORIENTED_EDGE('',*,*,#9833,.F.);
#9833 = EDGE_CURVE('',#9834,#9811,#9836,.T.);
#9834 = VERTEX_POINT('',#9835);
#9835 = CARTESIAN_POINT('',(10.2,3.,23.8));
#9836 = SURFACE_CURVE('',#9837,(#9841,#9848),.PCURVE_S1.);
#9837 = LINE('',#9838,#9839);
#9838 = CARTESIAN_POINT('',(-2.475,3.,23.8));
#9839 = VECTOR('',#9840,1.);
#9840 = DIRECTION('',(1.,1.110223024625E-16,0.));
#9841 = PCURVE('',#4840,#9842);
#9842 = DEFINITIONAL_REPRESENTATION('',(#9843),#9847);
#9843 = LINE('',#9844,#9845);
#9844 = CARTESIAN_POINT('',(68.85,12.675));
#9845 = VECTOR('',#9846,1.);
#9846 = DIRECTION('',(0.,1.));
#9847 = ( GEOMETRIC_REPRESENTATION_CONTEXT(2) 
PARAMETRIC_REPRESENTATION_CONTEXT() REPRESENTATION_CONTEXT('2D SPACE',''
  ) );
#9848 = PCURVE('',#9849,#9854);
#9849 = PLANE('',#9850);
#9850 = AXIS2_PLACEMENT_3D('',#9851,#9852,#9853);
#9851 = CARTESIAN_POINT('',(10.2,3.,23.75));
#9852 = DIRECTION('',(1.110223024625E-16,-1.,0.));
#9853 = DIRECTION('',(0.,0.,1.));
#9854 = DEFINITIONAL_REPRESENTATION('',(#9855),#9859);
#9855 = LINE('',#9856,#9857);
#9856 = CARTESIAN_POINT('',(5.E-02,12.675));
#9857 = VECTOR('',#9858,1.);
#9858 = DIRECTION('',(0.,-1.));
#9859 = ( GEOMETRIC_REPRESENTATION_CONTEXT(2) 
PARAMETRIC_REPRESENTATION_CONTEXT() REPRESENTATION_CONTEXT('2D SPACE',''
  ) );
#9860 = ORIENTED_EDGE('',*,*,#9861,.T.);
#9861 = EDGE_CURVE('',#9834,#9862,#9864,.T.);
#9862 = VERTEX_POINT('',#9863);
#9863 = CARTESIAN_POINT('',(10.2,17.,23.8));
#9864 = SURFACE_CURVE('',#9865,(#9869,#9876),.PCURVE_S1.);
#9865 = LINE('',#9866,#9867);
#9866 = CARTESIAN_POINT('',(10.2,44.425,23.8));
#9867 = VECTOR('',#9868,1.);
#9868 = DIRECTION('',(-1.110223024625E-16,1.,0.));
#9869 = PCURVE('',#4840,#9870);
#9870 = DEFINITIONAL_REPRESENTATION('',(#9871),#9875);
#9871 = LINE('',#9872,#9873);
#9872 = CARTESIAN_POINT('',(27.425,25.35));
#9873 = VECTOR('',#9874,1.);
#9874 = DIRECTION('',(-1.,0.));
#9875 = ( GEOMETRIC_REPRESENTATION_CONTEXT(2) 
PARAMETRIC_REPRESENTATION_CONTEXT() REPRESENTATION_CONTEXT('2D SPACE',''
  ) );
#9876 = PCURVE('',#9877,#9882);
#9877 = PLANE('',#9878);
#9878 = AXIS2_PLACEMENT_3D('',#9879,#9880,#9881);
#9879 = CARTESIAN_POINT('',(10.2,17.,23.75));
#9880 = DIRECTION('',(1.,1.110223024625E-16,0.));
#9881 = DIRECTION('',(0.,0.,1.));
#9882 = DEFINITIONAL_REPRESENTATION('',(#9883),#9887);
#9883 = LINE('',#9884,#9885);
#9884 = CARTESIAN_POINT('',(5.E-02,-27.425));
#9885 = VECTOR('',#9886,1.);
#9886 = DIRECTION('',(0.,-1.));
#9887 = ( GEOMETRIC_REPRESENTATION_CONTEXT(2) 
PARAMETRIC_REPRESENTATION_CONTEXT() REPRESENTATION_CONTEXT('2D SPACE',''
  ) );
#9888 = ORIENTED_EDGE('',*,*,#9889,.T.);
#9889 = EDGE_CURVE('',#9862,#9890,#9892,.T.);
#9890 = VERTEX_POINT('',#9891);
#9891 = CARTESIAN_POINT('',(23.,17.,23.8));
#9892 = SURFACE_CURVE('',#9893,(#9897,#9904),.PCURVE_S1.);
#9893 = LINE('',#9894,#9895);
#9894 = CARTESIAN_POINT('',(-2.475,17.,23.8));
#9895 = VECTOR('',#9896,1.);
#9896 = DIRECTION('',(1.,1.110223024625E-16,0.));
#9897 = PCURVE('',#4840,#9898);
#9898 = DEFINITIONAL_REPRESENTATION('',(#9899),#9903);
#9899 = LINE('',#9900,#9901);
#9900 = CARTESIAN_POINT('',(54.85,12.675));
#9901 = VECTOR('',#9902,1.);
#9902 = DIRECTION('',(0.,1.));
#9903 = ( GEOMETRIC_REPRESENTATION_CONTEXT(2) 
PARAMETRIC_REPRESENTATION_CONTEXT() REPRESENTATION_CONTEXT('2D SPACE',''
  ) );
#9904 = PCURVE('',#9905,#9910);
#9905 = PLANE('',#9906);
#9906 = AXIS2_PLACEMENT_3D('',#9907,#9908,#9909);
#9907 = CARTESIAN_POINT('',(10.2,17.,23.75));
#9908 = DIRECTION('',(1.110223024625E-16,-1.,0.));
#9909 = DIRECTION('',(0.,0.,1.));
#9910 = DEFINITIONAL_REPRESENTATION('',(#9911),#9915);
#9911 = LINE('',#9912,#9913);
#9912 = CARTESIAN_POINT('',(5.E-02,12.675));
#9913 = VECTOR('',#9914,1.);
#9914 = DIRECTION('',(0.,-1.));
#9915 = ( GEOMETRIC_REPRESENTATION_CONTEXT(2) 
PARAMETRIC_REPRESENTATION_CONTEXT() REPRESENTATION_CONTEXT('2D SPACE',''
  ) );
#9916 = ORIENTED_EDGE('',*,*,#9917,.F.);
#9917 = EDGE_CURVE('',#9918,#9890,#9920,.T.);
#9918 = VERTEX_POINT('',#9919);
#9919 = CARTESIAN_POINT('',(23.,3.,23.8));
#9920 = SURFACE_CURVE('',#9921,(#9925,#9932),.PCURVE_S1.);
#9921 = LINE('',#9922,#9923);
#9922 = CARTESIAN_POINT('',(23.,44.425,23.8));
#9923 = VECTOR('',#9924,1.);
#9924 = DIRECTION('',(-1.110223024625E-16,1.,0.));
#9925 = PCURVE('',#4840,#9926);
#9926 = DEFINITIONAL_REPRESENTATION('',(#9927),#9931);
#9927 = LINE('',#9928,#9929);
#9928 = CARTESIAN_POINT('',(27.425,38.15));
#9929 = VECTOR('',#9930,1.);
#9930 = DIRECTION('',(-1.,0.));
#9931 = ( GEOMETRIC_REPRESENTATION_CONTEXT(2) 
PARAMETRIC_REPRESENTATION_CONTEXT() REPRESENTATION_CONTEXT('2D SPACE',''
  ) );
#9932 = PCURVE('',#9933,#9938);
#9933 = PLANE('',#9934);
#9934 = AXIS2_PLACEMENT_3D('',#9935,#9936,#9937);
#9935 = CARTESIAN_POINT('',(23.,17.,23.75));
#9936 = DIRECTION('',(1.,1.110223024625E-16,0.));
#9937 = DIRECTION('',(0.,0.,1.));
#9938 = DEFINITIONAL_REPRESENTATION('',(#9939),#9943);
#9939 = LINE('',#9940,#9941);
#9940 = CARTESIAN_POINT('',(5.E-02,-27.425));
#9941 = VECTOR('',#9942,1.);
#9942 = DIRECTION('',(0.,-1.));
#9943 = ( GEOMETRIC_REPRESENTATION_CONTEXT(2) 
PARAMETRIC_REPRESENTATION_CONTEXT() REPRESENTATION_CONTEXT('2D SPACE',''
  ) );
#9944 = ORIENTED_EDGE('',*,*,#9945,.F.);
#9945 = EDGE_CURVE('',#9946,#9918,#9948,.T.);
#9946 = VERTEX_POINT('',#9947);
#9947 = CARTESIAN_POINT('',(18.,3.,23.8));
#9948 = SURFACE_CURVE('',#9949,(#9953,#9960),.PCURVE_S1.);
#9949 = LINE('',#9950,#9951);
#9950 = CARTESIAN_POINT('',(-2.475,3.,23.8));
#9951 = VECTOR('',#9952,1.);
#9952 = DIRECTION('',(1.,1.110223024625E-16,0.));
#9953 = PCURVE('',#4840,#9954);
#9954 = DEFINITIONAL_REPRESENTATION('',(#9955),#9959);
#9955 = LINE('',#9956,#9957);
#9956 = CARTESIAN_POINT('',(68.85,12.675));
#9957 = VECTOR('',#9958,1.);
#9958 = DIRECTION('',(0.,1.));
#9959 = ( GEOMETRIC_REPRESENTATION_CONTEXT(2) 
PARAMETRIC_REPRESENTATION_CONTEXT() REPRESENTATION_CONTEXT('2D SPACE',''
  ) );
#9960 = PCURVE('',#9961,#9966);
#9961 = PLANE('',#9962);
#9962 = AXIS2_PLACEMENT_3D('',#9963,#9964,#9965);
#9963 = CARTESIAN_POINT('',(10.2,3.,23.75));
#9964 = DIRECTION('',(1.110223024625E-16,-1.,0.));
#9965 = DIRECTION('',(0.,0.,1.));
#9966 = DEFINITIONAL_REPRESENTATION('',(#9967),#9971);
#9967 = LINE('',#9968,#9969);
#9968 = CARTESIAN_POINT('',(5.E-02,12.675));
#9969 = VECTOR('',#9970,1.);
#9970 = DIRECTION('',(0.,-1.));
#9971 = ( GEOMETRIC_REPRESENTATION_CONTEXT(2) 
PARAMETRIC_REPRESENTATION_CONTEXT() REPRESENTATION_CONTEXT('2D SPACE',''
  ) );
#9972 = ORIENTED_EDGE('',*,*,#9973,.T.);
#9973 = EDGE_CURVE('',#9946,#7860,#9974,.T.);
#9974 = SURFACE_CURVE('',#9975,(#9979,#9986),.PCURVE_S1.);
#9975 = LINE('',#9976,#9977);
#9976 = CARTESIAN_POINT('',(18.,38.956471320615,23.8));
#9977 = VECTOR('',#9978,1.);
#9978 = DIRECTION('',(1.110223024625E-16,-1.,0.));
#9979 = PCURVE('',#4840,#9980);
#9980 = DEFINITIONAL_REPRESENTATION('',(#9981),#9985);
#9981 = LINE('',#9982,#9983);
#9982 = CARTESIAN_POINT('',(32.893528679385,33.15));
#9983 = VECTOR('',#9984,1.);
#9984 = DIRECTION('',(1.,0.));
#9985 = ( GEOMETRIC_REPRESENTATION_CONTEXT(2) 
PARAMETRIC_REPRESENTATION_CONTEXT() REPRESENTATION_CONTEXT('2D SPACE',''
  ) );
#9986 = PCURVE('',#7898,#9987);
#9987 = DEFINITIONAL_REPRESENTATION('',(#9988),#9992);
#9988 = LINE('',#9989,#9990);
#9989 = CARTESIAN_POINT('',(-2.030403039839,-32.89352867938));
#9990 = VECTOR('',#9991,1.);
#9991 = DIRECTION('',(0.,1.));
#9992 = ( GEOMETRIC_REPRESENTATION_CONTEXT(2) 
PARAMETRIC_REPRESENTATION_CONTEXT() REPRESENTATION_CONTEXT('2D SPACE',''
  ) );
#9993 = ORIENTED_EDGE('',*,*,#7859,.T.);
#9994 = ORIENTED_EDGE('',*,*,#5896,.F.);
#9995 = ORIENTED_EDGE('',*,*,#5718,.T.);
#9996 = ORIENTED_EDGE('',*,*,#5620,.F.);
#9997 = ORIENTED_EDGE('',*,*,#5671,.T.);
#9998 = ORIENTED_EDGE('',*,*,#5768,.F.);
#9999 = ORIENTED_EDGE('',*,*,#5923,.F.);
#10000 = ORIENTED_EDGE('',*,*,#6069,.F.);
#10001 = ORIENTED_EDGE('',*,*,#7815,.T.);
#10002 = ORIENTED_EDGE('',*,*,#6791,.F.);
#10003 = ORIENTED_EDGE('',*,*,#6613,.T.);
#10004 = ORIENTED_EDGE('',*,*,#6515,.F.);
#10005 = ORIENTED_EDGE('',*,*,#6566,.T.);
#10006 = ORIENTED_EDGE('',*,*,#6663,.F.);
#10007 = ORIENTED_EDGE('',*,*,#6818,.F.);
#10008 = ORIENTED_EDGE('',*,*,#6964,.F.);
#10009 = ORIENTED_EDGE('',*,*,#7771,.T.);
#10010 = ORIENTED_EDGE('',*,*,#7992,.T.);
#10011 = ORIENTED_EDGE('',*,*,#8232,.T.);
#10012 = ORIENTED_EDGE('',*,*,#10013,.F.);
#10013 = EDGE_CURVE('',#10014,#8205,#10016,.T.);
#10014 = VERTEX_POINT('',#10015);
#10015 = CARTESIAN_POINT('',(118.6,28.35,23.8));
#10016 = SURFACE_CURVE('',#10017,(#10021,#10028),.PCURVE_S1.);
#10017 = LINE('',#10018,#10019);
#10018 = CARTESIAN_POINT('',(51.725,28.35,23.8));
#10019 = VECTOR('',#10020,1.);
#10020 = DIRECTION('',(1.,1.110223024625E-16,0.));
#10021 = PCURVE('',#4840,#10022);
#10022 = DEFINITIONAL_REPRESENTATION('',(#10023),#10027);
#10023 = LINE('',#10024,#10025);
#10024 = CARTESIAN_POINT('',(43.5,66.875));
#10025 = VECTOR('',#10026,1.);
#10026 = DIRECTION('',(0.,1.));
#10027 = ( GEOMETRIC_REPRESENTATION_CONTEXT(2) 
PARAMETRIC_REPRESENTATION_CONTEXT() REPRESENTATION_CONTEXT('2D SPACE',''
  ) );
#10028 = PCURVE('',#8220,#10029);
#10029 = DEFINITIONAL_REPRESENTATION('',(#10030),#10034);
#10030 = LINE('',#10031,#10032);
#10031 = CARTESIAN_POINT('',(5.E-02,66.875));
#10032 = VECTOR('',#10033,1.);
#10033 = DIRECTION('',(0.,-1.));
#10034 = ( GEOMETRIC_REPRESENTATION_CONTEXT(2) 
PARAMETRIC_REPRESENTATION_CONTEXT() REPRESENTATION_CONTEXT('2D SPACE',''
  ) );
#10035 = ORIENTED_EDGE('',*,*,#10036,.T.);
#10036 = EDGE_CURVE('',#10014,#10037,#10039,.T.);
#10037 = VERTEX_POINT('',#10038);
#10038 = CARTESIAN_POINT('',(118.6,42.35,23.8));
#10039 = SURFACE_CURVE('',#10040,(#10044,#10051),.PCURVE_S1.);
#10040 = LINE('',#10041,#10042);
#10041 = CARTESIAN_POINT('',(118.6,57.1,23.8));
#10042 = VECTOR('',#10043,1.);
#10043 = DIRECTION('',(-1.110223024625E-16,1.,0.));
#10044 = PCURVE('',#4840,#10045);
#10045 = DEFINITIONAL_REPRESENTATION('',(#10046),#10050);
#10046 = LINE('',#10047,#10048);
#10047 = CARTESIAN_POINT('',(14.75,133.75));
#10048 = VECTOR('',#10049,1.);
#10049 = DIRECTION('',(-1.,0.));
#10050 = ( GEOMETRIC_REPRESENTATION_CONTEXT(2) 
PARAMETRIC_REPRESENTATION_CONTEXT() REPRESENTATION_CONTEXT('2D SPACE',''
  ) );
#10051 = PCURVE('',#10052,#10057);
#10052 = PLANE('',#10053);
#10053 = AXIS2_PLACEMENT_3D('',#10054,#10055,#10056);
#10054 = CARTESIAN_POINT('',(118.6,42.35,23.75));
#10055 = DIRECTION('',(1.,1.110223024625E-16,0.));
#10056 = DIRECTION('',(0.,0.,1.));
#10057 = DEFINITIONAL_REPRESENTATION('',(#10058),#10062);
#10058 = LINE('',#10059,#10060);
#10059 = CARTESIAN_POINT('',(5.E-02,-14.75));
#10060 = VECTOR('',#10061,1.);
#10061 = DIRECTION('',(0.,-1.));
#10062 = ( GEOMETRIC_REPRESENTATION_CONTEXT(2) 
PARAMETRIC_REPRESENTATION_CONTEXT() REPRESENTATION_CONTEXT('2D SPACE',''
  ) );
#10063 = ORIENTED_EDGE('',*,*,#10064,.T.);
#10064 = EDGE_CURVE('',#10037,#8710,#10065,.T.);
#10065 = SURFACE_CURVE('',#10066,(#10070,#10077),.PCURVE_S1.);
#10066 = LINE('',#10067,#10068);
#10067 = CARTESIAN_POINT('',(51.725,42.35,23.8));
#10068 = VECTOR('',#10069,1.);
#10069 = DIRECTION('',(1.,1.110223024625E-16,0.));
#10070 = PCURVE('',#4840,#10071);
#10071 = DEFINITIONAL_REPRESENTATION('',(#10072),#10076);
#10072 = LINE('',#10073,#10074);
#10073 = CARTESIAN_POINT('',(29.5,66.875));
#10074 = VECTOR('',#10075,1.);
#10075 = DIRECTION('',(0.,1.));
#10076 = ( GEOMETRIC_REPRESENTATION_CONTEXT(2) 
PARAMETRIC_REPRESENTATION_CONTEXT() REPRESENTATION_CONTEXT('2D SPACE',''
  ) );
#10077 = PCURVE('',#8748,#10078);
#10078 = DEFINITIONAL_REPRESENTATION('',(#10079),#10083);
#10079 = LINE('',#10080,#10081);
#10080 = CARTESIAN_POINT('',(5.E-02,66.875));
#10081 = VECTOR('',#10082,1.);
#10082 = DIRECTION('',(0.,-1.));
#10083 = ( GEOMETRIC_REPRESENTATION_CONTEXT(2) 
PARAMETRIC_REPRESENTATION_CONTEXT() REPRESENTATION_CONTEXT('2D SPACE',''
  ) );
#10084 = ORIENTED_EDGE('',*,*,#8709,.T.);
#10085 = ORIENTED_EDGE('',*,*,#8933,.T.);
#10086 = ORIENTED_EDGE('',*,*,#8958,.F.);
#10087 = ORIENTED_EDGE('',*,*,#9088,.F.);
#10088 = ORIENTED_EDGE('',*,*,#10089,.F.);
#10089 = EDGE_CURVE('',#9164,#9010,#10090,.T.);
#10090 = SURFACE_CURVE('',#10091,(#10095,#10102),.PCURVE_S1.);
#10091 = LINE('',#10092,#10093);
#10092 = CARTESIAN_POINT('',(47.925,68.1,23.8));
#10093 = VECTOR('',#10094,1.);
#10094 = DIRECTION('',(1.,1.110223024625E-16,0.));
#10095 = PCURVE('',#4840,#10096);
#10096 = DEFINITIONAL_REPRESENTATION('',(#10097),#10101);
#10097 = LINE('',#10098,#10099);
#10098 = CARTESIAN_POINT('',(3.75,63.075));
#10099 = VECTOR('',#10100,1.);
#10100 = DIRECTION('',(0.,1.));
#10101 = ( GEOMETRIC_REPRESENTATION_CONTEXT(2) 
PARAMETRIC_REPRESENTATION_CONTEXT() REPRESENTATION_CONTEXT('2D SPACE',''
  ) );
#10102 = PCURVE('',#9025,#10103);
#10103 = DEFINITIONAL_REPRESENTATION('',(#10104),#10108);
#10104 = LINE('',#10105,#10106);
#10105 = CARTESIAN_POINT('',(7.5,63.075));
#10106 = VECTOR('',#10107,1.);
#10107 = DIRECTION('',(0.,-1.));
#10108 = ( GEOMETRIC_REPRESENTATION_CONTEXT(2) 
PARAMETRIC_REPRESENTATION_CONTEXT() REPRESENTATION_CONTEXT('2D SPACE',''
  ) );
#10109 = ORIENTED_EDGE('',*,*,#9232,.T.);
#10110 = ORIENTED_EDGE('',*,*,#9256,.F.);
#10111 = ORIENTED_EDGE('',*,*,#9410,.F.);
#10112 = ORIENTED_EDGE('',*,*,#10113,.F.);
#10113 = EDGE_CURVE('',#9486,#9332,#10114,.T.);
#10114 = SURFACE_CURVE('',#10115,(#10119,#10126),.PCURVE_S1.);
#10115 = LINE('',#10116,#10117);
#10116 = CARTESIAN_POINT('',(22.425,68.1,23.8));
#10117 = VECTOR('',#10118,1.);
#10118 = DIRECTION('',(1.,1.110223024625E-16,0.));
#10119 = PCURVE('',#4840,#10120);
#10120 = DEFINITIONAL_REPRESENTATION('',(#10121),#10125);
#10121 = LINE('',#10122,#10123);
#10122 = CARTESIAN_POINT('',(3.75,37.575));
#10123 = VECTOR('',#10124,1.);
#10124 = DIRECTION('',(0.,1.));
#10125 = ( GEOMETRIC_REPRESENTATION_CONTEXT(2) 
PARAMETRIC_REPRESENTATION_CONTEXT() REPRESENTATION_CONTEXT('2D SPACE',''
  ) );
#10126 = PCURVE('',#9347,#10127);
#10127 = DEFINITIONAL_REPRESENTATION('',(#10128),#10132);
#10128 = LINE('',#10129,#10130);
#10129 = CARTESIAN_POINT('',(7.5,37.575));
#10130 = VECTOR('',#10131,1.);
#10131 = DIRECTION('',(0.,-1.));
#10132 = ( GEOMETRIC_REPRESENTATION_CONTEXT(2) 
PARAMETRIC_REPRESENTATION_CONTEXT() REPRESENTATION_CONTEXT('2D SPACE',''
  ) );
#10133 = ORIENTED_EDGE('',*,*,#9532,.T.);
#10134 = ORIENTED_EDGE('',*,*,#7466,.F.);
#10135 = ORIENTED_EDGE('',*,*,#10136,.F.);
#10136 = EDGE_CURVE('',#10137,#7467,#10139,.T.);
#10137 = VERTEX_POINT('',#10138);
#10138 = CARTESIAN_POINT('',(22.2,69.95,23.8));
#10139 = SURFACE_CURVE('',#10140,(#10145,#10152),.PCURVE_S1.);
#10140 = CIRCLE('',#10141,0.65);
#10141 = AXIS2_PLACEMENT_3D('',#10142,#10143,#10144);
#10142 = CARTESIAN_POINT('',(21.55,69.95,23.8));
#10143 = DIRECTION('',(0.,0.,1.));
#10144 = DIRECTION('',(-1.110223024625E-16,1.,0.));
#10145 = PCURVE('',#4840,#10146);
#10146 = DEFINITIONAL_REPRESENTATION('',(#10147),#10151);
#10147 = CIRCLE('',#10148,0.65);
#10148 = AXIS2_PLACEMENT_2D('',#10149,#10150);
#10149 = CARTESIAN_POINT('',(1.9,36.7));
#10150 = DIRECTION('',(-1.,0.));
#10151 = ( GEOMETRIC_REPRESENTATION_CONTEXT(2) 
PARAMETRIC_REPRESENTATION_CONTEXT() REPRESENTATION_CONTEXT('2D SPACE',''
  ) );
#10152 = PCURVE('',#7505,#10153);
#10153 = DEFINITIONAL_REPRESENTATION('',(#10154),#10158);
#10154 = LINE('',#10155,#10156);
#10155 = CARTESIAN_POINT('',(-6.28318530718,5.9));
#10156 = VECTOR('',#10157,1.);
#10157 = DIRECTION('',(1.,-0.));
#10158 = ( GEOMETRIC_REPRESENTATION_CONTEXT(2) 
PARAMETRIC_REPRESENTATION_CONTEXT() REPRESENTATION_CONTEXT('2D SPACE',''
  ) );
#10159 = ORIENTED_EDGE('',*,*,#10160,.F.);
#10160 = EDGE_CURVE('',#10161,#10137,#10163,.T.);
#10161 = VERTEX_POINT('',#10162);
#10162 = CARTESIAN_POINT('',(22.2,67.7,23.8));
#10163 = SURFACE_CURVE('',#10164,(#10168,#10175),.PCURVE_S1.);
#10164 = LINE('',#10165,#10166);
#10165 = CARTESIAN_POINT('',(22.2,71.225,23.8));
#10166 = VECTOR('',#10167,1.);
#10167 = DIRECTION('',(-1.110223024625E-16,1.,0.));
#10168 = PCURVE('',#4840,#10169);
#10169 = DEFINITIONAL_REPRESENTATION('',(#10170),#10174);
#10170 = LINE('',#10171,#10172);
#10171 = CARTESIAN_POINT('',(0.625,37.35));
#10172 = VECTOR('',#10173,1.);
#10173 = DIRECTION('',(-1.,0.));
#10174 = ( GEOMETRIC_REPRESENTATION_CONTEXT(2) 
PARAMETRIC_REPRESENTATION_CONTEXT() REPRESENTATION_CONTEXT('2D SPACE',''
  ) );
#10175 = PCURVE('',#10176,#10181);
#10176 = PLANE('',#10177);
#10177 = AXIS2_PLACEMENT_3D('',#10178,#10179,#10180);
#10178 = CARTESIAN_POINT('',(22.2,70.6,17.9));
#10179 = DIRECTION('',(1.,1.110223024625E-16,0.));
#10180 = DIRECTION('',(0.,0.,1.));
#10181 = DEFINITIONAL_REPRESENTATION('',(#10182),#10186);
#10182 = LINE('',#10183,#10184);
#10183 = CARTESIAN_POINT('',(5.9,-0.625));
#10184 = VECTOR('',#10185,1.);
#10185 = DIRECTION('',(0.,-1.));
#10186 = ( GEOMETRIC_REPRESENTATION_CONTEXT(2) 
PARAMETRIC_REPRESENTATION_CONTEXT() REPRESENTATION_CONTEXT('2D SPACE',''
  ) );
#10187 = ORIENTED_EDGE('',*,*,#10188,.T.);
#10188 = EDGE_CURVE('',#10161,#10189,#10191,.T.);
#10189 = VERTEX_POINT('',#10190);
#10190 = CARTESIAN_POINT('',(23.,67.7,23.8));
#10191 = SURFACE_CURVE('',#10192,(#10196,#10203),.PCURVE_S1.);
#10192 = LINE('',#10193,#10194);
#10193 = CARTESIAN_POINT('',(-2.475,67.7,23.8));
#10194 = VECTOR('',#10195,1.);
#10195 = DIRECTION('',(1.,1.110223024625E-16,0.));
#10196 = PCURVE('',#4840,#10197);
#10197 = DEFINITIONAL_REPRESENTATION('',(#10198),#10202);
#10198 = LINE('',#10199,#10200);
#10199 = CARTESIAN_POINT('',(4.15,12.675));
#10200 = VECTOR('',#10201,1.);
#10201 = DIRECTION('',(0.,1.));
#10202 = ( GEOMETRIC_REPRESENTATION_CONTEXT(2) 
PARAMETRIC_REPRESENTATION_CONTEXT() REPRESENTATION_CONTEXT('2D SPACE',''
  ) );
#10203 = PCURVE('',#10204,#10209);
#10204 = PLANE('',#10205);
#10205 = AXIS2_PLACEMENT_3D('',#10206,#10207,#10208);
#10206 = CARTESIAN_POINT('',(10.2,67.7,23.75));
#10207 = DIRECTION('',(1.110223024625E-16,-1.,0.));
#10208 = DIRECTION('',(0.,0.,1.));
#10209 = DEFINITIONAL_REPRESENTATION('',(#10210),#10214);
#10210 = LINE('',#10211,#10212);
#10211 = CARTESIAN_POINT('',(5.E-02,12.675));
#10212 = VECTOR('',#10213,1.);
#10213 = DIRECTION('',(0.,-1.));
#10214 = ( GEOMETRIC_REPRESENTATION_CONTEXT(2) 
PARAMETRIC_REPRESENTATION_CONTEXT() REPRESENTATION_CONTEXT('2D SPACE',''
  ) );
#10215 = ORIENTED_EDGE('',*,*,#10216,.F.);
#10216 = EDGE_CURVE('',#10217,#10189,#10219,.T.);
#10217 = VERTEX_POINT('',#10218);
#10218 = CARTESIAN_POINT('',(23.,53.7,23.8));
#10219 = SURFACE_CURVE('',#10220,(#10224,#10231),.PCURVE_S1.);
#10220 = LINE('',#10221,#10222);
#10221 = CARTESIAN_POINT('',(23.,69.775,23.8));
#10222 = VECTOR('',#10223,1.);
#10223 = DIRECTION('',(-1.110223024625E-16,1.,0.));
#10224 = PCURVE('',#4840,#10225);
#10225 = DEFINITIONAL_REPRESENTATION('',(#10226),#10230);
#10226 = LINE('',#10227,#10228);
#10227 = CARTESIAN_POINT('',(2.075,38.15));
#10228 = VECTOR('',#10229,1.);
#10229 = DIRECTION('',(-1.,0.));
#10230 = ( GEOMETRIC_REPRESENTATION_CONTEXT(2) 
PARAMETRIC_REPRESENTATION_CONTEXT() REPRESENTATION_CONTEXT('2D SPACE',''
  ) );
#10231 = PCURVE('',#10232,#10237);
#10232 = PLANE('',#10233);
#10233 = AXIS2_PLACEMENT_3D('',#10234,#10235,#10236);
#10234 = CARTESIAN_POINT('',(23.,67.7,23.75));
#10235 = DIRECTION('',(1.,1.110223024625E-16,0.));
#10236 = DIRECTION('',(0.,0.,1.));
#10237 = DEFINITIONAL_REPRESENTATION('',(#10238),#10242);
#10238 = LINE('',#10239,#10240);
#10239 = CARTESIAN_POINT('',(5.E-02,-2.075));
#10240 = VECTOR('',#10241,1.);
#10241 = DIRECTION('',(0.,-1.));
#10242 = ( GEOMETRIC_REPRESENTATION_CONTEXT(2) 
PARAMETRIC_REPRESENTATION_CONTEXT() REPRESENTATION_CONTEXT('2D SPACE',''
  ) );
#10243 = ORIENTED_EDGE('',*,*,#10244,.F.);
#10244 = EDGE_CURVE('',#10245,#10217,#10247,.T.);
#10245 = VERTEX_POINT('',#10246);
#10246 = CARTESIAN_POINT('',(10.2,53.7,23.8));
#10247 = SURFACE_CURVE('',#10248,(#10252,#10259),.PCURVE_S1.);
#10248 = LINE('',#10249,#10250);
#10249 = CARTESIAN_POINT('',(-2.475,53.7,23.8));
#10250 = VECTOR('',#10251,1.);
#10251 = DIRECTION('',(1.,1.110223024625E-16,0.));
#10252 = PCURVE('',#4840,#10253);
#10253 = DEFINITIONAL_REPRESENTATION('',(#10254),#10258);
#10254 = LINE('',#10255,#10256);
#10255 = CARTESIAN_POINT('',(18.15,12.675));
#10256 = VECTOR('',#10257,1.);
#10257 = DIRECTION('',(0.,1.));
#10258 = ( GEOMETRIC_REPRESENTATION_CONTEXT(2) 
PARAMETRIC_REPRESENTATION_CONTEXT() REPRESENTATION_CONTEXT('2D SPACE',''
  ) );
#10259 = PCURVE('',#10260,#10265);
#10260 = PLANE('',#10261);
#10261 = AXIS2_PLACEMENT_3D('',#10262,#10263,#10264);
#10262 = CARTESIAN_POINT('',(10.2,53.7,23.75));
#10263 = DIRECTION('',(1.110223024625E-16,-1.,0.));
#10264 = DIRECTION('',(0.,0.,1.));
#10265 = DEFINITIONAL_REPRESENTATION('',(#10266),#10270);
#10266 = LINE('',#10267,#10268);
#10267 = CARTESIAN_POINT('',(5.E-02,12.675));
#10268 = VECTOR('',#10269,1.);
#10269 = DIRECTION('',(0.,-1.));
#10270 = ( GEOMETRIC_REPRESENTATION_CONTEXT(2) 
PARAMETRIC_REPRESENTATION_CONTEXT() REPRESENTATION_CONTEXT('2D SPACE',''
  ) );
#10271 = ORIENTED_EDGE('',*,*,#10272,.T.);
#10272 = EDGE_CURVE('',#10245,#10273,#10275,.T.);
#10273 = VERTEX_POINT('',#10274);
#10274 = CARTESIAN_POINT('',(10.2,67.7,23.8));
#10275 = SURFACE_CURVE('',#10276,(#10280,#10287),.PCURVE_S1.);
#10276 = LINE('',#10277,#10278);
#10277 = CARTESIAN_POINT('',(10.2,69.775,23.8));
#10278 = VECTOR('',#10279,1.);
#10279 = DIRECTION('',(-1.110223024625E-16,1.,0.));
#10280 = PCURVE('',#4840,#10281);
#10281 = DEFINITIONAL_REPRESENTATION('',(#10282),#10286);
#10282 = LINE('',#10283,#10284);
#10283 = CARTESIAN_POINT('',(2.075,25.35));
#10284 = VECTOR('',#10285,1.);
#10285 = DIRECTION('',(-1.,0.));
#10286 = ( GEOMETRIC_REPRESENTATION_CONTEXT(2) 
PARAMETRIC_REPRESENTATION_CONTEXT() REPRESENTATION_CONTEXT('2D SPACE',''
  ) );
#10287 = PCURVE('',#10288,#10293);
#10288 = PLANE('',#10289);
#10289 = AXIS2_PLACEMENT_3D('',#10290,#10291,#10292);
#10290 = CARTESIAN_POINT('',(10.2,67.7,23.75));
#10291 = DIRECTION('',(1.,1.110223024625E-16,0.));
#10292 = DIRECTION('',(0.,0.,1.));
#10293 = DEFINITIONAL_REPRESENTATION('',(#10294),#10298);
#10294 = LINE('',#10295,#10296);
#10295 = CARTESIAN_POINT('',(5.E-02,-2.075));
#10296 = VECTOR('',#10297,1.);
#10297 = DIRECTION('',(0.,-1.));
#10298 = ( GEOMETRIC_REPRESENTATION_CONTEXT(2) 
PARAMETRIC_REPRESENTATION_CONTEXT() REPRESENTATION_CONTEXT('2D SPACE',''
  ) );
#10299 = ORIENTED_EDGE('',*,*,#10300,.T.);
#10300 = EDGE_CURVE('',#10273,#10301,#10303,.T.);
#10301 = VERTEX_POINT('',#10302);
#10302 = CARTESIAN_POINT('',(15.5,67.7,23.8));
#10303 = SURFACE_CURVE('',#10304,(#10308,#10315),.PCURVE_S1.);
#10304 = LINE('',#10305,#10306);
#10305 = CARTESIAN_POINT('',(-2.475,67.7,23.8));
#10306 = VECTOR('',#10307,1.);
#10307 = DIRECTION('',(1.,1.110223024625E-16,0.));
#10308 = PCURVE('',#4840,#10309);
#10309 = DEFINITIONAL_REPRESENTATION('',(#10310),#10314);
#10310 = LINE('',#10311,#10312);
#10311 = CARTESIAN_POINT('',(4.15,12.675));
#10312 = VECTOR('',#10313,1.);
#10313 = DIRECTION('',(0.,1.));
#10314 = ( GEOMETRIC_REPRESENTATION_CONTEXT(2) 
PARAMETRIC_REPRESENTATION_CONTEXT() REPRESENTATION_CONTEXT('2D SPACE',''
  ) );
#10315 = PCURVE('',#10316,#10321);
#10316 = PLANE('',#10317);
#10317 = AXIS2_PLACEMENT_3D('',#10318,#10319,#10320);
#10318 = CARTESIAN_POINT('',(10.2,67.7,23.75));
#10319 = DIRECTION('',(1.110223024625E-16,-1.,0.));
#10320 = DIRECTION('',(0.,0.,1.));
#10321 = DEFINITIONAL_REPRESENTATION('',(#10322),#10326);
#10322 = LINE('',#10323,#10324);
#10323 = CARTESIAN_POINT('',(5.E-02,12.675));
#10324 = VECTOR('',#10325,1.);
#10325 = DIRECTION('',(0.,-1.));
#10326 = ( GEOMETRIC_REPRESENTATION_CONTEXT(2) 
PARAMETRIC_REPRESENTATION_CONTEXT() REPRESENTATION_CONTEXT('2D SPACE',''
  ) );
#10327 = ORIENTED_EDGE('',*,*,#10328,.T.);
#10328 = EDGE_CURVE('',#10301,#10329,#10331,.T.);
#10329 = VERTEX_POINT('',#10330);
#10330 = CARTESIAN_POINT('',(15.5,69.95,23.8));
#10331 = SURFACE_CURVE('',#10332,(#10336,#10343),.PCURVE_S1.);
#10332 = LINE('',#10333,#10334);
#10333 = CARTESIAN_POINT('',(15.5,71.225,23.8));
#10334 = VECTOR('',#10335,1.);
#10335 = DIRECTION('',(-1.110223024625E-16,1.,0.));
#10336 = PCURVE('',#4840,#10337);
#10337 = DEFINITIONAL_REPRESENTATION('',(#10338),#10342);
#10338 = LINE('',#10339,#10340);
#10339 = CARTESIAN_POINT('',(0.625,30.65));
#10340 = VECTOR('',#10341,1.);
#10341 = DIRECTION('',(-1.,0.));
#10342 = ( GEOMETRIC_REPRESENTATION_CONTEXT(2) 
PARAMETRIC_REPRESENTATION_CONTEXT() REPRESENTATION_CONTEXT('2D SPACE',''
  ) );
#10343 = PCURVE('',#10344,#10349);
#10344 = PLANE('',#10345);
#10345 = AXIS2_PLACEMENT_3D('',#10346,#10347,#10348);
#10346 = CARTESIAN_POINT('',(15.5,70.6,17.9));
#10347 = DIRECTION('',(1.,1.110223024625E-16,0.));
#10348 = DIRECTION('',(0.,0.,1.));
#10349 = DEFINITIONAL_REPRESENTATION('',(#10350),#10354);
#10350 = LINE('',#10351,#10352);
#10351 = CARTESIAN_POINT('',(5.9,-0.625));
#10352 = VECTOR('',#10353,1.);
#10353 = DIRECTION('',(0.,-1.));
#10354 = ( GEOMETRIC_REPRESENTATION_CONTEXT(2) 
PARAMETRIC_REPRESENTATION_CONTEXT() REPRESENTATION_CONTEXT('2D SPACE',''
  ) );
#10355 = ORIENTED_EDGE('',*,*,#10356,.F.);
#10356 = EDGE_CURVE('',#7395,#10329,#10357,.T.);
#10357 = SURFACE_CURVE('',#10358,(#10363,#10370),.PCURVE_S1.);
#10358 = CIRCLE('',#10359,0.65);
#10359 = AXIS2_PLACEMENT_3D('',#10360,#10361,#10362);
#10360 = CARTESIAN_POINT('',(16.15,69.95,23.8));
#10361 = DIRECTION('',(0.,0.,1.));
#10362 = DIRECTION('',(-1.110223024625E-16,1.,0.));
#10363 = PCURVE('',#4840,#10364);
#10364 = DEFINITIONAL_REPRESENTATION('',(#10365),#10369);
#10365 = CIRCLE('',#10366,0.65);
#10366 = AXIS2_PLACEMENT_2D('',#10367,#10368);
#10367 = CARTESIAN_POINT('',(1.9,31.3));
#10368 = DIRECTION('',(-1.,0.));
#10369 = ( GEOMETRIC_REPRESENTATION_CONTEXT(2) 
PARAMETRIC_REPRESENTATION_CONTEXT() REPRESENTATION_CONTEXT('2D SPACE',''
  ) );
#10370 = PCURVE('',#7559,#10371);
#10371 = DEFINITIONAL_REPRESENTATION('',(#10372),#10376);
#10372 = LINE('',#10373,#10374);
#10373 = CARTESIAN_POINT('',(0.,5.9));
#10374 = VECTOR('',#10375,1.);
#10375 = DIRECTION('',(1.,0.));
#10376 = ( GEOMETRIC_REPRESENTATION_CONTEXT(2) 
PARAMETRIC_REPRESENTATION_CONTEXT() REPRESENTATION_CONTEXT('2D SPACE',''
  ) );
#10377 = FACE_BOUND('',#10378,.F.);
#10378 = EDGE_LOOP('',(#10379,#10405,#10428,#10452,#10475,#10499,#10522,
    #10546));
#10379 = ORIENTED_EDGE('',*,*,#10380,.F.);
#10380 = EDGE_CURVE('',#10381,#10383,#10385,.T.);
#10381 = VERTEX_POINT('',#10382);
#10382 = CARTESIAN_POINT('',(8.025,39.55,23.8));
#10383 = VERTEX_POINT('',#10384);
#10384 = CARTESIAN_POINT('',(3.835,35.36,23.8));
#10385 = SURFACE_CURVE('',#10386,(#10391,#10398),.PCURVE_S1.);
#10386 = CIRCLE('',#10387,4.19);
#10387 = AXIS2_PLACEMENT_3D('',#10388,#10389,#10390);
#10388 = CARTESIAN_POINT('',(8.025,35.36,23.8));
#10389 = DIRECTION('',(0.,0.,1.));
#10390 = DIRECTION('',(-1.110223024625E-16,1.,0.));
#10391 = PCURVE('',#4840,#10392);
#10392 = DEFINITIONAL_REPRESENTATION('',(#10393),#10397);
#10393 = CIRCLE('',#10394,4.19);
#10394 = AXIS2_PLACEMENT_2D('',#10395,#10396);
#10395 = CARTESIAN_POINT('',(36.49,23.175));
#10396 = DIRECTION('',(-1.,0.));
#10397 = ( GEOMETRIC_REPRESENTATION_CONTEXT(2) 
PARAMETRIC_REPRESENTATION_CONTEXT() REPRESENTATION_CONTEXT('2D SPACE',''
  ) );
#10398 = PCURVE('',#9603,#10399);
#10399 = DEFINITIONAL_REPRESENTATION('',(#10400),#10404);
#10400 = LINE('',#10401,#10402);
#10401 = CARTESIAN_POINT('',(0.,0.1));
#10402 = VECTOR('',#10403,1.);
#10403 = DIRECTION('',(1.,0.));
#10404 = ( GEOMETRIC_REPRESENTATION_CONTEXT(2) 
PARAMETRIC_REPRESENTATION_CONTEXT() REPRESENTATION_CONTEXT('2D SPACE',''
  ) );
#10405 = ORIENTED_EDGE('',*,*,#10406,.T.);
#10406 = EDGE_CURVE('',#10381,#10407,#10409,.T.);
#10407 = VERTEX_POINT('',#10408);
#10408 = CARTESIAN_POINT('',(14.79,39.55,23.8));
#10409 = SURFACE_CURVE('',#10410,(#10414,#10421),.PCURVE_S1.);
#10410 = LINE('',#10411,#10412);
#10411 = CARTESIAN_POINT('',(-5.6575,39.55,23.8));
#10412 = VECTOR('',#10413,1.);
#10413 = DIRECTION('',(1.,1.110223024625E-16,0.));
#10414 = PCURVE('',#4840,#10415);
#10415 = DEFINITIONAL_REPRESENTATION('',(#10416),#10420);
#10416 = LINE('',#10417,#10418);
#10417 = CARTESIAN_POINT('',(32.3,9.4925));
#10418 = VECTOR('',#10419,1.);
#10419 = DIRECTION('',(0.,1.));
#10420 = ( GEOMETRIC_REPRESENTATION_CONTEXT(2) 
PARAMETRIC_REPRESENTATION_CONTEXT() REPRESENTATION_CONTEXT('2D SPACE',''
  ) );
#10421 = PCURVE('',#9574,#10422);
#10422 = DEFINITIONAL_REPRESENTATION('',(#10423),#10427);
#10423 = LINE('',#10424,#10425);
#10424 = CARTESIAN_POINT('',(0.1,9.4925));
#10425 = VECTOR('',#10426,1.);
#10426 = DIRECTION('',(0.,-1.));
#10427 = ( GEOMETRIC_REPRESENTATION_CONTEXT(2) 
PARAMETRIC_REPRESENTATION_CONTEXT() REPRESENTATION_CONTEXT('2D SPACE',''
  ) );
#10428 = ORIENTED_EDGE('',*,*,#10429,.F.);
#10429 = EDGE_CURVE('',#10430,#10407,#10432,.T.);
#10430 = VERTEX_POINT('',#10431);
#10431 = CARTESIAN_POINT('',(18.98,35.36,23.8));
#10432 = SURFACE_CURVE('',#10433,(#10438,#10445),.PCURVE_S1.);
#10433 = CIRCLE('',#10434,4.19);
#10434 = AXIS2_PLACEMENT_3D('',#10435,#10436,#10437);
#10435 = CARTESIAN_POINT('',(14.79,35.36,23.8));
#10436 = DIRECTION('',(0.,0.,1.));
#10437 = DIRECTION('',(-1.110223024625E-16,1.,0.));
#10438 = PCURVE('',#4840,#10439);
#10439 = DEFINITIONAL_REPRESENTATION('',(#10440),#10444);
#10440 = CIRCLE('',#10441,4.19);
#10441 = AXIS2_PLACEMENT_2D('',#10442,#10443);
#10442 = CARTESIAN_POINT('',(36.49,29.94));
#10443 = DIRECTION('',(-1.,0.));
#10444 = ( GEOMETRIC_REPRESENTATION_CONTEXT(2) 
PARAMETRIC_REPRESENTATION_CONTEXT() REPRESENTATION_CONTEXT('2D SPACE',''
  ) );
#10445 = PCURVE('',#9780,#10446);
#10446 = DEFINITIONAL_REPRESENTATION('',(#10447),#10451);
#10447 = LINE('',#10448,#10449);
#10448 = CARTESIAN_POINT('',(-6.28318530718,0.1));
#10449 = VECTOR('',#10450,1.);
#10450 = DIRECTION('',(1.,-0.));
#10451 = ( GEOMETRIC_REPRESENTATION_CONTEXT(2) 
PARAMETRIC_REPRESENTATION_CONTEXT() REPRESENTATION_CONTEXT('2D SPACE',''
  ) );
#10452 = ORIENTED_EDGE('',*,*,#10453,.F.);
#10453 = EDGE_CURVE('',#10454,#10430,#10456,.T.);
#10454 = VERTEX_POINT('',#10455);
#10455 = CARTESIAN_POINT('',(18.98,35.34,23.8));
#10456 = SURFACE_CURVE('',#10457,(#10461,#10468),.PCURVE_S1.);
#10457 = LINE('',#10458,#10459);
#10458 = CARTESIAN_POINT('',(18.98,55.7,23.8));
#10459 = VECTOR('',#10460,1.);
#10460 = DIRECTION('',(-1.110223024625E-16,1.,0.));
#10461 = PCURVE('',#4840,#10462);
#10462 = DEFINITIONAL_REPRESENTATION('',(#10463),#10467);
#10463 = LINE('',#10464,#10465);
#10464 = CARTESIAN_POINT('',(16.15,34.13));
#10465 = VECTOR('',#10466,1.);
#10466 = DIRECTION('',(-1.,0.));
#10467 = ( GEOMETRIC_REPRESENTATION_CONTEXT(2) 
PARAMETRIC_REPRESENTATION_CONTEXT() REPRESENTATION_CONTEXT('2D SPACE',''
  ) );
#10468 = PCURVE('',#9749,#10469);
#10469 = DEFINITIONAL_REPRESENTATION('',(#10470),#10474);
#10470 = LINE('',#10471,#10472);
#10471 = CARTESIAN_POINT('',(0.1,-16.15));
#10472 = VECTOR('',#10473,1.);
#10473 = DIRECTION('',(0.,-1.));
#10474 = ( GEOMETRIC_REPRESENTATION_CONTEXT(2) 
PARAMETRIC_REPRESENTATION_CONTEXT() REPRESENTATION_CONTEXT('2D SPACE',''
  ) );
#10475 = ORIENTED_EDGE('',*,*,#10476,.F.);
#10476 = EDGE_CURVE('',#10477,#10454,#10479,.T.);
#10477 = VERTEX_POINT('',#10478);
#10478 = CARTESIAN_POINT('',(14.79,31.15,23.8));
#10479 = SURFACE_CURVE('',#10480,(#10485,#10492),.PCURVE_S1.);
#10480 = CIRCLE('',#10481,4.19);
#10481 = AXIS2_PLACEMENT_3D('',#10482,#10483,#10484);
#10482 = CARTESIAN_POINT('',(14.79,35.34,23.8));
#10483 = DIRECTION('',(-0.,0.,1.));
#10484 = DIRECTION('',(1.110223024625E-16,-1.,0.));
#10485 = PCURVE('',#4840,#10486);
#10486 = DEFINITIONAL_REPRESENTATION('',(#10487),#10491);
#10487 = CIRCLE('',#10488,4.19);
#10488 = AXIS2_PLACEMENT_2D('',#10489,#10490);
#10489 = CARTESIAN_POINT('',(36.51,29.94));
#10490 = DIRECTION('',(1.,0.));
#10491 = ( GEOMETRIC_REPRESENTATION_CONTEXT(2) 
PARAMETRIC_REPRESENTATION_CONTEXT() REPRESENTATION_CONTEXT('2D SPACE',''
  ) );
#10492 = PCURVE('',#9721,#10493);
#10493 = DEFINITIONAL_REPRESENTATION('',(#10494),#10498);
#10494 = LINE('',#10495,#10496);
#10495 = CARTESIAN_POINT('',(0.,0.1));
#10496 = VECTOR('',#10497,1.);
#10497 = DIRECTION('',(1.,0.));
#10498 = ( GEOMETRIC_REPRESENTATION_CONTEXT(2) 
PARAMETRIC_REPRESENTATION_CONTEXT() REPRESENTATION_CONTEXT('2D SPACE',''
  ) );
#10499 = ORIENTED_EDGE('',*,*,#10500,.F.);
#10500 = EDGE_CURVE('',#10501,#10477,#10503,.T.);
#10501 = VERTEX_POINT('',#10502);
#10502 = CARTESIAN_POINT('',(8.025,31.15,23.8));
#10503 = SURFACE_CURVE('',#10504,(#10508,#10515),.PCURVE_S1.);
#10504 = LINE('',#10505,#10506);
#10505 = CARTESIAN_POINT('',(-5.6575,31.15,23.8));
#10506 = VECTOR('',#10507,1.);
#10507 = DIRECTION('',(1.,1.110223024625E-16,0.));
#10508 = PCURVE('',#4840,#10509);
#10509 = DEFINITIONAL_REPRESENTATION('',(#10510),#10514);
#10510 = LINE('',#10511,#10512);
#10511 = CARTESIAN_POINT('',(40.7,9.4925));
#10512 = VECTOR('',#10513,1.);
#10513 = DIRECTION('',(0.,1.));
#10514 = ( GEOMETRIC_REPRESENTATION_CONTEXT(2) 
PARAMETRIC_REPRESENTATION_CONTEXT() REPRESENTATION_CONTEXT('2D SPACE',''
  ) );
#10515 = PCURVE('',#9692,#10516);
#10516 = DEFINITIONAL_REPRESENTATION('',(#10517),#10521);
#10517 = LINE('',#10518,#10519);
#10518 = CARTESIAN_POINT('',(0.1,9.4925));
#10519 = VECTOR('',#10520,1.);
#10520 = DIRECTION('',(0.,-1.));
#10521 = ( GEOMETRIC_REPRESENTATION_CONTEXT(2) 
PARAMETRIC_REPRESENTATION_CONTEXT() REPRESENTATION_CONTEXT('2D SPACE',''
  ) );
#10522 = ORIENTED_EDGE('',*,*,#10523,.F.);
#10523 = EDGE_CURVE('',#10524,#10501,#10526,.T.);
#10524 = VERTEX_POINT('',#10525);
#10525 = CARTESIAN_POINT('',(3.835,35.34,23.8));
#10526 = SURFACE_CURVE('',#10527,(#10532,#10539),.PCURVE_S1.);
#10527 = CIRCLE('',#10528,4.19);
#10528 = AXIS2_PLACEMENT_3D('',#10529,#10530,#10531);
#10529 = CARTESIAN_POINT('',(8.025,35.34,23.8));
#10530 = DIRECTION('',(-0.,0.,1.));
#10531 = DIRECTION('',(1.110223024625E-16,-1.,0.));
#10532 = PCURVE('',#4840,#10533);
#10533 = DEFINITIONAL_REPRESENTATION('',(#10534),#10538);
#10534 = CIRCLE('',#10535,4.19);
#10535 = AXIS2_PLACEMENT_2D('',#10536,#10537);
#10536 = CARTESIAN_POINT('',(36.51,23.175));
#10537 = DIRECTION('',(1.,0.));
#10538 = ( GEOMETRIC_REPRESENTATION_CONTEXT(2) 
PARAMETRIC_REPRESENTATION_CONTEXT() REPRESENTATION_CONTEXT('2D SPACE',''
  ) );
#10539 = PCURVE('',#9664,#10540);
#10540 = DEFINITIONAL_REPRESENTATION('',(#10541),#10545);
#10541 = LINE('',#10542,#10543);
#10542 = CARTESIAN_POINT('',(-6.28318530718,0.1));
#10543 = VECTOR('',#10544,1.);
#10544 = DIRECTION('',(1.,-0.));
#10545 = ( GEOMETRIC_REPRESENTATION_CONTEXT(2) 
PARAMETRIC_REPRESENTATION_CONTEXT() REPRESENTATION_CONTEXT('2D SPACE',''
  ) );
#10546 = ORIENTED_EDGE('',*,*,#10547,.T.);
#10547 = EDGE_CURVE('',#10524,#10383,#10548,.T.);
#10548 = SURFACE_CURVE('',#10549,(#10553,#10560),.PCURVE_S1.);
#10549 = LINE('',#10550,#10551);
#10550 = CARTESIAN_POINT('',(3.835,55.7,23.8));
#10551 = VECTOR('',#10552,1.);
#10552 = DIRECTION('',(-1.110223024625E-16,1.,0.));
#10553 = PCURVE('',#4840,#10554);
#10554 = DEFINITIONAL_REPRESENTATION('',(#10555),#10559);
#10555 = LINE('',#10556,#10557);
#10556 = CARTESIAN_POINT('',(16.15,18.985));
#10557 = VECTOR('',#10558,1.);
#10558 = DIRECTION('',(-1.,0.));
#10559 = ( GEOMETRIC_REPRESENTATION_CONTEXT(2) 
PARAMETRIC_REPRESENTATION_CONTEXT() REPRESENTATION_CONTEXT('2D SPACE',''
  ) );
#10560 = PCURVE('',#9631,#10561);
#10561 = DEFINITIONAL_REPRESENTATION('',(#10562),#10566);
#10562 = LINE('',#10563,#10564);
#10563 = CARTESIAN_POINT('',(0.1,-16.15));
#10564 = VECTOR('',#10565,1.);
#10565 = DIRECTION('',(0.,-1.));
#10566 = ( GEOMETRIC_REPRESENTATION_CONTEXT(2) 
PARAMETRIC_REPRESENTATION_CONTEXT() REPRESENTATION_CONTEXT('2D SPACE',''
  ) );
#10567 = FACE_BOUND('',#10568,.F.);
#10568 = EDGE_LOOP('',(#10569,#10600,#10628,#10657,#10685,#10714,#10742,
    #10771));
#10569 = ORIENTED_EDGE('',*,*,#10570,.F.);
#10570 = EDGE_CURVE('',#10571,#10573,#10575,.T.);
#10571 = VERTEX_POINT('',#10572);
#10572 = CARTESIAN_POINT('',(50.9,67.5,23.8));
#10573 = VERTEX_POINT('',#10574);
#10574 = CARTESIAN_POINT('',(50.5,67.1,23.8));
#10575 = SURFACE_CURVE('',#10576,(#10581,#10588),.PCURVE_S1.);
#10576 = CIRCLE('',#10577,0.4);
#10577 = AXIS2_PLACEMENT_3D('',#10578,#10579,#10580);
#10578 = CARTESIAN_POINT('',(50.9,67.1,23.8));
#10579 = DIRECTION('',(0.,0.,1.));
#10580 = DIRECTION('',(-1.110223024625E-16,1.,0.));
#10581 = PCURVE('',#4840,#10582);
#10582 = DEFINITIONAL_REPRESENTATION('',(#10583),#10587);
#10583 = CIRCLE('',#10584,0.4);
#10584 = AXIS2_PLACEMENT_2D('',#10585,#10586);
#10585 = CARTESIAN_POINT('',(4.75,66.05));
#10586 = DIRECTION('',(-1.,0.));
#10587 = ( GEOMETRIC_REPRESENTATION_CONTEXT(2) 
PARAMETRIC_REPRESENTATION_CONTEXT() REPRESENTATION_CONTEXT('2D SPACE',''
  ) );
#10588 = PCURVE('',#10589,#10594);
#10589 = CYLINDRICAL_SURFACE('',#10590,0.4);
#10590 = AXIS2_PLACEMENT_3D('',#10591,#10592,#10593);
#10591 = CARTESIAN_POINT('',(50.9,67.1,21.8));
#10592 = DIRECTION('',(0.,0.,1.));
#10593 = DIRECTION('',(-1.110223024625E-16,1.,0.));
#10594 = DEFINITIONAL_REPRESENTATION('',(#10595),#10599);
#10595 = LINE('',#10596,#10597);
#10596 = CARTESIAN_POINT('',(0.,2.));
#10597 = VECTOR('',#10598,1.);
#10598 = DIRECTION('',(1.,0.));
#10599 = ( GEOMETRIC_REPRESENTATION_CONTEXT(2) 
PARAMETRIC_REPRESENTATION_CONTEXT() REPRESENTATION_CONTEXT('2D SPACE',''
  ) );
#10600 = ORIENTED_EDGE('',*,*,#10601,.T.);
#10601 = EDGE_CURVE('',#10571,#10602,#10604,.T.);
#10602 = VERTEX_POINT('',#10603);
#10603 = CARTESIAN_POINT('',(52.1,67.5,23.8));
#10604 = SURFACE_CURVE('',#10605,(#10609,#10616),.PCURVE_S1.);
#10605 = LINE('',#10606,#10607);
#10606 = CARTESIAN_POINT('',(17.675,67.5,23.8));
#10607 = VECTOR('',#10608,1.);
#10608 = DIRECTION('',(1.,1.110223024625E-16,0.));
#10609 = PCURVE('',#4840,#10610);
#10610 = DEFINITIONAL_REPRESENTATION('',(#10611),#10615);
#10611 = LINE('',#10612,#10613);
#10612 = CARTESIAN_POINT('',(4.35,32.825));
#10613 = VECTOR('',#10614,1.);
#10614 = DIRECTION('',(0.,1.));
#10615 = ( GEOMETRIC_REPRESENTATION_CONTEXT(2) 
PARAMETRIC_REPRESENTATION_CONTEXT() REPRESENTATION_CONTEXT('2D SPACE',''
  ) );
#10616 = PCURVE('',#10617,#10622);
#10617 = PLANE('',#10618);
#10618 = AXIS2_PLACEMENT_3D('',#10619,#10620,#10621);
#10619 = CARTESIAN_POINT('',(50.5,67.5,21.8));
#10620 = DIRECTION('',(1.110223024625E-16,-1.,0.));
#10621 = DIRECTION('',(0.,0.,1.));
#10622 = DEFINITIONAL_REPRESENTATION('',(#10623),#10627);
#10623 = LINE('',#10624,#10625);
#10624 = CARTESIAN_POINT('',(2.,32.825));
#10625 = VECTOR('',#10626,1.);
#10626 = DIRECTION('',(0.,-1.));
#10627 = ( GEOMETRIC_REPRESENTATION_CONTEXT(2) 
PARAMETRIC_REPRESENTATION_CONTEXT() REPRESENTATION_CONTEXT('2D SPACE',''
  ) );
#10628 = ORIENTED_EDGE('',*,*,#10629,.F.);
#10629 = EDGE_CURVE('',#10630,#10602,#10632,.T.);
#10630 = VERTEX_POINT('',#10631);
#10631 = CARTESIAN_POINT('',(52.5,67.1,23.8));
#10632 = SURFACE_CURVE('',#10633,(#10638,#10645),.PCURVE_S1.);
#10633 = CIRCLE('',#10634,0.4);
#10634 = AXIS2_PLACEMENT_3D('',#10635,#10636,#10637);
#10635 = CARTESIAN_POINT('',(52.1,67.1,23.8));
#10636 = DIRECTION('',(0.,0.,1.));
#10637 = DIRECTION('',(-1.110223024625E-16,1.,0.));
#10638 = PCURVE('',#4840,#10639);
#10639 = DEFINITIONAL_REPRESENTATION('',(#10640),#10644);
#10640 = CIRCLE('',#10641,0.4);
#10641 = AXIS2_PLACEMENT_2D('',#10642,#10643);
#10642 = CARTESIAN_POINT('',(4.75,67.25));
#10643 = DIRECTION('',(-1.,0.));
#10644 = ( GEOMETRIC_REPRESENTATION_CONTEXT(2) 
PARAMETRIC_REPRESENTATION_CONTEXT() REPRESENTATION_CONTEXT('2D SPACE',''
  ) );
#10645 = PCURVE('',#10646,#10651);
#10646 = CYLINDRICAL_SURFACE('',#10647,0.4);
#10647 = AXIS2_PLACEMENT_3D('',#10648,#10649,#10650);
#10648 = CARTESIAN_POINT('',(52.1,67.1,21.8));
#10649 = DIRECTION('',(0.,0.,1.));
#10650 = DIRECTION('',(-1.110223024625E-16,1.,0.));
#10651 = DEFINITIONAL_REPRESENTATION('',(#10652),#10656);
#10652 = LINE('',#10653,#10654);
#10653 = CARTESIAN_POINT('',(-6.28318530718,2.));
#10654 = VECTOR('',#10655,1.);
#10655 = DIRECTION('',(1.,-0.));
#10656 = ( GEOMETRIC_REPRESENTATION_CONTEXT(2) 
PARAMETRIC_REPRESENTATION_CONTEXT() REPRESENTATION_CONTEXT('2D SPACE',''
  ) );
#10657 = ORIENTED_EDGE('',*,*,#10658,.F.);
#10658 = EDGE_CURVE('',#10659,#10630,#10661,.T.);
#10659 = VERTEX_POINT('',#10660);
#10660 = CARTESIAN_POINT('',(52.5,62.1,23.8));
#10661 = SURFACE_CURVE('',#10662,(#10666,#10673),.PCURVE_S1.);
#10662 = LINE('',#10663,#10664);
#10663 = CARTESIAN_POINT('',(52.5,69.675,23.8));
#10664 = VECTOR('',#10665,1.);
#10665 = DIRECTION('',(-1.110223024625E-16,1.,0.));
#10666 = PCURVE('',#4840,#10667);
#10667 = DEFINITIONAL_REPRESENTATION('',(#10668),#10672);
#10668 = LINE('',#10669,#10670);
#10669 = CARTESIAN_POINT('',(2.175,67.65));
#10670 = VECTOR('',#10671,1.);
#10671 = DIRECTION('',(-1.,0.));
#10672 = ( GEOMETRIC_REPRESENTATION_CONTEXT(2) 
PARAMETRIC_REPRESENTATION_CONTEXT() REPRESENTATION_CONTEXT('2D SPACE',''
  ) );
#10673 = PCURVE('',#10674,#10679);
#10674 = PLANE('',#10675);
#10675 = AXIS2_PLACEMENT_3D('',#10676,#10677,#10678);
#10676 = CARTESIAN_POINT('',(52.5,67.5,21.8));
#10677 = DIRECTION('',(1.,1.110223024625E-16,0.));
#10678 = DIRECTION('',(0.,0.,1.));
#10679 = DEFINITIONAL_REPRESENTATION('',(#10680),#10684);
#10680 = LINE('',#10681,#10682);
#10681 = CARTESIAN_POINT('',(2.,-2.175));
#10682 = VECTOR('',#10683,1.);
#10683 = DIRECTION('',(0.,-1.));
#10684 = ( GEOMETRIC_REPRESENTATION_CONTEXT(2) 
PARAMETRIC_REPRESENTATION_CONTEXT() REPRESENTATION_CONTEXT('2D SPACE',''
  ) );
#10685 = ORIENTED_EDGE('',*,*,#10686,.F.);
#10686 = EDGE_CURVE('',#10687,#10659,#10689,.T.);
#10687 = VERTEX_POINT('',#10688);
#10688 = CARTESIAN_POINT('',(52.1,61.7,23.8));
#10689 = SURFACE_CURVE('',#10690,(#10695,#10702),.PCURVE_S1.);
#10690 = CIRCLE('',#10691,0.4);
#10691 = AXIS2_PLACEMENT_3D('',#10692,#10693,#10694);
#10692 = CARTESIAN_POINT('',(52.1,62.1,23.8));
#10693 = DIRECTION('',(-0.,0.,1.));
#10694 = DIRECTION('',(1.110223024625E-16,-1.,0.));
#10695 = PCURVE('',#4840,#10696);
#10696 = DEFINITIONAL_REPRESENTATION('',(#10697),#10701);
#10697 = CIRCLE('',#10698,0.4);
#10698 = AXIS2_PLACEMENT_2D('',#10699,#10700);
#10699 = CARTESIAN_POINT('',(9.75,67.25));
#10700 = DIRECTION('',(1.,0.));
#10701 = ( GEOMETRIC_REPRESENTATION_CONTEXT(2) 
PARAMETRIC_REPRESENTATION_CONTEXT() REPRESENTATION_CONTEXT('2D SPACE',''
  ) );
#10702 = PCURVE('',#10703,#10708);
#10703 = CYLINDRICAL_SURFACE('',#10704,0.4);
#10704 = AXIS2_PLACEMENT_3D('',#10705,#10706,#10707);
#10705 = CARTESIAN_POINT('',(52.1,62.1,21.8));
#10706 = DIRECTION('',(0.,0.,1.));
#10707 = DIRECTION('',(1.110223024625E-16,-1.,0.));
#10708 = DEFINITIONAL_REPRESENTATION('',(#10709),#10713);
#10709 = LINE('',#10710,#10711);
#10710 = CARTESIAN_POINT('',(0.,2.));
#10711 = VECTOR('',#10712,1.);
#10712 = DIRECTION('',(1.,0.));
#10713 = ( GEOMETRIC_REPRESENTATION_CONTEXT(2) 
PARAMETRIC_REPRESENTATION_CONTEXT() REPRESENTATION_CONTEXT('2D SPACE',''
  ) );
#10714 = ORIENTED_EDGE('',*,*,#10715,.F.);
#10715 = EDGE_CURVE('',#10716,#10687,#10718,.T.);
#10716 = VERTEX_POINT('',#10717);
#10717 = CARTESIAN_POINT('',(50.9,61.7,23.8));
#10718 = SURFACE_CURVE('',#10719,(#10723,#10730),.PCURVE_S1.);
#10719 = LINE('',#10720,#10721);
#10720 = CARTESIAN_POINT('',(17.675,61.7,23.8));
#10721 = VECTOR('',#10722,1.);
#10722 = DIRECTION('',(1.,1.110223024625E-16,0.));
#10723 = PCURVE('',#4840,#10724);
#10724 = DEFINITIONAL_REPRESENTATION('',(#10725),#10729);
#10725 = LINE('',#10726,#10727);
#10726 = CARTESIAN_POINT('',(10.15,32.825));
#10727 = VECTOR('',#10728,1.);
#10728 = DIRECTION('',(0.,1.));
#10729 = ( GEOMETRIC_REPRESENTATION_CONTEXT(2) 
PARAMETRIC_REPRESENTATION_CONTEXT() REPRESENTATION_CONTEXT('2D SPACE',''
  ) );
#10730 = PCURVE('',#10731,#10736);
#10731 = PLANE('',#10732);
#10732 = AXIS2_PLACEMENT_3D('',#10733,#10734,#10735);
#10733 = CARTESIAN_POINT('',(50.5,61.7,21.8));
#10734 = DIRECTION('',(1.110223024625E-16,-1.,0.));
#10735 = DIRECTION('',(0.,0.,1.));
#10736 = DEFINITIONAL_REPRESENTATION('',(#10737),#10741);
#10737 = LINE('',#10738,#10739);
#10738 = CARTESIAN_POINT('',(2.,32.825));
#10739 = VECTOR('',#10740,1.);
#10740 = DIRECTION('',(0.,-1.));
#10741 = ( GEOMETRIC_REPRESENTATION_CONTEXT(2) 
PARAMETRIC_REPRESENTATION_CONTEXT() REPRESENTATION_CONTEXT('2D SPACE',''
  ) );
#10742 = ORIENTED_EDGE('',*,*,#10743,.F.);
#10743 = EDGE_CURVE('',#10744,#10716,#10746,.T.);
#10744 = VERTEX_POINT('',#10745);
#10745 = CARTESIAN_POINT('',(50.5,62.1,23.8));
#10746 = SURFACE_CURVE('',#10747,(#10752,#10759),.PCURVE_S1.);
#10747 = CIRCLE('',#10748,0.4);
#10748 = AXIS2_PLACEMENT_3D('',#10749,#10750,#10751);
#10749 = CARTESIAN_POINT('',(50.9,62.1,23.8));
#10750 = DIRECTION('',(-0.,0.,1.));
#10751 = DIRECTION('',(1.110223024625E-16,-1.,0.));
#10752 = PCURVE('',#4840,#10753);
#10753 = DEFINITIONAL_REPRESENTATION('',(#10754),#10758);
#10754 = CIRCLE('',#10755,0.4);
#10755 = AXIS2_PLACEMENT_2D('',#10756,#10757);
#10756 = CARTESIAN_POINT('',(9.75,66.05));
#10757 = DIRECTION('',(1.,0.));
#10758 = ( GEOMETRIC_REPRESENTATION_CONTEXT(2) 
PARAMETRIC_REPRESENTATION_CONTEXT() REPRESENTATION_CONTEXT('2D SPACE',''
  ) );
#10759 = PCURVE('',#10760,#10765);
#10760 = CYLINDRICAL_SURFACE('',#10761,0.4);
#10761 = AXIS2_PLACEMENT_3D('',#10762,#10763,#10764);
#10762 = CARTESIAN_POINT('',(50.9,62.1,21.8));
#10763 = DIRECTION('',(0.,0.,1.));
#10764 = DIRECTION('',(1.110223024625E-16,-1.,0.));
#10765 = DEFINITIONAL_REPRESENTATION('',(#10766),#10770);
#10766 = LINE('',#10767,#10768);
#10767 = CARTESIAN_POINT('',(-6.28318530718,2.));
#10768 = VECTOR('',#10769,1.);
#10769 = DIRECTION('',(1.,-0.));
#10770 = ( GEOMETRIC_REPRESENTATION_CONTEXT(2) 
PARAMETRIC_REPRESENTATION_CONTEXT() REPRESENTATION_CONTEXT('2D SPACE',''
  ) );
#10771 = ORIENTED_EDGE('',*,*,#10772,.T.);
#10772 = EDGE_CURVE('',#10744,#10573,#10773,.T.);
#10773 = SURFACE_CURVE('',#10774,(#10778,#10785),.PCURVE_S1.);
#10774 = LINE('',#10775,#10776);
#10775 = CARTESIAN_POINT('',(50.5,69.675,23.8));
#10776 = VECTOR('',#10777,1.);
#10777 = DIRECTION('',(-1.110223024625E-16,1.,0.));
#10778 = PCURVE('',#4840,#10779);
#10779 = DEFINITIONAL_REPRESENTATION('',(#10780),#10784);
#10780 = LINE('',#10781,#10782);
#10781 = CARTESIAN_POINT('',(2.175,65.65));
#10782 = VECTOR('',#10783,1.);
#10783 = DIRECTION('',(-1.,0.));
#10784 = ( GEOMETRIC_REPRESENTATION_CONTEXT(2) 
PARAMETRIC_REPRESENTATION_CONTEXT() REPRESENTATION_CONTEXT('2D SPACE',''
  ) );
#10785 = PCURVE('',#10786,#10791);
#10786 = PLANE('',#10787);
#10787 = AXIS2_PLACEMENT_3D('',#10788,#10789,#10790);
#10788 = CARTESIAN_POINT('',(50.5,67.5,21.8));
#10789 = DIRECTION('',(1.,1.110223024625E-16,0.));
#10790 = DIRECTION('',(0.,0.,1.));
#10791 = DEFINITIONAL_REPRESENTATION('',(#10792),#10796);
#10792 = LINE('',#10793,#10794);
#10793 = CARTESIAN_POINT('',(2.,-2.175));
#10794 = VECTOR('',#10795,1.);
#10795 = DIRECTION('',(0.,-1.));
#10796 = ( GEOMETRIC_REPRESENTATION_CONTEXT(2) 
PARAMETRIC_REPRESENTATION_CONTEXT() REPRESENTATION_CONTEXT('2D SPACE',''
  ) );
#10797 = FACE_BOUND('',#10798,.F.);
#10798 = EDGE_LOOP('',(#10799,#10800,#10801,#10802,#10803,#10804,#10805,
    #10806));
#10799 = ORIENTED_EDGE('',*,*,#4823,.F.);
#10800 = ORIENTED_EDGE('',*,*,#4879,.T.);
#10801 = ORIENTED_EDGE('',*,*,#4976,.F.);
#10802 = ORIENTED_EDGE('',*,*,#5075,.F.);
#10803 = ORIENTED_EDGE('',*,*,#5174,.F.);
#10804 = ORIENTED_EDGE('',*,*,#5126,.F.);
#10805 = ORIENTED_EDGE('',*,*,#5048,.F.);
#10806 = ORIENTED_EDGE('',*,*,#4926,.T.);
#10807 = FACE_BOUND('',#10808,.F.);
#10808 = EDGE_LOOP('',(#10809,#10810,#10811,#10812,#10813,#10814,#10815,
    #10816));
#10809 = ORIENTED_EDGE('',*,*,#5224,.F.);
#10810 = ORIENTED_EDGE('',*,*,#5275,.T.);
#10811 = ORIENTED_EDGE('',*,*,#5372,.F.);
#10812 = ORIENTED_EDGE('',*,*,#5471,.F.);
#10813 = ORIENTED_EDGE('',*,*,#5570,.F.);
#10814 = ORIENTED_EDGE('',*,*,#5522,.F.);
#10815 = ORIENTED_EDGE('',*,*,#5444,.F.);
#10816 = ORIENTED_EDGE('',*,*,#5322,.T.);
#10817 = FACE_BOUND('',#10818,.F.);
#10818 = EDGE_LOOP('',(#10819,#10820,#10821,#10822,#10823,#10824,#10825,
    #10826));
#10819 = ORIENTED_EDGE('',*,*,#6119,.F.);
#10820 = ORIENTED_EDGE('',*,*,#6170,.T.);
#10821 = ORIENTED_EDGE('',*,*,#6267,.F.);
#10822 = ORIENTED_EDGE('',*,*,#6366,.F.);
#10823 = ORIENTED_EDGE('',*,*,#6465,.F.);
#10824 = ORIENTED_EDGE('',*,*,#6417,.F.);
#10825 = ORIENTED_EDGE('',*,*,#6339,.F.);
#10826 = ORIENTED_EDGE('',*,*,#6217,.T.);
#10827 = FACE_BOUND('',#10828,.F.);
#10828 = EDGE_LOOP('',(#10829,#10860,#10888,#10917,#10945,#10974,#11002,
    #11031));
#10829 = ORIENTED_EDGE('',*,*,#10830,.F.);
#10830 = EDGE_CURVE('',#10831,#10833,#10835,.T.);
#10831 = VERTEX_POINT('',#10832);
#10832 = CARTESIAN_POINT('',(98.11,39.55,23.8));
#10833 = VERTEX_POINT('',#10834);
#10834 = CARTESIAN_POINT('',(93.92,35.36,23.8));
#10835 = SURFACE_CURVE('',#10836,(#10841,#10848),.PCURVE_S1.);
#10836 = CIRCLE('',#10837,4.19);
#10837 = AXIS2_PLACEMENT_3D('',#10838,#10839,#10840);
#10838 = CARTESIAN_POINT('',(98.11,35.36,23.8));
#10839 = DIRECTION('',(0.,0.,1.));
#10840 = DIRECTION('',(-1.110223024625E-16,1.,0.));
#10841 = PCURVE('',#4840,#10842);
#10842 = DEFINITIONAL_REPRESENTATION('',(#10843),#10847);
#10843 = CIRCLE('',#10844,4.19);
#10844 = AXIS2_PLACEMENT_2D('',#10845,#10846);
#10845 = CARTESIAN_POINT('',(36.49,113.26));
#10846 = DIRECTION('',(-1.,0.));
#10847 = ( GEOMETRIC_REPRESENTATION_CONTEXT(2) 
PARAMETRIC_REPRESENTATION_CONTEXT() REPRESENTATION_CONTEXT('2D SPACE',''
  ) );
#10848 = PCURVE('',#10849,#10854);
#10849 = CYLINDRICAL_SURFACE('',#10850,4.19);
#10850 = AXIS2_PLACEMENT_3D('',#10851,#10852,#10853);
#10851 = CARTESIAN_POINT('',(98.11,35.36,23.7));
#10852 = DIRECTION('',(0.,0.,1.));
#10853 = DIRECTION('',(-1.110223024625E-16,1.,0.));
#10854 = DEFINITIONAL_REPRESENTATION('',(#10855),#10859);
#10855 = LINE('',#10856,#10857);
#10856 = CARTESIAN_POINT('',(0.,0.1));
#10857 = VECTOR('',#10858,1.);
#10858 = DIRECTION('',(1.,0.));
#10859 = ( GEOMETRIC_REPRESENTATION_CONTEXT(2) 
PARAMETRIC_REPRESENTATION_CONTEXT() REPRESENTATION_CONTEXT('2D SPACE',''
  ) );
#10860 = ORIENTED_EDGE('',*,*,#10861,.T.);
#10861 = EDGE_CURVE('',#10831,#10862,#10864,.T.);
#10862 = VERTEX_POINT('',#10863);
#10863 = CARTESIAN_POINT('',(104.875,39.55,23.8));
#10864 = SURFACE_CURVE('',#10865,(#10869,#10876),.PCURVE_S1.);
#10865 = LINE('',#10866,#10867);
#10866 = CARTESIAN_POINT('',(39.385,39.55,23.8));
#10867 = VECTOR('',#10868,1.);
#10868 = DIRECTION('',(1.,1.110223024625E-16,0.));
#10869 = PCURVE('',#4840,#10870);
#10870 = DEFINITIONAL_REPRESENTATION('',(#10871),#10875);
#10871 = LINE('',#10872,#10873);
#10872 = CARTESIAN_POINT('',(32.3,54.535));
#10873 = VECTOR('',#10874,1.);
#10874 = DIRECTION('',(0.,1.));
#10875 = ( GEOMETRIC_REPRESENTATION_CONTEXT(2) 
PARAMETRIC_REPRESENTATION_CONTEXT() REPRESENTATION_CONTEXT('2D SPACE',''
  ) );
#10876 = PCURVE('',#10877,#10882);
#10877 = PLANE('',#10878);
#10878 = AXIS2_PLACEMENT_3D('',#10879,#10880,#10881);
#10879 = CARTESIAN_POINT('',(93.92,39.55,23.7));
#10880 = DIRECTION('',(1.110223024625E-16,-1.,0.));
#10881 = DIRECTION('',(0.,0.,1.));
#10882 = DEFINITIONAL_REPRESENTATION('',(#10883),#10887);
#10883 = LINE('',#10884,#10885);
#10884 = CARTESIAN_POINT('',(0.1,54.535));
#10885 = VECTOR('',#10886,1.);
#10886 = DIRECTION('',(0.,-1.));
#10887 = ( GEOMETRIC_REPRESENTATION_CONTEXT(2) 
PARAMETRIC_REPRESENTATION_CONTEXT() REPRESENTATION_CONTEXT('2D SPACE',''
  ) );
#10888 = ORIENTED_EDGE('',*,*,#10889,.F.);
#10889 = EDGE_CURVE('',#10890,#10862,#10892,.T.);
#10890 = VERTEX_POINT('',#10891);
#10891 = CARTESIAN_POINT('',(109.065,35.36,23.8));
#10892 = SURFACE_CURVE('',#10893,(#10898,#10905),.PCURVE_S1.);
#10893 = CIRCLE('',#10894,4.19);
#10894 = AXIS2_PLACEMENT_3D('',#10895,#10896,#10897);
#10895 = CARTESIAN_POINT('',(104.875,35.36,23.8));
#10896 = DIRECTION('',(0.,0.,1.));
#10897 = DIRECTION('',(-1.110223024625E-16,1.,0.));
#10898 = PCURVE('',#4840,#10899);
#10899 = DEFINITIONAL_REPRESENTATION('',(#10900),#10904);
#10900 = CIRCLE('',#10901,4.19);
#10901 = AXIS2_PLACEMENT_2D('',#10902,#10903);
#10902 = CARTESIAN_POINT('',(36.49,120.025));
#10903 = DIRECTION('',(-1.,0.));
#10904 = ( GEOMETRIC_REPRESENTATION_CONTEXT(2) 
PARAMETRIC_REPRESENTATION_CONTEXT() REPRESENTATION_CONTEXT('2D SPACE',''
  ) );
#10905 = PCURVE('',#10906,#10911);
#10906 = CYLINDRICAL_SURFACE('',#10907,4.19);
#10907 = AXIS2_PLACEMENT_3D('',#10908,#10909,#10910);
#10908 = CARTESIAN_POINT('',(104.875,35.36,23.7));
#10909 = DIRECTION('',(0.,0.,1.));
#10910 = DIRECTION('',(-1.110223024625E-16,1.,0.));
#10911 = DEFINITIONAL_REPRESENTATION('',(#10912),#10916);
#10912 = LINE('',#10913,#10914);
#10913 = CARTESIAN_POINT('',(-6.28318530718,0.1));
#10914 = VECTOR('',#10915,1.);
#10915 = DIRECTION('',(1.,-0.));
#10916 = ( GEOMETRIC_REPRESENTATION_CONTEXT(2) 
PARAMETRIC_REPRESENTATION_CONTEXT() REPRESENTATION_CONTEXT('2D SPACE',''
  ) );
#10917 = ORIENTED_EDGE('',*,*,#10918,.F.);
#10918 = EDGE_CURVE('',#10919,#10890,#10921,.T.);
#10919 = VERTEX_POINT('',#10920);
#10920 = CARTESIAN_POINT('',(109.065,35.34,23.8));
#10921 = SURFACE_CURVE('',#10922,(#10926,#10933),.PCURVE_S1.);
#10922 = LINE('',#10923,#10924);
#10923 = CARTESIAN_POINT('',(109.065,55.7,23.8));
#10924 = VECTOR('',#10925,1.);
#10925 = DIRECTION('',(-1.110223024625E-16,1.,0.));
#10926 = PCURVE('',#4840,#10927);
#10927 = DEFINITIONAL_REPRESENTATION('',(#10928),#10932);
#10928 = LINE('',#10929,#10930);
#10929 = CARTESIAN_POINT('',(16.15,124.215));
#10930 = VECTOR('',#10931,1.);
#10931 = DIRECTION('',(-1.,0.));
#10932 = ( GEOMETRIC_REPRESENTATION_CONTEXT(2) 
PARAMETRIC_REPRESENTATION_CONTEXT() REPRESENTATION_CONTEXT('2D SPACE',''
  ) );
#10933 = PCURVE('',#10934,#10939);
#10934 = PLANE('',#10935);
#10935 = AXIS2_PLACEMENT_3D('',#10936,#10937,#10938);
#10936 = CARTESIAN_POINT('',(109.065,39.55,23.7));
#10937 = DIRECTION('',(1.,1.110223024625E-16,0.));
#10938 = DIRECTION('',(0.,0.,1.));
#10939 = DEFINITIONAL_REPRESENTATION('',(#10940),#10944);
#10940 = LINE('',#10941,#10942);
#10941 = CARTESIAN_POINT('',(0.1,-16.15));
#10942 = VECTOR('',#10943,1.);
#10943 = DIRECTION('',(0.,-1.));
#10944 = ( GEOMETRIC_REPRESENTATION_CONTEXT(2) 
PARAMETRIC_REPRESENTATION_CONTEXT() REPRESENTATION_CONTEXT('2D SPACE',''
  ) );
#10945 = ORIENTED_EDGE('',*,*,#10946,.F.);
#10946 = EDGE_CURVE('',#10947,#10919,#10949,.T.);
#10947 = VERTEX_POINT('',#10948);
#10948 = CARTESIAN_POINT('',(104.875,31.15,23.8));
#10949 = SURFACE_CURVE('',#10950,(#10955,#10962),.PCURVE_S1.);
#10950 = CIRCLE('',#10951,4.19);
#10951 = AXIS2_PLACEMENT_3D('',#10952,#10953,#10954);
#10952 = CARTESIAN_POINT('',(104.875,35.34,23.8));
#10953 = DIRECTION('',(-0.,0.,1.));
#10954 = DIRECTION('',(1.110223024625E-16,-1.,0.));
#10955 = PCURVE('',#4840,#10956);
#10956 = DEFINITIONAL_REPRESENTATION('',(#10957),#10961);
#10957 = CIRCLE('',#10958,4.19);
#10958 = AXIS2_PLACEMENT_2D('',#10959,#10960);
#10959 = CARTESIAN_POINT('',(36.51,120.025));
#10960 = DIRECTION('',(1.,0.));
#10961 = ( GEOMETRIC_REPRESENTATION_CONTEXT(2) 
PARAMETRIC_REPRESENTATION_CONTEXT() REPRESENTATION_CONTEXT('2D SPACE',''
  ) );
#10962 = PCURVE('',#10963,#10968);
#10963 = CYLINDRICAL_SURFACE('',#10964,4.19);
#10964 = AXIS2_PLACEMENT_3D('',#10965,#10966,#10967);
#10965 = CARTESIAN_POINT('',(104.875,35.34,23.7));
#10966 = DIRECTION('',(0.,0.,1.));
#10967 = DIRECTION('',(1.110223024625E-16,-1.,0.));
#10968 = DEFINITIONAL_REPRESENTATION('',(#10969),#10973);
#10969 = LINE('',#10970,#10971);
#10970 = CARTESIAN_POINT('',(0.,0.1));
#10971 = VECTOR('',#10972,1.);
#10972 = DIRECTION('',(1.,0.));
#10973 = ( GEOMETRIC_REPRESENTATION_CONTEXT(2) 
PARAMETRIC_REPRESENTATION_CONTEXT() REPRESENTATION_CONTEXT('2D SPACE',''
  ) );
#10974 = ORIENTED_EDGE('',*,*,#10975,.F.);
#10975 = EDGE_CURVE('',#10976,#10947,#10978,.T.);
#10976 = VERTEX_POINT('',#10977);
#10977 = CARTESIAN_POINT('',(98.11,31.15,23.8));
#10978 = SURFACE_CURVE('',#10979,(#10983,#10990),.PCURVE_S1.);
#10979 = LINE('',#10980,#10981);
#10980 = CARTESIAN_POINT('',(39.385,31.15,23.8));
#10981 = VECTOR('',#10982,1.);
#10982 = DIRECTION('',(1.,1.110223024625E-16,0.));
#10983 = PCURVE('',#4840,#10984);
#10984 = DEFINITIONAL_REPRESENTATION('',(#10985),#10989);
#10985 = LINE('',#10986,#10987);
#10986 = CARTESIAN_POINT('',(40.7,54.535));
#10987 = VECTOR('',#10988,1.);
#10988 = DIRECTION('',(0.,1.));
#10989 = ( GEOMETRIC_REPRESENTATION_CONTEXT(2) 
PARAMETRIC_REPRESENTATION_CONTEXT() REPRESENTATION_CONTEXT('2D SPACE',''
  ) );
#10990 = PCURVE('',#10991,#10996);
#10991 = PLANE('',#10992);
#10992 = AXIS2_PLACEMENT_3D('',#10993,#10994,#10995);
#10993 = CARTESIAN_POINT('',(93.92,31.15,23.7));
#10994 = DIRECTION('',(1.110223024625E-16,-1.,0.));
#10995 = DIRECTION('',(0.,0.,1.));
#10996 = DEFINITIONAL_REPRESENTATION('',(#10997),#11001);
#10997 = LINE('',#10998,#10999);
#10998 = CARTESIAN_POINT('',(0.1,54.535));
#10999 = VECTOR('',#11000,1.);
#11000 = DIRECTION('',(0.,-1.));
#11001 = ( GEOMETRIC_REPRESENTATION_CONTEXT(2) 
PARAMETRIC_REPRESENTATION_CONTEXT() REPRESENTATION_CONTEXT('2D SPACE',''
  ) );
#11002 = ORIENTED_EDGE('',*,*,#11003,.F.);
#11003 = EDGE_CURVE('',#11004,#10976,#11006,.T.);
#11004 = VERTEX_POINT('',#11005);
#11005 = CARTESIAN_POINT('',(93.92,35.34,23.8));
#11006 = SURFACE_CURVE('',#11007,(#11012,#11019),.PCURVE_S1.);
#11007 = CIRCLE('',#11008,4.19);
#11008 = AXIS2_PLACEMENT_3D('',#11009,#11010,#11011);
#11009 = CARTESIAN_POINT('',(98.11,35.34,23.8));
#11010 = DIRECTION('',(-0.,0.,1.));
#11011 = DIRECTION('',(1.110223024625E-16,-1.,0.));
#11012 = PCURVE('',#4840,#11013);
#11013 = DEFINITIONAL_REPRESENTATION('',(#11014),#11018);
#11014 = CIRCLE('',#11015,4.19);
#11015 = AXIS2_PLACEMENT_2D('',#11016,#11017);
#11016 = CARTESIAN_POINT('',(36.51,113.26));
#11017 = DIRECTION('',(1.,0.));
#11018 = ( GEOMETRIC_REPRESENTATION_CONTEXT(2) 
PARAMETRIC_REPRESENTATION_CONTEXT() REPRESENTATION_CONTEXT('2D SPACE',''
  ) );
#11019 = PCURVE('',#11020,#11025);
#11020 = CYLINDRICAL_SURFACE('',#11021,4.19);
#11021 = AXIS2_PLACEMENT_3D('',#11022,#11023,#11024);
#11022 = CARTESIAN_POINT('',(98.11,35.34,23.7));
#11023 = DIRECTION('',(0.,0.,1.));
#11024 = DIRECTION('',(1.110223024625E-16,-1.,0.));
#11025 = DEFINITIONAL_REPRESENTATION('',(#11026),#11030);
#11026 = LINE('',#11027,#11028);
#11027 = CARTESIAN_POINT('',(-6.28318530718,0.1));
#11028 = VECTOR('',#11029,1.);
#11029 = DIRECTION('',(1.,-0.));
#11030 = ( GEOMETRIC_REPRESENTATION_CONTEXT(2) 
PARAMETRIC_REPRESENTATION_CONTEXT() REPRESENTATION_CONTEXT('2D SPACE',''
  ) );
#11031 = ORIENTED_EDGE('',*,*,#11032,.T.);
#11032 = EDGE_CURVE('',#11004,#10833,#11033,.T.);
#11033 = SURFACE_CURVE('',#11034,(#11038,#11045),.PCURVE_S1.);
#11034 = LINE('',#11035,#11036);
#11035 = CARTESIAN_POINT('',(93.92,55.7,23.8));
#11036 = VECTOR('',#11037,1.);
#11037 = DIRECTION('',(-1.110223024625E-16,1.,0.));
#11038 = PCURVE('',#4840,#11039);
#11039 = DEFINITIONAL_REPRESENTATION('',(#11040),#11044);
#11040 = LINE('',#11041,#11042);
#11041 = CARTESIAN_POINT('',(16.15,109.07));
#11042 = VECTOR('',#11043,1.);
#11043 = DIRECTION('',(-1.,0.));
#11044 = ( GEOMETRIC_REPRESENTATION_CONTEXT(2) 
PARAMETRIC_REPRESENTATION_CONTEXT() REPRESENTATION_CONTEXT('2D SPACE',''
  ) );
#11045 = PCURVE('',#11046,#11051);
#11046 = PLANE('',#11047);
#11047 = AXIS2_PLACEMENT_3D('',#11048,#11049,#11050);
#11048 = CARTESIAN_POINT('',(93.92,39.55,23.7));
#11049 = DIRECTION('',(1.,1.110223024625E-16,0.));
#11050 = DIRECTION('',(0.,0.,1.));
#11051 = DEFINITIONAL_REPRESENTATION('',(#11052),#11056);
#11052 = LINE('',#11053,#11054);
#11053 = CARTESIAN_POINT('',(0.1,-16.15));
#11054 = VECTOR('',#11055,1.);
#11055 = DIRECTION('',(0.,-1.));
#11056 = ( GEOMETRIC_REPRESENTATION_CONTEXT(2) 
PARAMETRIC_REPRESENTATION_CONTEXT() REPRESENTATION_CONTEXT('2D SPACE',''
  ) );
#11057 = FACE_BOUND('',#11058,.F.);
#11058 = EDGE_LOOP('',(#11059,#11089,#11117,#11145));
#11059 = ORIENTED_EDGE('',*,*,#11060,.T.);
#11060 = EDGE_CURVE('',#11061,#11063,#11065,.T.);
#11061 = VERTEX_POINT('',#11062);
#11062 = CARTESIAN_POINT('',(60.,0.8,23.8));
#11063 = VERTEX_POINT('',#11064);
#11064 = CARTESIAN_POINT('',(60.,3.6,23.8));
#11065 = SURFACE_CURVE('',#11066,(#11070,#11077),.PCURVE_S1.);
#11066 = LINE('',#11067,#11068);
#11067 = CARTESIAN_POINT('',(60.,37.725,23.8));
#11068 = VECTOR('',#11069,1.);
#11069 = DIRECTION('',(-1.110223024625E-16,1.,0.));
#11070 = PCURVE('',#4840,#11071);
#11071 = DEFINITIONAL_REPRESENTATION('',(#11072),#11076);
#11072 = LINE('',#11073,#11074);
#11073 = CARTESIAN_POINT('',(34.125,75.15));
#11074 = VECTOR('',#11075,1.);
#11075 = DIRECTION('',(-1.,0.));
#11076 = ( GEOMETRIC_REPRESENTATION_CONTEXT(2) 
PARAMETRIC_REPRESENTATION_CONTEXT() REPRESENTATION_CONTEXT('2D SPACE',''
  ) );
#11077 = PCURVE('',#11078,#11083);
#11078 = PLANE('',#11079);
#11079 = AXIS2_PLACEMENT_3D('',#11080,#11081,#11082);
#11080 = CARTESIAN_POINT('',(60.,3.6,16.3));
#11081 = DIRECTION('',(1.,1.110223024625E-16,0.));
#11082 = DIRECTION('',(0.,0.,1.));
#11083 = DEFINITIONAL_REPRESENTATION('',(#11084),#11088);
#11084 = LINE('',#11085,#11086);
#11085 = CARTESIAN_POINT('',(7.5,-34.125));
#11086 = VECTOR('',#11087,1.);
#11087 = DIRECTION('',(0.,-1.));
#11088 = ( GEOMETRIC_REPRESENTATION_CONTEXT(2) 
PARAMETRIC_REPRESENTATION_CONTEXT() REPRESENTATION_CONTEXT('2D SPACE',''
  ) );
#11089 = ORIENTED_EDGE('',*,*,#11090,.T.);
#11090 = EDGE_CURVE('',#11063,#11091,#11093,.T.);
#11091 = VERTEX_POINT('',#11092);
#11092 = CARTESIAN_POINT('',(67.,3.6,23.8));
#11093 = SURFACE_CURVE('',#11094,(#11098,#11105),.PCURVE_S1.);
#11094 = LINE('',#11095,#11096);
#11095 = CARTESIAN_POINT('',(22.425,3.6,23.8));
#11096 = VECTOR('',#11097,1.);
#11097 = DIRECTION('',(1.,1.110223024625E-16,0.));
#11098 = PCURVE('',#4840,#11099);
#11099 = DEFINITIONAL_REPRESENTATION('',(#11100),#11104);
#11100 = LINE('',#11101,#11102);
#11101 = CARTESIAN_POINT('',(68.25,37.575));
#11102 = VECTOR('',#11103,1.);
#11103 = DIRECTION('',(0.,1.));
#11104 = ( GEOMETRIC_REPRESENTATION_CONTEXT(2) 
PARAMETRIC_REPRESENTATION_CONTEXT() REPRESENTATION_CONTEXT('2D SPACE',''
  ) );
#11105 = PCURVE('',#11106,#11111);
#11106 = PLANE('',#11107);
#11107 = AXIS2_PLACEMENT_3D('',#11108,#11109,#11110);
#11108 = CARTESIAN_POINT('',(60.,3.6,16.3));
#11109 = DIRECTION('',(1.110223024625E-16,-1.,0.));
#11110 = DIRECTION('',(0.,0.,1.));
#11111 = DEFINITIONAL_REPRESENTATION('',(#11112),#11116);
#11112 = LINE('',#11113,#11114);
#11113 = CARTESIAN_POINT('',(7.5,37.575));
#11114 = VECTOR('',#11115,1.);
#11115 = DIRECTION('',(0.,-1.));
#11116 = ( GEOMETRIC_REPRESENTATION_CONTEXT(2) 
PARAMETRIC_REPRESENTATION_CONTEXT() REPRESENTATION_CONTEXT('2D SPACE',''
  ) );
#11117 = ORIENTED_EDGE('',*,*,#11118,.F.);
#11118 = EDGE_CURVE('',#11119,#11091,#11121,.T.);
#11119 = VERTEX_POINT('',#11120);
#11120 = CARTESIAN_POINT('',(67.,0.8,23.8));
#11121 = SURFACE_CURVE('',#11122,(#11126,#11133),.PCURVE_S1.);
#11122 = LINE('',#11123,#11124);
#11123 = CARTESIAN_POINT('',(67.,37.725,23.8));
#11124 = VECTOR('',#11125,1.);
#11125 = DIRECTION('',(-1.110223024625E-16,1.,0.));
#11126 = PCURVE('',#4840,#11127);
#11127 = DEFINITIONAL_REPRESENTATION('',(#11128),#11132);
#11128 = LINE('',#11129,#11130);
#11129 = CARTESIAN_POINT('',(34.125,82.15));
#11130 = VECTOR('',#11131,1.);
#11131 = DIRECTION('',(-1.,0.));
#11132 = ( GEOMETRIC_REPRESENTATION_CONTEXT(2) 
PARAMETRIC_REPRESENTATION_CONTEXT() REPRESENTATION_CONTEXT('2D SPACE',''
  ) );
#11133 = PCURVE('',#11134,#11139);
#11134 = PLANE('',#11135);
#11135 = AXIS2_PLACEMENT_3D('',#11136,#11137,#11138);
#11136 = CARTESIAN_POINT('',(67.,3.6,16.3));
#11137 = DIRECTION('',(1.,1.110223024625E-16,0.));
#11138 = DIRECTION('',(0.,0.,1.));
#11139 = DEFINITIONAL_REPRESENTATION('',(#11140),#11144);
#11140 = LINE('',#11141,#11142);
#11141 = CARTESIAN_POINT('',(7.5,-34.125));
#11142 = VECTOR('',#11143,1.);
#11143 = DIRECTION('',(0.,-1.));
#11144 = ( GEOMETRIC_REPRESENTATION_CONTEXT(2) 
PARAMETRIC_REPRESENTATION_CONTEXT() REPRESENTATION_CONTEXT('2D SPACE',''
  ) );
#11145 = ORIENTED_EDGE('',*,*,#11146,.F.);
#11146 = EDGE_CURVE('',#11061,#11119,#11147,.T.);
#11147 = SURFACE_CURVE('',#11148,(#11152,#11159),.PCURVE_S1.);
#11148 = LINE('',#11149,#11150);
#11149 = CARTESIAN_POINT('',(22.425,0.8,23.8));
#11150 = VECTOR('',#11151,1.);
#11151 = DIRECTION('',(1.,1.110223024625E-16,0.));
#11152 = PCURVE('',#4840,#11153);
#11153 = DEFINITIONAL_REPRESENTATION('',(#11154),#11158);
#11154 = LINE('',#11155,#11156);
#11155 = CARTESIAN_POINT('',(71.05,37.575));
#11156 = VECTOR('',#11157,1.);
#11157 = DIRECTION('',(0.,1.));
#11158 = ( GEOMETRIC_REPRESENTATION_CONTEXT(2) 
PARAMETRIC_REPRESENTATION_CONTEXT() REPRESENTATION_CONTEXT('2D SPACE',''
  ) );
#11159 = PCURVE('',#11160,#11165);
#11160 = PLANE('',#11161);
#11161 = AXIS2_PLACEMENT_3D('',#11162,#11163,#11164);
#11162 = CARTESIAN_POINT('',(60.,0.8,16.3));
#11163 = DIRECTION('',(1.110223024625E-16,-1.,0.));
#11164 = DIRECTION('',(0.,0.,1.));
#11165 = DEFINITIONAL_REPRESENTATION('',(#11166),#11170);
#11166 = LINE('',#11167,#11168);
#11167 = CARTESIAN_POINT('',(7.5,37.575));
#11168 = VECTOR('',#11169,1.);
#11169 = DIRECTION('',(0.,-1.));
#11170 = ( GEOMETRIC_REPRESENTATION_CONTEXT(2) 
PARAMETRIC_REPRESENTATION_CONTEXT() REPRESENTATION_CONTEXT('2D SPACE',''
  ) );
#11171 = FACE_BOUND('',#11172,.F.);
#11172 = EDGE_LOOP('',(#11173,#11203,#11231,#11259));
#11173 = ORIENTED_EDGE('',*,*,#11174,.T.);
#11174 = EDGE_CURVE('',#11175,#11177,#11179,.T.);
#11175 = VERTEX_POINT('',#11176);
#11176 = CARTESIAN_POINT('',(111.,0.8,23.8));
#11177 = VERTEX_POINT('',#11178);
#11178 = CARTESIAN_POINT('',(111.,3.6,23.8));
#11179 = SURFACE_CURVE('',#11180,(#11184,#11191),.PCURVE_S1.);
#11180 = LINE('',#11181,#11182);
#11181 = CARTESIAN_POINT('',(111.,37.725,23.8));
#11182 = VECTOR('',#11183,1.);
#11183 = DIRECTION('',(-1.110223024625E-16,1.,0.));
#11184 = PCURVE('',#4840,#11185);
#11185 = DEFINITIONAL_REPRESENTATION('',(#11186),#11190);
#11186 = LINE('',#11187,#11188);
#11187 = CARTESIAN_POINT('',(34.125,126.15));
#11188 = VECTOR('',#11189,1.);
#11189 = DIRECTION('',(-1.,0.));
#11190 = ( GEOMETRIC_REPRESENTATION_CONTEXT(2) 
PARAMETRIC_REPRESENTATION_CONTEXT() REPRESENTATION_CONTEXT('2D SPACE',''
  ) );
#11191 = PCURVE('',#11192,#11197);
#11192 = PLANE('',#11193);
#11193 = AXIS2_PLACEMENT_3D('',#11194,#11195,#11196);
#11194 = CARTESIAN_POINT('',(111.,3.6,16.3));
#11195 = DIRECTION('',(1.,1.110223024625E-16,0.));
#11196 = DIRECTION('',(0.,0.,1.));
#11197 = DEFINITIONAL_REPRESENTATION('',(#11198),#11202);
#11198 = LINE('',#11199,#11200);
#11199 = CARTESIAN_POINT('',(7.5,-34.125));
#11200 = VECTOR('',#11201,1.);
#11201 = DIRECTION('',(0.,-1.));
#11202 = ( GEOMETRIC_REPRESENTATION_CONTEXT(2) 
PARAMETRIC_REPRESENTATION_CONTEXT() REPRESENTATION_CONTEXT('2D SPACE',''
  ) );
#11203 = ORIENTED_EDGE('',*,*,#11204,.T.);
#11204 = EDGE_CURVE('',#11177,#11205,#11207,.T.);
#11205 = VERTEX_POINT('',#11206);
#11206 = CARTESIAN_POINT('',(118.,3.6,23.8));
#11207 = SURFACE_CURVE('',#11208,(#11212,#11219),.PCURVE_S1.);
#11208 = LINE('',#11209,#11210);
#11209 = CARTESIAN_POINT('',(47.925,3.6,23.8));
#11210 = VECTOR('',#11211,1.);
#11211 = DIRECTION('',(1.,1.110223024625E-16,0.));
#11212 = PCURVE('',#4840,#11213);
#11213 = DEFINITIONAL_REPRESENTATION('',(#11214),#11218);
#11214 = LINE('',#11215,#11216);
#11215 = CARTESIAN_POINT('',(68.25,63.075));
#11216 = VECTOR('',#11217,1.);
#11217 = DIRECTION('',(0.,1.));
#11218 = ( GEOMETRIC_REPRESENTATION_CONTEXT(2) 
PARAMETRIC_REPRESENTATION_CONTEXT() REPRESENTATION_CONTEXT('2D SPACE',''
  ) );
#11219 = PCURVE('',#11220,#11225);
#11220 = PLANE('',#11221);
#11221 = AXIS2_PLACEMENT_3D('',#11222,#11223,#11224);
#11222 = CARTESIAN_POINT('',(111.,3.6,16.3));
#11223 = DIRECTION('',(1.110223024625E-16,-1.,0.));
#11224 = DIRECTION('',(0.,0.,1.));
#11225 = DEFINITIONAL_REPRESENTATION('',(#11226),#11230);
#11226 = LINE('',#11227,#11228);
#11227 = CARTESIAN_POINT('',(7.5,63.075));
#11228 = VECTOR('',#11229,1.);
#11229 = DIRECTION('',(0.,-1.));
#11230 = ( GEOMETRIC_REPRESENTATION_CONTEXT(2) 
PARAMETRIC_REPRESENTATION_CONTEXT() REPRESENTATION_CONTEXT('2D SPACE',''
  ) );
#11231 = ORIENTED_EDGE('',*,*,#11232,.F.);
#11232 = EDGE_CURVE('',#11233,#11205,#11235,.T.);
#11233 = VERTEX_POINT('',#11234);
#11234 = CARTESIAN_POINT('',(118.,0.8,23.8));
#11235 = SURFACE_CURVE('',#11236,(#11240,#11247),.PCURVE_S1.);
#11236 = LINE('',#11237,#11238);
#11237 = CARTESIAN_POINT('',(118.,37.725,23.8));
#11238 = VECTOR('',#11239,1.);
#11239 = DIRECTION('',(-1.110223024625E-16,1.,0.));
#11240 = PCURVE('',#4840,#11241);
#11241 = DEFINITIONAL_REPRESENTATION('',(#11242),#11246);
#11242 = LINE('',#11243,#11244);
#11243 = CARTESIAN_POINT('',(34.125,133.15));
#11244 = VECTOR('',#11245,1.);
#11245 = DIRECTION('',(-1.,0.));
#11246 = ( GEOMETRIC_REPRESENTATION_CONTEXT(2) 
PARAMETRIC_REPRESENTATION_CONTEXT() REPRESENTATION_CONTEXT('2D SPACE',''
  ) );
#11247 = PCURVE('',#11248,#11253);
#11248 = PLANE('',#11249);
#11249 = AXIS2_PLACEMENT_3D('',#11250,#11251,#11252);
#11250 = CARTESIAN_POINT('',(118.,3.6,16.3));
#11251 = DIRECTION('',(1.,1.110223024625E-16,0.));
#11252 = DIRECTION('',(0.,0.,1.));
#11253 = DEFINITIONAL_REPRESENTATION('',(#11254),#11258);
#11254 = LINE('',#11255,#11256);
#11255 = CARTESIAN_POINT('',(7.5,-34.125));
#11256 = VECTOR('',#11257,1.);
#11257 = DIRECTION('',(0.,-1.));
#11258 = ( GEOMETRIC_REPRESENTATION_CONTEXT(2) 
PARAMETRIC_REPRESENTATION_CONTEXT() REPRESENTATION_CONTEXT('2D SPACE',''
  ) );
#11259 = ORIENTED_EDGE('',*,*,#11260,.F.);
#11260 = EDGE_CURVE('',#11175,#11233,#11261,.T.);
#11261 = SURFACE_CURVE('',#11262,(#11266,#11273),.PCURVE_S1.);
#11262 = LINE('',#11263,#11264);
#11263 = CARTESIAN_POINT('',(47.925,0.8,23.8));
#11264 = VECTOR('',#11265,1.);
#11265 = DIRECTION('',(1.,1.110223024625E-16,0.));
#11266 = PCURVE('',#4840,#11267);
#11267 = DEFINITIONAL_REPRESENTATION('',(#11268),#11272);
#11268 = LINE('',#11269,#11270);
#11269 = CARTESIAN_POINT('',(71.05,63.075));
#11270 = VECTOR('',#11271,1.);
#11271 = DIRECTION('',(0.,1.));
#11272 = ( GEOMETRIC_REPRESENTATION_CONTEXT(2) 
PARAMETRIC_REPRESENTATION_CONTEXT() REPRESENTATION_CONTEXT('2D SPACE',''
  ) );
#11273 = PCURVE('',#11274,#11279);
#11274 = PLANE('',#11275);
#11275 = AXIS2_PLACEMENT_3D('',#11276,#11277,#11278);
#11276 = CARTESIAN_POINT('',(111.,0.8,16.3));
#11277 = DIRECTION('',(1.110223024625E-16,-1.,0.));
#11278 = DIRECTION('',(0.,0.,1.));
#11279 = DEFINITIONAL_REPRESENTATION('',(#11280),#11284);
#11280 = LINE('',#11281,#11282);
#11281 = CARTESIAN_POINT('',(7.5,63.075));
#11282 = VECTOR('',#11283,1.);
#11283 = DIRECTION('',(0.,-1.));
#11284 = ( GEOMETRIC_REPRESENTATION_CONTEXT(2) 
PARAMETRIC_REPRESENTATION_CONTEXT() REPRESENTATION_CONTEXT('2D SPACE',''
  ) );
#11285 = ADVANCED_FACE('',(#11286),#5857,.T.);
#11286 = FACE_BOUND('',#11287,.T.);
#11287 = EDGE_LOOP('',(#11288,#11289,#11290,#11291));
#11288 = ORIENTED_EDGE('',*,*,#7837,.T.);
#11289 = ORIENTED_EDGE('',*,*,#5840,.F.);
#11290 = ORIENTED_EDGE('',*,*,#5974,.T.);
#11291 = ORIENTED_EDGE('',*,*,#6022,.T.);
#11292 = ADVANCED_FACE('',(#11293),#6752,.T.);
#11293 = FACE_BOUND('',#11294,.T.);
#11294 = EDGE_LOOP('',(#11295,#11296,#11297,#11298));
#11295 = ORIENTED_EDGE('',*,*,#7793,.T.);
#11296 = ORIENTED_EDGE('',*,*,#6735,.F.);
#11297 = ORIENTED_EDGE('',*,*,#6869,.T.);
#11298 = ORIENTED_EDGE('',*,*,#6917,.T.);
#11299 = ADVANCED_FACE('',(#11300,#11498),#7031,.F.);
#11300 = FACE_BOUND('',#11301,.F.);
#11301 = EDGE_LOOP('',(#11302,#11327,#11351,#11374,#11402,#11425,#11449,
    #11472));
#11302 = ORIENTED_EDGE('',*,*,#11303,.F.);
#11303 = EDGE_CURVE('',#11304,#11306,#11308,.T.);
#11304 = VERTEX_POINT('',#11305);
#11305 = CARTESIAN_POINT('',(98.11,39.55,24.9));
#11306 = VERTEX_POINT('',#11307);
#11307 = CARTESIAN_POINT('',(104.875,39.55,24.9));
#11308 = SURFACE_CURVE('',#11309,(#11313,#11320),.PCURVE_S1.);
#11309 = LINE('',#11310,#11311);
#11310 = CARTESIAN_POINT('',(93.92,39.55,24.9));
#11311 = VECTOR('',#11312,1.);
#11312 = DIRECTION('',(1.,1.110223024625E-16,0.));
#11313 = PCURVE('',#7031,#11314);
#11314 = DEFINITIONAL_REPRESENTATION('',(#11315),#11319);
#11315 = LINE('',#11316,#11317);
#11316 = CARTESIAN_POINT('',(0.,0.));
#11317 = VECTOR('',#11318,1.);
#11318 = DIRECTION('',(0.,1.));
#11319 = ( GEOMETRIC_REPRESENTATION_CONTEXT(2) 
PARAMETRIC_REPRESENTATION_CONTEXT() REPRESENTATION_CONTEXT('2D SPACE',''
  ) );
#11320 = PCURVE('',#10877,#11321);
#11321 = DEFINITIONAL_REPRESENTATION('',(#11322),#11326);
#11322 = LINE('',#11323,#11324);
#11323 = CARTESIAN_POINT('',(1.2,0.));
#11324 = VECTOR('',#11325,1.);
#11325 = DIRECTION('',(0.,-1.));
#11326 = ( GEOMETRIC_REPRESENTATION_CONTEXT(2) 
PARAMETRIC_REPRESENTATION_CONTEXT() REPRESENTATION_CONTEXT('2D SPACE',''
  ) );
#11327 = ORIENTED_EDGE('',*,*,#11328,.T.);
#11328 = EDGE_CURVE('',#11304,#11329,#11331,.T.);
#11329 = VERTEX_POINT('',#11330);
#11330 = CARTESIAN_POINT('',(93.92,35.36,24.9));
#11331 = SURFACE_CURVE('',#11332,(#11337,#11344),.PCURVE_S1.);
#11332 = CIRCLE('',#11333,4.19);
#11333 = AXIS2_PLACEMENT_3D('',#11334,#11335,#11336);
#11334 = CARTESIAN_POINT('',(98.11,35.36,24.9));
#11335 = DIRECTION('',(0.,0.,1.));
#11336 = DIRECTION('',(-1.,-1.110223024625E-16,0.));
#11337 = PCURVE('',#7031,#11338);
#11338 = DEFINITIONAL_REPRESENTATION('',(#11339),#11343);
#11339 = CIRCLE('',#11340,4.19);
#11340 = AXIS2_PLACEMENT_2D('',#11341,#11342);
#11341 = CARTESIAN_POINT('',(4.19,4.19));
#11342 = DIRECTION('',(0.,-1.));
#11343 = ( GEOMETRIC_REPRESENTATION_CONTEXT(2) 
PARAMETRIC_REPRESENTATION_CONTEXT() REPRESENTATION_CONTEXT('2D SPACE',''
  ) );
#11344 = PCURVE('',#10849,#11345);
#11345 = DEFINITIONAL_REPRESENTATION('',(#11346),#11350);
#11346 = LINE('',#11347,#11348);
#11347 = CARTESIAN_POINT('',(-4.712388980385,1.2));
#11348 = VECTOR('',#11349,1.);
#11349 = DIRECTION('',(1.,0.));
#11350 = ( GEOMETRIC_REPRESENTATION_CONTEXT(2) 
PARAMETRIC_REPRESENTATION_CONTEXT() REPRESENTATION_CONTEXT('2D SPACE',''
  ) );
#11351 = ORIENTED_EDGE('',*,*,#11352,.T.);
#11352 = EDGE_CURVE('',#11329,#11353,#11355,.T.);
#11353 = VERTEX_POINT('',#11354);
#11354 = CARTESIAN_POINT('',(93.92,35.34,24.9));
#11355 = SURFACE_CURVE('',#11356,(#11360,#11367),.PCURVE_S1.);
#11356 = LINE('',#11357,#11358);
#11357 = CARTESIAN_POINT('',(93.92,39.55,24.9));
#11358 = VECTOR('',#11359,1.);
#11359 = DIRECTION('',(1.110223024625E-16,-1.,0.));
#11360 = PCURVE('',#7031,#11361);
#11361 = DEFINITIONAL_REPRESENTATION('',(#11362),#11366);
#11362 = LINE('',#11363,#11364);
#11363 = CARTESIAN_POINT('',(0.,0.));
#11364 = VECTOR('',#11365,1.);
#11365 = DIRECTION('',(1.,0.));
#11366 = ( GEOMETRIC_REPRESENTATION_CONTEXT(2) 
PARAMETRIC_REPRESENTATION_CONTEXT() REPRESENTATION_CONTEXT('2D SPACE',''
  ) );
#11367 = PCURVE('',#11046,#11368);
#11368 = DEFINITIONAL_REPRESENTATION('',(#11369),#11373);
#11369 = LINE('',#11370,#11371);
#11370 = CARTESIAN_POINT('',(1.2,0.));
#11371 = VECTOR('',#11372,1.);
#11372 = DIRECTION('',(0.,1.));
#11373 = ( GEOMETRIC_REPRESENTATION_CONTEXT(2) 
PARAMETRIC_REPRESENTATION_CONTEXT() REPRESENTATION_CONTEXT('2D SPACE',''
  ) );
#11374 = ORIENTED_EDGE('',*,*,#11375,.F.);
#11375 = EDGE_CURVE('',#11376,#11353,#11378,.T.);
#11376 = VERTEX_POINT('',#11377);
#11377 = CARTESIAN_POINT('',(98.11,31.15,24.9));
#11378 = SURFACE_CURVE('',#11379,(#11384,#11395),.PCURVE_S1.);
#11379 = CIRCLE('',#11380,4.19);
#11380 = AXIS2_PLACEMENT_3D('',#11381,#11382,#11383);
#11381 = CARTESIAN_POINT('',(98.11,35.34,24.9));
#11382 = DIRECTION('',(-0.,0.,-1.));
#11383 = DIRECTION('',(-1.,-1.110223024625E-16,0.));
#11384 = PCURVE('',#7031,#11385);
#11385 = DEFINITIONAL_REPRESENTATION('',(#11386),#11394);
#11386 = ( BOUNDED_CURVE() B_SPLINE_CURVE(2,(#11387,#11388,#11389,#11390
    ,#11391,#11392,#11393),.UNSPECIFIED.,.T.,.F.) 
B_SPLINE_CURVE_WITH_KNOTS((1,2,2,2,2,1),(-2.094395102393,0.,
    2.094395102393,4.188790204786,6.28318530718,8.377580409573),
.UNSPECIFIED.) CURVE() GEOMETRIC_REPRESENTATION_ITEM() 
RATIONAL_B_SPLINE_CURVE((1.,0.5,1.,0.5,1.,0.5,1.)) REPRESENTATION_ITEM(
  '') );
#11387 = CARTESIAN_POINT('',(4.21,-8.881784197001E-16));
#11388 = CARTESIAN_POINT('',(-3.047292883714,-8.881784197001E-16));
#11389 = CARTESIAN_POINT('',(0.581353558143,6.285));
#11390 = CARTESIAN_POINT('',(4.21,12.57));
#11391 = CARTESIAN_POINT('',(7.838646441857,6.285));
#11392 = CARTESIAN_POINT('',(11.467292883714,5.329070518201E-15));
#11393 = CARTESIAN_POINT('',(4.21,-8.881784197001E-16));
#11394 = ( GEOMETRIC_REPRESENTATION_CONTEXT(2) 
PARAMETRIC_REPRESENTATION_CONTEXT() REPRESENTATION_CONTEXT('2D SPACE',''
  ) );
#11395 = PCURVE('',#11020,#11396);
#11396 = DEFINITIONAL_REPRESENTATION('',(#11397),#11401);
#11397 = LINE('',#11398,#11399);
#11398 = CARTESIAN_POINT('',(4.712388980385,1.2));
#11399 = VECTOR('',#11400,1.);
#11400 = DIRECTION('',(-1.,0.));
#11401 = ( GEOMETRIC_REPRESENTATION_CONTEXT(2) 
PARAMETRIC_REPRESENTATION_CONTEXT() REPRESENTATION_CONTEXT('2D SPACE',''
  ) );
#11402 = ORIENTED_EDGE('',*,*,#11403,.T.);
#11403 = EDGE_CURVE('',#11376,#11404,#11406,.T.);
#11404 = VERTEX_POINT('',#11405);
#11405 = CARTESIAN_POINT('',(104.875,31.15,24.9));
#11406 = SURFACE_CURVE('',#11407,(#11411,#11418),.PCURVE_S1.);
#11407 = LINE('',#11408,#11409);
#11408 = CARTESIAN_POINT('',(93.92,31.15,24.9));
#11409 = VECTOR('',#11410,1.);
#11410 = DIRECTION('',(1.,1.110223024625E-16,0.));
#11411 = PCURVE('',#7031,#11412);
#11412 = DEFINITIONAL_REPRESENTATION('',(#11413),#11417);
#11413 = LINE('',#11414,#11415);
#11414 = CARTESIAN_POINT('',(8.4,-9.325873406851E-16));
#11415 = VECTOR('',#11416,1.);
#11416 = DIRECTION('',(0.,1.));
#11417 = ( GEOMETRIC_REPRESENTATION_CONTEXT(2) 
PARAMETRIC_REPRESENTATION_CONTEXT() REPRESENTATION_CONTEXT('2D SPACE',''
  ) );
#11418 = PCURVE('',#10991,#11419);
#11419 = DEFINITIONAL_REPRESENTATION('',(#11420),#11424);
#11420 = LINE('',#11421,#11422);
#11421 = CARTESIAN_POINT('',(1.2,0.));
#11422 = VECTOR('',#11423,1.);
#11423 = DIRECTION('',(0.,-1.));
#11424 = ( GEOMETRIC_REPRESENTATION_CONTEXT(2) 
PARAMETRIC_REPRESENTATION_CONTEXT() REPRESENTATION_CONTEXT('2D SPACE',''
  ) );
#11425 = ORIENTED_EDGE('',*,*,#11426,.T.);
#11426 = EDGE_CURVE('',#11404,#11427,#11429,.T.);
#11427 = VERTEX_POINT('',#11428);
#11428 = CARTESIAN_POINT('',(109.065,35.34,24.9));
#11429 = SURFACE_CURVE('',#11430,(#11435,#11442),.PCURVE_S1.);
#11430 = CIRCLE('',#11431,4.19);
#11431 = AXIS2_PLACEMENT_3D('',#11432,#11433,#11434);
#11432 = CARTESIAN_POINT('',(104.875,35.34,24.9));
#11433 = DIRECTION('',(0.,0.,1.));
#11434 = DIRECTION('',(-1.,-1.110223024625E-16,0.));
#11435 = PCURVE('',#7031,#11436);
#11436 = DEFINITIONAL_REPRESENTATION('',(#11437),#11441);
#11437 = CIRCLE('',#11438,4.19);
#11438 = AXIS2_PLACEMENT_2D('',#11439,#11440);
#11439 = CARTESIAN_POINT('',(4.21,10.955));
#11440 = DIRECTION('',(0.,-1.));
#11441 = ( GEOMETRIC_REPRESENTATION_CONTEXT(2) 
PARAMETRIC_REPRESENTATION_CONTEXT() REPRESENTATION_CONTEXT('2D SPACE',''
  ) );
#11442 = PCURVE('',#10963,#11443);
#11443 = DEFINITIONAL_REPRESENTATION('',(#11444),#11448);
#11444 = LINE('',#11445,#11446);
#11445 = CARTESIAN_POINT('',(-1.570796326795,1.2));
#11446 = VECTOR('',#11447,1.);
#11447 = DIRECTION('',(1.,0.));
#11448 = ( GEOMETRIC_REPRESENTATION_CONTEXT(2) 
PARAMETRIC_REPRESENTATION_CONTEXT() REPRESENTATION_CONTEXT('2D SPACE',''
  ) );
#11449 = ORIENTED_EDGE('',*,*,#11450,.F.);
#11450 = EDGE_CURVE('',#11451,#11427,#11453,.T.);
#11451 = VERTEX_POINT('',#11452);
#11452 = CARTESIAN_POINT('',(109.065,35.36,24.9));
#11453 = SURFACE_CURVE('',#11454,(#11458,#11465),.PCURVE_S1.);
#11454 = LINE('',#11455,#11456);
#11455 = CARTESIAN_POINT('',(109.065,39.55,24.9));
#11456 = VECTOR('',#11457,1.);
#11457 = DIRECTION('',(1.110223024625E-16,-1.,0.));
#11458 = PCURVE('',#7031,#11459);
#11459 = DEFINITIONAL_REPRESENTATION('',(#11460),#11464);
#11460 = LINE('',#11461,#11462);
#11461 = CARTESIAN_POINT('',(-5.423994586806E-15,15.145));
#11462 = VECTOR('',#11463,1.);
#11463 = DIRECTION('',(1.,0.));
#11464 = ( GEOMETRIC_REPRESENTATION_CONTEXT(2) 
PARAMETRIC_REPRESENTATION_CONTEXT() REPRESENTATION_CONTEXT('2D SPACE',''
  ) );
#11465 = PCURVE('',#10934,#11466);
#11466 = DEFINITIONAL_REPRESENTATION('',(#11467),#11471);
#11467 = LINE('',#11468,#11469);
#11468 = CARTESIAN_POINT('',(1.2,0.));
#11469 = VECTOR('',#11470,1.);
#11470 = DIRECTION('',(0.,1.));
#11471 = ( GEOMETRIC_REPRESENTATION_CONTEXT(2) 
PARAMETRIC_REPRESENTATION_CONTEXT() REPRESENTATION_CONTEXT('2D SPACE',''
  ) );
#11472 = ORIENTED_EDGE('',*,*,#11473,.F.);
#11473 = EDGE_CURVE('',#11306,#11451,#11474,.T.);
#11474 = SURFACE_CURVE('',#11475,(#11480,#11491),.PCURVE_S1.);
#11475 = CIRCLE('',#11476,4.19);
#11476 = AXIS2_PLACEMENT_3D('',#11477,#11478,#11479);
#11477 = CARTESIAN_POINT('',(104.875,35.36,24.9));
#11478 = DIRECTION('',(-0.,0.,-1.));
#11479 = DIRECTION('',(-1.,-1.110223024625E-16,0.));
#11480 = PCURVE('',#7031,#11481);
#11481 = DEFINITIONAL_REPRESENTATION('',(#11482),#11490);
#11482 = ( BOUNDED_CURVE() B_SPLINE_CURVE(2,(#11483,#11484,#11485,#11486
    ,#11487,#11488,#11489),.UNSPECIFIED.,.T.,.F.) 
B_SPLINE_CURVE_WITH_KNOTS((1,2,2,2,2,1),(-2.094395102393,0.,
    2.094395102393,4.188790204786,6.28318530718,8.377580409573),
.UNSPECIFIED.) CURVE() GEOMETRIC_REPRESENTATION_ITEM() 
RATIONAL_B_SPLINE_CURVE((1.,0.5,1.,0.5,1.,0.5,1.)) REPRESENTATION_ITEM(
  '') );
#11483 = CARTESIAN_POINT('',(4.19,6.765));
#11484 = CARTESIAN_POINT('',(-3.067292883714,6.765));
#11485 = CARTESIAN_POINT('',(0.561353558143,13.05));
#11486 = CARTESIAN_POINT('',(4.19,19.335));
#11487 = CARTESIAN_POINT('',(7.818646441857,13.05));
#11488 = CARTESIAN_POINT('',(11.447292883714,6.765));
#11489 = CARTESIAN_POINT('',(4.19,6.765));
#11490 = ( GEOMETRIC_REPRESENTATION_CONTEXT(2) 
PARAMETRIC_REPRESENTATION_CONTEXT() REPRESENTATION_CONTEXT('2D SPACE',''
  ) );
#11491 = PCURVE('',#10906,#11492);
#11492 = DEFINITIONAL_REPRESENTATION('',(#11493),#11497);
#11493 = LINE('',#11494,#11495);
#11494 = CARTESIAN_POINT('',(1.570796326795,1.2));
#11495 = VECTOR('',#11496,1.);
#11496 = DIRECTION('',(-1.,0.));
#11497 = ( GEOMETRIC_REPRESENTATION_CONTEXT(2) 
PARAMETRIC_REPRESENTATION_CONTEXT() REPRESENTATION_CONTEXT('2D SPACE',''
  ) );
#11498 = FACE_BOUND('',#11499,.F.);
#11499 = EDGE_LOOP('',(#11500,#11501,#11502,#11503,#11504,#11505,#11506,
    #11507));
#11500 = ORIENTED_EDGE('',*,*,#7014,.F.);
#11501 = ORIENTED_EDGE('',*,*,#7070,.F.);
#11502 = ORIENTED_EDGE('',*,*,#7167,.F.);
#11503 = ORIENTED_EDGE('',*,*,#7289,.T.);
#11504 = ORIENTED_EDGE('',*,*,#7365,.F.);
#11505 = ORIENTED_EDGE('',*,*,#7317,.T.);
#11506 = ORIENTED_EDGE('',*,*,#7239,.F.);
#11507 = ORIENTED_EDGE('',*,*,#7140,.F.);
#11508 = ADVANCED_FACE('',(#11509),#7559,.T.);
#11509 = FACE_BOUND('',#11510,.T.);
#11510 = EDGE_LOOP('',(#11511,#11512,#11536,#11557));
#11511 = ORIENTED_EDGE('',*,*,#7545,.F.);
#11512 = ORIENTED_EDGE('',*,*,#11513,.T.);
#11513 = EDGE_CURVE('',#7518,#11514,#11516,.T.);
#11514 = VERTEX_POINT('',#11515);
#11515 = CARTESIAN_POINT('',(15.5,69.95,17.9));
#11516 = SURFACE_CURVE('',#11517,(#11522,#11529),.PCURVE_S1.);
#11517 = CIRCLE('',#11518,0.65);
#11518 = AXIS2_PLACEMENT_3D('',#11519,#11520,#11521);
#11519 = CARTESIAN_POINT('',(16.15,69.95,17.9));
#11520 = DIRECTION('',(0.,0.,1.));
#11521 = DIRECTION('',(-1.,-1.110223024625E-16,0.));
#11522 = PCURVE('',#7559,#11523);
#11523 = DEFINITIONAL_REPRESENTATION('',(#11524),#11528);
#11524 = LINE('',#11525,#11526);
#11525 = CARTESIAN_POINT('',(-4.712388980385,0.));
#11526 = VECTOR('',#11527,1.);
#11527 = DIRECTION('',(1.,0.));
#11528 = ( GEOMETRIC_REPRESENTATION_CONTEXT(2) 
PARAMETRIC_REPRESENTATION_CONTEXT() REPRESENTATION_CONTEXT('2D SPACE',''
  ) );
#11529 = PCURVE('',#7533,#11530);
#11530 = DEFINITIONAL_REPRESENTATION('',(#11531),#11535);
#11531 = CIRCLE('',#11532,0.65);
#11532 = AXIS2_PLACEMENT_2D('',#11533,#11534);
#11533 = CARTESIAN_POINT('',(0.65,0.65));
#11534 = DIRECTION('',(0.,-1.));
#11535 = ( GEOMETRIC_REPRESENTATION_CONTEXT(2) 
PARAMETRIC_REPRESENTATION_CONTEXT() REPRESENTATION_CONTEXT('2D SPACE',''
  ) );
#11536 = ORIENTED_EDGE('',*,*,#11537,.T.);
#11537 = EDGE_CURVE('',#11514,#10329,#11538,.T.);
#11538 = SURFACE_CURVE('',#11539,(#11543,#11550),.PCURVE_S1.);
#11539 = LINE('',#11540,#11541);
#11540 = CARTESIAN_POINT('',(15.5,69.95,17.9));
#11541 = VECTOR('',#11542,1.);
#11542 = DIRECTION('',(0.,0.,1.));
#11543 = PCURVE('',#7559,#11544);
#11544 = DEFINITIONAL_REPRESENTATION('',(#11545),#11549);
#11545 = LINE('',#11546,#11547);
#11546 = CARTESIAN_POINT('',(1.570796326795,0.));
#11547 = VECTOR('',#11548,1.);
#11548 = DIRECTION('',(0.,1.));
#11549 = ( GEOMETRIC_REPRESENTATION_CONTEXT(2) 
PARAMETRIC_REPRESENTATION_CONTEXT() REPRESENTATION_CONTEXT('2D SPACE',''
  ) );
#11550 = PCURVE('',#10344,#11551);
#11551 = DEFINITIONAL_REPRESENTATION('',(#11552),#11556);
#11552 = LINE('',#11553,#11554);
#11553 = CARTESIAN_POINT('',(0.,0.65));
#11554 = VECTOR('',#11555,1.);
#11555 = DIRECTION('',(1.,0.));
#11556 = ( GEOMETRIC_REPRESENTATION_CONTEXT(2) 
PARAMETRIC_REPRESENTATION_CONTEXT() REPRESENTATION_CONTEXT('2D SPACE',''
  ) );
#11557 = ORIENTED_EDGE('',*,*,#10356,.F.);
#11558 = ADVANCED_FACE('',(#11559,#11967),#7533,.F.);
#11559 = FACE_BOUND('',#11560,.F.);
#11560 = EDGE_LOOP('',(#11561,#11562,#11563,#11586,#11611,#11636,#11664,
    #11693,#11716,#11744,#11772,#11805,#11833,#11862,#11890,#11918,
    #11941));
#11561 = ORIENTED_EDGE('',*,*,#7517,.T.);
#11562 = ORIENTED_EDGE('',*,*,#11513,.T.);
#11563 = ORIENTED_EDGE('',*,*,#11564,.T.);
#11564 = EDGE_CURVE('',#11514,#11565,#11567,.T.);
#11565 = VERTEX_POINT('',#11566);
#11566 = CARTESIAN_POINT('',(15.5,66.014285714286,17.9));
#11567 = SURFACE_CURVE('',#11568,(#11572,#11579),.PCURVE_S1.);
#11568 = LINE('',#11569,#11570);
#11569 = CARTESIAN_POINT('',(15.5,70.6,17.9));
#11570 = VECTOR('',#11571,1.);
#11571 = DIRECTION('',(1.110223024625E-16,-1.,0.));
#11572 = PCURVE('',#7533,#11573);
#11573 = DEFINITIONAL_REPRESENTATION('',(#11574),#11578);
#11574 = LINE('',#11575,#11576);
#11575 = CARTESIAN_POINT('',(0.,0.));
#11576 = VECTOR('',#11577,1.);
#11577 = DIRECTION('',(1.,0.));
#11578 = ( GEOMETRIC_REPRESENTATION_CONTEXT(2) 
PARAMETRIC_REPRESENTATION_CONTEXT() REPRESENTATION_CONTEXT('2D SPACE',''
  ) );
#11579 = PCURVE('',#10344,#11580);
#11580 = DEFINITIONAL_REPRESENTATION('',(#11581),#11585);
#11581 = LINE('',#11582,#11583);
#11582 = CARTESIAN_POINT('',(0.,0.));
#11583 = VECTOR('',#11584,1.);
#11584 = DIRECTION('',(0.,1.));
#11585 = ( GEOMETRIC_REPRESENTATION_CONTEXT(2) 
PARAMETRIC_REPRESENTATION_CONTEXT() REPRESENTATION_CONTEXT('2D SPACE',''
  ) );
#11586 = ORIENTED_EDGE('',*,*,#11587,.T.);
#11587 = EDGE_CURVE('',#11565,#11588,#11590,.T.);
#11588 = VERTEX_POINT('',#11589);
#11589 = CARTESIAN_POINT('',(21.314285714286,66.014285714286,17.9));
#11590 = SURFACE_CURVE('',#11591,(#11594,#11600),.PCURVE_S1.);
#11591 = B_SPLINE_CURVE_WITH_KNOTS('',1,(#11592,#11593),.UNSPECIFIED.,
  .F.,.F.,(2,2),(0.,1.),.PIECEWISE_BEZIER_KNOTS.);
#11592 = CARTESIAN_POINT('',(15.5,66.014285714286,17.9));
#11593 = CARTESIAN_POINT('',(21.314285714286,66.014285714286,17.9));
#11594 = PCURVE('',#7533,#11595);
#11595 = DEFINITIONAL_REPRESENTATION('',(#11596),#11599);
#11596 = B_SPLINE_CURVE_WITH_KNOTS('',1,(#11597,#11598),.UNSPECIFIED.,
  .F.,.F.,(2,2),(0.,1.),.PIECEWISE_BEZIER_KNOTS.);
#11597 = CARTESIAN_POINT('',(4.585714285714,-1.7763568394E-15));
#11598 = CARTESIAN_POINT('',(4.585714285714,5.814285714286));
#11599 = ( GEOMETRIC_REPRESENTATION_CONTEXT(2) 
PARAMETRIC_REPRESENTATION_CONTEXT() REPRESENTATION_CONTEXT('2D SPACE',''
  ) );
#11600 = PCURVE('',#11601,#11606);
#11601 = B_SPLINE_SURFACE_WITH_KNOTS('',1,1,(
    (#11602,#11603)
    ,(#11604,#11605
    )),.UNSPECIFIED.,.F.,.F.,.F.,(2,2),(2,2),(0.,12.8),(0.,1.),
  .PIECEWISE_BEZIER_KNOTS.);
#11602 = CARTESIAN_POINT('',(21.2,65.9,17.5));
#11603 = CARTESIAN_POINT('',(23.,67.7,23.8));
#11604 = CARTESIAN_POINT('',(12.,65.9,17.5));
#11605 = CARTESIAN_POINT('',(10.2,67.7,23.8));
#11606 = DEFINITIONAL_REPRESENTATION('',(#11607),#11610);
#11607 = B_SPLINE_CURVE_WITH_KNOTS('',1,(#11608,#11609),.UNSPECIFIED.,
  .F.,.F.,(2,2),(0.,1.),.PIECEWISE_BEZIER_KNOTS.);
#11608 = CARTESIAN_POINT('',(7.893333333333,6.349206349206E-02));
#11609 = CARTESIAN_POINT('',(0.,6.349206349206E-02));
#11610 = ( GEOMETRIC_REPRESENTATION_CONTEXT(2) 
PARAMETRIC_REPRESENTATION_CONTEXT() REPRESENTATION_CONTEXT('2D SPACE',''
  ) );
#11611 = ORIENTED_EDGE('',*,*,#11612,.T.);
#11612 = EDGE_CURVE('',#11588,#11613,#11615,.T.);
#11613 = VERTEX_POINT('',#11614);
#11614 = CARTESIAN_POINT('',(21.314285714286,58.6,17.9));
#11615 = SURFACE_CURVE('',#11616,(#11619,#11625),.PCURVE_S1.);
#11616 = B_SPLINE_CURVE_WITH_KNOTS('',1,(#11617,#11618),.UNSPECIFIED.,
  .F.,.F.,(2,2),(0.,1.),.PIECEWISE_BEZIER_KNOTS.);
#11617 = CARTESIAN_POINT('',(21.314285714286,66.014285714286,17.9));
#11618 = CARTESIAN_POINT('',(21.314285714286,58.6,17.9));
#11619 = PCURVE('',#7533,#11620);
#11620 = DEFINITIONAL_REPRESENTATION('',(#11621),#11624);
#11621 = B_SPLINE_CURVE_WITH_KNOTS('',1,(#11622,#11623),.UNSPECIFIED.,
  .F.,.F.,(2,2),(0.,1.),.PIECEWISE_BEZIER_KNOTS.);
#11622 = CARTESIAN_POINT('',(4.585714285714,5.814285714286));
#11623 = CARTESIAN_POINT('',(12.,5.814285714286));
#11624 = ( GEOMETRIC_REPRESENTATION_CONTEXT(2) 
PARAMETRIC_REPRESENTATION_CONTEXT() REPRESENTATION_CONTEXT('2D SPACE',''
  ) );
#11625 = PCURVE('',#11626,#11631);
#11626 = B_SPLINE_SURFACE_WITH_KNOTS('',1,1,(
    (#11627,#11628)
    ,(#11629,#11630
    )),.UNSPECIFIED.,.F.,.F.,.F.,(2,2),(2,2),(0.,14.),(0.,1.),
  .PIECEWISE_BEZIER_KNOTS.);
#11627 = CARTESIAN_POINT('',(21.2,55.5,17.5));
#11628 = CARTESIAN_POINT('',(23.,53.7,23.8));
#11629 = CARTESIAN_POINT('',(21.2,65.9,17.5));
#11630 = CARTESIAN_POINT('',(23.,67.7,23.8));
#11631 = DEFINITIONAL_REPRESENTATION('',(#11632),#11635);
#11632 = B_SPLINE_CURVE_WITH_KNOTS('',1,(#11633,#11634),.UNSPECIFIED.,
  .F.,.F.,(2,2),(0.,1.),.PIECEWISE_BEZIER_KNOTS.);
#11633 = CARTESIAN_POINT('',(14.,6.349206349206E-02));
#11634 = CARTESIAN_POINT('',(4.233870967742,6.349206349206E-02));
#11635 = ( GEOMETRIC_REPRESENTATION_CONTEXT(2) 
PARAMETRIC_REPRESENTATION_CONTEXT() REPRESENTATION_CONTEXT('2D SPACE',''
  ) );
#11636 = ORIENTED_EDGE('',*,*,#11637,.T.);
#11637 = EDGE_CURVE('',#11613,#11638,#11640,.T.);
#11638 = VERTEX_POINT('',#11639);
#11639 = CARTESIAN_POINT('',(21.55,58.6,17.9));
#11640 = SURFACE_CURVE('',#11641,(#11645,#11652),.PCURVE_S1.);
#11641 = LINE('',#11642,#11643);
#11642 = CARTESIAN_POINT('',(15.5,58.6,17.9));
#11643 = VECTOR('',#11644,1.);
#11644 = DIRECTION('',(1.,1.110223024625E-16,0.));
#11645 = PCURVE('',#7533,#11646);
#11646 = DEFINITIONAL_REPRESENTATION('',(#11647),#11651);
#11647 = LINE('',#11648,#11649);
#11648 = CARTESIAN_POINT('',(12.,-1.33226762955E-15));
#11649 = VECTOR('',#11650,1.);
#11650 = DIRECTION('',(0.,1.));
#11651 = ( GEOMETRIC_REPRESENTATION_CONTEXT(2) 
PARAMETRIC_REPRESENTATION_CONTEXT() REPRESENTATION_CONTEXT('2D SPACE',''
  ) );
#11652 = PCURVE('',#11653,#11658);
#11653 = PLANE('',#11654);
#11654 = AXIS2_PLACEMENT_3D('',#11655,#11656,#11657);
#11655 = CARTESIAN_POINT('',(15.5,58.6,17.9));
#11656 = DIRECTION('',(1.110223024625E-16,-1.,0.));
#11657 = DIRECTION('',(0.,0.,1.));
#11658 = DEFINITIONAL_REPRESENTATION('',(#11659),#11663);
#11659 = LINE('',#11660,#11661);
#11660 = CARTESIAN_POINT('',(0.,0.));
#11661 = VECTOR('',#11662,1.);
#11662 = DIRECTION('',(0.,-1.));
#11663 = ( GEOMETRIC_REPRESENTATION_CONTEXT(2) 
PARAMETRIC_REPRESENTATION_CONTEXT() REPRESENTATION_CONTEXT('2D SPACE',''
  ) );
#11664 = ORIENTED_EDGE('',*,*,#11665,.T.);
#11665 = EDGE_CURVE('',#11638,#11666,#11668,.T.);
#11666 = VERTEX_POINT('',#11667);
#11667 = CARTESIAN_POINT('',(22.2,59.25,17.9));
#11668 = SURFACE_CURVE('',#11669,(#11674,#11681),.PCURVE_S1.);
#11669 = CIRCLE('',#11670,0.65);
#11670 = AXIS2_PLACEMENT_3D('',#11671,#11672,#11673);
#11671 = CARTESIAN_POINT('',(21.55,59.25,17.9));
#11672 = DIRECTION('',(0.,0.,1.));
#11673 = DIRECTION('',(-1.,-1.110223024625E-16,0.));
#11674 = PCURVE('',#7533,#11675);
#11675 = DEFINITIONAL_REPRESENTATION('',(#11676),#11680);
#11676 = CIRCLE('',#11677,0.65);
#11677 = AXIS2_PLACEMENT_2D('',#11678,#11679);
#11678 = CARTESIAN_POINT('',(11.35,6.05));
#11679 = DIRECTION('',(0.,-1.));
#11680 = ( GEOMETRIC_REPRESENTATION_CONTEXT(2) 
PARAMETRIC_REPRESENTATION_CONTEXT() REPRESENTATION_CONTEXT('2D SPACE',''
  ) );
#11681 = PCURVE('',#11682,#11687);
#11682 = CYLINDRICAL_SURFACE('',#11683,0.65);
#11683 = AXIS2_PLACEMENT_3D('',#11684,#11685,#11686);
#11684 = CARTESIAN_POINT('',(21.55,59.25,17.9));
#11685 = DIRECTION('',(0.,0.,1.));
#11686 = DIRECTION('',(1.110223024625E-16,-1.,0.));
#11687 = DEFINITIONAL_REPRESENTATION('',(#11688),#11692);
#11688 = LINE('',#11689,#11690);
#11689 = CARTESIAN_POINT('',(-1.570796326795,0.));
#11690 = VECTOR('',#11691,1.);
#11691 = DIRECTION('',(1.,0.));
#11692 = ( GEOMETRIC_REPRESENTATION_CONTEXT(2) 
PARAMETRIC_REPRESENTATION_CONTEXT() REPRESENTATION_CONTEXT('2D SPACE',''
  ) );
#11693 = ORIENTED_EDGE('',*,*,#11694,.F.);
#11694 = EDGE_CURVE('',#11695,#11666,#11697,.T.);
#11695 = VERTEX_POINT('',#11696);
#11696 = CARTESIAN_POINT('',(22.2,60.626101141925,17.9));
#11697 = SURFACE_CURVE('',#11698,(#11702,#11709),.PCURVE_S1.);
#11698 = LINE('',#11699,#11700);
#11699 = CARTESIAN_POINT('',(22.2,70.6,17.9));
#11700 = VECTOR('',#11701,1.);
#11701 = DIRECTION('',(1.110223024625E-16,-1.,0.));
#11702 = PCURVE('',#7533,#11703);
#11703 = DEFINITIONAL_REPRESENTATION('',(#11704),#11708);
#11704 = LINE('',#11705,#11706);
#11705 = CARTESIAN_POINT('',(7.438494264989E-16,6.7));
#11706 = VECTOR('',#11707,1.);
#11707 = DIRECTION('',(1.,0.));
#11708 = ( GEOMETRIC_REPRESENTATION_CONTEXT(2) 
PARAMETRIC_REPRESENTATION_CONTEXT() REPRESENTATION_CONTEXT('2D SPACE',''
  ) );
#11709 = PCURVE('',#10176,#11710);
#11710 = DEFINITIONAL_REPRESENTATION('',(#11711),#11715);
#11711 = LINE('',#11712,#11713);
#11712 = CARTESIAN_POINT('',(0.,0.));
#11713 = VECTOR('',#11714,1.);
#11714 = DIRECTION('',(0.,1.));
#11715 = ( GEOMETRIC_REPRESENTATION_CONTEXT(2) 
PARAMETRIC_REPRESENTATION_CONTEXT() REPRESENTATION_CONTEXT('2D SPACE',''
  ) );
#11716 = ORIENTED_EDGE('',*,*,#11717,.T.);
#11717 = EDGE_CURVE('',#11695,#11718,#11720,.T.);
#11718 = VERTEX_POINT('',#11719);
#11719 = CARTESIAN_POINT('',(52.05,61.6,17.9));
#11720 = SURFACE_CURVE('',#11721,(#11725,#11732),.PCURVE_S1.);
#11721 = LINE('',#11722,#11723);
#11722 = CARTESIAN_POINT('',(21.4,60.6,17.9));
#11723 = VECTOR('',#11724,1.);
#11724 = DIRECTION('',(0.999468182663,3.260907610646E-02,0.));
#11725 = PCURVE('',#7533,#11726);
#11726 = DEFINITIONAL_REPRESENTATION('',(#11727),#11731);
#11727 = LINE('',#11728,#11729);
#11728 = CARTESIAN_POINT('',(10.,5.9));
#11729 = VECTOR('',#11730,1.);
#11730 = DIRECTION('',(-3.260907610646E-02,0.999468182663));
#11731 = ( GEOMETRIC_REPRESENTATION_CONTEXT(2) 
PARAMETRIC_REPRESENTATION_CONTEXT() REPRESENTATION_CONTEXT('2D SPACE',''
  ) );
#11732 = PCURVE('',#11733,#11738);
#11733 = PLANE('',#11734);
#11734 = AXIS2_PLACEMENT_3D('',#11735,#11736,#11737);
#11735 = CARTESIAN_POINT('',(21.4,60.6,17.9));
#11736 = DIRECTION('',(-3.260907610646E-02,0.999468182663,0.));
#11737 = DIRECTION('',(0.999468182663,3.260907610646E-02,0.));
#11738 = DEFINITIONAL_REPRESENTATION('',(#11739),#11743);
#11739 = LINE('',#11740,#11741);
#11740 = CARTESIAN_POINT('',(0.,0.));
#11741 = VECTOR('',#11742,1.);
#11742 = DIRECTION('',(1.,0.));
#11743 = ( GEOMETRIC_REPRESENTATION_CONTEXT(2) 
PARAMETRIC_REPRESENTATION_CONTEXT() REPRESENTATION_CONTEXT('2D SPACE',''
  ) );
#11744 = ORIENTED_EDGE('',*,*,#11745,.F.);
#11745 = EDGE_CURVE('',#11746,#11718,#11748,.T.);
#11746 = VERTEX_POINT('',#11747);
#11747 = CARTESIAN_POINT('',(52.05,69.85,17.9));
#11748 = SURFACE_CURVE('',#11749,(#11753,#11760),.PCURVE_S1.);
#11749 = LINE('',#11750,#11751);
#11750 = CARTESIAN_POINT('',(52.05,69.85,17.9));
#11751 = VECTOR('',#11752,1.);
#11752 = DIRECTION('',(1.110223024625E-16,-1.,0.));
#11753 = PCURVE('',#7533,#11754);
#11754 = DEFINITIONAL_REPRESENTATION('',(#11755),#11759);
#11755 = LINE('',#11756,#11757);
#11756 = CARTESIAN_POINT('',(0.75,36.55));
#11757 = VECTOR('',#11758,1.);
#11758 = DIRECTION('',(1.,0.));
#11759 = ( GEOMETRIC_REPRESENTATION_CONTEXT(2) 
PARAMETRIC_REPRESENTATION_CONTEXT() REPRESENTATION_CONTEXT('2D SPACE',''
  ) );
#11760 = PCURVE('',#11761,#11766);
#11761 = PLANE('',#11762);
#11762 = AXIS2_PLACEMENT_3D('',#11763,#11764,#11765);
#11763 = CARTESIAN_POINT('',(52.05,61.6,17.9));
#11764 = DIRECTION('',(-1.,-1.110223024625E-16,0.));
#11765 = DIRECTION('',(-1.110223024625E-16,1.,0.));
#11766 = DEFINITIONAL_REPRESENTATION('',(#11767),#11771);
#11767 = LINE('',#11768,#11769);
#11768 = CARTESIAN_POINT('',(8.25,0.));
#11769 = VECTOR('',#11770,1.);
#11770 = DIRECTION('',(-1.,-0.));
#11771 = ( GEOMETRIC_REPRESENTATION_CONTEXT(2) 
PARAMETRIC_REPRESENTATION_CONTEXT() REPRESENTATION_CONTEXT('2D SPACE',''
  ) );
#11772 = ORIENTED_EDGE('',*,*,#11773,.F.);
#11773 = EDGE_CURVE('',#11774,#11746,#11776,.T.);
#11774 = VERTEX_POINT('',#11775);
#11775 = CARTESIAN_POINT('',(51.7,70.2,17.9));
#11776 = SURFACE_CURVE('',#11777,(#11782,#11793),.PCURVE_S1.);
#11777 = CIRCLE('',#11778,0.35);
#11778 = AXIS2_PLACEMENT_3D('',#11779,#11780,#11781);
#11779 = CARTESIAN_POINT('',(51.7,69.85,17.9));
#11780 = DIRECTION('',(-0.,0.,-1.));
#11781 = DIRECTION('',(-1.,-1.110223024625E-16,0.));
#11782 = PCURVE('',#7533,#11783);
#11783 = DEFINITIONAL_REPRESENTATION('',(#11784),#11792);
#11784 = ( BOUNDED_CURVE() B_SPLINE_CURVE(2,(#11785,#11786,#11787,#11788
    ,#11789,#11790,#11791),.UNSPECIFIED.,.T.,.F.) 
B_SPLINE_CURVE_WITH_KNOTS((1,2,2,2,2,1),(-2.094395102393,0.,
    2.094395102393,4.188790204786,6.28318530718,8.377580409573),
.UNSPECIFIED.) CURVE() GEOMETRIC_REPRESENTATION_ITEM() 
RATIONAL_B_SPLINE_CURVE((1.,0.5,1.,0.5,1.,0.5,1.)) REPRESENTATION_ITEM(
  '') );
#11785 = CARTESIAN_POINT('',(0.75,35.85));
#11786 = CARTESIAN_POINT('',(0.143782217351,35.85));
#11787 = CARTESIAN_POINT('',(0.446891108675,36.375));
#11788 = CARTESIAN_POINT('',(0.75,36.9));
#11789 = CARTESIAN_POINT('',(1.053108891325,36.375));
#11790 = CARTESIAN_POINT('',(1.356217782649,35.85));
#11791 = CARTESIAN_POINT('',(0.75,35.85));
#11792 = ( GEOMETRIC_REPRESENTATION_CONTEXT(2) 
PARAMETRIC_REPRESENTATION_CONTEXT() REPRESENTATION_CONTEXT('2D SPACE',''
  ) );
#11793 = PCURVE('',#11794,#11799);
#11794 = CYLINDRICAL_SURFACE('',#11795,0.35);
#11795 = AXIS2_PLACEMENT_3D('',#11796,#11797,#11798);
#11796 = CARTESIAN_POINT('',(51.7,69.85,17.9));
#11797 = DIRECTION('',(0.,0.,1.));
#11798 = DIRECTION('',(-1.110223024625E-16,1.,0.));
#11799 = DEFINITIONAL_REPRESENTATION('',(#11800),#11804);
#11800 = LINE('',#11801,#11802);
#11801 = CARTESIAN_POINT('',(1.570796326795,-0.));
#11802 = VECTOR('',#11803,1.);
#11803 = DIRECTION('',(-1.,0.));
#11804 = ( GEOMETRIC_REPRESENTATION_CONTEXT(2) 
PARAMETRIC_REPRESENTATION_CONTEXT() REPRESENTATION_CONTEXT('2D SPACE',''
  ) );
#11805 = ORIENTED_EDGE('',*,*,#11806,.F.);
#11806 = EDGE_CURVE('',#11807,#11774,#11809,.T.);
#11807 = VERTEX_POINT('',#11808);
#11808 = CARTESIAN_POINT('',(48.85,70.2,17.9));
#11809 = SURFACE_CURVE('',#11810,(#11814,#11821),.PCURVE_S1.);
#11810 = LINE('',#11811,#11812);
#11811 = CARTESIAN_POINT('',(48.5,70.2,17.9));
#11812 = VECTOR('',#11813,1.);
#11813 = DIRECTION('',(1.,1.110223024625E-16,0.));
#11814 = PCURVE('',#7533,#11815);
#11815 = DEFINITIONAL_REPRESENTATION('',(#11816),#11820);
#11816 = LINE('',#11817,#11818);
#11817 = CARTESIAN_POINT('',(0.4,33.));
#11818 = VECTOR('',#11819,1.);
#11819 = DIRECTION('',(0.,1.));
#11820 = ( GEOMETRIC_REPRESENTATION_CONTEXT(2) 
PARAMETRIC_REPRESENTATION_CONTEXT() REPRESENTATION_CONTEXT('2D SPACE',''
  ) );
#11821 = PCURVE('',#11822,#11827);
#11822 = PLANE('',#11823);
#11823 = AXIS2_PLACEMENT_3D('',#11824,#11825,#11826);
#11824 = CARTESIAN_POINT('',(48.5,70.2,17.9));
#11825 = DIRECTION('',(1.110223024625E-16,-1.,0.));
#11826 = DIRECTION('',(0.,0.,1.));
#11827 = DEFINITIONAL_REPRESENTATION('',(#11828),#11832);
#11828 = LINE('',#11829,#11830);
#11829 = CARTESIAN_POINT('',(0.,0.));
#11830 = VECTOR('',#11831,1.);
#11831 = DIRECTION('',(0.,-1.));
#11832 = ( GEOMETRIC_REPRESENTATION_CONTEXT(2) 
PARAMETRIC_REPRESENTATION_CONTEXT() REPRESENTATION_CONTEXT('2D SPACE',''
  ) );
#11833 = ORIENTED_EDGE('',*,*,#11834,.T.);
#11834 = EDGE_CURVE('',#11807,#11835,#11837,.T.);
#11835 = VERTEX_POINT('',#11836);
#11836 = CARTESIAN_POINT('',(48.5,69.85,17.9));
#11837 = SURFACE_CURVE('',#11838,(#11843,#11850),.PCURVE_S1.);
#11838 = CIRCLE('',#11839,0.35);
#11839 = AXIS2_PLACEMENT_3D('',#11840,#11841,#11842);
#11840 = CARTESIAN_POINT('',(48.85,69.85,17.9));
#11841 = DIRECTION('',(0.,0.,1.));
#11842 = DIRECTION('',(-1.,-1.110223024625E-16,0.));
#11843 = PCURVE('',#7533,#11844);
#11844 = DEFINITIONAL_REPRESENTATION('',(#11845),#11849);
#11845 = CIRCLE('',#11846,0.35);
#11846 = AXIS2_PLACEMENT_2D('',#11847,#11848);
#11847 = CARTESIAN_POINT('',(0.75,33.35));
#11848 = DIRECTION('',(0.,-1.));
#11849 = ( GEOMETRIC_REPRESENTATION_CONTEXT(2) 
PARAMETRIC_REPRESENTATION_CONTEXT() REPRESENTATION_CONTEXT('2D SPACE',''
  ) );
#11850 = PCURVE('',#11851,#11856);
#11851 = CYLINDRICAL_SURFACE('',#11852,0.35);
#11852 = AXIS2_PLACEMENT_3D('',#11853,#11854,#11855);
#11853 = CARTESIAN_POINT('',(48.85,69.85,17.9));
#11854 = DIRECTION('',(0.,0.,1.));
#11855 = DIRECTION('',(-1.110223024625E-16,1.,0.));
#11856 = DEFINITIONAL_REPRESENTATION('',(#11857),#11861);
#11857 = LINE('',#11858,#11859);
#11858 = CARTESIAN_POINT('',(-4.712388980385,0.));
#11859 = VECTOR('',#11860,1.);
#11860 = DIRECTION('',(1.,0.));
#11861 = ( GEOMETRIC_REPRESENTATION_CONTEXT(2) 
PARAMETRIC_REPRESENTATION_CONTEXT() REPRESENTATION_CONTEXT('2D SPACE',''
  ) );
#11862 = ORIENTED_EDGE('',*,*,#11863,.T.);
#11863 = EDGE_CURVE('',#11835,#11864,#11866,.T.);
#11864 = VERTEX_POINT('',#11865);
#11865 = CARTESIAN_POINT('',(48.5,67.715823817292,17.9));
#11866 = SURFACE_CURVE('',#11867,(#11871,#11878),.PCURVE_S1.);
#11867 = LINE('',#11868,#11869);
#11868 = CARTESIAN_POINT('',(48.5,70.2,17.9));
#11869 = VECTOR('',#11870,1.);
#11870 = DIRECTION('',(1.110223024625E-16,-1.,0.));
#11871 = PCURVE('',#7533,#11872);
#11872 = DEFINITIONAL_REPRESENTATION('',(#11873),#11877);
#11873 = LINE('',#11874,#11875);
#11874 = CARTESIAN_POINT('',(0.4,33.));
#11875 = VECTOR('',#11876,1.);
#11876 = DIRECTION('',(1.,0.));
#11877 = ( GEOMETRIC_REPRESENTATION_CONTEXT(2) 
PARAMETRIC_REPRESENTATION_CONTEXT() REPRESENTATION_CONTEXT('2D SPACE',''
  ) );
#11878 = PCURVE('',#11879,#11884);
#11879 = PLANE('',#11880);
#11880 = AXIS2_PLACEMENT_3D('',#11881,#11882,#11883);
#11881 = CARTESIAN_POINT('',(48.5,70.2,17.9));
#11882 = DIRECTION('',(1.,1.110223024625E-16,0.));
#11883 = DIRECTION('',(0.,0.,1.));
#11884 = DEFINITIONAL_REPRESENTATION('',(#11885),#11889);
#11885 = LINE('',#11886,#11887);
#11886 = CARTESIAN_POINT('',(0.,0.));
#11887 = VECTOR('',#11888,1.);
#11888 = DIRECTION('',(0.,1.));
#11889 = ( GEOMETRIC_REPRESENTATION_CONTEXT(2) 
PARAMETRIC_REPRESENTATION_CONTEXT() REPRESENTATION_CONTEXT('2D SPACE',''
  ) );
#11890 = ORIENTED_EDGE('',*,*,#11891,.T.);
#11891 = EDGE_CURVE('',#11864,#11892,#11894,.T.);
#11892 = VERTEX_POINT('',#11893);
#11893 = CARTESIAN_POINT('',(22.2,68.573898858075,17.9));
#11894 = SURFACE_CURVE('',#11895,(#11899,#11906),.PCURVE_S1.);
#11895 = LINE('',#11896,#11897);
#11896 = CARTESIAN_POINT('',(52.05,67.6,17.9));
#11897 = VECTOR('',#11898,1.);
#11898 = DIRECTION('',(-0.999468182663,3.260907610646E-02,0.));
#11899 = PCURVE('',#7533,#11900);
#11900 = DEFINITIONAL_REPRESENTATION('',(#11901),#11905);
#11901 = LINE('',#11902,#11903);
#11902 = CARTESIAN_POINT('',(3.,36.55));
#11903 = VECTOR('',#11904,1.);
#11904 = DIRECTION('',(-3.260907610646E-02,-0.999468182663));
#11905 = ( GEOMETRIC_REPRESENTATION_CONTEXT(2) 
PARAMETRIC_REPRESENTATION_CONTEXT() REPRESENTATION_CONTEXT('2D SPACE',''
  ) );
#11906 = PCURVE('',#11907,#11912);
#11907 = PLANE('',#11908);
#11908 = AXIS2_PLACEMENT_3D('',#11909,#11910,#11911);
#11909 = CARTESIAN_POINT('',(52.05,67.6,17.9));
#11910 = DIRECTION('',(-3.260907610646E-02,-0.999468182663,0.));
#11911 = DIRECTION('',(-0.999468182663,3.260907610646E-02,0.));
#11912 = DEFINITIONAL_REPRESENTATION('',(#11913),#11917);
#11913 = LINE('',#11914,#11915);
#11914 = CARTESIAN_POINT('',(0.,0.));
#11915 = VECTOR('',#11916,1.);
#11916 = DIRECTION('',(1.,-0.));
#11917 = ( GEOMETRIC_REPRESENTATION_CONTEXT(2) 
PARAMETRIC_REPRESENTATION_CONTEXT() REPRESENTATION_CONTEXT('2D SPACE',''
  ) );
#11918 = ORIENTED_EDGE('',*,*,#11919,.F.);
#11919 = EDGE_CURVE('',#11920,#11892,#11922,.T.);
#11920 = VERTEX_POINT('',#11921);
#11921 = CARTESIAN_POINT('',(22.2,69.95,17.9));
#11922 = SURFACE_CURVE('',#11923,(#11927,#11934),.PCURVE_S1.);
#11923 = LINE('',#11924,#11925);
#11924 = CARTESIAN_POINT('',(22.2,70.6,17.9));
#11925 = VECTOR('',#11926,1.);
#11926 = DIRECTION('',(1.110223024625E-16,-1.,0.));
#11927 = PCURVE('',#7533,#11928);
#11928 = DEFINITIONAL_REPRESENTATION('',(#11929),#11933);
#11929 = LINE('',#11930,#11931);
#11930 = CARTESIAN_POINT('',(7.438494264989E-16,6.7));
#11931 = VECTOR('',#11932,1.);
#11932 = DIRECTION('',(1.,0.));
#11933 = ( GEOMETRIC_REPRESENTATION_CONTEXT(2) 
PARAMETRIC_REPRESENTATION_CONTEXT() REPRESENTATION_CONTEXT('2D SPACE',''
  ) );
#11934 = PCURVE('',#10176,#11935);
#11935 = DEFINITIONAL_REPRESENTATION('',(#11936),#11940);
#11936 = LINE('',#11937,#11938);
#11937 = CARTESIAN_POINT('',(0.,0.));
#11938 = VECTOR('',#11939,1.);
#11939 = DIRECTION('',(0.,1.));
#11940 = ( GEOMETRIC_REPRESENTATION_CONTEXT(2) 
PARAMETRIC_REPRESENTATION_CONTEXT() REPRESENTATION_CONTEXT('2D SPACE',''
  ) );
#11941 = ORIENTED_EDGE('',*,*,#11942,.F.);
#11942 = EDGE_CURVE('',#7490,#11920,#11943,.T.);
#11943 = SURFACE_CURVE('',#11944,(#11949,#11960),.PCURVE_S1.);
#11944 = CIRCLE('',#11945,0.65);
#11945 = AXIS2_PLACEMENT_3D('',#11946,#11947,#11948);
#11946 = CARTESIAN_POINT('',(21.55,69.95,17.9));
#11947 = DIRECTION('',(-0.,0.,-1.));
#11948 = DIRECTION('',(-1.,-1.110223024625E-16,0.));
#11949 = PCURVE('',#7533,#11950);
#11950 = DEFINITIONAL_REPRESENTATION('',(#11951),#11959);
#11951 = ( BOUNDED_CURVE() B_SPLINE_CURVE(2,(#11952,#11953,#11954,#11955
    ,#11956,#11957,#11958),.UNSPECIFIED.,.T.,.F.) 
B_SPLINE_CURVE_WITH_KNOTS((1,2,2,2,2,1),(-2.094395102393,0.,
    2.094395102393,4.188790204786,6.28318530718,8.377580409573),
.UNSPECIFIED.) CURVE() GEOMETRIC_REPRESENTATION_ITEM() 
RATIONAL_B_SPLINE_CURVE((1.,0.5,1.,0.5,1.,0.5,1.)) REPRESENTATION_ITEM(
  '') );
#11952 = CARTESIAN_POINT('',(0.65,5.4));
#11953 = CARTESIAN_POINT('',(-0.47583302492,5.4));
#11954 = CARTESIAN_POINT('',(8.708348754012E-02,6.375));
#11955 = CARTESIAN_POINT('',(0.65,7.35));
#11956 = CARTESIAN_POINT('',(1.21291651246,6.375));
#11957 = CARTESIAN_POINT('',(1.77583302492,5.4));
#11958 = CARTESIAN_POINT('',(0.65,5.4));
#11959 = ( GEOMETRIC_REPRESENTATION_CONTEXT(2) 
PARAMETRIC_REPRESENTATION_CONTEXT() REPRESENTATION_CONTEXT('2D SPACE',''
  ) );
#11960 = PCURVE('',#7505,#11961);
#11961 = DEFINITIONAL_REPRESENTATION('',(#11962),#11966);
#11962 = LINE('',#11963,#11964);
#11963 = CARTESIAN_POINT('',(1.570796326795,-0.));
#11964 = VECTOR('',#11965,1.);
#11965 = DIRECTION('',(-1.,0.));
#11966 = ( GEOMETRIC_REPRESENTATION_CONTEXT(2) 
PARAMETRIC_REPRESENTATION_CONTEXT() REPRESENTATION_CONTEXT('2D SPACE',''
  ) );
#11967 = FACE_BOUND('',#11968,.F.);
#11968 = EDGE_LOOP('',(#11969,#11999,#12027,#12055));
#11969 = ORIENTED_EDGE('',*,*,#11970,.T.);
#11970 = EDGE_CURVE('',#11971,#11973,#11975,.T.);
#11971 = VERTEX_POINT('',#11972);
#11972 = CARTESIAN_POINT('',(47.05,66.6,17.9));
#11973 = VERTEX_POINT('',#11974);
#11974 = CARTESIAN_POINT('',(51.976363636364,66.6,17.9));
#11975 = SURFACE_CURVE('',#11976,(#11980,#11987),.PCURVE_S1.);
#11976 = LINE('',#11977,#11978);
#11977 = CARTESIAN_POINT('',(32.286925751215,66.6,17.9));
#11978 = VECTOR('',#11979,1.);
#11979 = DIRECTION('',(1.,1.110223024625E-16,0.));
#11980 = PCURVE('',#7533,#11981);
#11981 = DEFINITIONAL_REPRESENTATION('',(#11982),#11986);
#11982 = LINE('',#11983,#11984);
#11983 = CARTESIAN_POINT('',(4.,16.786925751215));
#11984 = VECTOR('',#11985,1.);
#11985 = DIRECTION('',(0.,1.));
#11986 = ( GEOMETRIC_REPRESENTATION_CONTEXT(2) 
PARAMETRIC_REPRESENTATION_CONTEXT() REPRESENTATION_CONTEXT('2D SPACE',''
  ) );
#11987 = PCURVE('',#11988,#11993);
#11988 = PLANE('',#11989);
#11989 = AXIS2_PLACEMENT_3D('',#11990,#11991,#11992);
#11990 = CARTESIAN_POINT('',(49.07385150243,66.6,16.984605273724));
#11991 = DIRECTION('',(1.110223024625E-16,-1.,0.));
#11992 = DIRECTION('',(0.,0.,1.));
#11993 = DEFINITIONAL_REPRESENTATION('',(#11994),#11998);
#11994 = LINE('',#11995,#11996);
#11995 = CARTESIAN_POINT('',(0.915394726276,16.786925751215));
#11996 = VECTOR('',#11997,1.);
#11997 = DIRECTION('',(0.,-1.));
#11998 = ( GEOMETRIC_REPRESENTATION_CONTEXT(2) 
PARAMETRIC_REPRESENTATION_CONTEXT() REPRESENTATION_CONTEXT('2D SPACE',''
  ) );
#11999 = ORIENTED_EDGE('',*,*,#12000,.T.);
#12000 = EDGE_CURVE('',#11973,#12001,#12003,.T.);
#12001 = VERTEX_POINT('',#12002);
#12002 = CARTESIAN_POINT('',(51.976363636364,62.6,17.9));
#12003 = SURFACE_CURVE('',#12004,(#12008,#12015),.PCURVE_S1.);
#12004 = LINE('',#12005,#12006);
#12005 = CARTESIAN_POINT('',(51.976363636364,68.6,17.9));
#12006 = VECTOR('',#12007,1.);
#12007 = DIRECTION('',(1.110223024625E-16,-1.,0.));
#12008 = PCURVE('',#7533,#12009);
#12009 = DEFINITIONAL_REPRESENTATION('',(#12010),#12014);
#12010 = LINE('',#12011,#12012);
#12011 = CARTESIAN_POINT('',(2.,36.476363636364));
#12012 = VECTOR('',#12013,1.);
#12013 = DIRECTION('',(1.,0.));
#12014 = ( GEOMETRIC_REPRESENTATION_CONTEXT(2) 
PARAMETRIC_REPRESENTATION_CONTEXT() REPRESENTATION_CONTEXT('2D SPACE',''
  ) );
#12015 = PCURVE('',#12016,#12021);
#12016 = PLANE('',#12017);
#12017 = AXIS2_PLACEMENT_3D('',#12018,#12019,#12020);
#12018 = CARTESIAN_POINT('',(48.,66.6,15.2));
#12019 = DIRECTION('',(-0.561751159054,-6.236690708916E-17,
    0.827306252425));
#12020 = DIRECTION('',(0.827306252425,9.184944498586E-17,0.561751159054)
  );
#12021 = DEFINITIONAL_REPRESENTATION('',(#12022),#12026);
#12022 = LINE('',#12023,#12024);
#12023 = CARTESIAN_POINT('',(4.806398627725,2.));
#12024 = VECTOR('',#12025,1.);
#12025 = DIRECTION('',(0.,-1.));
#12026 = ( GEOMETRIC_REPRESENTATION_CONTEXT(2) 
PARAMETRIC_REPRESENTATION_CONTEXT() REPRESENTATION_CONTEXT('2D SPACE',''
  ) );
#12027 = ORIENTED_EDGE('',*,*,#12028,.F.);
#12028 = EDGE_CURVE('',#12029,#12001,#12031,.T.);
#12029 = VERTEX_POINT('',#12030);
#12030 = CARTESIAN_POINT('',(47.05,62.6,17.9));
#12031 = SURFACE_CURVE('',#12032,(#12036,#12043),.PCURVE_S1.);
#12032 = LINE('',#12033,#12034);
#12033 = CARTESIAN_POINT('',(32.286925751215,62.6,17.9));
#12034 = VECTOR('',#12035,1.);
#12035 = DIRECTION('',(1.,1.110223024625E-16,0.));
#12036 = PCURVE('',#7533,#12037);
#12037 = DEFINITIONAL_REPRESENTATION('',(#12038),#12042);
#12038 = LINE('',#12039,#12040);
#12039 = CARTESIAN_POINT('',(8.,16.786925751215));
#12040 = VECTOR('',#12041,1.);
#12041 = DIRECTION('',(0.,1.));
#12042 = ( GEOMETRIC_REPRESENTATION_CONTEXT(2) 
PARAMETRIC_REPRESENTATION_CONTEXT() REPRESENTATION_CONTEXT('2D SPACE',''
  ) );
#12043 = PCURVE('',#12044,#12049);
#12044 = PLANE('',#12045);
#12045 = AXIS2_PLACEMENT_3D('',#12046,#12047,#12048);
#12046 = CARTESIAN_POINT('',(49.07385150243,62.6,16.984605273724));
#12047 = DIRECTION('',(1.110223024625E-16,-1.,0.));
#12048 = DIRECTION('',(0.,0.,1.));
#12049 = DEFINITIONAL_REPRESENTATION('',(#12050),#12054);
#12050 = LINE('',#12051,#12052);
#12051 = CARTESIAN_POINT('',(0.915394726276,16.786925751215));
#12052 = VECTOR('',#12053,1.);
#12053 = DIRECTION('',(0.,-1.));
#12054 = ( GEOMETRIC_REPRESENTATION_CONTEXT(2) 
PARAMETRIC_REPRESENTATION_CONTEXT() REPRESENTATION_CONTEXT('2D SPACE',''
  ) );
#12055 = ORIENTED_EDGE('',*,*,#12056,.T.);
#12056 = EDGE_CURVE('',#12029,#11971,#12057,.T.);
#12057 = SURFACE_CURVE('',#12058,(#12062,#12069),.PCURVE_S1.);
#12058 = LINE('',#12059,#12060);
#12059 = CARTESIAN_POINT('',(47.05,68.6,17.9));
#12060 = VECTOR('',#12061,1.);
#12061 = DIRECTION('',(-1.110223024625E-16,1.,0.));
#12062 = PCURVE('',#7533,#12063);
#12063 = DEFINITIONAL_REPRESENTATION('',(#12064),#12068);
#12064 = LINE('',#12065,#12066);
#12065 = CARTESIAN_POINT('',(2.,31.55));
#12066 = VECTOR('',#12067,1.);
#12067 = DIRECTION('',(-1.,0.));
#12068 = ( GEOMETRIC_REPRESENTATION_CONTEXT(2) 
PARAMETRIC_REPRESENTATION_CONTEXT() REPRESENTATION_CONTEXT('2D SPACE',''
  ) );
#12069 = PCURVE('',#12070,#12075);
#12070 = PLANE('',#12071);
#12071 = AXIS2_PLACEMENT_3D('',#12072,#12073,#12074);
#12072 = CARTESIAN_POINT('',(47.05,66.6,17.95));
#12073 = DIRECTION('',(1.,1.110223024625E-16,0.));
#12074 = DIRECTION('',(0.,0.,-1.));
#12075 = DEFINITIONAL_REPRESENTATION('',(#12076),#12080);
#12076 = LINE('',#12077,#12078);
#12077 = CARTESIAN_POINT('',(5.E-02,2.));
#12078 = VECTOR('',#12079,1.);
#12079 = DIRECTION('',(0.,1.));
#12080 = ( GEOMETRIC_REPRESENTATION_CONTEXT(2) 
PARAMETRIC_REPRESENTATION_CONTEXT() REPRESENTATION_CONTEXT('2D SPACE',''
  ) );
#12081 = ADVANCED_FACE('',(#12082),#7505,.T.);
#12082 = FACE_BOUND('',#12083,.F.);
#12083 = EDGE_LOOP('',(#12084,#12085,#12086,#12107));
#12084 = ORIENTED_EDGE('',*,*,#7489,.F.);
#12085 = ORIENTED_EDGE('',*,*,#11942,.T.);
#12086 = ORIENTED_EDGE('',*,*,#12087,.T.);
#12087 = EDGE_CURVE('',#11920,#10137,#12088,.T.);
#12088 = SURFACE_CURVE('',#12089,(#12093,#12100),.PCURVE_S1.);
#12089 = LINE('',#12090,#12091);
#12090 = CARTESIAN_POINT('',(22.2,69.95,17.9));
#12091 = VECTOR('',#12092,1.);
#12092 = DIRECTION('',(0.,0.,1.));
#12093 = PCURVE('',#7505,#12094);
#12094 = DEFINITIONAL_REPRESENTATION('',(#12095),#12099);
#12095 = LINE('',#12096,#12097);
#12096 = CARTESIAN_POINT('',(-1.570796326795,0.));
#12097 = VECTOR('',#12098,1.);
#12098 = DIRECTION('',(-0.,1.));
#12099 = ( GEOMETRIC_REPRESENTATION_CONTEXT(2) 
PARAMETRIC_REPRESENTATION_CONTEXT() REPRESENTATION_CONTEXT('2D SPACE',''
  ) );
#12100 = PCURVE('',#10176,#12101);
#12101 = DEFINITIONAL_REPRESENTATION('',(#12102),#12106);
#12102 = LINE('',#12103,#12104);
#12103 = CARTESIAN_POINT('',(0.,0.65));
#12104 = VECTOR('',#12105,1.);
#12105 = DIRECTION('',(1.,0.));
#12106 = ( GEOMETRIC_REPRESENTATION_CONTEXT(2) 
PARAMETRIC_REPRESENTATION_CONTEXT() REPRESENTATION_CONTEXT('2D SPACE',''
  ) );
#12107 = ORIENTED_EDGE('',*,*,#10136,.T.);
#12108 = ADVANCED_FACE('',(#12109),#7952,.T.);
#12109 = FACE_BOUND('',#12110,.T.);
#12110 = EDGE_LOOP('',(#12111,#12174,#12195,#12196,#12197,#12220));
#12111 = ORIENTED_EDGE('',*,*,#12112,.F.);
#12112 = EDGE_CURVE('',#12113,#12115,#12117,.T.);
#12113 = VERTEX_POINT('',#12114);
#12114 = CARTESIAN_POINT('',(15.6,3.87676056338,20.731338028169));
#12115 = VERTEX_POINT('',#12116);
#12116 = CARTESIAN_POINT('',(15.6,3.014285714286,23.75));
#12117 = SURFACE_CURVE('',#12118,(#12133,#12151),.PCURVE_S1.);
#12118 = B_SPLINE_CURVE_WITH_KNOTS('',5,(#12119,#12120,#12121,#12122,
    #12123,#12124,#12125,#12126,#12127,#12128,#12129,#12130,#12131,
    #12132),.UNSPECIFIED.,.F.,.F.,(6,4,4,6),(0.,0.407857323145,
    0.704019431148,1.),.UNSPECIFIED.);
#12119 = CARTESIAN_POINT('',(15.6,4.714285714286,17.8));
#12120 = CARTESIAN_POINT('',(15.6,4.57580610308,18.284678639221));
#12121 = CARTESIAN_POINT('',(15.6,4.437262991369,18.769579530207));
#12122 = CARTESIAN_POINT('',(15.6,4.298671203342,19.254650788303));
#12123 = CARTESIAN_POINT('',(15.6,4.160040743132,19.739857399039));
#12124 = CARTESIAN_POINT('',(15.6,3.920689107985,20.577588122054));
#12125 = CARTESIAN_POINT('',(15.6,3.819983362216,20.930058232243));
#12126 = CARTESIAN_POINT('',(15.6,3.719263245429,21.282578640997));
#12127 = CARTESIAN_POINT('',(15.6,3.618530772929,21.635142294749));
#12128 = CARTESIAN_POINT('',(15.6,3.417105818372,22.3401296357));
#12129 = CARTESIAN_POINT('',(15.6,3.316413384408,22.692553154572));
#12130 = CARTESIAN_POINT('',(15.6,3.215711621091,23.045009326183));
#12131 = CARTESIAN_POINT('',(15.6,3.115001734752,23.397493928369));
#12132 = CARTESIAN_POINT('',(15.6,3.014284634286,23.75000378));
#12133 = PCURVE('',#7952,#12134);
#12134 = DEFINITIONAL_REPRESENTATION('',(#12135),#12150);
#12135 = B_SPLINE_CURVE_WITH_KNOTS('',5,(#12136,#12137,#12138,#12139,
    #12140,#12141,#12142,#12143,#12144,#12145,#12146,#12147,#12148,
    #12149),.UNSPECIFIED.,.F.,.F.,(6,4,4,6),(0.,0.407857323145,
    0.704019431148,1.),.UNSPECIFIED.);
#12136 = CARTESIAN_POINT('',(3.969596960161,1.348656926944));
#12137 = CARTESIAN_POINT('',(3.48491832094,1.48713653815));
#12138 = CARTESIAN_POINT('',(3.000017429954,1.62567964986));
#12139 = CARTESIAN_POINT('',(2.514946171858,1.764271437888));
#12140 = CARTESIAN_POINT('',(2.029739561122,1.902901898098));
#12141 = CARTESIAN_POINT('',(1.192008838108,2.142253533245));
#12142 = CARTESIAN_POINT('',(0.839538727918,2.242959279013));
#12143 = CARTESIAN_POINT('',(0.487018319164,2.3436793958));
#12144 = CARTESIAN_POINT('',(0.134454665413,2.444411868301));
#12145 = CARTESIAN_POINT('',(-0.570532675538,2.645836822858));
#12146 = CARTESIAN_POINT('',(-0.92295619441,2.746529256822));
#12147 = CARTESIAN_POINT('',(-1.275412366021,2.847231020139));
#12148 = CARTESIAN_POINT('',(-1.627896968207,2.947940906478));
#12149 = CARTESIAN_POINT('',(-1.980406819839,3.048658006944));
#12150 = ( GEOMETRIC_REPRESENTATION_CONTEXT(2) 
PARAMETRIC_REPRESENTATION_CONTEXT() REPRESENTATION_CONTEXT('2D SPACE',''
  ) );
#12151 = PCURVE('',#12152,#12157);
#12152 = B_SPLINE_SURFACE_WITH_KNOTS('',1,1,(
    (#12153,#12154)
    ,(#12155,#12156
    )),.UNSPECIFIED.,.F.,.F.,.F.,(2,2),(2,2),(0.,12.8),(0.,1.),
  .PIECEWISE_BEZIER_KNOTS.);
#12153 = CARTESIAN_POINT('',(12.,4.8,17.5));
#12154 = CARTESIAN_POINT('',(10.2,3.,23.8));
#12155 = CARTESIAN_POINT('',(21.2,4.8,17.5));
#12156 = CARTESIAN_POINT('',(23.,3.,23.8));
#12157 = DEFINITIONAL_REPRESENTATION('',(#12158),#12173);
#12158 = B_SPLINE_CURVE_WITH_KNOTS('',5,(#12159,#12160,#12161,#12162,
    #12163,#12164,#12165,#12166,#12167,#12168,#12169,#12170,#12171,
    #12172),.UNSPECIFIED.,.F.,.F.,(6,4,4,6),(0.,0.407857323145,
    0.704019431148,1.),.UNSPECIFIED.);
#12159 = CARTESIAN_POINT('',(5.034146340647,4.761904761905E-02));
#12160 = CARTESIAN_POINT('',(5.074512199976,0.124552164956));
#12161 = CARTESIAN_POINT('',(5.111914373721,0.20152056035));
#12162 = CARTESIAN_POINT('',(5.146782512841,0.278515998143));
#12163 = CARTESIAN_POINT('',(5.179428221914,0.355532920482));
#12164 = CARTESIAN_POINT('',(5.232379239803,0.48850605112));
#12165 = CARTESIAN_POINT('',(5.253615900856,0.544453687658));
#12166 = CARTESIAN_POINT('',(5.273909122856,0.600409308095));
#12167 = CARTESIAN_POINT('',(5.29333965835,0.656371792817));
#12168 = CARTESIAN_POINT('',(5.330596995939,0.768274545349));
#12169 = CARTESIAN_POINT('',(5.348425264477,0.82421478644));
#12170 = CARTESIAN_POINT('',(5.365525617454,0.880160210505));
#12171 = CARTESIAN_POINT('',(5.381955500836,0.93611014736));
#12172 = CARTESIAN_POINT('',(5.397763033041,0.992064092063));
#12173 = ( GEOMETRIC_REPRESENTATION_CONTEXT(2) 
PARAMETRIC_REPRESENTATION_CONTEXT() REPRESENTATION_CONTEXT('2D SPACE',''
  ) );
#12174 = ORIENTED_EDGE('',*,*,#12175,.T.);
#12175 = EDGE_CURVE('',#12113,#7911,#12176,.T.);
#12176 = SURFACE_CURVE('',#12177,(#12181,#12188),.PCURVE_S1.);
#12177 = LINE('',#12178,#12179);
#12178 = CARTESIAN_POINT('',(15.6,10.,17.8));
#12179 = VECTOR('',#12180,1.);
#12180 = DIRECTION('',(1.001389830278E-16,-0.901971773298,0.431794997856
    ));
#12181 = PCURVE('',#7952,#12182);
#12182 = DEFINITIONAL_REPRESENTATION('',(#12183),#12187);
#12183 = LINE('',#12184,#12185);
#12184 = CARTESIAN_POINT('',(3.969596960161,-3.93705735877));
#12185 = VECTOR('',#12186,1.);
#12186 = DIRECTION('',(-0.431794997856,0.901971773298));
#12187 = ( GEOMETRIC_REPRESENTATION_CONTEXT(2) 
PARAMETRIC_REPRESENTATION_CONTEXT() REPRESENTATION_CONTEXT('2D SPACE',''
  ) );
#12188 = PCURVE('',#7926,#12189);
#12189 = DEFINITIONAL_REPRESENTATION('',(#12190),#12194);
#12190 = LINE('',#12191,#12192);
#12191 = CARTESIAN_POINT('',(-2.403335592667E-16,-2.4));
#12192 = VECTOR('',#12193,1.);
#12193 = DIRECTION('',(1.,0.));
#12194 = ( GEOMETRIC_REPRESENTATION_CONTEXT(2) 
PARAMETRIC_REPRESENTATION_CONTEXT() REPRESENTATION_CONTEXT('2D SPACE',''
  ) );
#12195 = ORIENTED_EDGE('',*,*,#7938,.F.);
#12196 = ORIENTED_EDGE('',*,*,#9810,.F.);
#12197 = ORIENTED_EDGE('',*,*,#12198,.T.);
#12198 = EDGE_CURVE('',#9811,#12199,#12201,.T.);
#12199 = VERTEX_POINT('',#12200);
#12200 = CARTESIAN_POINT('',(15.6,3.,23.75));
#12201 = SURFACE_CURVE('',#12202,(#12206,#12213),.PCURVE_S1.);
#12202 = LINE('',#12203,#12204);
#12203 = CARTESIAN_POINT('',(15.6,3.,22.759798480081));
#12204 = VECTOR('',#12205,1.);
#12205 = DIRECTION('',(0.,0.,-1.));
#12206 = PCURVE('',#7952,#12207);
#12207 = DEFINITIONAL_REPRESENTATION('',(#12208),#12212);
#12208 = LINE('',#12209,#12210);
#12209 = CARTESIAN_POINT('',(-0.990201519919,3.06294264123));
#12210 = VECTOR('',#12211,1.);
#12211 = DIRECTION('',(1.,0.));
#12212 = ( GEOMETRIC_REPRESENTATION_CONTEXT(2) 
PARAMETRIC_REPRESENTATION_CONTEXT() REPRESENTATION_CONTEXT('2D SPACE',''
  ) );
#12213 = PCURVE('',#9849,#12214);
#12214 = DEFINITIONAL_REPRESENTATION('',(#12215),#12219);
#12215 = LINE('',#12216,#12217);
#12216 = CARTESIAN_POINT('',(-0.990201519919,-5.4));
#12217 = VECTOR('',#12218,1.);
#12218 = DIRECTION('',(-1.,-0.));
#12219 = ( GEOMETRIC_REPRESENTATION_CONTEXT(2) 
PARAMETRIC_REPRESENTATION_CONTEXT() REPRESENTATION_CONTEXT('2D SPACE',''
  ) );
#12220 = ORIENTED_EDGE('',*,*,#12221,.F.);
#12221 = EDGE_CURVE('',#12115,#12199,#12222,.T.);
#12222 = SURFACE_CURVE('',#12223,(#12227,#12234),.PCURVE_S1.);
#12223 = LINE('',#12224,#12225);
#12224 = CARTESIAN_POINT('',(15.6,11.531471320615,23.75));
#12225 = VECTOR('',#12226,1.);
#12226 = DIRECTION('',(1.110223024625E-16,-1.,0.));
#12227 = PCURVE('',#7952,#12228);
#12228 = DEFINITIONAL_REPRESENTATION('',(#12229),#12233);
#12229 = LINE('',#12230,#12231);
#12230 = CARTESIAN_POINT('',(-1.980403039839,-5.468528679385));
#12231 = VECTOR('',#12232,1.);
#12232 = DIRECTION('',(0.,1.));
#12233 = ( GEOMETRIC_REPRESENTATION_CONTEXT(2) 
PARAMETRIC_REPRESENTATION_CONTEXT() REPRESENTATION_CONTEXT('2D SPACE',''
  ) );
#12234 = PCURVE('',#12235,#12240);
#12235 = PLANE('',#12236);
#12236 = AXIS2_PLACEMENT_3D('',#12237,#12238,#12239);
#12237 = CARTESIAN_POINT('',(10.2,17.,23.75));
#12238 = DIRECTION('',(0.,0.,1.));
#12239 = DIRECTION('',(1.110223024625E-16,-1.,0.));
#12240 = DEFINITIONAL_REPRESENTATION('',(#12241),#12245);
#12241 = LINE('',#12242,#12243);
#12242 = CARTESIAN_POINT('',(5.468528679385,5.4));
#12243 = VECTOR('',#12244,1.);
#12244 = DIRECTION('',(1.,0.));
#12245 = ( GEOMETRIC_REPRESENTATION_CONTEXT(2) 
PARAMETRIC_REPRESENTATION_CONTEXT() REPRESENTATION_CONTEXT('2D SPACE',''
  ) );
#12246 = ADVANCED_FACE('',(#12247),#7926,.F.);
#12247 = FACE_BOUND('',#12248,.F.);
#12248 = EDGE_LOOP('',(#12249,#12272,#12290,#12291));
#12249 = ORIENTED_EDGE('',*,*,#12250,.F.);
#12250 = EDGE_CURVE('',#12251,#7883,#12253,.T.);
#12251 = VERTEX_POINT('',#12252);
#12252 = CARTESIAN_POINT('',(18.,3.87676056338,20.731338028169));
#12253 = SURFACE_CURVE('',#12254,(#12258,#12265),.PCURVE_S1.);
#12254 = LINE('',#12255,#12256);
#12255 = CARTESIAN_POINT('',(18.,10.,17.8));
#12256 = VECTOR('',#12257,1.);
#12257 = DIRECTION('',(1.001389830278E-16,-0.901971773298,0.431794997856
    ));
#12258 = PCURVE('',#7926,#12259);
#12259 = DEFINITIONAL_REPRESENTATION('',(#12260),#12264);
#12260 = LINE('',#12261,#12262);
#12261 = CARTESIAN_POINT('',(0.,0.));
#12262 = VECTOR('',#12263,1.);
#12263 = DIRECTION('',(1.,0.));
#12264 = ( GEOMETRIC_REPRESENTATION_CONTEXT(2) 
PARAMETRIC_REPRESENTATION_CONTEXT() REPRESENTATION_CONTEXT('2D SPACE',''
  ) );
#12265 = PCURVE('',#7898,#12266);
#12266 = DEFINITIONAL_REPRESENTATION('',(#12267),#12271);
#12267 = LINE('',#12268,#12269);
#12268 = CARTESIAN_POINT('',(3.969596960161,-3.93705735877));
#12269 = VECTOR('',#12270,1.);
#12270 = DIRECTION('',(-0.431794997856,0.901971773298));
#12271 = ( GEOMETRIC_REPRESENTATION_CONTEXT(2) 
PARAMETRIC_REPRESENTATION_CONTEXT() REPRESENTATION_CONTEXT('2D SPACE',''
  ) );
#12272 = ORIENTED_EDGE('',*,*,#12273,.T.);
#12273 = EDGE_CURVE('',#12251,#12113,#12274,.T.);
#12274 = SURFACE_CURVE('',#12275,(#12278,#12284),.PCURVE_S1.);
#12275 = B_SPLINE_CURVE_WITH_KNOTS('',1,(#12276,#12277),.UNSPECIFIED.,
  .F.,.F.,(2,2),(0.,1.),.PIECEWISE_BEZIER_KNOTS.);
#12276 = CARTESIAN_POINT('',(18.,3.87676056338,20.731338028169));
#12277 = CARTESIAN_POINT('',(15.6,3.87676056338,20.731338028169));
#12278 = PCURVE('',#7926,#12279);
#12279 = DEFINITIONAL_REPRESENTATION('',(#12280),#12283);
#12280 = B_SPLINE_CURVE_WITH_KNOTS('',1,(#12281,#12282),.UNSPECIFIED.,
  .F.,.F.,(2,2),(0.,1.),.PIECEWISE_BEZIER_KNOTS.);
#12281 = CARTESIAN_POINT('',(6.788726230565,0.));
#12282 = CARTESIAN_POINT('',(6.788726230565,-2.4));
#12283 = ( GEOMETRIC_REPRESENTATION_CONTEXT(2) 
PARAMETRIC_REPRESENTATION_CONTEXT() REPRESENTATION_CONTEXT('2D SPACE',''
  ) );
#12284 = PCURVE('',#12152,#12285);
#12285 = DEFINITIONAL_REPRESENTATION('',(#12286),#12289);
#12286 = B_SPLINE_CURVE_WITH_KNOTS('',1,(#12287,#12288),.UNSPECIFIED.,
  .F.,.F.,(2,2),(0.,1.),.PIECEWISE_BEZIER_KNOTS.);
#12287 = CARTESIAN_POINT('',(8.022236389137,0.512910798122));
#12288 = CARTESIAN_POINT('',(5.241259722045,0.512910798122));
#12289 = ( GEOMETRIC_REPRESENTATION_CONTEXT(2) 
PARAMETRIC_REPRESENTATION_CONTEXT() REPRESENTATION_CONTEXT('2D SPACE',''
  ) );
#12290 = ORIENTED_EDGE('',*,*,#12175,.T.);
#12291 = ORIENTED_EDGE('',*,*,#7910,.F.);
#12292 = ADVANCED_FACE('',(#12293),#7898,.F.);
#12293 = FACE_BOUND('',#12294,.F.);
#12294 = EDGE_LOOP('',(#12295,#12351,#12352,#12353,#12354,#12377));
#12295 = ORIENTED_EDGE('',*,*,#12296,.F.);
#12296 = EDGE_CURVE('',#12251,#12297,#12299,.T.);
#12297 = VERTEX_POINT('',#12298);
#12298 = CARTESIAN_POINT('',(18.,3.014285714286,23.75));
#12299 = SURFACE_CURVE('',#12300,(#12315,#12333),.PCURVE_S1.);
#12300 = B_SPLINE_CURVE_WITH_KNOTS('',5,(#12301,#12302,#12303,#12304,
    #12305,#12306,#12307,#12308,#12309,#12310,#12311,#12312,#12313,
    #12314),.UNSPECIFIED.,.F.,.F.,(6,4,4,6),(0.,0.41548371464,
    0.707384155946,1.),.UNSPECIFIED.);
#12301 = CARTESIAN_POINT('',(18.,4.714285714286,17.8));
#12302 = CARTESIAN_POINT('',(18.,4.573402472296,18.293091346963));
#12303 = CARTESIAN_POINT('',(18.,4.432391185333,18.786630851335));
#12304 = CARTESIAN_POINT('',(18.,4.291281964239,19.280513125163));
#12305 = CARTESIAN_POINT('',(18.,4.150095132996,19.774667034513));
#12306 = CARTESIAN_POINT('',(18.,3.909606302035,20.616377942878));
#12307 = CARTESIAN_POINT('',(18.,3.810337385344,20.963819151295));
#12308 = CARTESIAN_POINT('',(18.,3.711041436298,21.311354972956));
#12309 = CARTESIAN_POINT('',(18.,3.611722126347,21.658972557785));
#12310 = CARTESIAN_POINT('',(18.,3.412798882548,22.355203911081));
#12311 = CARTESIAN_POINT('',(18.,3.313194898817,22.703817854141));
#12312 = CARTESIAN_POINT('',(18.,3.213573107513,23.052494123705));
#12313 = CARTESIAN_POINT('',(18.,3.11393577924,23.401224772659));
#12314 = CARTESIAN_POINT('',(18.,3.014284634286,23.75000378));
#12315 = PCURVE('',#7898,#12316);
#12316 = DEFINITIONAL_REPRESENTATION('',(#12317),#12332);
#12317 = B_SPLINE_CURVE_WITH_KNOTS('',5,(#12318,#12319,#12320,#12321,
    #12322,#12323,#12324,#12325,#12326,#12327,#12328,#12329,#12330,
    #12331),.UNSPECIFIED.,.F.,.F.,(6,4,4,6),(0.,0.41548371464,
    0.707384155946,1.),.UNSPECIFIED.);
#12318 = CARTESIAN_POINT('',(3.969596960161,1.348656926944));
#12319 = CARTESIAN_POINT('',(3.476505613198,1.489540168933));
#12320 = CARTESIAN_POINT('',(2.982966108827,1.630551455897));
#12321 = CARTESIAN_POINT('',(2.489083834998,1.771660676991));
#12322 = CARTESIAN_POINT('',(1.994929925648,1.912847508233));
#12323 = CARTESIAN_POINT('',(1.153219017284,2.153336339195));
#12324 = CARTESIAN_POINT('',(0.805777808867,2.252605255885));
#12325 = CARTESIAN_POINT('',(0.458241987206,2.351901204931));
#12326 = CARTESIAN_POINT('',(0.110624402377,2.451220514882));
#12327 = CARTESIAN_POINT('',(-0.58560695092,2.650143758681));
#12328 = CARTESIAN_POINT('',(-0.934220893979,2.749747742413));
#12329 = CARTESIAN_POINT('',(-1.282897163544,2.849369533717));
#12330 = CARTESIAN_POINT('',(-1.631627812498,2.949006861989));
#12331 = CARTESIAN_POINT('',(-1.980406819839,3.048658006944));
#12332 = ( GEOMETRIC_REPRESENTATION_CONTEXT(2) 
PARAMETRIC_REPRESENTATION_CONTEXT() REPRESENTATION_CONTEXT('2D SPACE',''
  ) );
#12333 = PCURVE('',#12152,#12334);
#12334 = DEFINITIONAL_REPRESENTATION('',(#12335),#12350);
#12335 = B_SPLINE_CURVE_WITH_KNOTS('',5,(#12336,#12337,#12338,#12339,
    #12340,#12341,#12342,#12343,#12344,#12345,#12346,#12347,#12348,
    #12349),.UNSPECIFIED.,.F.,.F.,(6,4,4,6),(0.,0.41548371464,
    0.707384155946,1.),.UNSPECIFIED.);
#12336 = CARTESIAN_POINT('',(8.312195123788,4.761904761905E-02));
#12337 = CARTESIAN_POINT('',(8.254702022005,0.125887515391));
#12338 = CARTESIAN_POINT('',(8.201477942487,0.20422711926));
#12339 = CARTESIAN_POINT('',(8.151902972703,0.282621130978));
#12340 = CARTESIAN_POINT('',(8.105525991635,0.361058259447));
#12341 = CARTESIAN_POINT('',(8.03138830391,0.494663165536));
#12342 = CARTESIAN_POINT('',(8.002193585272,0.549812563698));
#12343 = CARTESIAN_POINT('',(7.974270679318,0.604976979834));
#12344 = CARTESIAN_POINT('',(7.947515409098,0.660154374252));
#12345 = CARTESIAN_POINT('',(7.896097509897,0.770667287473));
#12346 = CARTESIAN_POINT('',(7.871439945718,0.826002833991));
#12347 = CARTESIAN_POINT('',(7.847775846258,0.881348273604));
#12348 = CARTESIAN_POINT('',(7.825028076673,0.936702344867));
#12349 = CARTESIAN_POINT('',(7.803131753743,0.992064092063));
#12350 = ( GEOMETRIC_REPRESENTATION_CONTEXT(2) 
PARAMETRIC_REPRESENTATION_CONTEXT() REPRESENTATION_CONTEXT('2D SPACE',''
  ) );
#12351 = ORIENTED_EDGE('',*,*,#12250,.T.);
#12352 = ORIENTED_EDGE('',*,*,#7882,.F.);
#12353 = ORIENTED_EDGE('',*,*,#9973,.F.);
#12354 = ORIENTED_EDGE('',*,*,#12355,.T.);
#12355 = EDGE_CURVE('',#9946,#12356,#12358,.T.);
#12356 = VERTEX_POINT('',#12357);
#12357 = CARTESIAN_POINT('',(18.,3.,23.75));
#12358 = SURFACE_CURVE('',#12359,(#12363,#12370),.PCURVE_S1.);
#12359 = LINE('',#12360,#12361);
#12360 = CARTESIAN_POINT('',(18.,3.,22.759798480081));
#12361 = VECTOR('',#12362,1.);
#12362 = DIRECTION('',(0.,0.,-1.));
#12363 = PCURVE('',#7898,#12364);
#12364 = DEFINITIONAL_REPRESENTATION('',(#12365),#12369);
#12365 = LINE('',#12366,#12367);
#12366 = CARTESIAN_POINT('',(-0.990201519919,3.06294264123));
#12367 = VECTOR('',#12368,1.);
#12368 = DIRECTION('',(1.,0.));
#12369 = ( GEOMETRIC_REPRESENTATION_CONTEXT(2) 
PARAMETRIC_REPRESENTATION_CONTEXT() REPRESENTATION_CONTEXT('2D SPACE',''
  ) );
#12370 = PCURVE('',#9961,#12371);
#12371 = DEFINITIONAL_REPRESENTATION('',(#12372),#12376);
#12372 = LINE('',#12373,#12374);
#12373 = CARTESIAN_POINT('',(-0.990201519919,-7.8));
#12374 = VECTOR('',#12375,1.);
#12375 = DIRECTION('',(-1.,-0.));
#12376 = ( GEOMETRIC_REPRESENTATION_CONTEXT(2) 
PARAMETRIC_REPRESENTATION_CONTEXT() REPRESENTATION_CONTEXT('2D SPACE',''
  ) );
#12377 = ORIENTED_EDGE('',*,*,#12378,.F.);
#12378 = EDGE_CURVE('',#12297,#12356,#12379,.T.);
#12379 = SURFACE_CURVE('',#12380,(#12384,#12391),.PCURVE_S1.);
#12380 = LINE('',#12381,#12382);
#12381 = CARTESIAN_POINT('',(18.,11.531471320615,23.75));
#12382 = VECTOR('',#12383,1.);
#12383 = DIRECTION('',(1.110223024625E-16,-1.,0.));
#12384 = PCURVE('',#7898,#12385);
#12385 = DEFINITIONAL_REPRESENTATION('',(#12386),#12390);
#12386 = LINE('',#12387,#12388);
#12387 = CARTESIAN_POINT('',(-1.980403039839,-5.468528679385));
#12388 = VECTOR('',#12389,1.);
#12389 = DIRECTION('',(0.,1.));
#12390 = ( GEOMETRIC_REPRESENTATION_CONTEXT(2) 
PARAMETRIC_REPRESENTATION_CONTEXT() REPRESENTATION_CONTEXT('2D SPACE',''
  ) );
#12391 = PCURVE('',#12235,#12392);
#12392 = DEFINITIONAL_REPRESENTATION('',(#12393),#12397);
#12393 = LINE('',#12394,#12395);
#12394 = CARTESIAN_POINT('',(5.468528679385,7.8));
#12395 = VECTOR('',#12396,1.);
#12396 = DIRECTION('',(1.,0.));
#12397 = ( GEOMETRIC_REPRESENTATION_CONTEXT(2) 
PARAMETRIC_REPRESENTATION_CONTEXT() REPRESENTATION_CONTEXT('2D SPACE',''
  ) );
#12398 = ADVANCED_FACE('',(#12399),#8220,.T.);
#12399 = FACE_BOUND('',#12400,.T.);
#12400 = EDGE_LOOP('',(#12401,#12424,#12445,#12446));
#12401 = ORIENTED_EDGE('',*,*,#12402,.F.);
#12402 = EDGE_CURVE('',#12403,#10014,#12405,.T.);
#12403 = VERTEX_POINT('',#12404);
#12404 = CARTESIAN_POINT('',(118.6,28.35,23.75));
#12405 = SURFACE_CURVE('',#12406,(#12410,#12417),.PCURVE_S1.);
#12406 = LINE('',#12407,#12408);
#12407 = CARTESIAN_POINT('',(118.6,28.35,23.75));
#12408 = VECTOR('',#12409,1.);
#12409 = DIRECTION('',(0.,0.,1.));
#12410 = PCURVE('',#8220,#12411);
#12411 = DEFINITIONAL_REPRESENTATION('',(#12412),#12416);
#12412 = LINE('',#12413,#12414);
#12413 = CARTESIAN_POINT('',(0.,0.));
#12414 = VECTOR('',#12415,1.);
#12415 = DIRECTION('',(1.,0.));
#12416 = ( GEOMETRIC_REPRESENTATION_CONTEXT(2) 
PARAMETRIC_REPRESENTATION_CONTEXT() REPRESENTATION_CONTEXT('2D SPACE',''
  ) );
#12417 = PCURVE('',#10052,#12418);
#12418 = DEFINITIONAL_REPRESENTATION('',(#12419),#12423);
#12419 = LINE('',#12420,#12421);
#12420 = CARTESIAN_POINT('',(0.,14.));
#12421 = VECTOR('',#12422,1.);
#12422 = DIRECTION('',(1.,0.));
#12423 = ( GEOMETRIC_REPRESENTATION_CONTEXT(2) 
PARAMETRIC_REPRESENTATION_CONTEXT() REPRESENTATION_CONTEXT('2D SPACE',''
  ) );
#12424 = ORIENTED_EDGE('',*,*,#12425,.T.);
#12425 = EDGE_CURVE('',#12403,#8177,#12426,.T.);
#12426 = SURFACE_CURVE('',#12427,(#12431,#12438),.PCURVE_S1.);
#12427 = LINE('',#12428,#12429);
#12428 = CARTESIAN_POINT('',(118.6,28.35,23.75));
#12429 = VECTOR('',#12430,1.);
#12430 = DIRECTION('',(1.,1.110223024625E-16,0.));
#12431 = PCURVE('',#8220,#12432);
#12432 = DEFINITIONAL_REPRESENTATION('',(#12433),#12437);
#12433 = LINE('',#12434,#12435);
#12434 = CARTESIAN_POINT('',(0.,0.));
#12435 = VECTOR('',#12436,1.);
#12436 = DIRECTION('',(0.,-1.));
#12437 = ( GEOMETRIC_REPRESENTATION_CONTEXT(2) 
PARAMETRIC_REPRESENTATION_CONTEXT() REPRESENTATION_CONTEXT('2D SPACE',''
  ) );
#12438 = PCURVE('',#8192,#12439);
#12439 = DEFINITIONAL_REPRESENTATION('',(#12440),#12444);
#12440 = LINE('',#12441,#12442);
#12441 = CARTESIAN_POINT('',(14.,-1.554312234475E-15));
#12442 = VECTOR('',#12443,1.);
#12443 = DIRECTION('',(0.,1.));
#12444 = ( GEOMETRIC_REPRESENTATION_CONTEXT(2) 
PARAMETRIC_REPRESENTATION_CONTEXT() REPRESENTATION_CONTEXT('2D SPACE',''
  ) );
#12445 = ORIENTED_EDGE('',*,*,#8204,.F.);
#12446 = ORIENTED_EDGE('',*,*,#10013,.F.);
#12447 = ADVANCED_FACE('',(#12448),#8192,.F.);
#12448 = FACE_BOUND('',#12449,.F.);
#12449 = EDGE_LOOP('',(#12450,#12473,#12494,#12495,#12496,#12516,#12541,
    #12559));
#12450 = ORIENTED_EDGE('',*,*,#12451,.F.);
#12451 = EDGE_CURVE('',#12452,#8733,#12454,.T.);
#12452 = VERTEX_POINT('',#12453);
#12453 = CARTESIAN_POINT('',(118.6,42.35,23.75));
#12454 = SURFACE_CURVE('',#12455,(#12459,#12466),.PCURVE_S1.);
#12455 = LINE('',#12456,#12457);
#12456 = CARTESIAN_POINT('',(118.6,42.35,23.75));
#12457 = VECTOR('',#12458,1.);
#12458 = DIRECTION('',(1.,1.110223024625E-16,0.));
#12459 = PCURVE('',#8192,#12460);
#12460 = DEFINITIONAL_REPRESENTATION('',(#12461),#12465);
#12461 = LINE('',#12462,#12463);
#12462 = CARTESIAN_POINT('',(0.,0.));
#12463 = VECTOR('',#12464,1.);
#12464 = DIRECTION('',(0.,1.));
#12465 = ( GEOMETRIC_REPRESENTATION_CONTEXT(2) 
PARAMETRIC_REPRESENTATION_CONTEXT() REPRESENTATION_CONTEXT('2D SPACE',''
  ) );
#12466 = PCURVE('',#8748,#12467);
#12467 = DEFINITIONAL_REPRESENTATION('',(#12468),#12472);
#12468 = LINE('',#12469,#12470);
#12469 = CARTESIAN_POINT('',(0.,0.));
#12470 = VECTOR('',#12471,1.);
#12471 = DIRECTION('',(0.,-1.));
#12472 = ( GEOMETRIC_REPRESENTATION_CONTEXT(2) 
PARAMETRIC_REPRESENTATION_CONTEXT() REPRESENTATION_CONTEXT('2D SPACE',''
  ) );
#12473 = ORIENTED_EDGE('',*,*,#12474,.T.);
#12474 = EDGE_CURVE('',#12452,#12403,#12475,.T.);
#12475 = SURFACE_CURVE('',#12476,(#12480,#12487),.PCURVE_S1.);
#12476 = LINE('',#12477,#12478);
#12477 = CARTESIAN_POINT('',(118.6,42.35,23.75));
#12478 = VECTOR('',#12479,1.);
#12479 = DIRECTION('',(1.110223024625E-16,-1.,0.));
#12480 = PCURVE('',#8192,#12481);
#12481 = DEFINITIONAL_REPRESENTATION('',(#12482),#12486);
#12482 = LINE('',#12483,#12484);
#12483 = CARTESIAN_POINT('',(0.,0.));
#12484 = VECTOR('',#12485,1.);
#12485 = DIRECTION('',(1.,0.));
#12486 = ( GEOMETRIC_REPRESENTATION_CONTEXT(2) 
PARAMETRIC_REPRESENTATION_CONTEXT() REPRESENTATION_CONTEXT('2D SPACE',''
  ) );
#12487 = PCURVE('',#10052,#12488);
#12488 = DEFINITIONAL_REPRESENTATION('',(#12489),#12493);
#12489 = LINE('',#12490,#12491);
#12490 = CARTESIAN_POINT('',(0.,0.));
#12491 = VECTOR('',#12492,1.);
#12492 = DIRECTION('',(0.,1.));
#12493 = ( GEOMETRIC_REPRESENTATION_CONTEXT(2) 
PARAMETRIC_REPRESENTATION_CONTEXT() REPRESENTATION_CONTEXT('2D SPACE',''
  ) );
#12494 = ORIENTED_EDGE('',*,*,#12425,.T.);
#12495 = ORIENTED_EDGE('',*,*,#8176,.F.);
#12496 = ORIENTED_EDGE('',*,*,#12497,.T.);
#12497 = EDGE_CURVE('',#8104,#12498,#12500,.T.);
#12498 = VERTEX_POINT('',#12499);
#12499 = CARTESIAN_POINT('',(118.61428571428,28.364285714286,23.75));
#12500 = SURFACE_CURVE('',#12501,(#12504,#12510),.PCURVE_S1.);
#12501 = B_SPLINE_CURVE_WITH_KNOTS('',1,(#12502,#12503),.UNSPECIFIED.,
  .F.,.F.,(2,2),(0.,1.),.PIECEWISE_BEZIER_KNOTS.);
#12502 = CARTESIAN_POINT('',(131.38571428571,28.364285714286,23.75));
#12503 = CARTESIAN_POINT('',(118.61428571428,28.364285714286,23.75));
#12504 = PCURVE('',#8192,#12505);
#12505 = DEFINITIONAL_REPRESENTATION('',(#12506),#12509);
#12506 = B_SPLINE_CURVE_WITH_KNOTS('',1,(#12507,#12508),.UNSPECIFIED.,
  .F.,.F.,(2,2),(0.,1.),.PIECEWISE_BEZIER_KNOTS.);
#12507 = CARTESIAN_POINT('',(13.985714285714,12.785714285714));
#12508 = CARTESIAN_POINT('',(13.985714285714,1.428571428572E-02));
#12509 = ( GEOMETRIC_REPRESENTATION_CONTEXT(2) 
PARAMETRIC_REPRESENTATION_CONTEXT() REPRESENTATION_CONTEXT('2D SPACE',''
  ) );
#12510 = PCURVE('',#8149,#12511);
#12511 = DEFINITIONAL_REPRESENTATION('',(#12512),#12515);
#12512 = B_SPLINE_CURVE_WITH_KNOTS('',1,(#12513,#12514),.UNSPECIFIED.,
  .F.,.F.,(2,2),(0.,1.),.PIECEWISE_BEZIER_KNOTS.);
#12513 = CARTESIAN_POINT('',(12.8,0.992063492063));
#12514 = CARTESIAN_POINT('',(0.,0.992063492063));
#12515 = ( GEOMETRIC_REPRESENTATION_CONTEXT(2) 
PARAMETRIC_REPRESENTATION_CONTEXT() REPRESENTATION_CONTEXT('2D SPACE',''
  ) );
#12516 = ORIENTED_EDGE('',*,*,#12517,.T.);
#12517 = EDGE_CURVE('',#12498,#12518,#12520,.T.);
#12518 = VERTEX_POINT('',#12519);
#12519 = CARTESIAN_POINT('',(118.61428571428,42.335714285714,23.75));
#12520 = SURFACE_CURVE('',#12521,(#12524,#12530),.PCURVE_S1.);
#12521 = B_SPLINE_CURVE_WITH_KNOTS('',1,(#12522,#12523),.UNSPECIFIED.,
  .F.,.F.,(2,2),(0.,1.),.PIECEWISE_BEZIER_KNOTS.);
#12522 = CARTESIAN_POINT('',(118.61428571428,28.364285714286,23.75));
#12523 = CARTESIAN_POINT('',(118.61428571428,42.335714285714,23.75));
#12524 = PCURVE('',#8192,#12525);
#12525 = DEFINITIONAL_REPRESENTATION('',(#12526),#12529);
#12526 = B_SPLINE_CURVE_WITH_KNOTS('',1,(#12527,#12528),.UNSPECIFIED.,
  .F.,.F.,(2,2),(0.,1.),.PIECEWISE_BEZIER_KNOTS.);
#12527 = CARTESIAN_POINT('',(13.985714285714,1.428571428572E-02));
#12528 = CARTESIAN_POINT('',(1.428571428571E-02,1.428571428572E-02));
#12529 = ( GEOMETRIC_REPRESENTATION_CONTEXT(2) 
PARAMETRIC_REPRESENTATION_CONTEXT() REPRESENTATION_CONTEXT('2D SPACE',''
  ) );
#12530 = PCURVE('',#12531,#12536);
#12531 = B_SPLINE_SURFACE_WITH_KNOTS('',1,1,(
    (#12532,#12533)
    ,(#12534,#12535
    )),.UNSPECIFIED.,.F.,.F.,.F.,(2,2),(2,2),(0.,14.),(0.,1.),
  .PIECEWISE_BEZIER_KNOTS.);
#12532 = CARTESIAN_POINT('',(120.4,40.55,17.5));
#12533 = CARTESIAN_POINT('',(118.6,42.35,23.8));
#12534 = CARTESIAN_POINT('',(120.4,30.15,17.5));
#12535 = CARTESIAN_POINT('',(118.6,28.35,23.8));
#12536 = DEFINITIONAL_REPRESENTATION('',(#12537),#12540);
#12537 = B_SPLINE_CURVE_WITH_KNOTS('',1,(#12538,#12539),.UNSPECIFIED.,
  .F.,.F.,(2,2),(0.,1.),.PIECEWISE_BEZIER_KNOTS.);
#12538 = CARTESIAN_POINT('',(14.,0.992063492063));
#12539 = CARTESIAN_POINT('',(0.,0.992063492063));
#12540 = ( GEOMETRIC_REPRESENTATION_CONTEXT(2) 
PARAMETRIC_REPRESENTATION_CONTEXT() REPRESENTATION_CONTEXT('2D SPACE',''
  ) );
#12541 = ORIENTED_EDGE('',*,*,#12542,.T.);
#12542 = EDGE_CURVE('',#12518,#8761,#12543,.T.);
#12543 = SURFACE_CURVE('',#12544,(#12547,#12553),.PCURVE_S1.);
#12544 = B_SPLINE_CURVE_WITH_KNOTS('',1,(#12545,#12546),.UNSPECIFIED.,
  .F.,.F.,(2,2),(0.,1.),.PIECEWISE_BEZIER_KNOTS.);
#12545 = CARTESIAN_POINT('',(118.61428571428,42.335714285714,23.75));
#12546 = CARTESIAN_POINT('',(131.38571428571,42.335714285714,23.75));
#12547 = PCURVE('',#8192,#12548);
#12548 = DEFINITIONAL_REPRESENTATION('',(#12549),#12552);
#12549 = B_SPLINE_CURVE_WITH_KNOTS('',1,(#12550,#12551),.UNSPECIFIED.,
  .F.,.F.,(2,2),(0.,1.),.PIECEWISE_BEZIER_KNOTS.);
#12550 = CARTESIAN_POINT('',(1.428571428571E-02,1.428571428572E-02));
#12551 = CARTESIAN_POINT('',(1.428571428571E-02,12.785714285714));
#12552 = ( GEOMETRIC_REPRESENTATION_CONTEXT(2) 
PARAMETRIC_REPRESENTATION_CONTEXT() REPRESENTATION_CONTEXT('2D SPACE',''
  ) );
#12553 = PCURVE('',#8829,#12554);
#12554 = DEFINITIONAL_REPRESENTATION('',(#12555),#12558);
#12555 = B_SPLINE_CURVE_WITH_KNOTS('',1,(#12556,#12557),.UNSPECIFIED.,
  .F.,.F.,(2,2),(0.,1.),.PIECEWISE_BEZIER_KNOTS.);
#12556 = CARTESIAN_POINT('',(12.8,0.992063492063));
#12557 = CARTESIAN_POINT('',(0.,0.992063492063));
#12558 = ( GEOMETRIC_REPRESENTATION_CONTEXT(2) 
PARAMETRIC_REPRESENTATION_CONTEXT() REPRESENTATION_CONTEXT('2D SPACE',''
  ) );
#12559 = ORIENTED_EDGE('',*,*,#8760,.F.);
#12560 = ADVANCED_FACE('',(#12561),#8149,.T.);
#12561 = FACE_BOUND('',#12562,.T.);
#12562 = EDGE_LOOP('',(#12563,#12585,#12605,#12606));
#12563 = ORIENTED_EDGE('',*,*,#12564,.F.);
#12564 = EDGE_CURVE('',#12565,#12498,#12567,.T.);
#12565 = VERTEX_POINT('',#12566);
#12566 = CARTESIAN_POINT('',(120.4,30.15,17.5));
#12567 = SURFACE_CURVE('',#12568,(#12571,#12578),.PCURVE_S1.);
#12568 = B_SPLINE_CURVE_WITH_KNOTS('',1,(#12569,#12570),.UNSPECIFIED.,
  .F.,.F.,(2,2),(0.,1.),.PIECEWISE_BEZIER_KNOTS.);
#12569 = CARTESIAN_POINT('',(120.4,30.15,17.5));
#12570 = CARTESIAN_POINT('',(118.6,28.35,23.8));
#12571 = PCURVE('',#8149,#12572);
#12572 = DEFINITIONAL_REPRESENTATION('',(#12573),#12577);
#12573 = LINE('',#12574,#12575);
#12574 = CARTESIAN_POINT('',(0.,0.));
#12575 = VECTOR('',#12576,1.);
#12576 = DIRECTION('',(0.,1.));
#12577 = ( GEOMETRIC_REPRESENTATION_CONTEXT(2) 
PARAMETRIC_REPRESENTATION_CONTEXT() REPRESENTATION_CONTEXT('2D SPACE',''
  ) );
#12578 = PCURVE('',#12531,#12579);
#12579 = DEFINITIONAL_REPRESENTATION('',(#12580),#12584);
#12580 = LINE('',#12581,#12582);
#12581 = CARTESIAN_POINT('',(14.,0.));
#12582 = VECTOR('',#12583,1.);
#12583 = DIRECTION('',(0.,1.));
#12584 = ( GEOMETRIC_REPRESENTATION_CONTEXT(2) 
PARAMETRIC_REPRESENTATION_CONTEXT() REPRESENTATION_CONTEXT('2D SPACE',''
  ) );
#12585 = ORIENTED_EDGE('',*,*,#12586,.T.);
#12586 = EDGE_CURVE('',#12565,#8076,#12587,.T.);
#12587 = SURFACE_CURVE('',#12588,(#12592,#12598),.PCURVE_S1.);
#12588 = LINE('',#12589,#12590);
#12589 = CARTESIAN_POINT('',(120.4,30.15,17.5));
#12590 = VECTOR('',#12591,1.);
#12591 = DIRECTION('',(1.,1.110223024625E-16,0.));
#12592 = PCURVE('',#8149,#12593);
#12593 = DEFINITIONAL_REPRESENTATION('',(#12594),#12597);
#12594 = B_SPLINE_CURVE_WITH_KNOTS('',1,(#12595,#12596),.UNSPECIFIED.,
  .F.,.F.,(2,2),(0.,9.2),.PIECEWISE_BEZIER_KNOTS.);
#12595 = CARTESIAN_POINT('',(0.,0.));
#12596 = CARTESIAN_POINT('',(12.8,0.));
#12597 = ( GEOMETRIC_REPRESENTATION_CONTEXT(2) 
PARAMETRIC_REPRESENTATION_CONTEXT() REPRESENTATION_CONTEXT('2D SPACE',''
  ) );
#12598 = PCURVE('',#8091,#12599);
#12599 = DEFINITIONAL_REPRESENTATION('',(#12600),#12604);
#12600 = LINE('',#12601,#12602);
#12601 = CARTESIAN_POINT('',(7.7895642499,6.890768374911));
#12602 = VECTOR('',#12603,1.);
#12603 = DIRECTION('',(0.662573882203,-0.74899656249));
#12604 = ( GEOMETRIC_REPRESENTATION_CONTEXT(2) 
PARAMETRIC_REPRESENTATION_CONTEXT() REPRESENTATION_CONTEXT('2D SPACE',''
  ) );
#12605 = ORIENTED_EDGE('',*,*,#8103,.T.);
#12606 = ORIENTED_EDGE('',*,*,#12497,.T.);
#12607 = ADVANCED_FACE('',(#12608),#8091,.T.);
#12608 = FACE_BOUND('',#12609,.T.);
#12609 = EDGE_LOOP('',(#12610,#12611,#12634,#12662,#12683,#12684,#12685,
    #12707));
#12610 = ORIENTED_EDGE('',*,*,#8856,.F.);
#12611 = ORIENTED_EDGE('',*,*,#12612,.T.);
#12612 = EDGE_CURVE('',#8857,#12613,#12615,.T.);
#12613 = VERTEX_POINT('',#12614);
#12614 = CARTESIAN_POINT('',(122.65,38.3,17.5));
#12615 = SURFACE_CURVE('',#12616,(#12620,#12627),.PCURVE_S1.);
#12616 = LINE('',#12617,#12618);
#12617 = CARTESIAN_POINT('',(126.6,38.3,17.5));
#12618 = VECTOR('',#12619,1.);
#12619 = DIRECTION('',(-1.,-1.110223024625E-16,0.));
#12620 = PCURVE('',#8091,#12621);
#12621 = DEFINITIONAL_REPRESENTATION('',(#12622),#12626);
#12622 = LINE('',#12623,#12624);
#12623 = CARTESIAN_POINT('',(5.793200335262,-3.152987452484));
#12624 = VECTOR('',#12625,1.);
#12625 = DIRECTION('',(-0.662573882203,0.74899656249));
#12626 = ( GEOMETRIC_REPRESENTATION_CONTEXT(2) 
PARAMETRIC_REPRESENTATION_CONTEXT() REPRESENTATION_CONTEXT('2D SPACE',''
  ) );
#12627 = PCURVE('',#8602,#12628);
#12628 = DEFINITIONAL_REPRESENTATION('',(#12629),#12633);
#12629 = LINE('',#12630,#12631);
#12630 = CARTESIAN_POINT('',(-0.,0.));
#12631 = VECTOR('',#12632,1.);
#12632 = DIRECTION('',(-0.,1.));
#12633 = ( GEOMETRIC_REPRESENTATION_CONTEXT(2) 
PARAMETRIC_REPRESENTATION_CONTEXT() REPRESENTATION_CONTEXT('2D SPACE',''
  ) );
#12634 = ORIENTED_EDGE('',*,*,#12635,.T.);
#12635 = EDGE_CURVE('',#12613,#12636,#12638,.T.);
#12636 = VERTEX_POINT('',#12637);
#12637 = CARTESIAN_POINT('',(122.65,32.4,17.5));
#12638 = SURFACE_CURVE('',#12639,(#12643,#12650),.PCURVE_S1.);
#12639 = LINE('',#12640,#12641);
#12640 = CARTESIAN_POINT('',(122.65,37.55,17.5));
#12641 = VECTOR('',#12642,1.);
#12642 = DIRECTION('',(1.110223024625E-16,-1.,0.));
#12643 = PCURVE('',#8091,#12644);
#12644 = DEFINITIONAL_REPRESENTATION('',(#12645),#12649);
#12645 = LINE('',#12646,#12647);
#12646 = CARTESIAN_POINT('',(3.737780922428,0.302479381006));
#12647 = VECTOR('',#12648,1.);
#12648 = DIRECTION('',(0.74899656249,0.662573882203));
#12649 = ( GEOMETRIC_REPRESENTATION_CONTEXT(2) 
PARAMETRIC_REPRESENTATION_CONTEXT() REPRESENTATION_CONTEXT('2D SPACE',''
  ) );
#12650 = PCURVE('',#12651,#12656);
#12651 = CYLINDRICAL_SURFACE('',#12652,0.75);
#12652 = AXIS2_PLACEMENT_3D('',#12653,#12654,#12655);
#12653 = CARTESIAN_POINT('',(122.65,37.55,16.75));
#12654 = DIRECTION('',(1.110223024625E-16,-1.,0.));
#12655 = DIRECTION('',(0.,0.,1.));
#12656 = DEFINITIONAL_REPRESENTATION('',(#12657),#12661);
#12657 = LINE('',#12658,#12659);
#12658 = CARTESIAN_POINT('',(-0.,0.));
#12659 = VECTOR('',#12660,1.);
#12660 = DIRECTION('',(-0.,1.));
#12661 = ( GEOMETRIC_REPRESENTATION_CONTEXT(2) 
PARAMETRIC_REPRESENTATION_CONTEXT() REPRESENTATION_CONTEXT('2D SPACE',''
  ) );
#12662 = ORIENTED_EDGE('',*,*,#12663,.F.);
#12663 = EDGE_CURVE('',#8043,#12636,#12664,.T.);
#12664 = SURFACE_CURVE('',#12665,(#12669,#12676),.PCURVE_S1.);
#12665 = LINE('',#12666,#12667);
#12666 = CARTESIAN_POINT('',(126.6,32.4,17.5));
#12667 = VECTOR('',#12668,1.);
#12668 = DIRECTION('',(-1.,-1.110223024625E-16,0.));
#12669 = PCURVE('',#8091,#12670);
#12670 = DEFINITIONAL_REPRESENTATION('',(#12671),#12675);
#12671 = LINE('',#12672,#12673);
#12672 = CARTESIAN_POINT('',(10.212280053955,0.756198452514));
#12673 = VECTOR('',#12674,1.);
#12674 = DIRECTION('',(-0.662573882203,0.74899656249));
#12675 = ( GEOMETRIC_REPRESENTATION_CONTEXT(2) 
PARAMETRIC_REPRESENTATION_CONTEXT() REPRESENTATION_CONTEXT('2D SPACE',''
  ) );
#12676 = PCURVE('',#8063,#12677);
#12677 = DEFINITIONAL_REPRESENTATION('',(#12678),#12682);
#12678 = LINE('',#12679,#12680);
#12679 = CARTESIAN_POINT('',(0.,0.));
#12680 = VECTOR('',#12681,1.);
#12681 = DIRECTION('',(0.,1.));
#12682 = ( GEOMETRIC_REPRESENTATION_CONTEXT(2) 
PARAMETRIC_REPRESENTATION_CONTEXT() REPRESENTATION_CONTEXT('2D SPACE',''
  ) );
#12683 = ORIENTED_EDGE('',*,*,#8075,.F.);
#12684 = ORIENTED_EDGE('',*,*,#12586,.F.);
#12685 = ORIENTED_EDGE('',*,*,#12686,.F.);
#12686 = EDGE_CURVE('',#12687,#12565,#12689,.T.);
#12687 = VERTEX_POINT('',#12688);
#12688 = CARTESIAN_POINT('',(120.4,40.55,17.5));
#12689 = SURFACE_CURVE('',#12690,(#12694,#12701),.PCURVE_S1.);
#12690 = LINE('',#12691,#12692);
#12691 = CARTESIAN_POINT('',(120.4,40.55,17.5));
#12692 = VECTOR('',#12693,1.);
#12693 = DIRECTION('',(1.110223024625E-16,-1.,0.));
#12694 = PCURVE('',#8091,#12695);
#12695 = DEFINITIONAL_REPRESENTATION('',(#12696),#12700);
#12696 = LINE('',#12697,#12698);
#12697 = CARTESIAN_POINT('',(-1.064388133174E-14,-9.415741178075E-15));
#12698 = VECTOR('',#12699,1.);
#12699 = DIRECTION('',(0.74899656249,0.662573882203));
#12700 = ( GEOMETRIC_REPRESENTATION_CONTEXT(2) 
PARAMETRIC_REPRESENTATION_CONTEXT() REPRESENTATION_CONTEXT('2D SPACE',''
  ) );
#12701 = PCURVE('',#12531,#12702);
#12702 = DEFINITIONAL_REPRESENTATION('',(#12703),#12706);
#12703 = B_SPLINE_CURVE_WITH_KNOTS('',1,(#12704,#12705),.UNSPECIFIED.,
  .F.,.F.,(2,2),(0.,10.4),.PIECEWISE_BEZIER_KNOTS.);
#12704 = CARTESIAN_POINT('',(0.,0.));
#12705 = CARTESIAN_POINT('',(14.,0.));
#12706 = ( GEOMETRIC_REPRESENTATION_CONTEXT(2) 
PARAMETRIC_REPRESENTATION_CONTEXT() REPRESENTATION_CONTEXT('2D SPACE',''
  ) );
#12707 = ORIENTED_EDGE('',*,*,#12708,.F.);
#12708 = EDGE_CURVE('',#8784,#12687,#12709,.T.);
#12709 = SURFACE_CURVE('',#12710,(#12714,#12721),.PCURVE_S1.);
#12710 = LINE('',#12711,#12712);
#12711 = CARTESIAN_POINT('',(129.6,40.55,17.5));
#12712 = VECTOR('',#12713,1.);
#12713 = DIRECTION('',(-1.,-1.110223024625E-16,0.));
#12714 = PCURVE('',#8091,#12715);
#12715 = DEFINITIONAL_REPRESENTATION('',(#12716),#12720);
#12716 = LINE('',#12717,#12718);
#12717 = CARTESIAN_POINT('',(6.095679716268,-6.890768374912));
#12718 = VECTOR('',#12719,1.);
#12719 = DIRECTION('',(-0.662573882203,0.74899656249));
#12720 = ( GEOMETRIC_REPRESENTATION_CONTEXT(2) 
PARAMETRIC_REPRESENTATION_CONTEXT() REPRESENTATION_CONTEXT('2D SPACE',''
  ) );
#12721 = PCURVE('',#8829,#12722);
#12722 = DEFINITIONAL_REPRESENTATION('',(#12723),#12726);
#12723 = B_SPLINE_CURVE_WITH_KNOTS('',1,(#12724,#12725),.UNSPECIFIED.,
  .F.,.F.,(2,2),(0.,9.2),.PIECEWISE_BEZIER_KNOTS.);
#12724 = CARTESIAN_POINT('',(0.,0.));
#12725 = CARTESIAN_POINT('',(12.8,0.));
#12726 = ( GEOMETRIC_REPRESENTATION_CONTEXT(2) 
PARAMETRIC_REPRESENTATION_CONTEXT() REPRESENTATION_CONTEXT('2D SPACE',''
  ) );
#12727 = ADVANCED_FACE('',(#12728),#8063,.F.);
#12728 = FACE_BOUND('',#12729,.F.);
#12729 = EDGE_LOOP('',(#12730,#12731,#12732,#12733));
#12730 = ORIENTED_EDGE('',*,*,#12663,.F.);
#12731 = ORIENTED_EDGE('',*,*,#8042,.T.);
#12732 = ORIENTED_EDGE('',*,*,#8256,.T.);
#12733 = ORIENTED_EDGE('',*,*,#12734,.F.);
#12734 = EDGE_CURVE('',#12636,#8257,#12735,.T.);
#12735 = SURFACE_CURVE('',#12736,(#12741,#12753),.PCURVE_S1.);
#12736 = ELLIPSE('',#12737,1.06066017178,0.75);
#12737 = AXIS2_PLACEMENT_3D('',#12738,#12739,#12740);
#12738 = CARTESIAN_POINT('',(122.65,32.4,16.75));
#12739 = DIRECTION('',(-0.707106781187,0.707106781187,0.));
#12740 = DIRECTION('',(-0.707106781187,-0.707106781187,0.));
#12741 = PCURVE('',#8063,#12742);
#12742 = DEFINITIONAL_REPRESENTATION('',(#12743),#12752);
#12743 = B_SPLINE_CURVE_WITH_KNOTS('',7,(#12744,#12745,#12746,#12747,
    #12748,#12749,#12750,#12751),.UNSPECIFIED.,.F.,.F.,(8,8),(
    1.570796326795,3.14159265359),.PIECEWISE_BEZIER_KNOTS.);
#12744 = CARTESIAN_POINT('',(0.,3.95));
#12745 = CARTESIAN_POINT('',(0.224399475256,3.781700393558));
#12746 = CARTESIAN_POINT('',(0.448798950513,3.61340147051));
#12747 = CARTESIAN_POINT('',(0.673198425769,3.458939880671));
#12748 = CARTESIAN_POINT('',(0.897597901026,3.33217812153));
#12749 = CARTESIAN_POINT('',(1.121997376282,3.244061504458));
#12750 = CARTESIAN_POINT('',(1.346396851538,3.2));
#12751 = CARTESIAN_POINT('',(1.570796326795,3.2));
#12752 = ( GEOMETRIC_REPRESENTATION_CONTEXT(2) 
PARAMETRIC_REPRESENTATION_CONTEXT() REPRESENTATION_CONTEXT('2D SPACE',''
  ) );
#12753 = PCURVE('',#12651,#12754);
#12754 = DEFINITIONAL_REPRESENTATION('',(#12755),#12764);
#12755 = B_SPLINE_CURVE_WITH_KNOTS('',7,(#12756,#12757,#12758,#12759,
    #12760,#12761,#12762,#12763),.UNSPECIFIED.,.F.,.F.,(8,8),(
    1.570796326795,3.14159265359),.PIECEWISE_BEZIER_KNOTS.);
#12756 = CARTESIAN_POINT('',(0.,5.15));
#12757 = CARTESIAN_POINT('',(-0.224399475256,4.981700393558));
#12758 = CARTESIAN_POINT('',(-0.448798950513,4.81340147051));
#12759 = CARTESIAN_POINT('',(-0.673198425769,4.65893988067));
#12760 = CARTESIAN_POINT('',(-0.897597901026,4.532178121531));
#12761 = CARTESIAN_POINT('',(-1.121997376282,4.444061504458));
#12762 = CARTESIAN_POINT('',(-1.346396851538,4.4));
#12763 = CARTESIAN_POINT('',(-1.570796326795,4.4));
#12764 = ( GEOMETRIC_REPRESENTATION_CONTEXT(2) 
PARAMETRIC_REPRESENTATION_CONTEXT() REPRESENTATION_CONTEXT('2D SPACE',''
  ) );
#12765 = ADVANCED_FACE('',(#12766),#8323,.F.);
#12766 = FACE_BOUND('',#12767,.F.);
#12767 = EDGE_LOOP('',(#12768,#12792,#12793,#12794));
#12768 = ORIENTED_EDGE('',*,*,#12769,.T.);
#12769 = EDGE_CURVE('',#12770,#8280,#12772,.T.);
#12770 = VERTEX_POINT('',#12771);
#12771 = CARTESIAN_POINT('',(123.4,32.95,14.2));
#12772 = SURFACE_CURVE('',#12773,(#12778,#12785),.PCURVE_S1.);
#12773 = CIRCLE('',#12774,0.2);
#12774 = AXIS2_PLACEMENT_3D('',#12775,#12776,#12777);
#12775 = CARTESIAN_POINT('',(123.4,32.95,14.4));
#12776 = DIRECTION('',(1.,1.110223024625E-16,-0.));
#12777 = DIRECTION('',(0.,0.,1.));
#12778 = PCURVE('',#8323,#12779);
#12779 = DEFINITIONAL_REPRESENTATION('',(#12780),#12784);
#12780 = LINE('',#12781,#12782);
#12781 = CARTESIAN_POINT('',(-3.14159265359,0.));
#12782 = VECTOR('',#12783,1.);
#12783 = DIRECTION('',(1.,0.));
#12784 = ( GEOMETRIC_REPRESENTATION_CONTEXT(2) 
PARAMETRIC_REPRESENTATION_CONTEXT() REPRESENTATION_CONTEXT('2D SPACE',''
  ) );
#12785 = PCURVE('',#8295,#12786);
#12786 = DEFINITIONAL_REPRESENTATION('',(#12787),#12791);
#12787 = CIRCLE('',#12788,0.2);
#12788 = AXIS2_PLACEMENT_2D('',#12789,#12790);
#12789 = CARTESIAN_POINT('',(2.2,6.6));
#12790 = DIRECTION('',(1.,0.));
#12791 = ( GEOMETRIC_REPRESENTATION_CONTEXT(2) 
PARAMETRIC_REPRESENTATION_CONTEXT() REPRESENTATION_CONTEXT('2D SPACE',''
  ) );
#12792 = ORIENTED_EDGE('',*,*,#8307,.T.);
#12793 = ORIENTED_EDGE('',*,*,#8362,.F.);
#12794 = ORIENTED_EDGE('',*,*,#12795,.F.);
#12795 = EDGE_CURVE('',#12770,#8363,#12796,.T.);
#12796 = SURFACE_CURVE('',#12797,(#12801,#12808),.PCURVE_S1.);
#12797 = LINE('',#12798,#12799);
#12798 = CARTESIAN_POINT('',(123.4,32.95,14.2));
#12799 = VECTOR('',#12800,1.);
#12800 = DIRECTION('',(1.,1.110223024625E-16,0.));
#12801 = PCURVE('',#8323,#12802);
#12802 = DEFINITIONAL_REPRESENTATION('',(#12803),#12807);
#12803 = LINE('',#12804,#12805);
#12804 = CARTESIAN_POINT('',(0.,0.));
#12805 = VECTOR('',#12806,1.);
#12806 = DIRECTION('',(0.,1.));
#12807 = ( GEOMETRIC_REPRESENTATION_CONTEXT(2) 
PARAMETRIC_REPRESENTATION_CONTEXT() REPRESENTATION_CONTEXT('2D SPACE',''
  ) );
#12808 = PCURVE('',#8402,#12809);
#12809 = DEFINITIONAL_REPRESENTATION('',(#12810),#12814);
#12810 = LINE('',#12811,#12812);
#12811 = CARTESIAN_POINT('',(6.6,-7.327471962526E-16));
#12812 = VECTOR('',#12813,1.);
#12813 = DIRECTION('',(0.,1.));
#12814 = ( GEOMETRIC_REPRESENTATION_CONTEXT(2) 
PARAMETRIC_REPRESENTATION_CONTEXT() REPRESENTATION_CONTEXT('2D SPACE',''
  ) );
#12815 = ADVANCED_FACE('',(#12816),#8295,.F.);
#12816 = FACE_BOUND('',#12817,.F.);
#12817 = EDGE_LOOP('',(#12818,#12819,#12820,#12843,#12866,#12889,#12912,
    #12935,#12961,#12962));
#12818 = ORIENTED_EDGE('',*,*,#8279,.F.);
#12819 = ORIENTED_EDGE('',*,*,#12769,.F.);
#12820 = ORIENTED_EDGE('',*,*,#12821,.T.);
#12821 = EDGE_CURVE('',#12770,#12822,#12824,.T.);
#12822 = VERTEX_POINT('',#12823);
#12823 = CARTESIAN_POINT('',(123.4,31.15,14.2));
#12824 = SURFACE_CURVE('',#12825,(#12829,#12836),.PCURVE_S1.);
#12825 = LINE('',#12826,#12827);
#12826 = CARTESIAN_POINT('',(123.4,39.55,14.2));
#12827 = VECTOR('',#12828,1.);
#12828 = DIRECTION('',(1.110223024625E-16,-1.,0.));
#12829 = PCURVE('',#8295,#12830);
#12830 = DEFINITIONAL_REPRESENTATION('',(#12831),#12835);
#12831 = LINE('',#12832,#12833);
#12832 = CARTESIAN_POINT('',(2.,0.));
#12833 = VECTOR('',#12834,1.);
#12834 = DIRECTION('',(0.,1.));
#12835 = ( GEOMETRIC_REPRESENTATION_CONTEXT(2) 
PARAMETRIC_REPRESENTATION_CONTEXT() REPRESENTATION_CONTEXT('2D SPACE',''
  ) );
#12836 = PCURVE('',#8402,#12837);
#12837 = DEFINITIONAL_REPRESENTATION('',(#12838),#12842);
#12838 = LINE('',#12839,#12840);
#12839 = CARTESIAN_POINT('',(0.,0.));
#12840 = VECTOR('',#12841,1.);
#12841 = DIRECTION('',(1.,0.));
#12842 = ( GEOMETRIC_REPRESENTATION_CONTEXT(2) 
PARAMETRIC_REPRESENTATION_CONTEXT() REPRESENTATION_CONTEXT('2D SPACE',''
  ) );
#12843 = ORIENTED_EDGE('',*,*,#12844,.F.);
#12844 = EDGE_CURVE('',#12845,#12822,#12847,.T.);
#12845 = VERTEX_POINT('',#12846);
#12846 = CARTESIAN_POINT('',(123.4,31.15,12.2));
#12847 = SURFACE_CURVE('',#12848,(#12852,#12859),.PCURVE_S1.);
#12848 = LINE('',#12849,#12850);
#12849 = CARTESIAN_POINT('',(123.4,31.15,12.2));
#12850 = VECTOR('',#12851,1.);
#12851 = DIRECTION('',(0.,0.,1.));
#12852 = PCURVE('',#8295,#12853);
#12853 = DEFINITIONAL_REPRESENTATION('',(#12854),#12858);
#12854 = LINE('',#12855,#12856);
#12855 = CARTESIAN_POINT('',(0.,8.4));
#12856 = VECTOR('',#12857,1.);
#12857 = DIRECTION('',(1.,0.));
#12858 = ( GEOMETRIC_REPRESENTATION_CONTEXT(2) 
PARAMETRIC_REPRESENTATION_CONTEXT() REPRESENTATION_CONTEXT('2D SPACE',''
  ) );
#12859 = PCURVE('',#8430,#12860);
#12860 = DEFINITIONAL_REPRESENTATION('',(#12861),#12865);
#12861 = LINE('',#12862,#12863);
#12862 = CARTESIAN_POINT('',(0.,0.));
#12863 = VECTOR('',#12864,1.);
#12864 = DIRECTION('',(1.,0.));
#12865 = ( GEOMETRIC_REPRESENTATION_CONTEXT(2) 
PARAMETRIC_REPRESENTATION_CONTEXT() REPRESENTATION_CONTEXT('2D SPACE',''
  ) );
#12866 = ORIENTED_EDGE('',*,*,#12867,.F.);
#12867 = EDGE_CURVE('',#12868,#12845,#12870,.T.);
#12868 = VERTEX_POINT('',#12869);
#12869 = CARTESIAN_POINT('',(123.4,39.55,12.2));
#12870 = SURFACE_CURVE('',#12871,(#12875,#12882),.PCURVE_S1.);
#12871 = LINE('',#12872,#12873);
#12872 = CARTESIAN_POINT('',(123.4,39.55,12.2));
#12873 = VECTOR('',#12874,1.);
#12874 = DIRECTION('',(1.110223024625E-16,-1.,0.));
#12875 = PCURVE('',#8295,#12876);
#12876 = DEFINITIONAL_REPRESENTATION('',(#12877),#12881);
#12877 = LINE('',#12878,#12879);
#12878 = CARTESIAN_POINT('',(0.,0.));
#12879 = VECTOR('',#12880,1.);
#12880 = DIRECTION('',(0.,1.));
#12881 = ( GEOMETRIC_REPRESENTATION_CONTEXT(2) 
PARAMETRIC_REPRESENTATION_CONTEXT() REPRESENTATION_CONTEXT('2D SPACE',''
  ) );
#12882 = PCURVE('',#8458,#12883);
#12883 = DEFINITIONAL_REPRESENTATION('',(#12884),#12888);
#12884 = LINE('',#12885,#12886);
#12885 = CARTESIAN_POINT('',(0.,0.));
#12886 = VECTOR('',#12887,1.);
#12887 = DIRECTION('',(1.,0.));
#12888 = ( GEOMETRIC_REPRESENTATION_CONTEXT(2) 
PARAMETRIC_REPRESENTATION_CONTEXT() REPRESENTATION_CONTEXT('2D SPACE',''
  ) );
#12889 = ORIENTED_EDGE('',*,*,#12890,.T.);
#12890 = EDGE_CURVE('',#12868,#12891,#12893,.T.);
#12891 = VERTEX_POINT('',#12892);
#12892 = CARTESIAN_POINT('',(123.4,39.55,14.2));
#12893 = SURFACE_CURVE('',#12894,(#12898,#12905),.PCURVE_S1.);
#12894 = LINE('',#12895,#12896);
#12895 = CARTESIAN_POINT('',(123.4,39.55,12.2));
#12896 = VECTOR('',#12897,1.);
#12897 = DIRECTION('',(0.,0.,1.));
#12898 = PCURVE('',#8295,#12899);
#12899 = DEFINITIONAL_REPRESENTATION('',(#12900),#12904);
#12900 = LINE('',#12901,#12902);
#12901 = CARTESIAN_POINT('',(0.,0.));
#12902 = VECTOR('',#12903,1.);
#12903 = DIRECTION('',(1.,0.));
#12904 = ( GEOMETRIC_REPRESENTATION_CONTEXT(2) 
PARAMETRIC_REPRESENTATION_CONTEXT() REPRESENTATION_CONTEXT('2D SPACE',''
  ) );
#12905 = PCURVE('',#8486,#12906);
#12906 = DEFINITIONAL_REPRESENTATION('',(#12907),#12911);
#12907 = LINE('',#12908,#12909);
#12908 = CARTESIAN_POINT('',(0.,0.));
#12909 = VECTOR('',#12910,1.);
#12910 = DIRECTION('',(1.,0.));
#12911 = ( GEOMETRIC_REPRESENTATION_CONTEXT(2) 
PARAMETRIC_REPRESENTATION_CONTEXT() REPRESENTATION_CONTEXT('2D SPACE',''
  ) );
#12912 = ORIENTED_EDGE('',*,*,#12913,.T.);
#12913 = EDGE_CURVE('',#12891,#12914,#12916,.T.);
#12914 = VERTEX_POINT('',#12915);
#12915 = CARTESIAN_POINT('',(123.4,37.75,14.2));
#12916 = SURFACE_CURVE('',#12917,(#12921,#12928),.PCURVE_S1.);
#12917 = LINE('',#12918,#12919);
#12918 = CARTESIAN_POINT('',(123.4,39.55,14.2));
#12919 = VECTOR('',#12920,1.);
#12920 = DIRECTION('',(1.110223024625E-16,-1.,0.));
#12921 = PCURVE('',#8295,#12922);
#12922 = DEFINITIONAL_REPRESENTATION('',(#12923),#12927);
#12923 = LINE('',#12924,#12925);
#12924 = CARTESIAN_POINT('',(2.,0.));
#12925 = VECTOR('',#12926,1.);
#12926 = DIRECTION('',(0.,1.));
#12927 = ( GEOMETRIC_REPRESENTATION_CONTEXT(2) 
PARAMETRIC_REPRESENTATION_CONTEXT() REPRESENTATION_CONTEXT('2D SPACE',''
  ) );
#12928 = PCURVE('',#8514,#12929);
#12929 = DEFINITIONAL_REPRESENTATION('',(#12930),#12934);
#12930 = LINE('',#12931,#12932);
#12931 = CARTESIAN_POINT('',(0.,0.));
#12932 = VECTOR('',#12933,1.);
#12933 = DIRECTION('',(1.,0.));
#12934 = ( GEOMETRIC_REPRESENTATION_CONTEXT(2) 
PARAMETRIC_REPRESENTATION_CONTEXT() REPRESENTATION_CONTEXT('2D SPACE',''
  ) );
#12935 = ORIENTED_EDGE('',*,*,#12936,.T.);
#12936 = EDGE_CURVE('',#12914,#8615,#12937,.T.);
#12937 = SURFACE_CURVE('',#12938,(#12943,#12954),.PCURVE_S1.);
#12938 = CIRCLE('',#12939,0.2);
#12939 = AXIS2_PLACEMENT_3D('',#12940,#12941,#12942);
#12940 = CARTESIAN_POINT('',(123.4,37.75,14.4));
#12941 = DIRECTION('',(-1.,-1.110223024625E-16,0.));
#12942 = DIRECTION('',(0.,0.,1.));
#12943 = PCURVE('',#8295,#12944);
#12944 = DEFINITIONAL_REPRESENTATION('',(#12945),#12953);
#12945 = ( BOUNDED_CURVE() B_SPLINE_CURVE(2,(#12946,#12947,#12948,#12949
    ,#12950,#12951,#12952),.UNSPECIFIED.,.T.,.F.) 
B_SPLINE_CURVE_WITH_KNOTS((1,2,2,2,2,1),(-2.094395102393,0.,
    2.094395102393,4.188790204786,6.28318530718,8.377580409573),
.UNSPECIFIED.) CURVE() GEOMETRIC_REPRESENTATION_ITEM() 
RATIONAL_B_SPLINE_CURVE((1.,0.5,1.,0.5,1.,0.5,1.)) REPRESENTATION_ITEM(
  '') );
#12946 = CARTESIAN_POINT('',(2.4,1.8));
#12947 = CARTESIAN_POINT('',(2.4,1.453589838486));
#12948 = CARTESIAN_POINT('',(2.1,1.626794919243));
#12949 = CARTESIAN_POINT('',(1.8,1.8));
#12950 = CARTESIAN_POINT('',(2.1,1.973205080757));
#12951 = CARTESIAN_POINT('',(2.4,2.146410161514));
#12952 = CARTESIAN_POINT('',(2.4,1.8));
#12953 = ( GEOMETRIC_REPRESENTATION_CONTEXT(2) 
PARAMETRIC_REPRESENTATION_CONTEXT() REPRESENTATION_CONTEXT('2D SPACE',''
  ) );
#12954 = PCURVE('',#8547,#12955);
#12955 = DEFINITIONAL_REPRESENTATION('',(#12956),#12960);
#12956 = LINE('',#12957,#12958);
#12957 = CARTESIAN_POINT('',(3.14159265359,-0.));
#12958 = VECTOR('',#12959,1.);
#12959 = DIRECTION('',(-1.,0.));
#12960 = ( GEOMETRIC_REPRESENTATION_CONTEXT(2) 
PARAMETRIC_REPRESENTATION_CONTEXT() REPRESENTATION_CONTEXT('2D SPACE',''
  ) );
#12961 = ORIENTED_EDGE('',*,*,#8614,.T.);
#12962 = ORIENTED_EDGE('',*,*,#12963,.T.);
#12963 = EDGE_CURVE('',#8587,#8257,#12964,.T.);
#12964 = SURFACE_CURVE('',#12965,(#12969,#12976),.PCURVE_S1.);
#12965 = LINE('',#12966,#12967);
#12966 = CARTESIAN_POINT('',(123.4,37.55,16.75));
#12967 = VECTOR('',#12968,1.);
#12968 = DIRECTION('',(1.110223024625E-16,-1.,0.));
#12969 = PCURVE('',#8295,#12970);
#12970 = DEFINITIONAL_REPRESENTATION('',(#12971),#12975);
#12971 = LINE('',#12972,#12973);
#12972 = CARTESIAN_POINT('',(4.55,2.));
#12973 = VECTOR('',#12974,1.);
#12974 = DIRECTION('',(0.,1.));
#12975 = ( GEOMETRIC_REPRESENTATION_CONTEXT(2) 
PARAMETRIC_REPRESENTATION_CONTEXT() REPRESENTATION_CONTEXT('2D SPACE',''
  ) );
#12976 = PCURVE('',#12651,#12977);
#12977 = DEFINITIONAL_REPRESENTATION('',(#12978),#12982);
#12978 = LINE('',#12979,#12980);
#12979 = CARTESIAN_POINT('',(-1.570796326795,0.));
#12980 = VECTOR('',#12981,1.);
#12981 = DIRECTION('',(-0.,1.));
#12982 = ( GEOMETRIC_REPRESENTATION_CONTEXT(2) 
PARAMETRIC_REPRESENTATION_CONTEXT() REPRESENTATION_CONTEXT('2D SPACE',''
  ) );
#12983 = ADVANCED_FACE('',(#12984),#8547,.F.);
#12984 = FACE_BOUND('',#12985,.T.);
#12985 = EDGE_LOOP('',(#12986,#12987,#12988,#12989));
#12986 = ORIENTED_EDGE('',*,*,#12936,.T.);
#12987 = ORIENTED_EDGE('',*,*,#8637,.T.);
#12988 = ORIENTED_EDGE('',*,*,#8526,.F.);
#12989 = ORIENTED_EDGE('',*,*,#12990,.F.);
#12990 = EDGE_CURVE('',#12914,#8499,#12991,.T.);
#12991 = SURFACE_CURVE('',#12992,(#12996,#13003),.PCURVE_S1.);
#12992 = LINE('',#12993,#12994);
#12993 = CARTESIAN_POINT('',(123.4,37.75,14.2));
#12994 = VECTOR('',#12995,1.);
#12995 = DIRECTION('',(1.,1.110223024625E-16,0.));
#12996 = PCURVE('',#8547,#12997);
#12997 = DEFINITIONAL_REPRESENTATION('',(#12998),#13002);
#12998 = LINE('',#12999,#13000);
#12999 = CARTESIAN_POINT('',(-0.,0.));
#13000 = VECTOR('',#13001,1.);
#13001 = DIRECTION('',(-0.,1.));
#13002 = ( GEOMETRIC_REPRESENTATION_CONTEXT(2) 
PARAMETRIC_REPRESENTATION_CONTEXT() REPRESENTATION_CONTEXT('2D SPACE',''
  ) );
#13003 = PCURVE('',#8514,#13004);
#13004 = DEFINITIONAL_REPRESENTATION('',(#13005),#13009);
#13005 = LINE('',#13006,#13007);
#13006 = CARTESIAN_POINT('',(1.8,-1.998401444325E-16));
#13007 = VECTOR('',#13008,1.);
#13008 = DIRECTION('',(0.,1.));
#13009 = ( GEOMETRIC_REPRESENTATION_CONTEXT(2) 
PARAMETRIC_REPRESENTATION_CONTEXT() REPRESENTATION_CONTEXT('2D SPACE',''
  ) );
#13010 = ADVANCED_FACE('',(#13011),#8514,.T.);
#13011 = FACE_BOUND('',#13012,.T.);
#13012 = EDGE_LOOP('',(#13013,#13014,#13035,#13036));
#13013 = ORIENTED_EDGE('',*,*,#8498,.F.);
#13014 = ORIENTED_EDGE('',*,*,#13015,.F.);
#13015 = EDGE_CURVE('',#12891,#8471,#13016,.T.);
#13016 = SURFACE_CURVE('',#13017,(#13021,#13028),.PCURVE_S1.);
#13017 = LINE('',#13018,#13019);
#13018 = CARTESIAN_POINT('',(123.4,39.55,14.2));
#13019 = VECTOR('',#13020,1.);
#13020 = DIRECTION('',(1.,1.110223024625E-16,0.));
#13021 = PCURVE('',#8514,#13022);
#13022 = DEFINITIONAL_REPRESENTATION('',(#13023),#13027);
#13023 = LINE('',#13024,#13025);
#13024 = CARTESIAN_POINT('',(0.,0.));
#13025 = VECTOR('',#13026,1.);
#13026 = DIRECTION('',(0.,1.));
#13027 = ( GEOMETRIC_REPRESENTATION_CONTEXT(2) 
PARAMETRIC_REPRESENTATION_CONTEXT() REPRESENTATION_CONTEXT('2D SPACE',''
  ) );
#13028 = PCURVE('',#8486,#13029);
#13029 = DEFINITIONAL_REPRESENTATION('',(#13030),#13034);
#13030 = LINE('',#13031,#13032);
#13031 = CARTESIAN_POINT('',(2.,0.));
#13032 = VECTOR('',#13033,1.);
#13033 = DIRECTION('',(0.,-1.));
#13034 = ( GEOMETRIC_REPRESENTATION_CONTEXT(2) 
PARAMETRIC_REPRESENTATION_CONTEXT() REPRESENTATION_CONTEXT('2D SPACE',''
  ) );
#13035 = ORIENTED_EDGE('',*,*,#12913,.T.);
#13036 = ORIENTED_EDGE('',*,*,#12990,.T.);
#13037 = ADVANCED_FACE('',(#13038),#8486,.F.);
#13038 = FACE_BOUND('',#13039,.F.);
#13039 = EDGE_LOOP('',(#13040,#13041,#13062,#13063));
#13040 = ORIENTED_EDGE('',*,*,#12890,.F.);
#13041 = ORIENTED_EDGE('',*,*,#13042,.T.);
#13042 = EDGE_CURVE('',#12868,#8443,#13043,.T.);
#13043 = SURFACE_CURVE('',#13044,(#13048,#13055),.PCURVE_S1.);
#13044 = LINE('',#13045,#13046);
#13045 = CARTESIAN_POINT('',(123.4,39.55,12.2));
#13046 = VECTOR('',#13047,1.);
#13047 = DIRECTION('',(1.,1.110223024625E-16,0.));
#13048 = PCURVE('',#8486,#13049);
#13049 = DEFINITIONAL_REPRESENTATION('',(#13050),#13054);
#13050 = LINE('',#13051,#13052);
#13051 = CARTESIAN_POINT('',(0.,0.));
#13052 = VECTOR('',#13053,1.);
#13053 = DIRECTION('',(0.,-1.));
#13054 = ( GEOMETRIC_REPRESENTATION_CONTEXT(2) 
PARAMETRIC_REPRESENTATION_CONTEXT() REPRESENTATION_CONTEXT('2D SPACE',''
  ) );
#13055 = PCURVE('',#8458,#13056);
#13056 = DEFINITIONAL_REPRESENTATION('',(#13057),#13061);
#13057 = LINE('',#13058,#13059);
#13058 = CARTESIAN_POINT('',(0.,0.));
#13059 = VECTOR('',#13060,1.);
#13060 = DIRECTION('',(0.,1.));
#13061 = ( GEOMETRIC_REPRESENTATION_CONTEXT(2) 
PARAMETRIC_REPRESENTATION_CONTEXT() REPRESENTATION_CONTEXT('2D SPACE',''
  ) );
#13062 = ORIENTED_EDGE('',*,*,#8470,.T.);
#13063 = ORIENTED_EDGE('',*,*,#13015,.F.);
#13064 = ADVANCED_FACE('',(#13065),#8458,.F.);
#13065 = FACE_BOUND('',#13066,.F.);
#13066 = EDGE_LOOP('',(#13067,#13068,#13069,#13090));
#13067 = ORIENTED_EDGE('',*,*,#13042,.F.);
#13068 = ORIENTED_EDGE('',*,*,#12867,.T.);
#13069 = ORIENTED_EDGE('',*,*,#13070,.T.);
#13070 = EDGE_CURVE('',#12845,#8415,#13071,.T.);
#13071 = SURFACE_CURVE('',#13072,(#13076,#13083),.PCURVE_S1.);
#13072 = LINE('',#13073,#13074);
#13073 = CARTESIAN_POINT('',(123.4,31.15,12.2));
#13074 = VECTOR('',#13075,1.);
#13075 = DIRECTION('',(1.,1.110223024625E-16,0.));
#13076 = PCURVE('',#8458,#13077);
#13077 = DEFINITIONAL_REPRESENTATION('',(#13078),#13082);
#13078 = LINE('',#13079,#13080);
#13079 = CARTESIAN_POINT('',(8.4,-9.325873406851E-16));
#13080 = VECTOR('',#13081,1.);
#13081 = DIRECTION('',(0.,1.));
#13082 = ( GEOMETRIC_REPRESENTATION_CONTEXT(2) 
PARAMETRIC_REPRESENTATION_CONTEXT() REPRESENTATION_CONTEXT('2D SPACE',''
  ) );
#13083 = PCURVE('',#8430,#13084);
#13084 = DEFINITIONAL_REPRESENTATION('',(#13085),#13089);
#13085 = LINE('',#13086,#13087);
#13086 = CARTESIAN_POINT('',(0.,0.));
#13087 = VECTOR('',#13088,1.);
#13088 = DIRECTION('',(0.,-1.));
#13089 = ( GEOMETRIC_REPRESENTATION_CONTEXT(2) 
PARAMETRIC_REPRESENTATION_CONTEXT() REPRESENTATION_CONTEXT('2D SPACE',''
  ) );
#13090 = ORIENTED_EDGE('',*,*,#8442,.F.);
#13091 = ADVANCED_FACE('',(#13092),#8430,.T.);
#13092 = FACE_BOUND('',#13093,.T.);
#13093 = EDGE_LOOP('',(#13094,#13095,#13096,#13097));
#13094 = ORIENTED_EDGE('',*,*,#12844,.F.);
#13095 = ORIENTED_EDGE('',*,*,#13070,.T.);
#13096 = ORIENTED_EDGE('',*,*,#8414,.T.);
#13097 = ORIENTED_EDGE('',*,*,#13098,.F.);
#13098 = EDGE_CURVE('',#12822,#8387,#13099,.T.);
#13099 = SURFACE_CURVE('',#13100,(#13104,#13111),.PCURVE_S1.);
#13100 = LINE('',#13101,#13102);
#13101 = CARTESIAN_POINT('',(123.4,31.15,14.2));
#13102 = VECTOR('',#13103,1.);
#13103 = DIRECTION('',(1.,1.110223024625E-16,0.));
#13104 = PCURVE('',#8430,#13105);
#13105 = DEFINITIONAL_REPRESENTATION('',(#13106),#13110);
#13106 = LINE('',#13107,#13108);
#13107 = CARTESIAN_POINT('',(2.,0.));
#13108 = VECTOR('',#13109,1.);
#13109 = DIRECTION('',(0.,-1.));
#13110 = ( GEOMETRIC_REPRESENTATION_CONTEXT(2) 
PARAMETRIC_REPRESENTATION_CONTEXT() REPRESENTATION_CONTEXT('2D SPACE',''
  ) );
#13111 = PCURVE('',#8402,#13112);
#13112 = DEFINITIONAL_REPRESENTATION('',(#13113),#13117);
#13113 = LINE('',#13114,#13115);
#13114 = CARTESIAN_POINT('',(8.4,-9.325873406851E-16));
#13115 = VECTOR('',#13116,1.);
#13116 = DIRECTION('',(0.,1.));
#13117 = ( GEOMETRIC_REPRESENTATION_CONTEXT(2) 
PARAMETRIC_REPRESENTATION_CONTEXT() REPRESENTATION_CONTEXT('2D SPACE',''
  ) );
#13118 = ADVANCED_FACE('',(#13119),#8402,.T.);
#13119 = FACE_BOUND('',#13120,.T.);
#13120 = EDGE_LOOP('',(#13121,#13122,#13123,#13124));
#13121 = ORIENTED_EDGE('',*,*,#8386,.F.);
#13122 = ORIENTED_EDGE('',*,*,#12795,.F.);
#13123 = ORIENTED_EDGE('',*,*,#12821,.T.);
#13124 = ORIENTED_EDGE('',*,*,#13098,.T.);
#13125 = ADVANCED_FACE('',(#13126),#8602,.F.);
#13126 = FACE_BOUND('',#13127,.T.);
#13127 = EDGE_LOOP('',(#13128,#13129,#13130,#13131));
#13128 = ORIENTED_EDGE('',*,*,#12612,.F.);
#13129 = ORIENTED_EDGE('',*,*,#8879,.F.);
#13130 = ORIENTED_EDGE('',*,*,#8584,.T.);
#13131 = ORIENTED_EDGE('',*,*,#13132,.F.);
#13132 = EDGE_CURVE('',#12613,#8587,#13133,.T.);
#13133 = SURFACE_CURVE('',#13134,(#13139,#13151),.PCURVE_S1.);
#13134 = ELLIPSE('',#13135,1.06066017178,0.75);
#13135 = AXIS2_PLACEMENT_3D('',#13136,#13137,#13138);
#13136 = CARTESIAN_POINT('',(122.65,38.3,16.75));
#13137 = DIRECTION('',(0.707106781187,0.707106781187,-0.));
#13138 = DIRECTION('',(-0.707106781187,0.707106781187,0.));
#13139 = PCURVE('',#8602,#13140);
#13140 = DEFINITIONAL_REPRESENTATION('',(#13141),#13150);
#13141 = B_SPLINE_CURVE_WITH_KNOTS('',7,(#13142,#13143,#13144,#13145,
    #13146,#13147,#13148,#13149),.UNSPECIFIED.,.F.,.F.,(8,8),(
    1.570796326795,3.14159265359),.PIECEWISE_BEZIER_KNOTS.);
#13142 = CARTESIAN_POINT('',(0.,3.95));
#13143 = CARTESIAN_POINT('',(-0.224399475256,3.781700393558));
#13144 = CARTESIAN_POINT('',(-0.448798950513,3.613401470512));
#13145 = CARTESIAN_POINT('',(-0.673198425769,3.458939880667));
#13146 = CARTESIAN_POINT('',(-0.897597901026,3.332178121534));
#13147 = CARTESIAN_POINT('',(-1.121997376282,3.244061504456));
#13148 = CARTESIAN_POINT('',(-1.346396851538,3.2));
#13149 = CARTESIAN_POINT('',(-1.570796326795,3.2));
#13150 = ( GEOMETRIC_REPRESENTATION_CONTEXT(2) 
PARAMETRIC_REPRESENTATION_CONTEXT() REPRESENTATION_CONTEXT('2D SPACE',''
  ) );
#13151 = PCURVE('',#12651,#13152);
#13152 = DEFINITIONAL_REPRESENTATION('',(#13153),#13162);
#13153 = B_SPLINE_CURVE_WITH_KNOTS('',7,(#13154,#13155,#13156,#13157,
    #13158,#13159,#13160,#13161),.UNSPECIFIED.,.F.,.F.,(8,8),(
    1.570796326795,3.14159265359),.PIECEWISE_BEZIER_KNOTS.);
#13154 = CARTESIAN_POINT('',(0.,-0.75));
#13155 = CARTESIAN_POINT('',(-0.224399475256,-0.581700393558));
#13156 = CARTESIAN_POINT('',(-0.448798950513,-0.413401470511));
#13157 = CARTESIAN_POINT('',(-0.673198425769,-0.25893988067));
#13158 = CARTESIAN_POINT('',(-0.897597901026,-0.132178121531));
#13159 = CARTESIAN_POINT('',(-1.121997376282,-4.40615044575E-02));
#13160 = CARTESIAN_POINT('',(-1.346396851538,2.061075743273E-17));
#13161 = CARTESIAN_POINT('',(-1.570796326795,0.));
#13162 = ( GEOMETRIC_REPRESENTATION_CONTEXT(2) 
PARAMETRIC_REPRESENTATION_CONTEXT() REPRESENTATION_CONTEXT('2D SPACE',''
  ) );
#13163 = ADVANCED_FACE('',(#13164),#8829,.T.);
#13164 = FACE_BOUND('',#13165,.T.);
#13165 = EDGE_LOOP('',(#13166,#13167,#13168,#13188));
#13166 = ORIENTED_EDGE('',*,*,#8783,.F.);
#13167 = ORIENTED_EDGE('',*,*,#12708,.T.);
#13168 = ORIENTED_EDGE('',*,*,#13169,.T.);
#13169 = EDGE_CURVE('',#12687,#12518,#13170,.T.);
#13170 = SURFACE_CURVE('',#13171,(#13174,#13181),.PCURVE_S1.);
#13171 = B_SPLINE_CURVE_WITH_KNOTS('',1,(#13172,#13173),.UNSPECIFIED.,
  .F.,.F.,(2,2),(0.,1.),.PIECEWISE_BEZIER_KNOTS.);
#13172 = CARTESIAN_POINT('',(120.4,40.55,17.5));
#13173 = CARTESIAN_POINT('',(118.6,42.35,23.8));
#13174 = PCURVE('',#8829,#13175);
#13175 = DEFINITIONAL_REPRESENTATION('',(#13176),#13180);
#13176 = LINE('',#13177,#13178);
#13177 = CARTESIAN_POINT('',(12.8,0.));
#13178 = VECTOR('',#13179,1.);
#13179 = DIRECTION('',(0.,1.));
#13180 = ( GEOMETRIC_REPRESENTATION_CONTEXT(2) 
PARAMETRIC_REPRESENTATION_CONTEXT() REPRESENTATION_CONTEXT('2D SPACE',''
  ) );
#13181 = PCURVE('',#12531,#13182);
#13182 = DEFINITIONAL_REPRESENTATION('',(#13183),#13187);
#13183 = LINE('',#13184,#13185);
#13184 = CARTESIAN_POINT('',(0.,0.));
#13185 = VECTOR('',#13186,1.);
#13186 = DIRECTION('',(0.,1.));
#13187 = ( GEOMETRIC_REPRESENTATION_CONTEXT(2) 
PARAMETRIC_REPRESENTATION_CONTEXT() REPRESENTATION_CONTEXT('2D SPACE',''
  ) );
#13188 = ORIENTED_EDGE('',*,*,#12542,.T.);
#13189 = ADVANCED_FACE('',(#13190),#8748,.F.);
#13190 = FACE_BOUND('',#13191,.F.);
#13191 = EDGE_LOOP('',(#13192,#13213,#13214,#13215));
#13192 = ORIENTED_EDGE('',*,*,#13193,.F.);
#13193 = EDGE_CURVE('',#12452,#10037,#13194,.T.);
#13194 = SURFACE_CURVE('',#13195,(#13199,#13206),.PCURVE_S1.);
#13195 = LINE('',#13196,#13197);
#13196 = CARTESIAN_POINT('',(118.6,42.35,23.75));
#13197 = VECTOR('',#13198,1.);
#13198 = DIRECTION('',(0.,0.,1.));
#13199 = PCURVE('',#8748,#13200);
#13200 = DEFINITIONAL_REPRESENTATION('',(#13201),#13205);
#13201 = LINE('',#13202,#13203);
#13202 = CARTESIAN_POINT('',(0.,0.));
#13203 = VECTOR('',#13204,1.);
#13204 = DIRECTION('',(1.,0.));
#13205 = ( GEOMETRIC_REPRESENTATION_CONTEXT(2) 
PARAMETRIC_REPRESENTATION_CONTEXT() REPRESENTATION_CONTEXT('2D SPACE',''
  ) );
#13206 = PCURVE('',#10052,#13207);
#13207 = DEFINITIONAL_REPRESENTATION('',(#13208),#13212);
#13208 = LINE('',#13209,#13210);
#13209 = CARTESIAN_POINT('',(0.,0.));
#13210 = VECTOR('',#13211,1.);
#13211 = DIRECTION('',(1.,0.));
#13212 = ( GEOMETRIC_REPRESENTATION_CONTEXT(2) 
PARAMETRIC_REPRESENTATION_CONTEXT() REPRESENTATION_CONTEXT('2D SPACE',''
  ) );
#13213 = ORIENTED_EDGE('',*,*,#12451,.T.);
#13214 = ORIENTED_EDGE('',*,*,#8732,.F.);
#13215 = ORIENTED_EDGE('',*,*,#10064,.F.);
#13216 = ADVANCED_FACE('',(#13217),#9025,.T.);
#13217 = FACE_BOUND('',#13218,.T.);
#13218 = EDGE_LOOP('',(#13219,#13220,#13241,#13242));
#13219 = ORIENTED_EDGE('',*,*,#9161,.F.);
#13220 = ORIENTED_EDGE('',*,*,#13221,.T.);
#13221 = EDGE_CURVE('',#9162,#9008,#13222,.T.);
#13222 = SURFACE_CURVE('',#13223,(#13227,#13234),.PCURVE_S1.);
#13223 = LINE('',#13224,#13225);
#13224 = CARTESIAN_POINT('',(111.,68.1,16.3));
#13225 = VECTOR('',#13226,1.);
#13226 = DIRECTION('',(1.,1.110223024625E-16,0.));
#13227 = PCURVE('',#9025,#13228);
#13228 = DEFINITIONAL_REPRESENTATION('',(#13229),#13233);
#13229 = LINE('',#13230,#13231);
#13230 = CARTESIAN_POINT('',(0.,0.));
#13231 = VECTOR('',#13232,1.);
#13232 = DIRECTION('',(0.,-1.));
#13233 = ( GEOMETRIC_REPRESENTATION_CONTEXT(2) 
PARAMETRIC_REPRESENTATION_CONTEXT() REPRESENTATION_CONTEXT('2D SPACE',''
  ) );
#13234 = PCURVE('',#9053,#13235);
#13235 = DEFINITIONAL_REPRESENTATION('',(#13236),#13240);
#13236 = LINE('',#13237,#13238);
#13237 = CARTESIAN_POINT('',(2.8,-3.10862446895E-16));
#13238 = VECTOR('',#13239,1.);
#13239 = DIRECTION('',(0.,1.));
#13240 = ( GEOMETRIC_REPRESENTATION_CONTEXT(2) 
PARAMETRIC_REPRESENTATION_CONTEXT() REPRESENTATION_CONTEXT('2D SPACE',''
  ) );
#13241 = ORIENTED_EDGE('',*,*,#9007,.T.);
#13242 = ORIENTED_EDGE('',*,*,#10089,.F.);
#13243 = ADVANCED_FACE('',(#13244),#9053,.F.);
#13244 = FACE_BOUND('',#13245,.F.);
#13245 = EDGE_LOOP('',(#13246,#13247,#13248,#13249));
#13246 = ORIENTED_EDGE('',*,*,#9135,.F.);
#13247 = ORIENTED_EDGE('',*,*,#9186,.T.);
#13248 = ORIENTED_EDGE('',*,*,#13221,.T.);
#13249 = ORIENTED_EDGE('',*,*,#9037,.F.);
#13250 = ADVANCED_FACE('',(#13251),#9347,.T.);
#13251 = FACE_BOUND('',#13252,.T.);
#13252 = EDGE_LOOP('',(#13253,#13254,#13275,#13276));
#13253 = ORIENTED_EDGE('',*,*,#9483,.F.);
#13254 = ORIENTED_EDGE('',*,*,#13255,.T.);
#13255 = EDGE_CURVE('',#9484,#9330,#13256,.T.);
#13256 = SURFACE_CURVE('',#13257,(#13261,#13268),.PCURVE_S1.);
#13257 = LINE('',#13258,#13259);
#13258 = CARTESIAN_POINT('',(60.,68.1,16.3));
#13259 = VECTOR('',#13260,1.);
#13260 = DIRECTION('',(1.,1.110223024625E-16,0.));
#13261 = PCURVE('',#9347,#13262);
#13262 = DEFINITIONAL_REPRESENTATION('',(#13263),#13267);
#13263 = LINE('',#13264,#13265);
#13264 = CARTESIAN_POINT('',(0.,0.));
#13265 = VECTOR('',#13266,1.);
#13266 = DIRECTION('',(0.,-1.));
#13267 = ( GEOMETRIC_REPRESENTATION_CONTEXT(2) 
PARAMETRIC_REPRESENTATION_CONTEXT() REPRESENTATION_CONTEXT('2D SPACE',''
  ) );
#13268 = PCURVE('',#9375,#13269);
#13269 = DEFINITIONAL_REPRESENTATION('',(#13270),#13274);
#13270 = LINE('',#13271,#13272);
#13271 = CARTESIAN_POINT('',(2.8,-3.10862446895E-16));
#13272 = VECTOR('',#13273,1.);
#13273 = DIRECTION('',(0.,1.));
#13274 = ( GEOMETRIC_REPRESENTATION_CONTEXT(2) 
PARAMETRIC_REPRESENTATION_CONTEXT() REPRESENTATION_CONTEXT('2D SPACE',''
  ) );
#13275 = ORIENTED_EDGE('',*,*,#9329,.T.);
#13276 = ORIENTED_EDGE('',*,*,#10113,.F.);
#13277 = ADVANCED_FACE('',(#13278),#9375,.F.);
#13278 = FACE_BOUND('',#13279,.F.);
#13279 = EDGE_LOOP('',(#13280,#13281,#13282,#13283));
#13280 = ORIENTED_EDGE('',*,*,#9457,.F.);
#13281 = ORIENTED_EDGE('',*,*,#9508,.T.);
#13282 = ORIENTED_EDGE('',*,*,#13255,.T.);
#13283 = ORIENTED_EDGE('',*,*,#9359,.F.);
#13284 = ADVANCED_FACE('',(#13285),#9574,.T.);
#13285 = FACE_BOUND('',#13286,.T.);
#13286 = EDGE_LOOP('',(#13287,#13288,#13309,#13310));
#13287 = ORIENTED_EDGE('',*,*,#9556,.F.);
#13288 = ORIENTED_EDGE('',*,*,#13289,.F.);
#13289 = EDGE_CURVE('',#10381,#9557,#13290,.T.);
#13290 = SURFACE_CURVE('',#13291,(#13295,#13302),.PCURVE_S1.);
#13291 = LINE('',#13292,#13293);
#13292 = CARTESIAN_POINT('',(8.025,39.55,23.7));
#13293 = VECTOR('',#13294,1.);
#13294 = DIRECTION('',(0.,0.,1.));
#13295 = PCURVE('',#9574,#13296);
#13296 = DEFINITIONAL_REPRESENTATION('',(#13297),#13301);
#13297 = LINE('',#13298,#13299);
#13298 = CARTESIAN_POINT('',(0.,-4.19));
#13299 = VECTOR('',#13300,1.);
#13300 = DIRECTION('',(1.,0.));
#13301 = ( GEOMETRIC_REPRESENTATION_CONTEXT(2) 
PARAMETRIC_REPRESENTATION_CONTEXT() REPRESENTATION_CONTEXT('2D SPACE',''
  ) );
#13302 = PCURVE('',#9603,#13303);
#13303 = DEFINITIONAL_REPRESENTATION('',(#13304),#13308);
#13304 = LINE('',#13305,#13306);
#13305 = CARTESIAN_POINT('',(0.,0.));
#13306 = VECTOR('',#13307,1.);
#13307 = DIRECTION('',(0.,1.));
#13308 = ( GEOMETRIC_REPRESENTATION_CONTEXT(2) 
PARAMETRIC_REPRESENTATION_CONTEXT() REPRESENTATION_CONTEXT('2D SPACE',''
  ) );
#13309 = ORIENTED_EDGE('',*,*,#10406,.T.);
#13310 = ORIENTED_EDGE('',*,*,#13311,.T.);
#13311 = EDGE_CURVE('',#10407,#9559,#13312,.T.);
#13312 = SURFACE_CURVE('',#13313,(#13317,#13324),.PCURVE_S1.);
#13313 = LINE('',#13314,#13315);
#13314 = CARTESIAN_POINT('',(14.79,39.55,23.7));
#13315 = VECTOR('',#13316,1.);
#13316 = DIRECTION('',(0.,0.,1.));
#13317 = PCURVE('',#9574,#13318);
#13318 = DEFINITIONAL_REPRESENTATION('',(#13319),#13323);
#13319 = LINE('',#13320,#13321);
#13320 = CARTESIAN_POINT('',(0.,-10.955));
#13321 = VECTOR('',#13322,1.);
#13322 = DIRECTION('',(1.,0.));
#13323 = ( GEOMETRIC_REPRESENTATION_CONTEXT(2) 
PARAMETRIC_REPRESENTATION_CONTEXT() REPRESENTATION_CONTEXT('2D SPACE',''
  ) );
#13324 = PCURVE('',#9780,#13325);
#13325 = DEFINITIONAL_REPRESENTATION('',(#13326),#13330);
#13326 = LINE('',#13327,#13328);
#13327 = CARTESIAN_POINT('',(-0.,0.));
#13328 = VECTOR('',#13329,1.);
#13329 = DIRECTION('',(-0.,1.));
#13330 = ( GEOMETRIC_REPRESENTATION_CONTEXT(2) 
PARAMETRIC_REPRESENTATION_CONTEXT() REPRESENTATION_CONTEXT('2D SPACE',''
  ) );
#13331 = ADVANCED_FACE('',(#13332),#9603,.F.);
#13332 = FACE_BOUND('',#13333,.F.);
#13333 = EDGE_LOOP('',(#13334,#13335,#13336,#13357));
#13334 = ORIENTED_EDGE('',*,*,#13289,.F.);
#13335 = ORIENTED_EDGE('',*,*,#10380,.T.);
#13336 = ORIENTED_EDGE('',*,*,#13337,.T.);
#13337 = EDGE_CURVE('',#10383,#9587,#13338,.T.);
#13338 = SURFACE_CURVE('',#13339,(#13343,#13350),.PCURVE_S1.);
#13339 = LINE('',#13340,#13341);
#13340 = CARTESIAN_POINT('',(3.835,35.36,23.7));
#13341 = VECTOR('',#13342,1.);
#13342 = DIRECTION('',(0.,0.,1.));
#13343 = PCURVE('',#9603,#13344);
#13344 = DEFINITIONAL_REPRESENTATION('',(#13345),#13349);
#13345 = LINE('',#13346,#13347);
#13346 = CARTESIAN_POINT('',(1.570796326795,0.));
#13347 = VECTOR('',#13348,1.);
#13348 = DIRECTION('',(0.,1.));
#13349 = ( GEOMETRIC_REPRESENTATION_CONTEXT(2) 
PARAMETRIC_REPRESENTATION_CONTEXT() REPRESENTATION_CONTEXT('2D SPACE',''
  ) );
#13350 = PCURVE('',#9631,#13351);
#13351 = DEFINITIONAL_REPRESENTATION('',(#13352),#13356);
#13352 = LINE('',#13353,#13354);
#13353 = CARTESIAN_POINT('',(0.,4.19));
#13354 = VECTOR('',#13355,1.);
#13355 = DIRECTION('',(1.,0.));
#13356 = ( GEOMETRIC_REPRESENTATION_CONTEXT(2) 
PARAMETRIC_REPRESENTATION_CONTEXT() REPRESENTATION_CONTEXT('2D SPACE',''
  ) );
#13357 = ORIENTED_EDGE('',*,*,#9586,.F.);
#13358 = ADVANCED_FACE('',(#13359),#9780,.F.);
#13359 = FACE_BOUND('',#13360,.T.);
#13360 = EDGE_LOOP('',(#13361,#13362,#13363,#13384));
#13361 = ORIENTED_EDGE('',*,*,#13311,.F.);
#13362 = ORIENTED_EDGE('',*,*,#10429,.F.);
#13363 = ORIENTED_EDGE('',*,*,#13364,.T.);
#13364 = EDGE_CURVE('',#10430,#9734,#13365,.T.);
#13365 = SURFACE_CURVE('',#13366,(#13370,#13377),.PCURVE_S1.);
#13366 = LINE('',#13367,#13368);
#13367 = CARTESIAN_POINT('',(18.98,35.36,23.7));
#13368 = VECTOR('',#13369,1.);
#13369 = DIRECTION('',(0.,0.,1.));
#13370 = PCURVE('',#9780,#13371);
#13371 = DEFINITIONAL_REPRESENTATION('',(#13372),#13376);
#13372 = LINE('',#13373,#13374);
#13373 = CARTESIAN_POINT('',(-1.570796326795,0.));
#13374 = VECTOR('',#13375,1.);
#13375 = DIRECTION('',(-0.,1.));
#13376 = ( GEOMETRIC_REPRESENTATION_CONTEXT(2) 
PARAMETRIC_REPRESENTATION_CONTEXT() REPRESENTATION_CONTEXT('2D SPACE',''
  ) );
#13377 = PCURVE('',#9749,#13378);
#13378 = DEFINITIONAL_REPRESENTATION('',(#13379),#13383);
#13379 = LINE('',#13380,#13381);
#13380 = CARTESIAN_POINT('',(0.,4.19));
#13381 = VECTOR('',#13382,1.);
#13382 = DIRECTION('',(1.,0.));
#13383 = ( GEOMETRIC_REPRESENTATION_CONTEXT(2) 
PARAMETRIC_REPRESENTATION_CONTEXT() REPRESENTATION_CONTEXT('2D SPACE',''
  ) );
#13384 = ORIENTED_EDGE('',*,*,#9761,.F.);
#13385 = ADVANCED_FACE('',(#13386),#9631,.T.);
#13386 = FACE_BOUND('',#13387,.T.);
#13387 = EDGE_LOOP('',(#13388,#13389,#13390,#13391));
#13388 = ORIENTED_EDGE('',*,*,#10547,.T.);
#13389 = ORIENTED_EDGE('',*,*,#13337,.T.);
#13390 = ORIENTED_EDGE('',*,*,#9615,.T.);
#13391 = ORIENTED_EDGE('',*,*,#13392,.F.);
#13392 = EDGE_CURVE('',#10524,#9616,#13393,.T.);
#13393 = SURFACE_CURVE('',#13394,(#13398,#13405),.PCURVE_S1.);
#13394 = LINE('',#13395,#13396);
#13395 = CARTESIAN_POINT('',(3.835,35.34,23.7));
#13396 = VECTOR('',#13397,1.);
#13397 = DIRECTION('',(0.,0.,1.));
#13398 = PCURVE('',#9631,#13399);
#13399 = DEFINITIONAL_REPRESENTATION('',(#13400),#13404);
#13400 = LINE('',#13401,#13402);
#13401 = CARTESIAN_POINT('',(0.,4.21));
#13402 = VECTOR('',#13403,1.);
#13403 = DIRECTION('',(1.,0.));
#13404 = ( GEOMETRIC_REPRESENTATION_CONTEXT(2) 
PARAMETRIC_REPRESENTATION_CONTEXT() REPRESENTATION_CONTEXT('2D SPACE',''
  ) );
#13405 = PCURVE('',#9664,#13406);
#13406 = DEFINITIONAL_REPRESENTATION('',(#13407),#13411);
#13407 = LINE('',#13408,#13409);
#13408 = CARTESIAN_POINT('',(-1.570796326795,0.));
#13409 = VECTOR('',#13410,1.);
#13410 = DIRECTION('',(-0.,1.));
#13411 = ( GEOMETRIC_REPRESENTATION_CONTEXT(2) 
PARAMETRIC_REPRESENTATION_CONTEXT() REPRESENTATION_CONTEXT('2D SPACE',''
  ) );
#13412 = ADVANCED_FACE('',(#13413),#9749,.F.);
#13413 = FACE_BOUND('',#13414,.F.);
#13414 = EDGE_LOOP('',(#13415,#13416,#13417,#13418));
#13415 = ORIENTED_EDGE('',*,*,#10453,.T.);
#13416 = ORIENTED_EDGE('',*,*,#13364,.T.);
#13417 = ORIENTED_EDGE('',*,*,#9733,.T.);
#13418 = ORIENTED_EDGE('',*,*,#13419,.F.);
#13419 = EDGE_CURVE('',#10454,#9705,#13420,.T.);
#13420 = SURFACE_CURVE('',#13421,(#13425,#13432),.PCURVE_S1.);
#13421 = LINE('',#13422,#13423);
#13422 = CARTESIAN_POINT('',(18.98,35.34,23.7));
#13423 = VECTOR('',#13424,1.);
#13424 = DIRECTION('',(0.,0.,1.));
#13425 = PCURVE('',#9749,#13426);
#13426 = DEFINITIONAL_REPRESENTATION('',(#13427),#13431);
#13427 = LINE('',#13428,#13429);
#13428 = CARTESIAN_POINT('',(0.,4.21));
#13429 = VECTOR('',#13430,1.);
#13430 = DIRECTION('',(1.,0.));
#13431 = ( GEOMETRIC_REPRESENTATION_CONTEXT(2) 
PARAMETRIC_REPRESENTATION_CONTEXT() REPRESENTATION_CONTEXT('2D SPACE',''
  ) );
#13432 = PCURVE('',#9721,#13433);
#13433 = DEFINITIONAL_REPRESENTATION('',(#13434),#13438);
#13434 = LINE('',#13435,#13436);
#13435 = CARTESIAN_POINT('',(1.570796326795,0.));
#13436 = VECTOR('',#13437,1.);
#13437 = DIRECTION('',(0.,1.));
#13438 = ( GEOMETRIC_REPRESENTATION_CONTEXT(2) 
PARAMETRIC_REPRESENTATION_CONTEXT() REPRESENTATION_CONTEXT('2D SPACE',''
  ) );
#13439 = ADVANCED_FACE('',(#13440),#9664,.F.);
#13440 = FACE_BOUND('',#13441,.T.);
#13441 = EDGE_LOOP('',(#13442,#13463,#13464,#13465));
#13442 = ORIENTED_EDGE('',*,*,#13443,.F.);
#13443 = EDGE_CURVE('',#10501,#9644,#13444,.T.);
#13444 = SURFACE_CURVE('',#13445,(#13449,#13456),.PCURVE_S1.);
#13445 = LINE('',#13446,#13447);
#13446 = CARTESIAN_POINT('',(8.025,31.15,23.7));
#13447 = VECTOR('',#13448,1.);
#13448 = DIRECTION('',(0.,0.,1.));
#13449 = PCURVE('',#9664,#13450);
#13450 = DEFINITIONAL_REPRESENTATION('',(#13451),#13455);
#13451 = LINE('',#13452,#13453);
#13452 = CARTESIAN_POINT('',(-0.,0.));
#13453 = VECTOR('',#13454,1.);
#13454 = DIRECTION('',(-0.,1.));
#13455 = ( GEOMETRIC_REPRESENTATION_CONTEXT(2) 
PARAMETRIC_REPRESENTATION_CONTEXT() REPRESENTATION_CONTEXT('2D SPACE',''
  ) );
#13456 = PCURVE('',#9692,#13457);
#13457 = DEFINITIONAL_REPRESENTATION('',(#13458),#13462);
#13458 = LINE('',#13459,#13460);
#13459 = CARTESIAN_POINT('',(0.,-4.19));
#13460 = VECTOR('',#13461,1.);
#13461 = DIRECTION('',(1.,0.));
#13462 = ( GEOMETRIC_REPRESENTATION_CONTEXT(2) 
PARAMETRIC_REPRESENTATION_CONTEXT() REPRESENTATION_CONTEXT('2D SPACE',''
  ) );
#13463 = ORIENTED_EDGE('',*,*,#10523,.F.);
#13464 = ORIENTED_EDGE('',*,*,#13392,.T.);
#13465 = ORIENTED_EDGE('',*,*,#9643,.F.);
#13466 = ADVANCED_FACE('',(#13467),#9721,.F.);
#13467 = FACE_BOUND('',#13468,.F.);
#13468 = EDGE_LOOP('',(#13469,#13490,#13491,#13492));
#13469 = ORIENTED_EDGE('',*,*,#13470,.F.);
#13470 = EDGE_CURVE('',#10477,#9677,#13471,.T.);
#13471 = SURFACE_CURVE('',#13472,(#13476,#13483),.PCURVE_S1.);
#13472 = LINE('',#13473,#13474);
#13473 = CARTESIAN_POINT('',(14.79,31.15,23.7));
#13474 = VECTOR('',#13475,1.);
#13475 = DIRECTION('',(0.,0.,1.));
#13476 = PCURVE('',#9721,#13477);
#13477 = DEFINITIONAL_REPRESENTATION('',(#13478),#13482);
#13478 = LINE('',#13479,#13480);
#13479 = CARTESIAN_POINT('',(0.,0.));
#13480 = VECTOR('',#13481,1.);
#13481 = DIRECTION('',(0.,1.));
#13482 = ( GEOMETRIC_REPRESENTATION_CONTEXT(2) 
PARAMETRIC_REPRESENTATION_CONTEXT() REPRESENTATION_CONTEXT('2D SPACE',''
  ) );
#13483 = PCURVE('',#9692,#13484);
#13484 = DEFINITIONAL_REPRESENTATION('',(#13485),#13489);
#13485 = LINE('',#13486,#13487);
#13486 = CARTESIAN_POINT('',(0.,-10.955));
#13487 = VECTOR('',#13488,1.);
#13488 = DIRECTION('',(1.,0.));
#13489 = ( GEOMETRIC_REPRESENTATION_CONTEXT(2) 
PARAMETRIC_REPRESENTATION_CONTEXT() REPRESENTATION_CONTEXT('2D SPACE',''
  ) );
#13490 = ORIENTED_EDGE('',*,*,#10476,.T.);
#13491 = ORIENTED_EDGE('',*,*,#13419,.T.);
#13492 = ORIENTED_EDGE('',*,*,#9704,.F.);
#13493 = ADVANCED_FACE('',(#13494),#9692,.F.);
#13494 = FACE_BOUND('',#13495,.F.);
#13495 = EDGE_LOOP('',(#13496,#13497,#13498,#13499));
#13496 = ORIENTED_EDGE('',*,*,#9676,.F.);
#13497 = ORIENTED_EDGE('',*,*,#13443,.F.);
#13498 = ORIENTED_EDGE('',*,*,#10500,.T.);
#13499 = ORIENTED_EDGE('',*,*,#13470,.T.);
#13500 = ADVANCED_FACE('',(#13501),#10344,.F.);
#13501 = FACE_BOUND('',#13502,.F.);
#13502 = EDGE_LOOP('',(#13503,#13504,#13505,#13506,#13529,#13557));
#13503 = ORIENTED_EDGE('',*,*,#11564,.F.);
#13504 = ORIENTED_EDGE('',*,*,#11537,.T.);
#13505 = ORIENTED_EDGE('',*,*,#10328,.F.);
#13506 = ORIENTED_EDGE('',*,*,#13507,.F.);
#13507 = EDGE_CURVE('',#13508,#10301,#13510,.T.);
#13508 = VERTEX_POINT('',#13509);
#13509 = CARTESIAN_POINT('',(15.5,67.7,23.75));
#13510 = SURFACE_CURVE('',#13511,(#13515,#13522),.PCURVE_S1.);
#13511 = LINE('',#13512,#13513);
#13512 = CARTESIAN_POINT('',(15.5,67.7,20.825));
#13513 = VECTOR('',#13514,1.);
#13514 = DIRECTION('',(0.,0.,1.));
#13515 = PCURVE('',#10344,#13516);
#13516 = DEFINITIONAL_REPRESENTATION('',(#13517),#13521);
#13517 = LINE('',#13518,#13519);
#13518 = CARTESIAN_POINT('',(2.925,2.9));
#13519 = VECTOR('',#13520,1.);
#13520 = DIRECTION('',(1.,0.));
#13521 = ( GEOMETRIC_REPRESENTATION_CONTEXT(2) 
PARAMETRIC_REPRESENTATION_CONTEXT() REPRESENTATION_CONTEXT('2D SPACE',''
  ) );
#13522 = PCURVE('',#10316,#13523);
#13523 = DEFINITIONAL_REPRESENTATION('',(#13524),#13528);
#13524 = LINE('',#13525,#13526);
#13525 = CARTESIAN_POINT('',(-2.925,-5.3));
#13526 = VECTOR('',#13527,1.);
#13527 = DIRECTION('',(1.,0.));
#13528 = ( GEOMETRIC_REPRESENTATION_CONTEXT(2) 
PARAMETRIC_REPRESENTATION_CONTEXT() REPRESENTATION_CONTEXT('2D SPACE',''
  ) );
#13529 = ORIENTED_EDGE('',*,*,#13530,.F.);
#13530 = EDGE_CURVE('',#13531,#13508,#13533,.T.);
#13531 = VERTEX_POINT('',#13532);
#13532 = CARTESIAN_POINT('',(15.5,67.685714285714,23.75));
#13533 = SURFACE_CURVE('',#13534,(#13538,#13545),.PCURVE_S1.);
#13534 = LINE('',#13535,#13536);
#13535 = CARTESIAN_POINT('',(15.5,69.15,23.75));
#13536 = VECTOR('',#13537,1.);
#13537 = DIRECTION('',(-1.110223024625E-16,1.,0.));
#13538 = PCURVE('',#10344,#13539);
#13539 = DEFINITIONAL_REPRESENTATION('',(#13540),#13544);
#13540 = LINE('',#13541,#13542);
#13541 = CARTESIAN_POINT('',(5.85,1.45));
#13542 = VECTOR('',#13543,1.);
#13543 = DIRECTION('',(0.,-1.));
#13544 = ( GEOMETRIC_REPRESENTATION_CONTEXT(2) 
PARAMETRIC_REPRESENTATION_CONTEXT() REPRESENTATION_CONTEXT('2D SPACE',''
  ) );
#13545 = PCURVE('',#13546,#13551);
#13546 = PLANE('',#13547);
#13547 = AXIS2_PLACEMENT_3D('',#13548,#13549,#13550);
#13548 = CARTESIAN_POINT('',(10.2,67.7,23.75));
#13549 = DIRECTION('',(0.,0.,1.));
#13550 = DIRECTION('',(1.110223024625E-16,-1.,0.));
#13551 = DEFINITIONAL_REPRESENTATION('',(#13552),#13556);
#13552 = LINE('',#13553,#13554);
#13553 = CARTESIAN_POINT('',(-1.45,5.3));
#13554 = VECTOR('',#13555,1.);
#13555 = DIRECTION('',(-1.,0.));
#13556 = ( GEOMETRIC_REPRESENTATION_CONTEXT(2) 
PARAMETRIC_REPRESENTATION_CONTEXT() REPRESENTATION_CONTEXT('2D SPACE',''
  ) );
#13557 = ORIENTED_EDGE('',*,*,#13558,.F.);
#13558 = EDGE_CURVE('',#11565,#13531,#13559,.T.);
#13559 = SURFACE_CURVE('',#13560,(#13575,#13593),.PCURVE_S1.);
#13560 = B_SPLINE_CURVE_WITH_KNOTS('',5,(#13561,#13562,#13563,#13564,
    #13565,#13566,#13567,#13568,#13569,#13570,#13571,#13572,#13573,
    #13574),.UNSPECIFIED.,.F.,.F.,(6,4,4,6),(0.,0.42128696103,
    0.710746489888,1.),.UNSPECIFIED.);
#13561 = CARTESIAN_POINT('',(15.5,66.014285714286,17.9));
#13562 = CARTESIAN_POINT('',(15.5,66.154889272448,18.392112453567));
#13563 = CARTESIAN_POINT('',(15.5,66.295569578439,18.884493524535));
#13564 = CARTESIAN_POINT('',(15.5,66.436308592265,19.377080072929));
#13565 = CARTESIAN_POINT('',(15.5,66.577094165408,19.869829578929));
#13566 = CARTESIAN_POINT('',(15.5,66.814676913157,20.701369196051));
#13567 = CARTESIAN_POINT('',(15.5,66.911453397455,21.040086891094));
#13568 = CARTESIAN_POINT('',(15.5,67.008245481871,21.378859186547));
#13569 = CARTESIAN_POINT('',(15.5,67.105051073162,21.717678756069));
#13570 = CARTESIAN_POINT('',(15.5,67.298617246042,22.395160361147));
#13571 = CARTESIAN_POINT('',(15.5,67.395377777486,22.733822221201));
#13572 = CARTESIAN_POINT('',(15.5,67.492148624787,23.072520186753));
#13573 = CARTESIAN_POINT('',(15.5,67.588928507014,23.411249774549));
#13574 = CARTESIAN_POINT('',(15.5,67.685716445714,23.75000756));
#13575 = PCURVE('',#10344,#13576);
#13576 = DEFINITIONAL_REPRESENTATION('',(#13577),#13592);
#13577 = B_SPLINE_CURVE_WITH_KNOTS('',5,(#13578,#13579,#13580,#13581,
    #13582,#13583,#13584,#13585,#13586,#13587,#13588,#13589,#13590,
    #13591),.UNSPECIFIED.,.F.,.F.,(6,4,4,6),(0.,0.42128696103,
    0.710746489888,1.),.UNSPECIFIED.);
#13578 = CARTESIAN_POINT('',(0.,4.585714285714));
#13579 = CARTESIAN_POINT('',(0.492112453567,4.445110727552));
#13580 = CARTESIAN_POINT('',(0.984493524535,4.304430421561));
#13581 = CARTESIAN_POINT('',(1.477080072929,4.163691407735));
#13582 = CARTESIAN_POINT('',(1.969829578929,4.022905834592));
#13583 = CARTESIAN_POINT('',(2.801369196051,3.785323086843));
#13584 = CARTESIAN_POINT('',(3.140086891094,3.688546602545));
#13585 = CARTESIAN_POINT('',(3.478859186547,3.591754518129));
#13586 = CARTESIAN_POINT('',(3.817678756069,3.494948926838));
#13587 = CARTESIAN_POINT('',(4.495160361147,3.301382753958));
#13588 = CARTESIAN_POINT('',(4.833822221201,3.204622222514));
#13589 = CARTESIAN_POINT('',(5.172520186753,3.107851375213));
#13590 = CARTESIAN_POINT('',(5.511249774549,3.011071492986));
#13591 = CARTESIAN_POINT('',(5.85000756,2.914283554286));
#13592 = ( GEOMETRIC_REPRESENTATION_CONTEXT(2) 
PARAMETRIC_REPRESENTATION_CONTEXT() REPRESENTATION_CONTEXT('2D SPACE',''
  ) );
#13593 = PCURVE('',#11601,#13594);
#13594 = DEFINITIONAL_REPRESENTATION('',(#13595),#13610);
#13595 = B_SPLINE_CURVE_WITH_KNOTS('',5,(#13596,#13597,#13598,#13599,
    #13600,#13601,#13602,#13603,#13604,#13605,#13606,#13607,#13608,
    #13609),.UNSPECIFIED.,.F.,.F.,(6,4,4,6),(0.,0.42128696103,
    0.710746489888,1.),.UNSPECIFIED.);
#13596 = CARTESIAN_POINT('',(7.893333334681,6.349206349206E-02));
#13597 = CARTESIAN_POINT('',(7.848794672176,0.14160515136));
#13598 = CARTESIAN_POINT('',(7.807552392555,0.21976087691));
#13599 = CARTESIAN_POINT('',(7.76912565628,0.297949217925));
#13600 = CARTESIAN_POINT('',(7.733166234276,0.376163425227));
#13601 = CARTESIAN_POINT('',(7.676186214051,0.508153840643));
#13602 = CARTESIAN_POINT('',(7.654011879081,0.561918554142));
#13603 = CARTESIAN_POINT('',(7.632779015458,0.615691934373));
#13604 = CARTESIAN_POINT('',(7.612410602501,0.669472818424));
#13605 = CARTESIAN_POINT('',(7.573288422371,0.777009581134));
#13606 = CARTESIAN_POINT('',(7.554533088078,0.830765431937));
#13607 = CARTESIAN_POINT('',(7.53651228783,0.88452701377));
#13608 = CARTESIAN_POINT('',(7.519170407556,0.938293615008));
#13609 = CARTESIAN_POINT('',(7.502460477199,0.992064692063));
#13610 = ( GEOMETRIC_REPRESENTATION_CONTEXT(2) 
PARAMETRIC_REPRESENTATION_CONTEXT() REPRESENTATION_CONTEXT('2D SPACE',''
  ) );
#13611 = ADVANCED_FACE('',(#13612),#10316,.F.);
#13612 = FACE_BOUND('',#13613,.F.);
#13613 = EDGE_LOOP('',(#13614,#13637,#13658,#13659));
#13614 = ORIENTED_EDGE('',*,*,#13615,.F.);
#13615 = EDGE_CURVE('',#13616,#10273,#13618,.T.);
#13616 = VERTEX_POINT('',#13617);
#13617 = CARTESIAN_POINT('',(10.2,67.7,23.75));
#13618 = SURFACE_CURVE('',#13619,(#13623,#13630),.PCURVE_S1.);
#13619 = LINE('',#13620,#13621);
#13620 = CARTESIAN_POINT('',(10.2,67.7,23.75));
#13621 = VECTOR('',#13622,1.);
#13622 = DIRECTION('',(0.,0.,1.));
#13623 = PCURVE('',#10316,#13624);
#13624 = DEFINITIONAL_REPRESENTATION('',(#13625),#13629);
#13625 = LINE('',#13626,#13627);
#13626 = CARTESIAN_POINT('',(0.,0.));
#13627 = VECTOR('',#13628,1.);
#13628 = DIRECTION('',(1.,0.));
#13629 = ( GEOMETRIC_REPRESENTATION_CONTEXT(2) 
PARAMETRIC_REPRESENTATION_CONTEXT() REPRESENTATION_CONTEXT('2D SPACE',''
  ) );
#13630 = PCURVE('',#10288,#13631);
#13631 = DEFINITIONAL_REPRESENTATION('',(#13632),#13636);
#13632 = LINE('',#13633,#13634);
#13633 = CARTESIAN_POINT('',(0.,0.));
#13634 = VECTOR('',#13635,1.);
#13635 = DIRECTION('',(1.,0.));
#13636 = ( GEOMETRIC_REPRESENTATION_CONTEXT(2) 
PARAMETRIC_REPRESENTATION_CONTEXT() REPRESENTATION_CONTEXT('2D SPACE',''
  ) );
#13637 = ORIENTED_EDGE('',*,*,#13638,.T.);
#13638 = EDGE_CURVE('',#13616,#13508,#13639,.T.);
#13639 = SURFACE_CURVE('',#13640,(#13644,#13651),.PCURVE_S1.);
#13640 = LINE('',#13641,#13642);
#13641 = CARTESIAN_POINT('',(10.2,67.7,23.75));
#13642 = VECTOR('',#13643,1.);
#13643 = DIRECTION('',(1.,1.110223024625E-16,0.));
#13644 = PCURVE('',#10316,#13645);
#13645 = DEFINITIONAL_REPRESENTATION('',(#13646),#13650);
#13646 = LINE('',#13647,#13648);
#13647 = CARTESIAN_POINT('',(0.,0.));
#13648 = VECTOR('',#13649,1.);
#13649 = DIRECTION('',(0.,-1.));
#13650 = ( GEOMETRIC_REPRESENTATION_CONTEXT(2) 
PARAMETRIC_REPRESENTATION_CONTEXT() REPRESENTATION_CONTEXT('2D SPACE',''
  ) );
#13651 = PCURVE('',#13546,#13652);
#13652 = DEFINITIONAL_REPRESENTATION('',(#13653),#13657);
#13653 = LINE('',#13654,#13655);
#13654 = CARTESIAN_POINT('',(0.,0.));
#13655 = VECTOR('',#13656,1.);
#13656 = DIRECTION('',(0.,1.));
#13657 = ( GEOMETRIC_REPRESENTATION_CONTEXT(2) 
PARAMETRIC_REPRESENTATION_CONTEXT() REPRESENTATION_CONTEXT('2D SPACE',''
  ) );
#13658 = ORIENTED_EDGE('',*,*,#13507,.T.);
#13659 = ORIENTED_EDGE('',*,*,#10300,.F.);
#13660 = ADVANCED_FACE('',(#13661),#10288,.F.);
#13661 = FACE_BOUND('',#13662,.F.);
#13662 = EDGE_LOOP('',(#13663,#13686,#13707,#13708));
#13663 = ORIENTED_EDGE('',*,*,#13664,.F.);
#13664 = EDGE_CURVE('',#13665,#10245,#13667,.T.);
#13665 = VERTEX_POINT('',#13666);
#13666 = CARTESIAN_POINT('',(10.2,53.7,23.75));
#13667 = SURFACE_CURVE('',#13668,(#13672,#13679),.PCURVE_S1.);
#13668 = LINE('',#13669,#13670);
#13669 = CARTESIAN_POINT('',(10.2,53.7,23.75));
#13670 = VECTOR('',#13671,1.);
#13671 = DIRECTION('',(0.,0.,1.));
#13672 = PCURVE('',#10288,#13673);
#13673 = DEFINITIONAL_REPRESENTATION('',(#13674),#13678);
#13674 = LINE('',#13675,#13676);
#13675 = CARTESIAN_POINT('',(0.,14.));
#13676 = VECTOR('',#13677,1.);
#13677 = DIRECTION('',(1.,0.));
#13678 = ( GEOMETRIC_REPRESENTATION_CONTEXT(2) 
PARAMETRIC_REPRESENTATION_CONTEXT() REPRESENTATION_CONTEXT('2D SPACE',''
  ) );
#13679 = PCURVE('',#10260,#13680);
#13680 = DEFINITIONAL_REPRESENTATION('',(#13681),#13685);
#13681 = LINE('',#13682,#13683);
#13682 = CARTESIAN_POINT('',(0.,0.));
#13683 = VECTOR('',#13684,1.);
#13684 = DIRECTION('',(1.,0.));
#13685 = ( GEOMETRIC_REPRESENTATION_CONTEXT(2) 
PARAMETRIC_REPRESENTATION_CONTEXT() REPRESENTATION_CONTEXT('2D SPACE',''
  ) );
#13686 = ORIENTED_EDGE('',*,*,#13687,.F.);
#13687 = EDGE_CURVE('',#13616,#13665,#13688,.T.);
#13688 = SURFACE_CURVE('',#13689,(#13693,#13700),.PCURVE_S1.);
#13689 = LINE('',#13690,#13691);
#13690 = CARTESIAN_POINT('',(10.2,67.7,23.75));
#13691 = VECTOR('',#13692,1.);
#13692 = DIRECTION('',(1.110223024625E-16,-1.,0.));
#13693 = PCURVE('',#10288,#13694);
#13694 = DEFINITIONAL_REPRESENTATION('',(#13695),#13699);
#13695 = LINE('',#13696,#13697);
#13696 = CARTESIAN_POINT('',(0.,0.));
#13697 = VECTOR('',#13698,1.);
#13698 = DIRECTION('',(0.,1.));
#13699 = ( GEOMETRIC_REPRESENTATION_CONTEXT(2) 
PARAMETRIC_REPRESENTATION_CONTEXT() REPRESENTATION_CONTEXT('2D SPACE',''
  ) );
#13700 = PCURVE('',#13546,#13701);
#13701 = DEFINITIONAL_REPRESENTATION('',(#13702),#13706);
#13702 = LINE('',#13703,#13704);
#13703 = CARTESIAN_POINT('',(0.,0.));
#13704 = VECTOR('',#13705,1.);
#13705 = DIRECTION('',(1.,0.));
#13706 = ( GEOMETRIC_REPRESENTATION_CONTEXT(2) 
PARAMETRIC_REPRESENTATION_CONTEXT() REPRESENTATION_CONTEXT('2D SPACE',''
  ) );
#13707 = ORIENTED_EDGE('',*,*,#13615,.T.);
#13708 = ORIENTED_EDGE('',*,*,#10272,.F.);
#13709 = ADVANCED_FACE('',(#13710),#10260,.T.);
#13710 = FACE_BOUND('',#13711,.T.);
#13711 = EDGE_LOOP('',(#13712,#13713,#13736,#13757));
#13712 = ORIENTED_EDGE('',*,*,#13664,.F.);
#13713 = ORIENTED_EDGE('',*,*,#13714,.T.);
#13714 = EDGE_CURVE('',#13665,#13715,#13717,.T.);
#13715 = VERTEX_POINT('',#13716);
#13716 = CARTESIAN_POINT('',(23.,53.7,23.75));
#13717 = SURFACE_CURVE('',#13718,(#13722,#13729),.PCURVE_S1.);
#13718 = LINE('',#13719,#13720);
#13719 = CARTESIAN_POINT('',(10.2,53.7,23.75));
#13720 = VECTOR('',#13721,1.);
#13721 = DIRECTION('',(1.,1.110223024625E-16,0.));
#13722 = PCURVE('',#10260,#13723);
#13723 = DEFINITIONAL_REPRESENTATION('',(#13724),#13728);
#13724 = LINE('',#13725,#13726);
#13725 = CARTESIAN_POINT('',(0.,0.));
#13726 = VECTOR('',#13727,1.);
#13727 = DIRECTION('',(0.,-1.));
#13728 = ( GEOMETRIC_REPRESENTATION_CONTEXT(2) 
PARAMETRIC_REPRESENTATION_CONTEXT() REPRESENTATION_CONTEXT('2D SPACE',''
  ) );
#13729 = PCURVE('',#13546,#13730);
#13730 = DEFINITIONAL_REPRESENTATION('',(#13731),#13735);
#13731 = LINE('',#13732,#13733);
#13732 = CARTESIAN_POINT('',(14.,2.22044604925E-16));
#13733 = VECTOR('',#13734,1.);
#13734 = DIRECTION('',(0.,1.));
#13735 = ( GEOMETRIC_REPRESENTATION_CONTEXT(2) 
PARAMETRIC_REPRESENTATION_CONTEXT() REPRESENTATION_CONTEXT('2D SPACE',''
  ) );
#13736 = ORIENTED_EDGE('',*,*,#13737,.F.);
#13737 = EDGE_CURVE('',#10217,#13715,#13738,.T.);
#13738 = SURFACE_CURVE('',#13739,(#13743,#13750),.PCURVE_S1.);
#13739 = LINE('',#13740,#13741);
#13740 = CARTESIAN_POINT('',(23.,53.7,26.8));
#13741 = VECTOR('',#13742,1.);
#13742 = DIRECTION('',(0.,0.,-1.));
#13743 = PCURVE('',#10260,#13744);
#13744 = DEFINITIONAL_REPRESENTATION('',(#13745),#13749);
#13745 = LINE('',#13746,#13747);
#13746 = CARTESIAN_POINT('',(3.05,-12.8));
#13747 = VECTOR('',#13748,1.);
#13748 = DIRECTION('',(-1.,-0.));
#13749 = ( GEOMETRIC_REPRESENTATION_CONTEXT(2) 
PARAMETRIC_REPRESENTATION_CONTEXT() REPRESENTATION_CONTEXT('2D SPACE',''
  ) );
#13750 = PCURVE('',#10232,#13751);
#13751 = DEFINITIONAL_REPRESENTATION('',(#13752),#13756);
#13752 = LINE('',#13753,#13754);
#13753 = CARTESIAN_POINT('',(3.05,14.));
#13754 = VECTOR('',#13755,1.);
#13755 = DIRECTION('',(-1.,0.));
#13756 = ( GEOMETRIC_REPRESENTATION_CONTEXT(2) 
PARAMETRIC_REPRESENTATION_CONTEXT() REPRESENTATION_CONTEXT('2D SPACE',''
  ) );
#13757 = ORIENTED_EDGE('',*,*,#10244,.F.);
#13758 = ADVANCED_FACE('',(#13759),#10232,.T.);
#13759 = FACE_BOUND('',#13760,.T.);
#13760 = EDGE_LOOP('',(#13761,#13762,#13785,#13806));
#13761 = ORIENTED_EDGE('',*,*,#13737,.T.);
#13762 = ORIENTED_EDGE('',*,*,#13763,.F.);
#13763 = EDGE_CURVE('',#13764,#13715,#13766,.T.);
#13764 = VERTEX_POINT('',#13765);
#13765 = CARTESIAN_POINT('',(23.,67.7,23.75));
#13766 = SURFACE_CURVE('',#13767,(#13771,#13778),.PCURVE_S1.);
#13767 = LINE('',#13768,#13769);
#13768 = CARTESIAN_POINT('',(23.,67.7,23.75));
#13769 = VECTOR('',#13770,1.);
#13770 = DIRECTION('',(1.110223024625E-16,-1.,0.));
#13771 = PCURVE('',#10232,#13772);
#13772 = DEFINITIONAL_REPRESENTATION('',(#13773),#13777);
#13773 = LINE('',#13774,#13775);
#13774 = CARTESIAN_POINT('',(0.,0.));
#13775 = VECTOR('',#13776,1.);
#13776 = DIRECTION('',(0.,1.));
#13777 = ( GEOMETRIC_REPRESENTATION_CONTEXT(2) 
PARAMETRIC_REPRESENTATION_CONTEXT() REPRESENTATION_CONTEXT('2D SPACE',''
  ) );
#13778 = PCURVE('',#13546,#13779);
#13779 = DEFINITIONAL_REPRESENTATION('',(#13780),#13784);
#13780 = LINE('',#13781,#13782);
#13781 = CARTESIAN_POINT('',(1.42108547152E-15,12.8));
#13782 = VECTOR('',#13783,1.);
#13783 = DIRECTION('',(1.,0.));
#13784 = ( GEOMETRIC_REPRESENTATION_CONTEXT(2) 
PARAMETRIC_REPRESENTATION_CONTEXT() REPRESENTATION_CONTEXT('2D SPACE',''
  ) );
#13785 = ORIENTED_EDGE('',*,*,#13786,.F.);
#13786 = EDGE_CURVE('',#10189,#13764,#13787,.T.);
#13787 = SURFACE_CURVE('',#13788,(#13792,#13799),.PCURVE_S1.);
#13788 = LINE('',#13789,#13790);
#13789 = CARTESIAN_POINT('',(23.,67.7,26.8));
#13790 = VECTOR('',#13791,1.);
#13791 = DIRECTION('',(0.,0.,-1.));
#13792 = PCURVE('',#10232,#13793);
#13793 = DEFINITIONAL_REPRESENTATION('',(#13794),#13798);
#13794 = LINE('',#13795,#13796);
#13795 = CARTESIAN_POINT('',(3.05,0.));
#13796 = VECTOR('',#13797,1.);
#13797 = DIRECTION('',(-1.,0.));
#13798 = ( GEOMETRIC_REPRESENTATION_CONTEXT(2) 
PARAMETRIC_REPRESENTATION_CONTEXT() REPRESENTATION_CONTEXT('2D SPACE',''
  ) );
#13799 = PCURVE('',#10204,#13800);
#13800 = DEFINITIONAL_REPRESENTATION('',(#13801),#13805);
#13801 = LINE('',#13802,#13803);
#13802 = CARTESIAN_POINT('',(3.05,-12.8));
#13803 = VECTOR('',#13804,1.);
#13804 = DIRECTION('',(-1.,-0.));
#13805 = ( GEOMETRIC_REPRESENTATION_CONTEXT(2) 
PARAMETRIC_REPRESENTATION_CONTEXT() REPRESENTATION_CONTEXT('2D SPACE',''
  ) );
#13806 = ORIENTED_EDGE('',*,*,#10216,.F.);
#13807 = ADVANCED_FACE('',(#13808),#10204,.F.);
#13808 = FACE_BOUND('',#13809,.F.);
#13809 = EDGE_LOOP('',(#13810,#13833,#13854,#13855));
#13810 = ORIENTED_EDGE('',*,*,#13811,.F.);
#13811 = EDGE_CURVE('',#13812,#10161,#13814,.T.);
#13812 = VERTEX_POINT('',#13813);
#13813 = CARTESIAN_POINT('',(22.2,67.7,23.75));
#13814 = SURFACE_CURVE('',#13815,(#13819,#13826),.PCURVE_S1.);
#13815 = LINE('',#13816,#13817);
#13816 = CARTESIAN_POINT('',(22.2,67.7,20.825));
#13817 = VECTOR('',#13818,1.);
#13818 = DIRECTION('',(0.,0.,1.));
#13819 = PCURVE('',#10204,#13820);
#13820 = DEFINITIONAL_REPRESENTATION('',(#13821),#13825);
#13821 = LINE('',#13822,#13823);
#13822 = CARTESIAN_POINT('',(-2.925,-12.));
#13823 = VECTOR('',#13824,1.);
#13824 = DIRECTION('',(1.,0.));
#13825 = ( GEOMETRIC_REPRESENTATION_CONTEXT(2) 
PARAMETRIC_REPRESENTATION_CONTEXT() REPRESENTATION_CONTEXT('2D SPACE',''
  ) );
#13826 = PCURVE('',#10176,#13827);
#13827 = DEFINITIONAL_REPRESENTATION('',(#13828),#13832);
#13828 = LINE('',#13829,#13830);
#13829 = CARTESIAN_POINT('',(2.925,2.9));
#13830 = VECTOR('',#13831,1.);
#13831 = DIRECTION('',(1.,0.));
#13832 = ( GEOMETRIC_REPRESENTATION_CONTEXT(2) 
PARAMETRIC_REPRESENTATION_CONTEXT() REPRESENTATION_CONTEXT('2D SPACE',''
  ) );
#13833 = ORIENTED_EDGE('',*,*,#13834,.T.);
#13834 = EDGE_CURVE('',#13812,#13764,#13835,.T.);
#13835 = SURFACE_CURVE('',#13836,(#13840,#13847),.PCURVE_S1.);
#13836 = LINE('',#13837,#13838);
#13837 = CARTESIAN_POINT('',(10.2,67.7,23.75));
#13838 = VECTOR('',#13839,1.);
#13839 = DIRECTION('',(1.,1.110223024625E-16,0.));
#13840 = PCURVE('',#10204,#13841);
#13841 = DEFINITIONAL_REPRESENTATION('',(#13842),#13846);
#13842 = LINE('',#13843,#13844);
#13843 = CARTESIAN_POINT('',(0.,0.));
#13844 = VECTOR('',#13845,1.);
#13845 = DIRECTION('',(0.,-1.));
#13846 = ( GEOMETRIC_REPRESENTATION_CONTEXT(2) 
PARAMETRIC_REPRESENTATION_CONTEXT() REPRESENTATION_CONTEXT('2D SPACE',''
  ) );
#13847 = PCURVE('',#13546,#13848);
#13848 = DEFINITIONAL_REPRESENTATION('',(#13849),#13853);
#13849 = LINE('',#13850,#13851);
#13850 = CARTESIAN_POINT('',(0.,0.));
#13851 = VECTOR('',#13852,1.);
#13852 = DIRECTION('',(0.,1.));
#13853 = ( GEOMETRIC_REPRESENTATION_CONTEXT(2) 
PARAMETRIC_REPRESENTATION_CONTEXT() REPRESENTATION_CONTEXT('2D SPACE',''
  ) );
#13854 = ORIENTED_EDGE('',*,*,#13786,.F.);
#13855 = ORIENTED_EDGE('',*,*,#10188,.F.);
#13856 = ADVANCED_FACE('',(#13857),#10176,.T.);
#13857 = FACE_BOUND('',#13858,.T.);
#13858 = EDGE_LOOP('',(#13859,#13882,#13883,#13884,#13885,#13886,#13909,
    #13946,#13966,#13987,#13988,#14011));
#13859 = ORIENTED_EDGE('',*,*,#13860,.F.);
#13860 = EDGE_CURVE('',#11892,#13861,#13863,.T.);
#13861 = VERTEX_POINT('',#13862);
#13862 = CARTESIAN_POINT('',(22.2,68.573898858075,20.7));
#13863 = SURFACE_CURVE('',#13864,(#13868,#13875),.PCURVE_S1.);
#13864 = LINE('',#13865,#13866);
#13865 = CARTESIAN_POINT('',(22.2,68.573898858075,17.9));
#13866 = VECTOR('',#13867,1.);
#13867 = DIRECTION('',(0.,0.,1.));
#13868 = PCURVE('',#10176,#13869);
#13869 = DEFINITIONAL_REPRESENTATION('',(#13870),#13874);
#13870 = LINE('',#13871,#13872);
#13871 = CARTESIAN_POINT('',(0.,2.026101141925));
#13872 = VECTOR('',#13873,1.);
#13873 = DIRECTION('',(1.,0.));
#13874 = ( GEOMETRIC_REPRESENTATION_CONTEXT(2) 
PARAMETRIC_REPRESENTATION_CONTEXT() REPRESENTATION_CONTEXT('2D SPACE',''
  ) );
#13875 = PCURVE('',#11907,#13876);
#13876 = DEFINITIONAL_REPRESENTATION('',(#13877),#13881);
#13877 = LINE('',#13878,#13879);
#13878 = CARTESIAN_POINT('',(29.865883194471,-0.));
#13879 = VECTOR('',#13880,1.);
#13880 = DIRECTION('',(0.,-1.));
#13881 = ( GEOMETRIC_REPRESENTATION_CONTEXT(2) 
PARAMETRIC_REPRESENTATION_CONTEXT() REPRESENTATION_CONTEXT('2D SPACE',''
  ) );
#13882 = ORIENTED_EDGE('',*,*,#11919,.F.);
#13883 = ORIENTED_EDGE('',*,*,#12087,.T.);
#13884 = ORIENTED_EDGE('',*,*,#10160,.F.);
#13885 = ORIENTED_EDGE('',*,*,#13811,.F.);
#13886 = ORIENTED_EDGE('',*,*,#13887,.F.);
#13887 = EDGE_CURVE('',#13888,#13812,#13890,.T.);
#13888 = VERTEX_POINT('',#13889);
#13889 = CARTESIAN_POINT('',(22.2,67.685714285714,23.75));
#13890 = SURFACE_CURVE('',#13891,(#13895,#13902),.PCURVE_S1.);
#13891 = LINE('',#13892,#13893);
#13892 = CARTESIAN_POINT('',(22.2,69.15,23.75));
#13893 = VECTOR('',#13894,1.);
#13894 = DIRECTION('',(-1.110223024625E-16,1.,0.));
#13895 = PCURVE('',#10176,#13896);
#13896 = DEFINITIONAL_REPRESENTATION('',(#13897),#13901);
#13897 = LINE('',#13898,#13899);
#13898 = CARTESIAN_POINT('',(5.85,1.45));
#13899 = VECTOR('',#13900,1.);
#13900 = DIRECTION('',(0.,-1.));
#13901 = ( GEOMETRIC_REPRESENTATION_CONTEXT(2) 
PARAMETRIC_REPRESENTATION_CONTEXT() REPRESENTATION_CONTEXT('2D SPACE',''
  ) );
#13902 = PCURVE('',#13546,#13903);
#13903 = DEFINITIONAL_REPRESENTATION('',(#13904),#13908);
#13904 = LINE('',#13905,#13906);
#13905 = CARTESIAN_POINT('',(-1.45,12.));
#13906 = VECTOR('',#13907,1.);
#13907 = DIRECTION('',(-1.,0.));
#13908 = ( GEOMETRIC_REPRESENTATION_CONTEXT(2) 
PARAMETRIC_REPRESENTATION_CONTEXT() REPRESENTATION_CONTEXT('2D SPACE',''
  ) );
#13909 = ORIENTED_EDGE('',*,*,#13910,.T.);
#13910 = EDGE_CURVE('',#13888,#13911,#13913,.T.);
#13911 = VERTEX_POINT('',#13912);
#13912 = CARTESIAN_POINT('',(22.2,66.9,21.));
#13913 = SURFACE_CURVE('',#13914,(#13921,#13931),.PCURVE_S1.);
#13914 = B_SPLINE_CURVE_WITH_KNOTS('',5,(#13915,#13916,#13917,#13918,
    #13919,#13920),.UNSPECIFIED.,.F.,.F.,(6,6),(0.,1.),
  .PIECEWISE_BEZIER_KNOTS.);
#13915 = CARTESIAN_POINT('',(22.2,67.685716445714,23.75000756));
#13916 = CARTESIAN_POINT('',(22.2,67.52727674965,23.195468623775));
#13917 = CARTESIAN_POINT('',(22.2,67.36936861827,22.642790163944));
#13918 = CARTESIAN_POINT('',(22.2,67.212087107709,22.092304876983));
#13919 = CARTESIAN_POINT('',(22.2,67.055569817735,21.544494362071));
#13920 = CARTESIAN_POINT('',(22.2,66.9,21.));
#13921 = PCURVE('',#10176,#13922);
#13922 = DEFINITIONAL_REPRESENTATION('',(#13923),#13930);
#13923 = B_SPLINE_CURVE_WITH_KNOTS('',5,(#13924,#13925,#13926,#13927,
    #13928,#13929),.UNSPECIFIED.,.F.,.F.,(6,6),(0.,1.),
  .PIECEWISE_BEZIER_KNOTS.);
#13924 = CARTESIAN_POINT('',(5.85000756,2.914283554286));
#13925 = CARTESIAN_POINT('',(5.295468623775,3.07272325035));
#13926 = CARTESIAN_POINT('',(4.742790163944,3.23063138173));
#13927 = CARTESIAN_POINT('',(4.192304876983,3.387912892291));
#13928 = CARTESIAN_POINT('',(3.644494362071,3.544430182265));
#13929 = CARTESIAN_POINT('',(3.1,3.7));
#13930 = ( GEOMETRIC_REPRESENTATION_CONTEXT(2) 
PARAMETRIC_REPRESENTATION_CONTEXT() REPRESENTATION_CONTEXT('2D SPACE',''
  ) );
#13931 = PCURVE('',#13932,#13937);
#13932 = B_SPLINE_SURFACE_WITH_KNOTS('',1,1,(
    (#13933,#13934)
    ,(#13935,#13936
    )),.UNSPECIFIED.,.F.,.F.,.F.,(2,2),(2,2),(0.,12.8),(0.,1.),
  .PIECEWISE_BEZIER_KNOTS.);
#13933 = CARTESIAN_POINT('',(21.2,65.9,17.5));
#13934 = CARTESIAN_POINT('',(23.,67.7,23.8));
#13935 = CARTESIAN_POINT('',(12.,65.9,17.5));
#13936 = CARTESIAN_POINT('',(10.2,67.7,23.8));
#13937 = DEFINITIONAL_REPRESENTATION('',(#13938),#13945);
#13938 = B_SPLINE_CURVE_WITH_KNOTS('',5,(#13939,#13940,#13941,#13942,
    #13943,#13944),.UNSPECIFIED.,.F.,.F.,(6,6),(0.,1.),
  .PIECEWISE_BEZIER_KNOTS.);
#13939 = CARTESIAN_POINT('',(0.787473934259,0.992064692063));
#13940 = CARTESIAN_POINT('',(0.648218310937,0.904042638694));
#13941 = CARTESIAN_POINT('',(0.500791979603,0.816315899039));
#13942 = CARTESIAN_POINT('',(0.344322988601,0.728937282061));
#13943 = CARTESIAN_POINT('',(0.177794077411,0.641983232075));
#13944 = CARTESIAN_POINT('',(0.,0.555555555556));
#13945 = ( GEOMETRIC_REPRESENTATION_CONTEXT(2) 
PARAMETRIC_REPRESENTATION_CONTEXT() REPRESENTATION_CONTEXT('2D SPACE',''
  ) );
#13946 = ORIENTED_EDGE('',*,*,#13947,.T.);
#13947 = EDGE_CURVE('',#13911,#13948,#13950,.T.);
#13948 = VERTEX_POINT('',#13949);
#13949 = CARTESIAN_POINT('',(22.2,59.25,21.));
#13950 = SURFACE_CURVE('',#13951,(#13954,#13960),.PCURVE_S1.);
#13951 = B_SPLINE_CURVE_WITH_KNOTS('',1,(#13952,#13953),.UNSPECIFIED.,
  .F.,.F.,(2,2),(0.,1.),.PIECEWISE_BEZIER_KNOTS.);
#13952 = CARTESIAN_POINT('',(22.2,66.9,21.));
#13953 = CARTESIAN_POINT('',(22.2,59.25,21.));
#13954 = PCURVE('',#10176,#13955);
#13955 = DEFINITIONAL_REPRESENTATION('',(#13956),#13959);
#13956 = B_SPLINE_CURVE_WITH_KNOTS('',1,(#13957,#13958),.UNSPECIFIED.,
  .F.,.F.,(2,2),(0.,1.),.PIECEWISE_BEZIER_KNOTS.);
#13957 = CARTESIAN_POINT('',(3.1,3.7));
#13958 = CARTESIAN_POINT('',(3.1,11.35));
#13959 = ( GEOMETRIC_REPRESENTATION_CONTEXT(2) 
PARAMETRIC_REPRESENTATION_CONTEXT() REPRESENTATION_CONTEXT('2D SPACE',''
  ) );
#13960 = PCURVE('',#11626,#13961);
#13961 = DEFINITIONAL_REPRESENTATION('',(#13962),#13965);
#13962 = B_SPLINE_CURVE_WITH_KNOTS('',1,(#13963,#13964),.UNSPECIFIED.,
  .F.,.F.,(2,2),(0.,1.),.PIECEWISE_BEZIER_KNOTS.);
#13963 = CARTESIAN_POINT('',(14.,0.555555555556));
#13964 = CARTESIAN_POINT('',(5.362903225806,0.555555555556));
#13965 = ( GEOMETRIC_REPRESENTATION_CONTEXT(2) 
PARAMETRIC_REPRESENTATION_CONTEXT() REPRESENTATION_CONTEXT('2D SPACE',''
  ) );
#13966 = ORIENTED_EDGE('',*,*,#13967,.F.);
#13967 = EDGE_CURVE('',#11666,#13948,#13968,.T.);
#13968 = SURFACE_CURVE('',#13969,(#13973,#13980),.PCURVE_S1.);
#13969 = LINE('',#13970,#13971);
#13970 = CARTESIAN_POINT('',(22.2,59.25,17.9));
#13971 = VECTOR('',#13972,1.);
#13972 = DIRECTION('',(0.,0.,1.));
#13973 = PCURVE('',#10176,#13974);
#13974 = DEFINITIONAL_REPRESENTATION('',(#13975),#13979);
#13975 = LINE('',#13976,#13977);
#13976 = CARTESIAN_POINT('',(0.,11.35));
#13977 = VECTOR('',#13978,1.);
#13978 = DIRECTION('',(1.,0.));
#13979 = ( GEOMETRIC_REPRESENTATION_CONTEXT(2) 
PARAMETRIC_REPRESENTATION_CONTEXT() REPRESENTATION_CONTEXT('2D SPACE',''
  ) );
#13980 = PCURVE('',#11682,#13981);
#13981 = DEFINITIONAL_REPRESENTATION('',(#13982),#13986);
#13982 = LINE('',#13983,#13984);
#13983 = CARTESIAN_POINT('',(1.570796326795,0.));
#13984 = VECTOR('',#13985,1.);
#13985 = DIRECTION('',(0.,1.));
#13986 = ( GEOMETRIC_REPRESENTATION_CONTEXT(2) 
PARAMETRIC_REPRESENTATION_CONTEXT() REPRESENTATION_CONTEXT('2D SPACE',''
  ) );
#13987 = ORIENTED_EDGE('',*,*,#11694,.F.);
#13988 = ORIENTED_EDGE('',*,*,#13989,.T.);
#13989 = EDGE_CURVE('',#11695,#13990,#13992,.T.);
#13990 = VERTEX_POINT('',#13991);
#13991 = CARTESIAN_POINT('',(22.2,60.626101141925,20.7));
#13992 = SURFACE_CURVE('',#13993,(#13997,#14004),.PCURVE_S1.);
#13993 = LINE('',#13994,#13995);
#13994 = CARTESIAN_POINT('',(22.2,60.626101141925,17.9));
#13995 = VECTOR('',#13996,1.);
#13996 = DIRECTION('',(0.,0.,1.));
#13997 = PCURVE('',#10176,#13998);
#13998 = DEFINITIONAL_REPRESENTATION('',(#13999),#14003);
#13999 = LINE('',#14000,#14001);
#14000 = CARTESIAN_POINT('',(0.,9.973898858075));
#14001 = VECTOR('',#14002,1.);
#14002 = DIRECTION('',(1.,0.));
#14003 = ( GEOMETRIC_REPRESENTATION_CONTEXT(2) 
PARAMETRIC_REPRESENTATION_CONTEXT() REPRESENTATION_CONTEXT('2D SPACE',''
  ) );
#14004 = PCURVE('',#11733,#14005);
#14005 = DEFINITIONAL_REPRESENTATION('',(#14006),#14010);
#14006 = LINE('',#14007,#14008);
#14007 = CARTESIAN_POINT('',(0.800425680254,0.));
#14008 = VECTOR('',#14009,1.);
#14009 = DIRECTION('',(0.,-1.));
#14010 = ( GEOMETRIC_REPRESENTATION_CONTEXT(2) 
PARAMETRIC_REPRESENTATION_CONTEXT() REPRESENTATION_CONTEXT('2D SPACE',''
  ) );
#14011 = ORIENTED_EDGE('',*,*,#14012,.F.);
#14012 = EDGE_CURVE('',#13861,#13990,#14013,.T.);
#14013 = SURFACE_CURVE('',#14014,(#14018,#14025),.PCURVE_S1.);
#14014 = LINE('',#14015,#14016);
#14015 = CARTESIAN_POINT('',(22.2,68.573898858075,20.7));
#14016 = VECTOR('',#14017,1.);
#14017 = DIRECTION('',(1.110223024625E-16,-1.,0.));
#14018 = PCURVE('',#10176,#14019);
#14019 = DEFINITIONAL_REPRESENTATION('',(#14020),#14024);
#14020 = LINE('',#14021,#14022);
#14021 = CARTESIAN_POINT('',(2.8,2.026101141925));
#14022 = VECTOR('',#14023,1.);
#14023 = DIRECTION('',(0.,1.));
#14024 = ( GEOMETRIC_REPRESENTATION_CONTEXT(2) 
PARAMETRIC_REPRESENTATION_CONTEXT() REPRESENTATION_CONTEXT('2D SPACE',''
  ) );
#14025 = PCURVE('',#14026,#14031);
#14026 = CYLINDRICAL_SURFACE('',#14027,1.2);
#14027 = AXIS2_PLACEMENT_3D('',#14028,#14029,#14030);
#14028 = CARTESIAN_POINT('',(23.4,68.573898858075,20.7));
#14029 = DIRECTION('',(1.110223024625E-16,-1.,0.));
#14030 = DIRECTION('',(0.,0.,-1.));
#14031 = DEFINITIONAL_REPRESENTATION('',(#14032),#14036);
#14032 = LINE('',#14033,#14034);
#14033 = CARTESIAN_POINT('',(-1.570796326795,0.));
#14034 = VECTOR('',#14035,1.);
#14035 = DIRECTION('',(-0.,1.));
#14036 = ( GEOMETRIC_REPRESENTATION_CONTEXT(2) 
PARAMETRIC_REPRESENTATION_CONTEXT() REPRESENTATION_CONTEXT('2D SPACE',''
  ) );
#14037 = ADVANCED_FACE('',(#14038),#10052,.F.);
#14038 = FACE_BOUND('',#14039,.F.);
#14039 = EDGE_LOOP('',(#14040,#14041,#14042,#14043));
#14040 = ORIENTED_EDGE('',*,*,#12402,.F.);
#14041 = ORIENTED_EDGE('',*,*,#12474,.F.);
#14042 = ORIENTED_EDGE('',*,*,#13193,.T.);
#14043 = ORIENTED_EDGE('',*,*,#10036,.F.);
#14044 = ADVANCED_FACE('',(#14045),#9961,.T.);
#14045 = FACE_BOUND('',#14046,.T.);
#14046 = EDGE_LOOP('',(#14047,#14048,#14071,#14092));
#14047 = ORIENTED_EDGE('',*,*,#12355,.T.);
#14048 = ORIENTED_EDGE('',*,*,#14049,.T.);
#14049 = EDGE_CURVE('',#12356,#14050,#14052,.T.);
#14050 = VERTEX_POINT('',#14051);
#14051 = CARTESIAN_POINT('',(23.,3.,23.75));
#14052 = SURFACE_CURVE('',#14053,(#14057,#14064),.PCURVE_S1.);
#14053 = LINE('',#14054,#14055);
#14054 = CARTESIAN_POINT('',(10.2,3.,23.75));
#14055 = VECTOR('',#14056,1.);
#14056 = DIRECTION('',(1.,1.110223024625E-16,0.));
#14057 = PCURVE('',#9961,#14058);
#14058 = DEFINITIONAL_REPRESENTATION('',(#14059),#14063);
#14059 = LINE('',#14060,#14061);
#14060 = CARTESIAN_POINT('',(0.,0.));
#14061 = VECTOR('',#14062,1.);
#14062 = DIRECTION('',(0.,-1.));
#14063 = ( GEOMETRIC_REPRESENTATION_CONTEXT(2) 
PARAMETRIC_REPRESENTATION_CONTEXT() REPRESENTATION_CONTEXT('2D SPACE',''
  ) );
#14064 = PCURVE('',#12235,#14065);
#14065 = DEFINITIONAL_REPRESENTATION('',(#14066),#14070);
#14066 = LINE('',#14067,#14068);
#14067 = CARTESIAN_POINT('',(14.,2.22044604925E-16));
#14068 = VECTOR('',#14069,1.);
#14069 = DIRECTION('',(0.,1.));
#14070 = ( GEOMETRIC_REPRESENTATION_CONTEXT(2) 
PARAMETRIC_REPRESENTATION_CONTEXT() REPRESENTATION_CONTEXT('2D SPACE',''
  ) );
#14071 = ORIENTED_EDGE('',*,*,#14072,.F.);
#14072 = EDGE_CURVE('',#9918,#14050,#14073,.T.);
#14073 = SURFACE_CURVE('',#14074,(#14078,#14085),.PCURVE_S1.);
#14074 = LINE('',#14075,#14076);
#14075 = CARTESIAN_POINT('',(23.,3.,26.8));
#14076 = VECTOR('',#14077,1.);
#14077 = DIRECTION('',(0.,0.,-1.));
#14078 = PCURVE('',#9961,#14079);
#14079 = DEFINITIONAL_REPRESENTATION('',(#14080),#14084);
#14080 = LINE('',#14081,#14082);
#14081 = CARTESIAN_POINT('',(3.05,-12.8));
#14082 = VECTOR('',#14083,1.);
#14083 = DIRECTION('',(-1.,-0.));
#14084 = ( GEOMETRIC_REPRESENTATION_CONTEXT(2) 
PARAMETRIC_REPRESENTATION_CONTEXT() REPRESENTATION_CONTEXT('2D SPACE',''
  ) );
#14085 = PCURVE('',#9933,#14086);
#14086 = DEFINITIONAL_REPRESENTATION('',(#14087),#14091);
#14087 = LINE('',#14088,#14089);
#14088 = CARTESIAN_POINT('',(3.05,14.));
#14089 = VECTOR('',#14090,1.);
#14090 = DIRECTION('',(-1.,0.));
#14091 = ( GEOMETRIC_REPRESENTATION_CONTEXT(2) 
PARAMETRIC_REPRESENTATION_CONTEXT() REPRESENTATION_CONTEXT('2D SPACE',''
  ) );
#14092 = ORIENTED_EDGE('',*,*,#9945,.F.);
#14093 = ADVANCED_FACE('',(#14094),#9933,.T.);
#14094 = FACE_BOUND('',#14095,.T.);
#14095 = EDGE_LOOP('',(#14096,#14097,#14120,#14141));
#14096 = ORIENTED_EDGE('',*,*,#14072,.T.);
#14097 = ORIENTED_EDGE('',*,*,#14098,.F.);
#14098 = EDGE_CURVE('',#14099,#14050,#14101,.T.);
#14099 = VERTEX_POINT('',#14100);
#14100 = CARTESIAN_POINT('',(23.,17.,23.75));
#14101 = SURFACE_CURVE('',#14102,(#14106,#14113),.PCURVE_S1.);
#14102 = LINE('',#14103,#14104);
#14103 = CARTESIAN_POINT('',(23.,17.,23.75));
#14104 = VECTOR('',#14105,1.);
#14105 = DIRECTION('',(1.110223024625E-16,-1.,0.));
#14106 = PCURVE('',#9933,#14107);
#14107 = DEFINITIONAL_REPRESENTATION('',(#14108),#14112);
#14108 = LINE('',#14109,#14110);
#14109 = CARTESIAN_POINT('',(0.,0.));
#14110 = VECTOR('',#14111,1.);
#14111 = DIRECTION('',(0.,1.));
#14112 = ( GEOMETRIC_REPRESENTATION_CONTEXT(2) 
PARAMETRIC_REPRESENTATION_CONTEXT() REPRESENTATION_CONTEXT('2D SPACE',''
  ) );
#14113 = PCURVE('',#12235,#14114);
#14114 = DEFINITIONAL_REPRESENTATION('',(#14115),#14119);
#14115 = LINE('',#14116,#14117);
#14116 = CARTESIAN_POINT('',(-2.13162820728E-15,12.8));
#14117 = VECTOR('',#14118,1.);
#14118 = DIRECTION('',(1.,0.));
#14119 = ( GEOMETRIC_REPRESENTATION_CONTEXT(2) 
PARAMETRIC_REPRESENTATION_CONTEXT() REPRESENTATION_CONTEXT('2D SPACE',''
  ) );
#14120 = ORIENTED_EDGE('',*,*,#14121,.F.);
#14121 = EDGE_CURVE('',#9890,#14099,#14122,.T.);
#14122 = SURFACE_CURVE('',#14123,(#14127,#14134),.PCURVE_S1.);
#14123 = LINE('',#14124,#14125);
#14124 = CARTESIAN_POINT('',(23.,17.,26.8));
#14125 = VECTOR('',#14126,1.);
#14126 = DIRECTION('',(0.,0.,-1.));
#14127 = PCURVE('',#9933,#14128);
#14128 = DEFINITIONAL_REPRESENTATION('',(#14129),#14133);
#14129 = LINE('',#14130,#14131);
#14130 = CARTESIAN_POINT('',(3.05,0.));
#14131 = VECTOR('',#14132,1.);
#14132 = DIRECTION('',(-1.,0.));
#14133 = ( GEOMETRIC_REPRESENTATION_CONTEXT(2) 
PARAMETRIC_REPRESENTATION_CONTEXT() REPRESENTATION_CONTEXT('2D SPACE',''
  ) );
#14134 = PCURVE('',#9905,#14135);
#14135 = DEFINITIONAL_REPRESENTATION('',(#14136),#14140);
#14136 = LINE('',#14137,#14138);
#14137 = CARTESIAN_POINT('',(3.05,-12.8));
#14138 = VECTOR('',#14139,1.);
#14139 = DIRECTION('',(-1.,-0.));
#14140 = ( GEOMETRIC_REPRESENTATION_CONTEXT(2) 
PARAMETRIC_REPRESENTATION_CONTEXT() REPRESENTATION_CONTEXT('2D SPACE',''
  ) );
#14141 = ORIENTED_EDGE('',*,*,#9917,.F.);
#14142 = ADVANCED_FACE('',(#14143),#9905,.F.);
#14143 = FACE_BOUND('',#14144,.F.);
#14144 = EDGE_LOOP('',(#14145,#14168,#14189,#14190));
#14145 = ORIENTED_EDGE('',*,*,#14146,.F.);
#14146 = EDGE_CURVE('',#14147,#9862,#14149,.T.);
#14147 = VERTEX_POINT('',#14148);
#14148 = CARTESIAN_POINT('',(10.2,17.,23.75));
#14149 = SURFACE_CURVE('',#14150,(#14154,#14161),.PCURVE_S1.);
#14150 = LINE('',#14151,#14152);
#14151 = CARTESIAN_POINT('',(10.2,17.,23.75));
#14152 = VECTOR('',#14153,1.);
#14153 = DIRECTION('',(0.,0.,1.));
#14154 = PCURVE('',#9905,#14155);
#14155 = DEFINITIONAL_REPRESENTATION('',(#14156),#14160);
#14156 = LINE('',#14157,#14158);
#14157 = CARTESIAN_POINT('',(0.,0.));
#14158 = VECTOR('',#14159,1.);
#14159 = DIRECTION('',(1.,0.));
#14160 = ( GEOMETRIC_REPRESENTATION_CONTEXT(2) 
PARAMETRIC_REPRESENTATION_CONTEXT() REPRESENTATION_CONTEXT('2D SPACE',''
  ) );
#14161 = PCURVE('',#9877,#14162);
#14162 = DEFINITIONAL_REPRESENTATION('',(#14163),#14167);
#14163 = LINE('',#14164,#14165);
#14164 = CARTESIAN_POINT('',(0.,0.));
#14165 = VECTOR('',#14166,1.);
#14166 = DIRECTION('',(1.,0.));
#14167 = ( GEOMETRIC_REPRESENTATION_CONTEXT(2) 
PARAMETRIC_REPRESENTATION_CONTEXT() REPRESENTATION_CONTEXT('2D SPACE',''
  ) );
#14168 = ORIENTED_EDGE('',*,*,#14169,.T.);
#14169 = EDGE_CURVE('',#14147,#14099,#14170,.T.);
#14170 = SURFACE_CURVE('',#14171,(#14175,#14182),.PCURVE_S1.);
#14171 = LINE('',#14172,#14173);
#14172 = CARTESIAN_POINT('',(10.2,17.,23.75));
#14173 = VECTOR('',#14174,1.);
#14174 = DIRECTION('',(1.,1.110223024625E-16,0.));
#14175 = PCURVE('',#9905,#14176);
#14176 = DEFINITIONAL_REPRESENTATION('',(#14177),#14181);
#14177 = LINE('',#14178,#14179);
#14178 = CARTESIAN_POINT('',(0.,0.));
#14179 = VECTOR('',#14180,1.);
#14180 = DIRECTION('',(0.,-1.));
#14181 = ( GEOMETRIC_REPRESENTATION_CONTEXT(2) 
PARAMETRIC_REPRESENTATION_CONTEXT() REPRESENTATION_CONTEXT('2D SPACE',''
  ) );
#14182 = PCURVE('',#12235,#14183);
#14183 = DEFINITIONAL_REPRESENTATION('',(#14184),#14188);
#14184 = LINE('',#14185,#14186);
#14185 = CARTESIAN_POINT('',(0.,0.));
#14186 = VECTOR('',#14187,1.);
#14187 = DIRECTION('',(0.,1.));
#14188 = ( GEOMETRIC_REPRESENTATION_CONTEXT(2) 
PARAMETRIC_REPRESENTATION_CONTEXT() REPRESENTATION_CONTEXT('2D SPACE',''
  ) );
#14189 = ORIENTED_EDGE('',*,*,#14121,.F.);
#14190 = ORIENTED_EDGE('',*,*,#9889,.F.);
#14191 = ADVANCED_FACE('',(#14192),#9877,.F.);
#14192 = FACE_BOUND('',#14193,.F.);
#14193 = EDGE_LOOP('',(#14194,#14217,#14238,#14239));
#14194 = ORIENTED_EDGE('',*,*,#14195,.F.);
#14195 = EDGE_CURVE('',#14196,#9834,#14198,.T.);
#14196 = VERTEX_POINT('',#14197);
#14197 = CARTESIAN_POINT('',(10.2,3.,23.75));
#14198 = SURFACE_CURVE('',#14199,(#14203,#14210),.PCURVE_S1.);
#14199 = LINE('',#14200,#14201);
#14200 = CARTESIAN_POINT('',(10.2,3.,23.75));
#14201 = VECTOR('',#14202,1.);
#14202 = DIRECTION('',(0.,0.,1.));
#14203 = PCURVE('',#9877,#14204);
#14204 = DEFINITIONAL_REPRESENTATION('',(#14205),#14209);
#14205 = LINE('',#14206,#14207);
#14206 = CARTESIAN_POINT('',(0.,14.));
#14207 = VECTOR('',#14208,1.);
#14208 = DIRECTION('',(1.,0.));
#14209 = ( GEOMETRIC_REPRESENTATION_CONTEXT(2) 
PARAMETRIC_REPRESENTATION_CONTEXT() REPRESENTATION_CONTEXT('2D SPACE',''
  ) );
#14210 = PCURVE('',#9849,#14211);
#14211 = DEFINITIONAL_REPRESENTATION('',(#14212),#14216);
#14212 = LINE('',#14213,#14214);
#14213 = CARTESIAN_POINT('',(0.,0.));
#14214 = VECTOR('',#14215,1.);
#14215 = DIRECTION('',(1.,0.));
#14216 = ( GEOMETRIC_REPRESENTATION_CONTEXT(2) 
PARAMETRIC_REPRESENTATION_CONTEXT() REPRESENTATION_CONTEXT('2D SPACE',''
  ) );
#14217 = ORIENTED_EDGE('',*,*,#14218,.F.);
#14218 = EDGE_CURVE('',#14147,#14196,#14219,.T.);
#14219 = SURFACE_CURVE('',#14220,(#14224,#14231),.PCURVE_S1.);
#14220 = LINE('',#14221,#14222);
#14221 = CARTESIAN_POINT('',(10.2,17.,23.75));
#14222 = VECTOR('',#14223,1.);
#14223 = DIRECTION('',(1.110223024625E-16,-1.,0.));
#14224 = PCURVE('',#9877,#14225);
#14225 = DEFINITIONAL_REPRESENTATION('',(#14226),#14230);
#14226 = LINE('',#14227,#14228);
#14227 = CARTESIAN_POINT('',(0.,0.));
#14228 = VECTOR('',#14229,1.);
#14229 = DIRECTION('',(0.,1.));
#14230 = ( GEOMETRIC_REPRESENTATION_CONTEXT(2) 
PARAMETRIC_REPRESENTATION_CONTEXT() REPRESENTATION_CONTEXT('2D SPACE',''
  ) );
#14231 = PCURVE('',#12235,#14232);
#14232 = DEFINITIONAL_REPRESENTATION('',(#14233),#14237);
#14233 = LINE('',#14234,#14235);
#14234 = CARTESIAN_POINT('',(0.,0.));
#14235 = VECTOR('',#14236,1.);
#14236 = DIRECTION('',(1.,0.));
#14237 = ( GEOMETRIC_REPRESENTATION_CONTEXT(2) 
PARAMETRIC_REPRESENTATION_CONTEXT() REPRESENTATION_CONTEXT('2D SPACE',''
  ) );
#14238 = ORIENTED_EDGE('',*,*,#14146,.T.);
#14239 = ORIENTED_EDGE('',*,*,#9861,.F.);
#14240 = ADVANCED_FACE('',(#14241),#9849,.T.);
#14241 = FACE_BOUND('',#14242,.T.);
#14242 = EDGE_LOOP('',(#14243,#14244,#14265,#14266));
#14243 = ORIENTED_EDGE('',*,*,#14195,.F.);
#14244 = ORIENTED_EDGE('',*,*,#14245,.T.);
#14245 = EDGE_CURVE('',#14196,#12199,#14246,.T.);
#14246 = SURFACE_CURVE('',#14247,(#14251,#14258),.PCURVE_S1.);
#14247 = LINE('',#14248,#14249);
#14248 = CARTESIAN_POINT('',(10.2,3.,23.75));
#14249 = VECTOR('',#14250,1.);
#14250 = DIRECTION('',(1.,1.110223024625E-16,0.));
#14251 = PCURVE('',#9849,#14252);
#14252 = DEFINITIONAL_REPRESENTATION('',(#14253),#14257);
#14253 = LINE('',#14254,#14255);
#14254 = CARTESIAN_POINT('',(0.,0.));
#14255 = VECTOR('',#14256,1.);
#14256 = DIRECTION('',(0.,-1.));
#14257 = ( GEOMETRIC_REPRESENTATION_CONTEXT(2) 
PARAMETRIC_REPRESENTATION_CONTEXT() REPRESENTATION_CONTEXT('2D SPACE',''
  ) );
#14258 = PCURVE('',#12235,#14259);
#14259 = DEFINITIONAL_REPRESENTATION('',(#14260),#14264);
#14260 = LINE('',#14261,#14262);
#14261 = CARTESIAN_POINT('',(14.,2.22044604925E-16));
#14262 = VECTOR('',#14263,1.);
#14263 = DIRECTION('',(0.,1.));
#14264 = ( GEOMETRIC_REPRESENTATION_CONTEXT(2) 
PARAMETRIC_REPRESENTATION_CONTEXT() REPRESENTATION_CONTEXT('2D SPACE',''
  ) );
#14265 = ORIENTED_EDGE('',*,*,#12198,.F.);
#14266 = ORIENTED_EDGE('',*,*,#9833,.F.);
#14267 = ADVANCED_FACE('',(#14268),#10589,.T.);
#14268 = FACE_BOUND('',#14269,.T.);
#14269 = EDGE_LOOP('',(#14270,#14293,#14322,#14343));
#14270 = ORIENTED_EDGE('',*,*,#14271,.F.);
#14271 = EDGE_CURVE('',#14272,#10571,#14274,.T.);
#14272 = VERTEX_POINT('',#14273);
#14273 = CARTESIAN_POINT('',(50.9,67.5,21.8));
#14274 = SURFACE_CURVE('',#14275,(#14279,#14286),.PCURVE_S1.);
#14275 = LINE('',#14276,#14277);
#14276 = CARTESIAN_POINT('',(50.9,67.5,21.8));
#14277 = VECTOR('',#14278,1.);
#14278 = DIRECTION('',(0.,0.,1.));
#14279 = PCURVE('',#10589,#14280);
#14280 = DEFINITIONAL_REPRESENTATION('',(#14281),#14285);
#14281 = LINE('',#14282,#14283);
#14282 = CARTESIAN_POINT('',(0.,0.));
#14283 = VECTOR('',#14284,1.);
#14284 = DIRECTION('',(0.,1.));
#14285 = ( GEOMETRIC_REPRESENTATION_CONTEXT(2) 
PARAMETRIC_REPRESENTATION_CONTEXT() REPRESENTATION_CONTEXT('2D SPACE',''
  ) );
#14286 = PCURVE('',#10617,#14287);
#14287 = DEFINITIONAL_REPRESENTATION('',(#14288),#14292);
#14288 = LINE('',#14289,#14290);
#14289 = CARTESIAN_POINT('',(0.,-0.4));
#14290 = VECTOR('',#14291,1.);
#14291 = DIRECTION('',(1.,0.));
#14292 = ( GEOMETRIC_REPRESENTATION_CONTEXT(2) 
PARAMETRIC_REPRESENTATION_CONTEXT() REPRESENTATION_CONTEXT('2D SPACE',''
  ) );
#14293 = ORIENTED_EDGE('',*,*,#14294,.T.);
#14294 = EDGE_CURVE('',#14272,#14295,#14297,.T.);
#14295 = VERTEX_POINT('',#14296);
#14296 = CARTESIAN_POINT('',(50.5,67.1,21.8));
#14297 = SURFACE_CURVE('',#14298,(#14303,#14310),.PCURVE_S1.);
#14298 = CIRCLE('',#14299,0.4);
#14299 = AXIS2_PLACEMENT_3D('',#14300,#14301,#14302);
#14300 = CARTESIAN_POINT('',(50.9,67.1,21.8));
#14301 = DIRECTION('',(0.,0.,1.));
#14302 = DIRECTION('',(-1.,-1.110223024625E-16,0.));
#14303 = PCURVE('',#10589,#14304);
#14304 = DEFINITIONAL_REPRESENTATION('',(#14305),#14309);
#14305 = LINE('',#14306,#14307);
#14306 = CARTESIAN_POINT('',(-4.712388980385,0.));
#14307 = VECTOR('',#14308,1.);
#14308 = DIRECTION('',(1.,0.));
#14309 = ( GEOMETRIC_REPRESENTATION_CONTEXT(2) 
PARAMETRIC_REPRESENTATION_CONTEXT() REPRESENTATION_CONTEXT('2D SPACE',''
  ) );
#14310 = PCURVE('',#14311,#14316);
#14311 = PLANE('',#14312);
#14312 = AXIS2_PLACEMENT_3D('',#14313,#14314,#14315);
#14313 = CARTESIAN_POINT('',(50.5,67.5,21.8));
#14314 = DIRECTION('',(0.,0.,1.));
#14315 = DIRECTION('',(1.110223024625E-16,-1.,0.));
#14316 = DEFINITIONAL_REPRESENTATION('',(#14317),#14321);
#14317 = CIRCLE('',#14318,0.4);
#14318 = AXIS2_PLACEMENT_2D('',#14319,#14320);
#14319 = CARTESIAN_POINT('',(0.4,0.4));
#14320 = DIRECTION('',(0.,-1.));
#14321 = ( GEOMETRIC_REPRESENTATION_CONTEXT(2) 
PARAMETRIC_REPRESENTATION_CONTEXT() REPRESENTATION_CONTEXT('2D SPACE',''
  ) );
#14322 = ORIENTED_EDGE('',*,*,#14323,.T.);
#14323 = EDGE_CURVE('',#14295,#10573,#14324,.T.);
#14324 = SURFACE_CURVE('',#14325,(#14329,#14336),.PCURVE_S1.);
#14325 = LINE('',#14326,#14327);
#14326 = CARTESIAN_POINT('',(50.5,67.1,21.8));
#14327 = VECTOR('',#14328,1.);
#14328 = DIRECTION('',(0.,0.,1.));
#14329 = PCURVE('',#10589,#14330);
#14330 = DEFINITIONAL_REPRESENTATION('',(#14331),#14335);
#14331 = LINE('',#14332,#14333);
#14332 = CARTESIAN_POINT('',(1.570796326795,0.));
#14333 = VECTOR('',#14334,1.);
#14334 = DIRECTION('',(0.,1.));
#14335 = ( GEOMETRIC_REPRESENTATION_CONTEXT(2) 
PARAMETRIC_REPRESENTATION_CONTEXT() REPRESENTATION_CONTEXT('2D SPACE',''
  ) );
#14336 = PCURVE('',#10786,#14337);
#14337 = DEFINITIONAL_REPRESENTATION('',(#14338),#14342);
#14338 = LINE('',#14339,#14340);
#14339 = CARTESIAN_POINT('',(0.,0.4));
#14340 = VECTOR('',#14341,1.);
#14341 = DIRECTION('',(1.,0.));
#14342 = ( GEOMETRIC_REPRESENTATION_CONTEXT(2) 
PARAMETRIC_REPRESENTATION_CONTEXT() REPRESENTATION_CONTEXT('2D SPACE',''
  ) );
#14343 = ORIENTED_EDGE('',*,*,#10570,.F.);
#14344 = ADVANCED_FACE('',(#14345),#10617,.F.);
#14345 = FACE_BOUND('',#14346,.F.);
#14346 = EDGE_LOOP('',(#14347,#14348,#14349,#14372));
#14347 = ORIENTED_EDGE('',*,*,#10601,.F.);
#14348 = ORIENTED_EDGE('',*,*,#14271,.F.);
#14349 = ORIENTED_EDGE('',*,*,#14350,.T.);
#14350 = EDGE_CURVE('',#14272,#14351,#14353,.T.);
#14351 = VERTEX_POINT('',#14352);
#14352 = CARTESIAN_POINT('',(52.1,67.5,21.8));
#14353 = SURFACE_CURVE('',#14354,(#14358,#14365),.PCURVE_S1.);
#14354 = LINE('',#14355,#14356);
#14355 = CARTESIAN_POINT('',(50.5,67.5,21.8));
#14356 = VECTOR('',#14357,1.);
#14357 = DIRECTION('',(1.,1.110223024625E-16,0.));
#14358 = PCURVE('',#10617,#14359);
#14359 = DEFINITIONAL_REPRESENTATION('',(#14360),#14364);
#14360 = LINE('',#14361,#14362);
#14361 = CARTESIAN_POINT('',(0.,0.));
#14362 = VECTOR('',#14363,1.);
#14363 = DIRECTION('',(0.,-1.));
#14364 = ( GEOMETRIC_REPRESENTATION_CONTEXT(2) 
PARAMETRIC_REPRESENTATION_CONTEXT() REPRESENTATION_CONTEXT('2D SPACE',''
  ) );
#14365 = PCURVE('',#14311,#14366);
#14366 = DEFINITIONAL_REPRESENTATION('',(#14367),#14371);
#14367 = LINE('',#14368,#14369);
#14368 = CARTESIAN_POINT('',(0.,0.));
#14369 = VECTOR('',#14370,1.);
#14370 = DIRECTION('',(0.,1.));
#14371 = ( GEOMETRIC_REPRESENTATION_CONTEXT(2) 
PARAMETRIC_REPRESENTATION_CONTEXT() REPRESENTATION_CONTEXT('2D SPACE',''
  ) );
#14372 = ORIENTED_EDGE('',*,*,#14373,.T.);
#14373 = EDGE_CURVE('',#14351,#10602,#14374,.T.);
#14374 = SURFACE_CURVE('',#14375,(#14379,#14386),.PCURVE_S1.);
#14375 = LINE('',#14376,#14377);
#14376 = CARTESIAN_POINT('',(52.1,67.5,21.8));
#14377 = VECTOR('',#14378,1.);
#14378 = DIRECTION('',(0.,0.,1.));
#14379 = PCURVE('',#10617,#14380);
#14380 = DEFINITIONAL_REPRESENTATION('',(#14381),#14385);
#14381 = LINE('',#14382,#14383);
#14382 = CARTESIAN_POINT('',(0.,-1.6));
#14383 = VECTOR('',#14384,1.);
#14384 = DIRECTION('',(1.,0.));
#14385 = ( GEOMETRIC_REPRESENTATION_CONTEXT(2) 
PARAMETRIC_REPRESENTATION_CONTEXT() REPRESENTATION_CONTEXT('2D SPACE',''
  ) );
#14386 = PCURVE('',#10646,#14387);
#14387 = DEFINITIONAL_REPRESENTATION('',(#14388),#14392);
#14388 = LINE('',#14389,#14390);
#14389 = CARTESIAN_POINT('',(-0.,0.));
#14390 = VECTOR('',#14391,1.);
#14391 = DIRECTION('',(-0.,1.));
#14392 = ( GEOMETRIC_REPRESENTATION_CONTEXT(2) 
PARAMETRIC_REPRESENTATION_CONTEXT() REPRESENTATION_CONTEXT('2D SPACE',''
  ) );
#14393 = ADVANCED_FACE('',(#14394),#10786,.F.);
#14394 = FACE_BOUND('',#14395,.F.);
#14395 = EDGE_LOOP('',(#14396,#14419,#14420,#14421));
#14396 = ORIENTED_EDGE('',*,*,#14397,.F.);
#14397 = EDGE_CURVE('',#14295,#14398,#14400,.T.);
#14398 = VERTEX_POINT('',#14399);
#14399 = CARTESIAN_POINT('',(50.5,62.1,21.8));
#14400 = SURFACE_CURVE('',#14401,(#14405,#14412),.PCURVE_S1.);
#14401 = LINE('',#14402,#14403);
#14402 = CARTESIAN_POINT('',(50.5,67.5,21.8));
#14403 = VECTOR('',#14404,1.);
#14404 = DIRECTION('',(1.110223024625E-16,-1.,0.));
#14405 = PCURVE('',#10786,#14406);
#14406 = DEFINITIONAL_REPRESENTATION('',(#14407),#14411);
#14407 = LINE('',#14408,#14409);
#14408 = CARTESIAN_POINT('',(0.,0.));
#14409 = VECTOR('',#14410,1.);
#14410 = DIRECTION('',(0.,1.));
#14411 = ( GEOMETRIC_REPRESENTATION_CONTEXT(2) 
PARAMETRIC_REPRESENTATION_CONTEXT() REPRESENTATION_CONTEXT('2D SPACE',''
  ) );
#14412 = PCURVE('',#14311,#14413);
#14413 = DEFINITIONAL_REPRESENTATION('',(#14414),#14418);
#14414 = LINE('',#14415,#14416);
#14415 = CARTESIAN_POINT('',(0.,0.));
#14416 = VECTOR('',#14417,1.);
#14417 = DIRECTION('',(1.,0.));
#14418 = ( GEOMETRIC_REPRESENTATION_CONTEXT(2) 
PARAMETRIC_REPRESENTATION_CONTEXT() REPRESENTATION_CONTEXT('2D SPACE',''
  ) );
#14419 = ORIENTED_EDGE('',*,*,#14323,.T.);
#14420 = ORIENTED_EDGE('',*,*,#10772,.F.);
#14421 = ORIENTED_EDGE('',*,*,#14422,.F.);
#14422 = EDGE_CURVE('',#14398,#10744,#14423,.T.);
#14423 = SURFACE_CURVE('',#14424,(#14428,#14435),.PCURVE_S1.);
#14424 = LINE('',#14425,#14426);
#14425 = CARTESIAN_POINT('',(50.5,62.1,21.8));
#14426 = VECTOR('',#14427,1.);
#14427 = DIRECTION('',(0.,0.,1.));
#14428 = PCURVE('',#10786,#14429);
#14429 = DEFINITIONAL_REPRESENTATION('',(#14430),#14434);
#14430 = LINE('',#14431,#14432);
#14431 = CARTESIAN_POINT('',(0.,5.4));
#14432 = VECTOR('',#14433,1.);
#14433 = DIRECTION('',(1.,0.));
#14434 = ( GEOMETRIC_REPRESENTATION_CONTEXT(2) 
PARAMETRIC_REPRESENTATION_CONTEXT() REPRESENTATION_CONTEXT('2D SPACE',''
  ) );
#14435 = PCURVE('',#10760,#14436);
#14436 = DEFINITIONAL_REPRESENTATION('',(#14437),#14441);
#14437 = LINE('',#14438,#14439);
#14438 = CARTESIAN_POINT('',(-1.570796326795,0.));
#14439 = VECTOR('',#14440,1.);
#14440 = DIRECTION('',(-0.,1.));
#14441 = ( GEOMETRIC_REPRESENTATION_CONTEXT(2) 
PARAMETRIC_REPRESENTATION_CONTEXT() REPRESENTATION_CONTEXT('2D SPACE',''
  ) );
#14442 = ADVANCED_FACE('',(#14443),#10646,.T.);
#14443 = FACE_BOUND('',#14444,.F.);
#14444 = EDGE_LOOP('',(#14445,#14446,#14474,#14495));
#14445 = ORIENTED_EDGE('',*,*,#14373,.F.);
#14446 = ORIENTED_EDGE('',*,*,#14447,.T.);
#14447 = EDGE_CURVE('',#14351,#14448,#14450,.T.);
#14448 = VERTEX_POINT('',#14449);
#14449 = CARTESIAN_POINT('',(52.5,67.1,21.8));
#14450 = SURFACE_CURVE('',#14451,(#14456,#14463),.PCURVE_S1.);
#14451 = CIRCLE('',#14452,0.4);
#14452 = AXIS2_PLACEMENT_3D('',#14453,#14454,#14455);
#14453 = CARTESIAN_POINT('',(52.1,67.1,21.8));
#14454 = DIRECTION('',(-0.,0.,-1.));
#14455 = DIRECTION('',(-1.,-1.110223024625E-16,0.));
#14456 = PCURVE('',#10646,#14457);
#14457 = DEFINITIONAL_REPRESENTATION('',(#14458),#14462);
#14458 = LINE('',#14459,#14460);
#14459 = CARTESIAN_POINT('',(1.570796326795,-0.));
#14460 = VECTOR('',#14461,1.);
#14461 = DIRECTION('',(-1.,0.));
#14462 = ( GEOMETRIC_REPRESENTATION_CONTEXT(2) 
PARAMETRIC_REPRESENTATION_CONTEXT() REPRESENTATION_CONTEXT('2D SPACE',''
  ) );
#14463 = PCURVE('',#14311,#14464);
#14464 = DEFINITIONAL_REPRESENTATION('',(#14465),#14473);
#14465 = ( BOUNDED_CURVE() B_SPLINE_CURVE(2,(#14466,#14467,#14468,#14469
    ,#14470,#14471,#14472),.UNSPECIFIED.,.T.,.F.) 
B_SPLINE_CURVE_WITH_KNOTS((1,2,2,2,2,1),(-2.094395102393,0.,
    2.094395102393,4.188790204786,6.28318530718,8.377580409573),
.UNSPECIFIED.) CURVE() GEOMETRIC_REPRESENTATION_ITEM() 
RATIONAL_B_SPLINE_CURVE((1.,0.5,1.,0.5,1.,0.5,1.)) REPRESENTATION_ITEM(
  '') );
#14466 = CARTESIAN_POINT('',(0.4,1.2));
#14467 = CARTESIAN_POINT('',(-0.292820323028,1.2));
#14468 = CARTESIAN_POINT('',(5.358983848622E-02,1.8));
#14469 = CARTESIAN_POINT('',(0.4,2.4));
#14470 = CARTESIAN_POINT('',(0.746410161514,1.8));
#14471 = CARTESIAN_POINT('',(1.092820323028,1.2));
#14472 = CARTESIAN_POINT('',(0.4,1.2));
#14473 = ( GEOMETRIC_REPRESENTATION_CONTEXT(2) 
PARAMETRIC_REPRESENTATION_CONTEXT() REPRESENTATION_CONTEXT('2D SPACE',''
  ) );
#14474 = ORIENTED_EDGE('',*,*,#14475,.T.);
#14475 = EDGE_CURVE('',#14448,#10630,#14476,.T.);
#14476 = SURFACE_CURVE('',#14477,(#14481,#14488),.PCURVE_S1.);
#14477 = LINE('',#14478,#14479);
#14478 = CARTESIAN_POINT('',(52.5,67.1,21.8));
#14479 = VECTOR('',#14480,1.);
#14480 = DIRECTION('',(0.,0.,1.));
#14481 = PCURVE('',#10646,#14482);
#14482 = DEFINITIONAL_REPRESENTATION('',(#14483),#14487);
#14483 = LINE('',#14484,#14485);
#14484 = CARTESIAN_POINT('',(-1.570796326795,0.));
#14485 = VECTOR('',#14486,1.);
#14486 = DIRECTION('',(-0.,1.));
#14487 = ( GEOMETRIC_REPRESENTATION_CONTEXT(2) 
PARAMETRIC_REPRESENTATION_CONTEXT() REPRESENTATION_CONTEXT('2D SPACE',''
  ) );
#14488 = PCURVE('',#10674,#14489);
#14489 = DEFINITIONAL_REPRESENTATION('',(#14490),#14494);
#14490 = LINE('',#14491,#14492);
#14491 = CARTESIAN_POINT('',(0.,0.4));
#14492 = VECTOR('',#14493,1.);
#14493 = DIRECTION('',(1.,0.));
#14494 = ( GEOMETRIC_REPRESENTATION_CONTEXT(2) 
PARAMETRIC_REPRESENTATION_CONTEXT() REPRESENTATION_CONTEXT('2D SPACE',''
  ) );
#14495 = ORIENTED_EDGE('',*,*,#10629,.T.);
#14496 = ADVANCED_FACE('',(#14497),#10760,.T.);
#14497 = FACE_BOUND('',#14498,.F.);
#14498 = EDGE_LOOP('',(#14499,#14522,#14548,#14549));
#14499 = ORIENTED_EDGE('',*,*,#14500,.F.);
#14500 = EDGE_CURVE('',#14501,#10716,#14503,.T.);
#14501 = VERTEX_POINT('',#14502);
#14502 = CARTESIAN_POINT('',(50.9,61.7,21.8));
#14503 = SURFACE_CURVE('',#14504,(#14508,#14515),.PCURVE_S1.);
#14504 = LINE('',#14505,#14506);
#14505 = CARTESIAN_POINT('',(50.9,61.7,21.8));
#14506 = VECTOR('',#14507,1.);
#14507 = DIRECTION('',(0.,0.,1.));
#14508 = PCURVE('',#10760,#14509);
#14509 = DEFINITIONAL_REPRESENTATION('',(#14510),#14514);
#14510 = LINE('',#14511,#14512);
#14511 = CARTESIAN_POINT('',(-0.,0.));
#14512 = VECTOR('',#14513,1.);
#14513 = DIRECTION('',(-0.,1.));
#14514 = ( GEOMETRIC_REPRESENTATION_CONTEXT(2) 
PARAMETRIC_REPRESENTATION_CONTEXT() REPRESENTATION_CONTEXT('2D SPACE',''
  ) );
#14515 = PCURVE('',#10731,#14516);
#14516 = DEFINITIONAL_REPRESENTATION('',(#14517),#14521);
#14517 = LINE('',#14518,#14519);
#14518 = CARTESIAN_POINT('',(0.,-0.4));
#14519 = VECTOR('',#14520,1.);
#14520 = DIRECTION('',(1.,0.));
#14521 = ( GEOMETRIC_REPRESENTATION_CONTEXT(2) 
PARAMETRIC_REPRESENTATION_CONTEXT() REPRESENTATION_CONTEXT('2D SPACE',''
  ) );
#14522 = ORIENTED_EDGE('',*,*,#14523,.T.);
#14523 = EDGE_CURVE('',#14501,#14398,#14524,.T.);
#14524 = SURFACE_CURVE('',#14525,(#14530,#14537),.PCURVE_S1.);
#14525 = CIRCLE('',#14526,0.4);
#14526 = AXIS2_PLACEMENT_3D('',#14527,#14528,#14529);
#14527 = CARTESIAN_POINT('',(50.9,62.1,21.8));
#14528 = DIRECTION('',(-0.,0.,-1.));
#14529 = DIRECTION('',(-1.,-1.110223024625E-16,0.));
#14530 = PCURVE('',#10760,#14531);
#14531 = DEFINITIONAL_REPRESENTATION('',(#14532),#14536);
#14532 = LINE('',#14533,#14534);
#14533 = CARTESIAN_POINT('',(4.712388980385,-0.));
#14534 = VECTOR('',#14535,1.);
#14535 = DIRECTION('',(-1.,0.));
#14536 = ( GEOMETRIC_REPRESENTATION_CONTEXT(2) 
PARAMETRIC_REPRESENTATION_CONTEXT() REPRESENTATION_CONTEXT('2D SPACE',''
  ) );
#14537 = PCURVE('',#14311,#14538);
#14538 = DEFINITIONAL_REPRESENTATION('',(#14539),#14547);
#14539 = ( BOUNDED_CURVE() B_SPLINE_CURVE(2,(#14540,#14541,#14542,#14543
    ,#14544,#14545,#14546),.UNSPECIFIED.,.T.,.F.) 
B_SPLINE_CURVE_WITH_KNOTS((1,2,2,2,2,1),(-2.094395102393,0.,
    2.094395102393,4.188790204786,6.28318530718,8.377580409573),
.UNSPECIFIED.) CURVE() GEOMETRIC_REPRESENTATION_ITEM() 
RATIONAL_B_SPLINE_CURVE((1.,0.5,1.,0.5,1.,0.5,1.)) REPRESENTATION_ITEM(
  '') );
#14540 = CARTESIAN_POINT('',(5.4,-6.106226635438E-16));
#14541 = CARTESIAN_POINT('',(4.707179676972,-6.106226635438E-16));
#14542 = CARTESIAN_POINT('',(5.053589838486,0.6));
#14543 = CARTESIAN_POINT('',(5.4,1.2));
#14544 = CARTESIAN_POINT('',(5.746410161514,0.6));
#14545 = CARTESIAN_POINT('',(6.092820323028,0.));
#14546 = CARTESIAN_POINT('',(5.4,-6.106226635438E-16));
#14547 = ( GEOMETRIC_REPRESENTATION_CONTEXT(2) 
PARAMETRIC_REPRESENTATION_CONTEXT() REPRESENTATION_CONTEXT('2D SPACE',''
  ) );
#14548 = ORIENTED_EDGE('',*,*,#14422,.T.);
#14549 = ORIENTED_EDGE('',*,*,#10743,.T.);
#14550 = ADVANCED_FACE('',(#14551),#10674,.T.);
#14551 = FACE_BOUND('',#14552,.T.);
#14552 = EDGE_LOOP('',(#14553,#14576,#14577,#14578));
#14553 = ORIENTED_EDGE('',*,*,#14554,.F.);
#14554 = EDGE_CURVE('',#14448,#14555,#14557,.T.);
#14555 = VERTEX_POINT('',#14556);
#14556 = CARTESIAN_POINT('',(52.5,62.1,21.8));
#14557 = SURFACE_CURVE('',#14558,(#14562,#14569),.PCURVE_S1.);
#14558 = LINE('',#14559,#14560);
#14559 = CARTESIAN_POINT('',(52.5,67.5,21.8));
#14560 = VECTOR('',#14561,1.);
#14561 = DIRECTION('',(1.110223024625E-16,-1.,0.));
#14562 = PCURVE('',#10674,#14563);
#14563 = DEFINITIONAL_REPRESENTATION('',(#14564),#14568);
#14564 = LINE('',#14565,#14566);
#14565 = CARTESIAN_POINT('',(0.,0.));
#14566 = VECTOR('',#14567,1.);
#14567 = DIRECTION('',(0.,1.));
#14568 = ( GEOMETRIC_REPRESENTATION_CONTEXT(2) 
PARAMETRIC_REPRESENTATION_CONTEXT() REPRESENTATION_CONTEXT('2D SPACE',''
  ) );
#14569 = PCURVE('',#14311,#14570);
#14570 = DEFINITIONAL_REPRESENTATION('',(#14571),#14575);
#14571 = LINE('',#14572,#14573);
#14572 = CARTESIAN_POINT('',(2.22044604925E-16,2.));
#14573 = VECTOR('',#14574,1.);
#14574 = DIRECTION('',(1.,0.));
#14575 = ( GEOMETRIC_REPRESENTATION_CONTEXT(2) 
PARAMETRIC_REPRESENTATION_CONTEXT() REPRESENTATION_CONTEXT('2D SPACE',''
  ) );
#14576 = ORIENTED_EDGE('',*,*,#14475,.T.);
#14577 = ORIENTED_EDGE('',*,*,#10658,.F.);
#14578 = ORIENTED_EDGE('',*,*,#14579,.F.);
#14579 = EDGE_CURVE('',#14555,#10659,#14580,.T.);
#14580 = SURFACE_CURVE('',#14581,(#14585,#14592),.PCURVE_S1.);
#14581 = LINE('',#14582,#14583);
#14582 = CARTESIAN_POINT('',(52.5,62.1,21.8));
#14583 = VECTOR('',#14584,1.);
#14584 = DIRECTION('',(0.,0.,1.));
#14585 = PCURVE('',#10674,#14586);
#14586 = DEFINITIONAL_REPRESENTATION('',(#14587),#14591);
#14587 = LINE('',#14588,#14589);
#14588 = CARTESIAN_POINT('',(0.,5.4));
#14589 = VECTOR('',#14590,1.);
#14590 = DIRECTION('',(1.,0.));
#14591 = ( GEOMETRIC_REPRESENTATION_CONTEXT(2) 
PARAMETRIC_REPRESENTATION_CONTEXT() REPRESENTATION_CONTEXT('2D SPACE',''
  ) );
#14592 = PCURVE('',#10703,#14593);
#14593 = DEFINITIONAL_REPRESENTATION('',(#14594),#14598);
#14594 = LINE('',#14595,#14596);
#14595 = CARTESIAN_POINT('',(1.570796326795,0.));
#14596 = VECTOR('',#14597,1.);
#14597 = DIRECTION('',(0.,1.));
#14598 = ( GEOMETRIC_REPRESENTATION_CONTEXT(2) 
PARAMETRIC_REPRESENTATION_CONTEXT() REPRESENTATION_CONTEXT('2D SPACE',''
  ) );
#14599 = ADVANCED_FACE('',(#14600),#10731,.T.);
#14600 = FACE_BOUND('',#14601,.T.);
#14601 = EDGE_LOOP('',(#14602,#14603,#14604,#14627));
#14602 = ORIENTED_EDGE('',*,*,#10715,.F.);
#14603 = ORIENTED_EDGE('',*,*,#14500,.F.);
#14604 = ORIENTED_EDGE('',*,*,#14605,.T.);
#14605 = EDGE_CURVE('',#14501,#14606,#14608,.T.);
#14606 = VERTEX_POINT('',#14607);
#14607 = CARTESIAN_POINT('',(52.1,61.7,21.8));
#14608 = SURFACE_CURVE('',#14609,(#14613,#14620),.PCURVE_S1.);
#14609 = LINE('',#14610,#14611);
#14610 = CARTESIAN_POINT('',(50.5,61.7,21.8));
#14611 = VECTOR('',#14612,1.);
#14612 = DIRECTION('',(1.,1.110223024625E-16,0.));
#14613 = PCURVE('',#10731,#14614);
#14614 = DEFINITIONAL_REPRESENTATION('',(#14615),#14619);
#14615 = LINE('',#14616,#14617);
#14616 = CARTESIAN_POINT('',(0.,0.));
#14617 = VECTOR('',#14618,1.);
#14618 = DIRECTION('',(0.,-1.));
#14619 = ( GEOMETRIC_REPRESENTATION_CONTEXT(2) 
PARAMETRIC_REPRESENTATION_CONTEXT() REPRESENTATION_CONTEXT('2D SPACE',''
  ) );
#14620 = PCURVE('',#14311,#14621);
#14621 = DEFINITIONAL_REPRESENTATION('',(#14622),#14626);
#14622 = LINE('',#14623,#14624);
#14623 = CARTESIAN_POINT('',(5.8,-6.439293542826E-16));
#14624 = VECTOR('',#14625,1.);
#14625 = DIRECTION('',(0.,1.));
#14626 = ( GEOMETRIC_REPRESENTATION_CONTEXT(2) 
PARAMETRIC_REPRESENTATION_CONTEXT() REPRESENTATION_CONTEXT('2D SPACE',''
  ) );
#14627 = ORIENTED_EDGE('',*,*,#14628,.T.);
#14628 = EDGE_CURVE('',#14606,#10687,#14629,.T.);
#14629 = SURFACE_CURVE('',#14630,(#14634,#14641),.PCURVE_S1.);
#14630 = LINE('',#14631,#14632);
#14631 = CARTESIAN_POINT('',(52.1,61.7,21.8));
#14632 = VECTOR('',#14633,1.);
#14633 = DIRECTION('',(0.,0.,1.));
#14634 = PCURVE('',#10731,#14635);
#14635 = DEFINITIONAL_REPRESENTATION('',(#14636),#14640);
#14636 = LINE('',#14637,#14638);
#14637 = CARTESIAN_POINT('',(0.,-1.6));
#14638 = VECTOR('',#14639,1.);
#14639 = DIRECTION('',(1.,0.));
#14640 = ( GEOMETRIC_REPRESENTATION_CONTEXT(2) 
PARAMETRIC_REPRESENTATION_CONTEXT() REPRESENTATION_CONTEXT('2D SPACE',''
  ) );
#14641 = PCURVE('',#10703,#14642);
#14642 = DEFINITIONAL_REPRESENTATION('',(#14643),#14647);
#14643 = LINE('',#14644,#14645);
#14644 = CARTESIAN_POINT('',(0.,0.));
#14645 = VECTOR('',#14646,1.);
#14646 = DIRECTION('',(0.,1.));
#14647 = ( GEOMETRIC_REPRESENTATION_CONTEXT(2) 
PARAMETRIC_REPRESENTATION_CONTEXT() REPRESENTATION_CONTEXT('2D SPACE',''
  ) );
#14648 = ADVANCED_FACE('',(#14649),#10703,.T.);
#14649 = FACE_BOUND('',#14650,.T.);
#14650 = EDGE_LOOP('',(#14651,#14652,#14674,#14675));
#14651 = ORIENTED_EDGE('',*,*,#14628,.F.);
#14652 = ORIENTED_EDGE('',*,*,#14653,.T.);
#14653 = EDGE_CURVE('',#14606,#14555,#14654,.T.);
#14654 = SURFACE_CURVE('',#14655,(#14660,#14667),.PCURVE_S1.);
#14655 = CIRCLE('',#14656,0.4);
#14656 = AXIS2_PLACEMENT_3D('',#14657,#14658,#14659);
#14657 = CARTESIAN_POINT('',(52.1,62.1,21.8));
#14658 = DIRECTION('',(0.,0.,1.));
#14659 = DIRECTION('',(-1.,-1.110223024625E-16,0.));
#14660 = PCURVE('',#10703,#14661);
#14661 = DEFINITIONAL_REPRESENTATION('',(#14662),#14666);
#14662 = LINE('',#14663,#14664);
#14663 = CARTESIAN_POINT('',(-1.570796326795,0.));
#14664 = VECTOR('',#14665,1.);
#14665 = DIRECTION('',(1.,0.));
#14666 = ( GEOMETRIC_REPRESENTATION_CONTEXT(2) 
PARAMETRIC_REPRESENTATION_CONTEXT() REPRESENTATION_CONTEXT('2D SPACE',''
  ) );
#14667 = PCURVE('',#14311,#14668);
#14668 = DEFINITIONAL_REPRESENTATION('',(#14669),#14673);
#14669 = CIRCLE('',#14670,0.4);
#14670 = AXIS2_PLACEMENT_2D('',#14671,#14672);
#14671 = CARTESIAN_POINT('',(5.4,1.6));
#14672 = DIRECTION('',(0.,-1.));
#14673 = ( GEOMETRIC_REPRESENTATION_CONTEXT(2) 
PARAMETRIC_REPRESENTATION_CONTEXT() REPRESENTATION_CONTEXT('2D SPACE',''
  ) );
#14674 = ORIENTED_EDGE('',*,*,#14579,.T.);
#14675 = ORIENTED_EDGE('',*,*,#10686,.F.);
#14676 = ADVANCED_FACE('',(#14677),#10849,.F.);
#14677 = FACE_BOUND('',#14678,.F.);
#14678 = EDGE_LOOP('',(#14679,#14700,#14701,#14722));
#14679 = ORIENTED_EDGE('',*,*,#14680,.F.);
#14680 = EDGE_CURVE('',#10831,#11304,#14681,.T.);
#14681 = SURFACE_CURVE('',#14682,(#14686,#14693),.PCURVE_S1.);
#14682 = LINE('',#14683,#14684);
#14683 = CARTESIAN_POINT('',(98.11,39.55,23.7));
#14684 = VECTOR('',#14685,1.);
#14685 = DIRECTION('',(0.,0.,1.));
#14686 = PCURVE('',#10849,#14687);
#14687 = DEFINITIONAL_REPRESENTATION('',(#14688),#14692);
#14688 = LINE('',#14689,#14690);
#14689 = CARTESIAN_POINT('',(0.,0.));
#14690 = VECTOR('',#14691,1.);
#14691 = DIRECTION('',(0.,1.));
#14692 = ( GEOMETRIC_REPRESENTATION_CONTEXT(2) 
PARAMETRIC_REPRESENTATION_CONTEXT() REPRESENTATION_CONTEXT('2D SPACE',''
  ) );
#14693 = PCURVE('',#10877,#14694);
#14694 = DEFINITIONAL_REPRESENTATION('',(#14695),#14699);
#14695 = LINE('',#14696,#14697);
#14696 = CARTESIAN_POINT('',(0.,-4.19));
#14697 = VECTOR('',#14698,1.);
#14698 = DIRECTION('',(1.,0.));
#14699 = ( GEOMETRIC_REPRESENTATION_CONTEXT(2) 
PARAMETRIC_REPRESENTATION_CONTEXT() REPRESENTATION_CONTEXT('2D SPACE',''
  ) );
#14700 = ORIENTED_EDGE('',*,*,#10830,.T.);
#14701 = ORIENTED_EDGE('',*,*,#14702,.T.);
#14702 = EDGE_CURVE('',#10833,#11329,#14703,.T.);
#14703 = SURFACE_CURVE('',#14704,(#14708,#14715),.PCURVE_S1.);
#14704 = LINE('',#14705,#14706);
#14705 = CARTESIAN_POINT('',(93.92,35.36,23.7));
#14706 = VECTOR('',#14707,1.);
#14707 = DIRECTION('',(0.,0.,1.));
#14708 = PCURVE('',#10849,#14709);
#14709 = DEFINITIONAL_REPRESENTATION('',(#14710),#14714);
#14710 = LINE('',#14711,#14712);
#14711 = CARTESIAN_POINT('',(1.570796326795,0.));
#14712 = VECTOR('',#14713,1.);
#14713 = DIRECTION('',(0.,1.));
#14714 = ( GEOMETRIC_REPRESENTATION_CONTEXT(2) 
PARAMETRIC_REPRESENTATION_CONTEXT() REPRESENTATION_CONTEXT('2D SPACE',''
  ) );
#14715 = PCURVE('',#11046,#14716);
#14716 = DEFINITIONAL_REPRESENTATION('',(#14717),#14721);
#14717 = LINE('',#14718,#14719);
#14718 = CARTESIAN_POINT('',(0.,4.19));
#14719 = VECTOR('',#14720,1.);
#14720 = DIRECTION('',(1.,0.));
#14721 = ( GEOMETRIC_REPRESENTATION_CONTEXT(2) 
PARAMETRIC_REPRESENTATION_CONTEXT() REPRESENTATION_CONTEXT('2D SPACE',''
  ) );
#14722 = ORIENTED_EDGE('',*,*,#11328,.F.);
#14723 = ADVANCED_FACE('',(#14724),#10877,.T.);
#14724 = FACE_BOUND('',#14725,.T.);
#14725 = EDGE_LOOP('',(#14726,#14727,#14728,#14729));
#14726 = ORIENTED_EDGE('',*,*,#11303,.F.);
#14727 = ORIENTED_EDGE('',*,*,#14680,.F.);
#14728 = ORIENTED_EDGE('',*,*,#10861,.T.);
#14729 = ORIENTED_EDGE('',*,*,#14730,.T.);
#14730 = EDGE_CURVE('',#10862,#11306,#14731,.T.);
#14731 = SURFACE_CURVE('',#14732,(#14736,#14743),.PCURVE_S1.);
#14732 = LINE('',#14733,#14734);
#14733 = CARTESIAN_POINT('',(104.875,39.55,23.7));
#14734 = VECTOR('',#14735,1.);
#14735 = DIRECTION('',(0.,0.,1.));
#14736 = PCURVE('',#10877,#14737);
#14737 = DEFINITIONAL_REPRESENTATION('',(#14738),#14742);
#14738 = LINE('',#14739,#14740);
#14739 = CARTESIAN_POINT('',(0.,-10.955));
#14740 = VECTOR('',#14741,1.);
#14741 = DIRECTION('',(1.,0.));
#14742 = ( GEOMETRIC_REPRESENTATION_CONTEXT(2) 
PARAMETRIC_REPRESENTATION_CONTEXT() REPRESENTATION_CONTEXT('2D SPACE',''
  ) );
#14743 = PCURVE('',#10906,#14744);
#14744 = DEFINITIONAL_REPRESENTATION('',(#14745),#14749);
#14745 = LINE('',#14746,#14747);
#14746 = CARTESIAN_POINT('',(-0.,0.));
#14747 = VECTOR('',#14748,1.);
#14748 = DIRECTION('',(-0.,1.));
#14749 = ( GEOMETRIC_REPRESENTATION_CONTEXT(2) 
PARAMETRIC_REPRESENTATION_CONTEXT() REPRESENTATION_CONTEXT('2D SPACE',''
  ) );
#14750 = ADVANCED_FACE('',(#14751),#11046,.T.);
#14751 = FACE_BOUND('',#14752,.T.);
#14752 = EDGE_LOOP('',(#14753,#14754,#14755,#14756));
#14753 = ORIENTED_EDGE('',*,*,#11032,.T.);
#14754 = ORIENTED_EDGE('',*,*,#14702,.T.);
#14755 = ORIENTED_EDGE('',*,*,#11352,.T.);
#14756 = ORIENTED_EDGE('',*,*,#14757,.F.);
#14757 = EDGE_CURVE('',#11004,#11353,#14758,.T.);
#14758 = SURFACE_CURVE('',#14759,(#14763,#14770),.PCURVE_S1.);
#14759 = LINE('',#14760,#14761);
#14760 = CARTESIAN_POINT('',(93.92,35.34,23.7));
#14761 = VECTOR('',#14762,1.);
#14762 = DIRECTION('',(0.,0.,1.));
#14763 = PCURVE('',#11046,#14764);
#14764 = DEFINITIONAL_REPRESENTATION('',(#14765),#14769);
#14765 = LINE('',#14766,#14767);
#14766 = CARTESIAN_POINT('',(0.,4.21));
#14767 = VECTOR('',#14768,1.);
#14768 = DIRECTION('',(1.,0.));
#14769 = ( GEOMETRIC_REPRESENTATION_CONTEXT(2) 
PARAMETRIC_REPRESENTATION_CONTEXT() REPRESENTATION_CONTEXT('2D SPACE',''
  ) );
#14770 = PCURVE('',#11020,#14771);
#14771 = DEFINITIONAL_REPRESENTATION('',(#14772),#14776);
#14772 = LINE('',#14773,#14774);
#14773 = CARTESIAN_POINT('',(-1.570796326795,0.));
#14774 = VECTOR('',#14775,1.);
#14775 = DIRECTION('',(-0.,1.));
#14776 = ( GEOMETRIC_REPRESENTATION_CONTEXT(2) 
PARAMETRIC_REPRESENTATION_CONTEXT() REPRESENTATION_CONTEXT('2D SPACE',''
  ) );
#14777 = ADVANCED_FACE('',(#14778),#10906,.F.);
#14778 = FACE_BOUND('',#14779,.T.);
#14779 = EDGE_LOOP('',(#14780,#14781,#14782,#14803));
#14780 = ORIENTED_EDGE('',*,*,#14730,.F.);
#14781 = ORIENTED_EDGE('',*,*,#10889,.F.);
#14782 = ORIENTED_EDGE('',*,*,#14783,.T.);
#14783 = EDGE_CURVE('',#10890,#11451,#14784,.T.);
#14784 = SURFACE_CURVE('',#14785,(#14789,#14796),.PCURVE_S1.);
#14785 = LINE('',#14786,#14787);
#14786 = CARTESIAN_POINT('',(109.065,35.36,23.7));
#14787 = VECTOR('',#14788,1.);
#14788 = DIRECTION('',(0.,0.,1.));
#14789 = PCURVE('',#10906,#14790);
#14790 = DEFINITIONAL_REPRESENTATION('',(#14791),#14795);
#14791 = LINE('',#14792,#14793);
#14792 = CARTESIAN_POINT('',(-1.570796326795,0.));
#14793 = VECTOR('',#14794,1.);
#14794 = DIRECTION('',(-0.,1.));
#14795 = ( GEOMETRIC_REPRESENTATION_CONTEXT(2) 
PARAMETRIC_REPRESENTATION_CONTEXT() REPRESENTATION_CONTEXT('2D SPACE',''
  ) );
#14796 = PCURVE('',#10934,#14797);
#14797 = DEFINITIONAL_REPRESENTATION('',(#14798),#14802);
#14798 = LINE('',#14799,#14800);
#14799 = CARTESIAN_POINT('',(0.,4.19));
#14800 = VECTOR('',#14801,1.);
#14801 = DIRECTION('',(1.,0.));
#14802 = ( GEOMETRIC_REPRESENTATION_CONTEXT(2) 
PARAMETRIC_REPRESENTATION_CONTEXT() REPRESENTATION_CONTEXT('2D SPACE',''
  ) );
#14803 = ORIENTED_EDGE('',*,*,#11473,.F.);
#14804 = ADVANCED_FACE('',(#14805),#11020,.F.);
#14805 = FACE_BOUND('',#14806,.T.);
#14806 = EDGE_LOOP('',(#14807,#14828,#14829,#14830));
#14807 = ORIENTED_EDGE('',*,*,#14808,.F.);
#14808 = EDGE_CURVE('',#10976,#11376,#14809,.T.);
#14809 = SURFACE_CURVE('',#14810,(#14814,#14821),.PCURVE_S1.);
#14810 = LINE('',#14811,#14812);
#14811 = CARTESIAN_POINT('',(98.11,31.15,23.7));
#14812 = VECTOR('',#14813,1.);
#14813 = DIRECTION('',(0.,0.,1.));
#14814 = PCURVE('',#11020,#14815);
#14815 = DEFINITIONAL_REPRESENTATION('',(#14816),#14820);
#14816 = LINE('',#14817,#14818);
#14817 = CARTESIAN_POINT('',(-0.,0.));
#14818 = VECTOR('',#14819,1.);
#14819 = DIRECTION('',(-0.,1.));
#14820 = ( GEOMETRIC_REPRESENTATION_CONTEXT(2) 
PARAMETRIC_REPRESENTATION_CONTEXT() REPRESENTATION_CONTEXT('2D SPACE',''
  ) );
#14821 = PCURVE('',#10991,#14822);
#14822 = DEFINITIONAL_REPRESENTATION('',(#14823),#14827);
#14823 = LINE('',#14824,#14825);
#14824 = CARTESIAN_POINT('',(0.,-4.19));
#14825 = VECTOR('',#14826,1.);
#14826 = DIRECTION('',(1.,0.));
#14827 = ( GEOMETRIC_REPRESENTATION_CONTEXT(2) 
PARAMETRIC_REPRESENTATION_CONTEXT() REPRESENTATION_CONTEXT('2D SPACE',''
  ) );
#14828 = ORIENTED_EDGE('',*,*,#11003,.F.);
#14829 = ORIENTED_EDGE('',*,*,#14757,.T.);
#14830 = ORIENTED_EDGE('',*,*,#11375,.F.);
#14831 = ADVANCED_FACE('',(#14832),#10934,.F.);
#14832 = FACE_BOUND('',#14833,.F.);
#14833 = EDGE_LOOP('',(#14834,#14835,#14836,#14837));
#14834 = ORIENTED_EDGE('',*,*,#10918,.T.);
#14835 = ORIENTED_EDGE('',*,*,#14783,.T.);
#14836 = ORIENTED_EDGE('',*,*,#11450,.T.);
#14837 = ORIENTED_EDGE('',*,*,#14838,.F.);
#14838 = EDGE_CURVE('',#10919,#11427,#14839,.T.);
#14839 = SURFACE_CURVE('',#14840,(#14844,#14851),.PCURVE_S1.);
#14840 = LINE('',#14841,#14842);
#14841 = CARTESIAN_POINT('',(109.065,35.34,23.7));
#14842 = VECTOR('',#14843,1.);
#14843 = DIRECTION('',(0.,0.,1.));
#14844 = PCURVE('',#10934,#14845);
#14845 = DEFINITIONAL_REPRESENTATION('',(#14846),#14850);
#14846 = LINE('',#14847,#14848);
#14847 = CARTESIAN_POINT('',(0.,4.21));
#14848 = VECTOR('',#14849,1.);
#14849 = DIRECTION('',(1.,0.));
#14850 = ( GEOMETRIC_REPRESENTATION_CONTEXT(2) 
PARAMETRIC_REPRESENTATION_CONTEXT() REPRESENTATION_CONTEXT('2D SPACE',''
  ) );
#14851 = PCURVE('',#10963,#14852);
#14852 = DEFINITIONAL_REPRESENTATION('',(#14853),#14857);
#14853 = LINE('',#14854,#14855);
#14854 = CARTESIAN_POINT('',(1.570796326795,0.));
#14855 = VECTOR('',#14856,1.);
#14856 = DIRECTION('',(0.,1.));
#14857 = ( GEOMETRIC_REPRESENTATION_CONTEXT(2) 
PARAMETRIC_REPRESENTATION_CONTEXT() REPRESENTATION_CONTEXT('2D SPACE',''
  ) );
#14858 = ADVANCED_FACE('',(#14859),#10991,.F.);
#14859 = FACE_BOUND('',#14860,.F.);
#14860 = EDGE_LOOP('',(#14861,#14862,#14863,#14864));
#14861 = ORIENTED_EDGE('',*,*,#11403,.F.);
#14862 = ORIENTED_EDGE('',*,*,#14808,.F.);
#14863 = ORIENTED_EDGE('',*,*,#10975,.T.);
#14864 = ORIENTED_EDGE('',*,*,#14865,.T.);
#14865 = EDGE_CURVE('',#10947,#11404,#14866,.T.);
#14866 = SURFACE_CURVE('',#14867,(#14871,#14878),.PCURVE_S1.);
#14867 = LINE('',#14868,#14869);
#14868 = CARTESIAN_POINT('',(104.875,31.15,23.7));
#14869 = VECTOR('',#14870,1.);
#14870 = DIRECTION('',(0.,0.,1.));
#14871 = PCURVE('',#10991,#14872);
#14872 = DEFINITIONAL_REPRESENTATION('',(#14873),#14877);
#14873 = LINE('',#14874,#14875);
#14874 = CARTESIAN_POINT('',(0.,-10.955));
#14875 = VECTOR('',#14876,1.);
#14876 = DIRECTION('',(1.,0.));
#14877 = ( GEOMETRIC_REPRESENTATION_CONTEXT(2) 
PARAMETRIC_REPRESENTATION_CONTEXT() REPRESENTATION_CONTEXT('2D SPACE',''
  ) );
#14878 = PCURVE('',#10963,#14879);
#14879 = DEFINITIONAL_REPRESENTATION('',(#14880),#14884);
#14880 = LINE('',#14881,#14882);
#14881 = CARTESIAN_POINT('',(0.,0.));
#14882 = VECTOR('',#14883,1.);
#14883 = DIRECTION('',(0.,1.));
#14884 = ( GEOMETRIC_REPRESENTATION_CONTEXT(2) 
PARAMETRIC_REPRESENTATION_CONTEXT() REPRESENTATION_CONTEXT('2D SPACE',''
  ) );
#14885 = ADVANCED_FACE('',(#14886),#10963,.F.);
#14886 = FACE_BOUND('',#14887,.F.);
#14887 = EDGE_LOOP('',(#14888,#14889,#14890,#14891));
#14888 = ORIENTED_EDGE('',*,*,#14865,.F.);
#14889 = ORIENTED_EDGE('',*,*,#10946,.T.);
#14890 = ORIENTED_EDGE('',*,*,#14838,.T.);
#14891 = ORIENTED_EDGE('',*,*,#11426,.F.);
#14892 = ADVANCED_FACE('',(#14893),#11078,.F.);
#14893 = FACE_BOUND('',#14894,.F.);
#14894 = EDGE_LOOP('',(#14895,#14918,#14946,#14967));
#14895 = ORIENTED_EDGE('',*,*,#14896,.F.);
#14896 = EDGE_CURVE('',#14897,#11061,#14899,.T.);
#14897 = VERTEX_POINT('',#14898);
#14898 = CARTESIAN_POINT('',(60.,0.8,16.3));
#14899 = SURFACE_CURVE('',#14900,(#14904,#14911),.PCURVE_S1.);
#14900 = LINE('',#14901,#14902);
#14901 = CARTESIAN_POINT('',(60.,0.8,16.3));
#14902 = VECTOR('',#14903,1.);
#14903 = DIRECTION('',(0.,0.,1.));
#14904 = PCURVE('',#11078,#14905);
#14905 = DEFINITIONAL_REPRESENTATION('',(#14906),#14910);
#14906 = LINE('',#14907,#14908);
#14907 = CARTESIAN_POINT('',(0.,2.8));
#14908 = VECTOR('',#14909,1.);
#14909 = DIRECTION('',(1.,0.));
#14910 = ( GEOMETRIC_REPRESENTATION_CONTEXT(2) 
PARAMETRIC_REPRESENTATION_CONTEXT() REPRESENTATION_CONTEXT('2D SPACE',''
  ) );
#14911 = PCURVE('',#11160,#14912);
#14912 = DEFINITIONAL_REPRESENTATION('',(#14913),#14917);
#14913 = LINE('',#14914,#14915);
#14914 = CARTESIAN_POINT('',(0.,0.));
#14915 = VECTOR('',#14916,1.);
#14916 = DIRECTION('',(1.,0.));
#14917 = ( GEOMETRIC_REPRESENTATION_CONTEXT(2) 
PARAMETRIC_REPRESENTATION_CONTEXT() REPRESENTATION_CONTEXT('2D SPACE',''
  ) );
#14918 = ORIENTED_EDGE('',*,*,#14919,.F.);
#14919 = EDGE_CURVE('',#14920,#14897,#14922,.T.);
#14920 = VERTEX_POINT('',#14921);
#14921 = CARTESIAN_POINT('',(60.,3.6,16.3));
#14922 = SURFACE_CURVE('',#14923,(#14927,#14934),.PCURVE_S1.);
#14923 = LINE('',#14924,#14925);
#14924 = CARTESIAN_POINT('',(60.,3.6,16.3));
#14925 = VECTOR('',#14926,1.);
#14926 = DIRECTION('',(1.110223024625E-16,-1.,0.));
#14927 = PCURVE('',#11078,#14928);
#14928 = DEFINITIONAL_REPRESENTATION('',(#14929),#14933);
#14929 = LINE('',#14930,#14931);
#14930 = CARTESIAN_POINT('',(0.,0.));
#14931 = VECTOR('',#14932,1.);
#14932 = DIRECTION('',(0.,1.));
#14933 = ( GEOMETRIC_REPRESENTATION_CONTEXT(2) 
PARAMETRIC_REPRESENTATION_CONTEXT() REPRESENTATION_CONTEXT('2D SPACE',''
  ) );
#14934 = PCURVE('',#14935,#14940);
#14935 = PLANE('',#14936);
#14936 = AXIS2_PLACEMENT_3D('',#14937,#14938,#14939);
#14937 = CARTESIAN_POINT('',(60.,3.6,16.3));
#14938 = DIRECTION('',(0.,0.,1.));
#14939 = DIRECTION('',(1.110223024625E-16,-1.,0.));
#14940 = DEFINITIONAL_REPRESENTATION('',(#14941),#14945);
#14941 = LINE('',#14942,#14943);
#14942 = CARTESIAN_POINT('',(0.,0.));
#14943 = VECTOR('',#14944,1.);
#14944 = DIRECTION('',(1.,0.));
#14945 = ( GEOMETRIC_REPRESENTATION_CONTEXT(2) 
PARAMETRIC_REPRESENTATION_CONTEXT() REPRESENTATION_CONTEXT('2D SPACE',''
  ) );
#14946 = ORIENTED_EDGE('',*,*,#14947,.T.);
#14947 = EDGE_CURVE('',#14920,#11063,#14948,.T.);
#14948 = SURFACE_CURVE('',#14949,(#14953,#14960),.PCURVE_S1.);
#14949 = LINE('',#14950,#14951);
#14950 = CARTESIAN_POINT('',(60.,3.6,16.3));
#14951 = VECTOR('',#14952,1.);
#14952 = DIRECTION('',(0.,0.,1.));
#14953 = PCURVE('',#11078,#14954);
#14954 = DEFINITIONAL_REPRESENTATION('',(#14955),#14959);
#14955 = LINE('',#14956,#14957);
#14956 = CARTESIAN_POINT('',(0.,0.));
#14957 = VECTOR('',#14958,1.);
#14958 = DIRECTION('',(1.,0.));
#14959 = ( GEOMETRIC_REPRESENTATION_CONTEXT(2) 
PARAMETRIC_REPRESENTATION_CONTEXT() REPRESENTATION_CONTEXT('2D SPACE',''
  ) );
#14960 = PCURVE('',#11106,#14961);
#14961 = DEFINITIONAL_REPRESENTATION('',(#14962),#14966);
#14962 = LINE('',#14963,#14964);
#14963 = CARTESIAN_POINT('',(0.,0.));
#14964 = VECTOR('',#14965,1.);
#14965 = DIRECTION('',(1.,0.));
#14966 = ( GEOMETRIC_REPRESENTATION_CONTEXT(2) 
PARAMETRIC_REPRESENTATION_CONTEXT() REPRESENTATION_CONTEXT('2D SPACE',''
  ) );
#14967 = ORIENTED_EDGE('',*,*,#11060,.F.);
#14968 = ADVANCED_FACE('',(#14969),#11160,.T.);
#14969 = FACE_BOUND('',#14970,.T.);
#14970 = EDGE_LOOP('',(#14971,#14972,#14995,#15016));
#14971 = ORIENTED_EDGE('',*,*,#14896,.F.);
#14972 = ORIENTED_EDGE('',*,*,#14973,.T.);
#14973 = EDGE_CURVE('',#14897,#14974,#14976,.T.);
#14974 = VERTEX_POINT('',#14975);
#14975 = CARTESIAN_POINT('',(67.,0.8,16.3));
#14976 = SURFACE_CURVE('',#14977,(#14981,#14988),.PCURVE_S1.);
#14977 = LINE('',#14978,#14979);
#14978 = CARTESIAN_POINT('',(60.,0.8,16.3));
#14979 = VECTOR('',#14980,1.);
#14980 = DIRECTION('',(1.,1.110223024625E-16,0.));
#14981 = PCURVE('',#11160,#14982);
#14982 = DEFINITIONAL_REPRESENTATION('',(#14983),#14987);
#14983 = LINE('',#14984,#14985);
#14984 = CARTESIAN_POINT('',(0.,0.));
#14985 = VECTOR('',#14986,1.);
#14986 = DIRECTION('',(0.,-1.));
#14987 = ( GEOMETRIC_REPRESENTATION_CONTEXT(2) 
PARAMETRIC_REPRESENTATION_CONTEXT() REPRESENTATION_CONTEXT('2D SPACE',''
  ) );
#14988 = PCURVE('',#14935,#14989);
#14989 = DEFINITIONAL_REPRESENTATION('',(#14990),#14994);
#14990 = LINE('',#14991,#14992);
#14991 = CARTESIAN_POINT('',(2.8,-3.10862446895E-16));
#14992 = VECTOR('',#14993,1.);
#14993 = DIRECTION('',(0.,1.));
#14994 = ( GEOMETRIC_REPRESENTATION_CONTEXT(2) 
PARAMETRIC_REPRESENTATION_CONTEXT() REPRESENTATION_CONTEXT('2D SPACE',''
  ) );
#14995 = ORIENTED_EDGE('',*,*,#14996,.T.);
#14996 = EDGE_CURVE('',#14974,#11119,#14997,.T.);
#14997 = SURFACE_CURVE('',#14998,(#15002,#15009),.PCURVE_S1.);
#14998 = LINE('',#14999,#15000);
#14999 = CARTESIAN_POINT('',(67.,0.8,16.3));
#15000 = VECTOR('',#15001,1.);
#15001 = DIRECTION('',(0.,0.,1.));
#15002 = PCURVE('',#11160,#15003);
#15003 = DEFINITIONAL_REPRESENTATION('',(#15004),#15008);
#15004 = LINE('',#15005,#15006);
#15005 = CARTESIAN_POINT('',(0.,-7.));
#15006 = VECTOR('',#15007,1.);
#15007 = DIRECTION('',(1.,0.));
#15008 = ( GEOMETRIC_REPRESENTATION_CONTEXT(2) 
PARAMETRIC_REPRESENTATION_CONTEXT() REPRESENTATION_CONTEXT('2D SPACE',''
  ) );
#15009 = PCURVE('',#11134,#15010);
#15010 = DEFINITIONAL_REPRESENTATION('',(#15011),#15015);
#15011 = LINE('',#15012,#15013);
#15012 = CARTESIAN_POINT('',(0.,2.8));
#15013 = VECTOR('',#15014,1.);
#15014 = DIRECTION('',(1.,0.));
#15015 = ( GEOMETRIC_REPRESENTATION_CONTEXT(2) 
PARAMETRIC_REPRESENTATION_CONTEXT() REPRESENTATION_CONTEXT('2D SPACE',''
  ) );
#15016 = ORIENTED_EDGE('',*,*,#11146,.F.);
#15017 = ADVANCED_FACE('',(#15018),#11106,.F.);
#15018 = FACE_BOUND('',#15019,.F.);
#15019 = EDGE_LOOP('',(#15020,#15021,#15044,#15065));
#15020 = ORIENTED_EDGE('',*,*,#14947,.F.);
#15021 = ORIENTED_EDGE('',*,*,#15022,.T.);
#15022 = EDGE_CURVE('',#14920,#15023,#15025,.T.);
#15023 = VERTEX_POINT('',#15024);
#15024 = CARTESIAN_POINT('',(67.,3.6,16.3));
#15025 = SURFACE_CURVE('',#15026,(#15030,#15037),.PCURVE_S1.);
#15026 = LINE('',#15027,#15028);
#15027 = CARTESIAN_POINT('',(60.,3.6,16.3));
#15028 = VECTOR('',#15029,1.);
#15029 = DIRECTION('',(1.,1.110223024625E-16,0.));
#15030 = PCURVE('',#11106,#15031);
#15031 = DEFINITIONAL_REPRESENTATION('',(#15032),#15036);
#15032 = LINE('',#15033,#15034);
#15033 = CARTESIAN_POINT('',(0.,0.));
#15034 = VECTOR('',#15035,1.);
#15035 = DIRECTION('',(0.,-1.));
#15036 = ( GEOMETRIC_REPRESENTATION_CONTEXT(2) 
PARAMETRIC_REPRESENTATION_CONTEXT() REPRESENTATION_CONTEXT('2D SPACE',''
  ) );
#15037 = PCURVE('',#14935,#15038);
#15038 = DEFINITIONAL_REPRESENTATION('',(#15039),#15043);
#15039 = LINE('',#15040,#15041);
#15040 = CARTESIAN_POINT('',(0.,0.));
#15041 = VECTOR('',#15042,1.);
#15042 = DIRECTION('',(0.,1.));
#15043 = ( GEOMETRIC_REPRESENTATION_CONTEXT(2) 
PARAMETRIC_REPRESENTATION_CONTEXT() REPRESENTATION_CONTEXT('2D SPACE',''
  ) );
#15044 = ORIENTED_EDGE('',*,*,#15045,.T.);
#15045 = EDGE_CURVE('',#15023,#11091,#15046,.T.);
#15046 = SURFACE_CURVE('',#15047,(#15051,#15058),.PCURVE_S1.);
#15047 = LINE('',#15048,#15049);
#15048 = CARTESIAN_POINT('',(67.,3.6,16.3));
#15049 = VECTOR('',#15050,1.);
#15050 = DIRECTION('',(0.,0.,1.));
#15051 = PCURVE('',#11106,#15052);
#15052 = DEFINITIONAL_REPRESENTATION('',(#15053),#15057);
#15053 = LINE('',#15054,#15055);
#15054 = CARTESIAN_POINT('',(0.,-7.));
#15055 = VECTOR('',#15056,1.);
#15056 = DIRECTION('',(1.,0.));
#15057 = ( GEOMETRIC_REPRESENTATION_CONTEXT(2) 
PARAMETRIC_REPRESENTATION_CONTEXT() REPRESENTATION_CONTEXT('2D SPACE',''
  ) );
#15058 = PCURVE('',#11134,#15059);
#15059 = DEFINITIONAL_REPRESENTATION('',(#15060),#15064);
#15060 = LINE('',#15061,#15062);
#15061 = CARTESIAN_POINT('',(0.,0.));
#15062 = VECTOR('',#15063,1.);
#15063 = DIRECTION('',(1.,0.));
#15064 = ( GEOMETRIC_REPRESENTATION_CONTEXT(2) 
PARAMETRIC_REPRESENTATION_CONTEXT() REPRESENTATION_CONTEXT('2D SPACE',''
  ) );
#15065 = ORIENTED_EDGE('',*,*,#11090,.F.);
#15066 = ADVANCED_FACE('',(#15067),#11134,.T.);
#15067 = FACE_BOUND('',#15068,.T.);
#15068 = EDGE_LOOP('',(#15069,#15070,#15091,#15092));
#15069 = ORIENTED_EDGE('',*,*,#14996,.F.);
#15070 = ORIENTED_EDGE('',*,*,#15071,.F.);
#15071 = EDGE_CURVE('',#15023,#14974,#15072,.T.);
#15072 = SURFACE_CURVE('',#15073,(#15077,#15084),.PCURVE_S1.);
#15073 = LINE('',#15074,#15075);
#15074 = CARTESIAN_POINT('',(67.,3.6,16.3));
#15075 = VECTOR('',#15076,1.);
#15076 = DIRECTION('',(1.110223024625E-16,-1.,0.));
#15077 = PCURVE('',#11134,#15078);
#15078 = DEFINITIONAL_REPRESENTATION('',(#15079),#15083);
#15079 = LINE('',#15080,#15081);
#15080 = CARTESIAN_POINT('',(0.,0.));
#15081 = VECTOR('',#15082,1.);
#15082 = DIRECTION('',(0.,1.));
#15083 = ( GEOMETRIC_REPRESENTATION_CONTEXT(2) 
PARAMETRIC_REPRESENTATION_CONTEXT() REPRESENTATION_CONTEXT('2D SPACE',''
  ) );
#15084 = PCURVE('',#14935,#15085);
#15085 = DEFINITIONAL_REPRESENTATION('',(#15086),#15090);
#15086 = LINE('',#15087,#15088);
#15087 = CARTESIAN_POINT('',(-1.110223024625E-16,7.));
#15088 = VECTOR('',#15089,1.);
#15089 = DIRECTION('',(1.,0.));
#15090 = ( GEOMETRIC_REPRESENTATION_CONTEXT(2) 
PARAMETRIC_REPRESENTATION_CONTEXT() REPRESENTATION_CONTEXT('2D SPACE',''
  ) );
#15091 = ORIENTED_EDGE('',*,*,#15045,.T.);
#15092 = ORIENTED_EDGE('',*,*,#11118,.F.);
#15093 = ADVANCED_FACE('',(#15094),#11192,.F.);
#15094 = FACE_BOUND('',#15095,.F.);
#15095 = EDGE_LOOP('',(#15096,#15119,#15147,#15168));
#15096 = ORIENTED_EDGE('',*,*,#15097,.F.);
#15097 = EDGE_CURVE('',#15098,#11175,#15100,.T.);
#15098 = VERTEX_POINT('',#15099);
#15099 = CARTESIAN_POINT('',(111.,0.8,16.3));
#15100 = SURFACE_CURVE('',#15101,(#15105,#15112),.PCURVE_S1.);
#15101 = LINE('',#15102,#15103);
#15102 = CARTESIAN_POINT('',(111.,0.8,16.3));
#15103 = VECTOR('',#15104,1.);
#15104 = DIRECTION('',(0.,0.,1.));
#15105 = PCURVE('',#11192,#15106);
#15106 = DEFINITIONAL_REPRESENTATION('',(#15107),#15111);
#15107 = LINE('',#15108,#15109);
#15108 = CARTESIAN_POINT('',(0.,2.8));
#15109 = VECTOR('',#15110,1.);
#15110 = DIRECTION('',(1.,0.));
#15111 = ( GEOMETRIC_REPRESENTATION_CONTEXT(2) 
PARAMETRIC_REPRESENTATION_CONTEXT() REPRESENTATION_CONTEXT('2D SPACE',''
  ) );
#15112 = PCURVE('',#11274,#15113);
#15113 = DEFINITIONAL_REPRESENTATION('',(#15114),#15118);
#15114 = LINE('',#15115,#15116);
#15115 = CARTESIAN_POINT('',(0.,0.));
#15116 = VECTOR('',#15117,1.);
#15117 = DIRECTION('',(1.,0.));
#15118 = ( GEOMETRIC_REPRESENTATION_CONTEXT(2) 
PARAMETRIC_REPRESENTATION_CONTEXT() REPRESENTATION_CONTEXT('2D SPACE',''
  ) );
#15119 = ORIENTED_EDGE('',*,*,#15120,.F.);
#15120 = EDGE_CURVE('',#15121,#15098,#15123,.T.);
#15121 = VERTEX_POINT('',#15122);
#15122 = CARTESIAN_POINT('',(111.,3.6,16.3));
#15123 = SURFACE_CURVE('',#15124,(#15128,#15135),.PCURVE_S1.);
#15124 = LINE('',#15125,#15126);
#15125 = CARTESIAN_POINT('',(111.,3.6,16.3));
#15126 = VECTOR('',#15127,1.);
#15127 = DIRECTION('',(1.110223024625E-16,-1.,0.));
#15128 = PCURVE('',#11192,#15129);
#15129 = DEFINITIONAL_REPRESENTATION('',(#15130),#15134);
#15130 = LINE('',#15131,#15132);
#15131 = CARTESIAN_POINT('',(0.,0.));
#15132 = VECTOR('',#15133,1.);
#15133 = DIRECTION('',(0.,1.));
#15134 = ( GEOMETRIC_REPRESENTATION_CONTEXT(2) 
PARAMETRIC_REPRESENTATION_CONTEXT() REPRESENTATION_CONTEXT('2D SPACE',''
  ) );
#15135 = PCURVE('',#15136,#15141);
#15136 = PLANE('',#15137);
#15137 = AXIS2_PLACEMENT_3D('',#15138,#15139,#15140);
#15138 = CARTESIAN_POINT('',(111.,3.6,16.3));
#15139 = DIRECTION('',(0.,0.,1.));
#15140 = DIRECTION('',(1.110223024625E-16,-1.,0.));
#15141 = DEFINITIONAL_REPRESENTATION('',(#15142),#15146);
#15142 = LINE('',#15143,#15144);
#15143 = CARTESIAN_POINT('',(0.,0.));
#15144 = VECTOR('',#15145,1.);
#15145 = DIRECTION('',(1.,0.));
#15146 = ( GEOMETRIC_REPRESENTATION_CONTEXT(2) 
PARAMETRIC_REPRESENTATION_CONTEXT() REPRESENTATION_CONTEXT('2D SPACE',''
  ) );
#15147 = ORIENTED_EDGE('',*,*,#15148,.T.);
#15148 = EDGE_CURVE('',#15121,#11177,#15149,.T.);
#15149 = SURFACE_CURVE('',#15150,(#15154,#15161),.PCURVE_S1.);
#15150 = LINE('',#15151,#15152);
#15151 = CARTESIAN_POINT('',(111.,3.6,16.3));
#15152 = VECTOR('',#15153,1.);
#15153 = DIRECTION('',(0.,0.,1.));
#15154 = PCURVE('',#11192,#15155);
#15155 = DEFINITIONAL_REPRESENTATION('',(#15156),#15160);
#15156 = LINE('',#15157,#15158);
#15157 = CARTESIAN_POINT('',(0.,0.));
#15158 = VECTOR('',#15159,1.);
#15159 = DIRECTION('',(1.,0.));
#15160 = ( GEOMETRIC_REPRESENTATION_CONTEXT(2) 
PARAMETRIC_REPRESENTATION_CONTEXT() REPRESENTATION_CONTEXT('2D SPACE',''
  ) );
#15161 = PCURVE('',#11220,#15162);
#15162 = DEFINITIONAL_REPRESENTATION('',(#15163),#15167);
#15163 = LINE('',#15164,#15165);
#15164 = CARTESIAN_POINT('',(0.,0.));
#15165 = VECTOR('',#15166,1.);
#15166 = DIRECTION('',(1.,0.));
#15167 = ( GEOMETRIC_REPRESENTATION_CONTEXT(2) 
PARAMETRIC_REPRESENTATION_CONTEXT() REPRESENTATION_CONTEXT('2D SPACE',''
  ) );
#15168 = ORIENTED_EDGE('',*,*,#11174,.F.);
#15169 = ADVANCED_FACE('',(#15170),#11274,.T.);
#15170 = FACE_BOUND('',#15171,.T.);
#15171 = EDGE_LOOP('',(#15172,#15173,#15196,#15217));
#15172 = ORIENTED_EDGE('',*,*,#15097,.F.);
#15173 = ORIENTED_EDGE('',*,*,#15174,.T.);
#15174 = EDGE_CURVE('',#15098,#15175,#15177,.T.);
#15175 = VERTEX_POINT('',#15176);
#15176 = CARTESIAN_POINT('',(118.,0.8,16.3));
#15177 = SURFACE_CURVE('',#15178,(#15182,#15189),.PCURVE_S1.);
#15178 = LINE('',#15179,#15180);
#15179 = CARTESIAN_POINT('',(111.,0.8,16.3));
#15180 = VECTOR('',#15181,1.);
#15181 = DIRECTION('',(1.,1.110223024625E-16,0.));
#15182 = PCURVE('',#11274,#15183);
#15183 = DEFINITIONAL_REPRESENTATION('',(#15184),#15188);
#15184 = LINE('',#15185,#15186);
#15185 = CARTESIAN_POINT('',(0.,0.));
#15186 = VECTOR('',#15187,1.);
#15187 = DIRECTION('',(0.,-1.));
#15188 = ( GEOMETRIC_REPRESENTATION_CONTEXT(2) 
PARAMETRIC_REPRESENTATION_CONTEXT() REPRESENTATION_CONTEXT('2D SPACE',''
  ) );
#15189 = PCURVE('',#15136,#15190);
#15190 = DEFINITIONAL_REPRESENTATION('',(#15191),#15195);
#15191 = LINE('',#15192,#15193);
#15192 = CARTESIAN_POINT('',(2.8,-3.10862446895E-16));
#15193 = VECTOR('',#15194,1.);
#15194 = DIRECTION('',(0.,1.));
#15195 = ( GEOMETRIC_REPRESENTATION_CONTEXT(2) 
PARAMETRIC_REPRESENTATION_CONTEXT() REPRESENTATION_CONTEXT('2D SPACE',''
  ) );
#15196 = ORIENTED_EDGE('',*,*,#15197,.T.);
#15197 = EDGE_CURVE('',#15175,#11233,#15198,.T.);
#15198 = SURFACE_CURVE('',#15199,(#15203,#15210),.PCURVE_S1.);
#15199 = LINE('',#15200,#15201);
#15200 = CARTESIAN_POINT('',(118.,0.8,16.3));
#15201 = VECTOR('',#15202,1.);
#15202 = DIRECTION('',(0.,0.,1.));
#15203 = PCURVE('',#11274,#15204);
#15204 = DEFINITIONAL_REPRESENTATION('',(#15205),#15209);
#15205 = LINE('',#15206,#15207);
#15206 = CARTESIAN_POINT('',(0.,-7.));
#15207 = VECTOR('',#15208,1.);
#15208 = DIRECTION('',(1.,0.));
#15209 = ( GEOMETRIC_REPRESENTATION_CONTEXT(2) 
PARAMETRIC_REPRESENTATION_CONTEXT() REPRESENTATION_CONTEXT('2D SPACE',''
  ) );
#15210 = PCURVE('',#11248,#15211);
#15211 = DEFINITIONAL_REPRESENTATION('',(#15212),#15216);
#15212 = LINE('',#15213,#15214);
#15213 = CARTESIAN_POINT('',(0.,2.8));
#15214 = VECTOR('',#15215,1.);
#15215 = DIRECTION('',(1.,0.));
#15216 = ( GEOMETRIC_REPRESENTATION_CONTEXT(2) 
PARAMETRIC_REPRESENTATION_CONTEXT() REPRESENTATION_CONTEXT('2D SPACE',''
  ) );
#15217 = ORIENTED_EDGE('',*,*,#11260,.F.);
#15218 = ADVANCED_FACE('',(#15219),#11220,.F.);
#15219 = FACE_BOUND('',#15220,.F.);
#15220 = EDGE_LOOP('',(#15221,#15222,#15245,#15266));
#15221 = ORIENTED_EDGE('',*,*,#15148,.F.);
#15222 = ORIENTED_EDGE('',*,*,#15223,.T.);
#15223 = EDGE_CURVE('',#15121,#15224,#15226,.T.);
#15224 = VERTEX_POINT('',#15225);
#15225 = CARTESIAN_POINT('',(118.,3.6,16.3));
#15226 = SURFACE_CURVE('',#15227,(#15231,#15238),.PCURVE_S1.);
#15227 = LINE('',#15228,#15229);
#15228 = CARTESIAN_POINT('',(111.,3.6,16.3));
#15229 = VECTOR('',#15230,1.);
#15230 = DIRECTION('',(1.,1.110223024625E-16,0.));
#15231 = PCURVE('',#11220,#15232);
#15232 = DEFINITIONAL_REPRESENTATION('',(#15233),#15237);
#15233 = LINE('',#15234,#15235);
#15234 = CARTESIAN_POINT('',(0.,0.));
#15235 = VECTOR('',#15236,1.);
#15236 = DIRECTION('',(0.,-1.));
#15237 = ( GEOMETRIC_REPRESENTATION_CONTEXT(2) 
PARAMETRIC_REPRESENTATION_CONTEXT() REPRESENTATION_CONTEXT('2D SPACE',''
  ) );
#15238 = PCURVE('',#15136,#15239);
#15239 = DEFINITIONAL_REPRESENTATION('',(#15240),#15244);
#15240 = LINE('',#15241,#15242);
#15241 = CARTESIAN_POINT('',(0.,0.));
#15242 = VECTOR('',#15243,1.);
#15243 = DIRECTION('',(0.,1.));
#15244 = ( GEOMETRIC_REPRESENTATION_CONTEXT(2) 
PARAMETRIC_REPRESENTATION_CONTEXT() REPRESENTATION_CONTEXT('2D SPACE',''
  ) );
#15245 = ORIENTED_EDGE('',*,*,#15246,.T.);
#15246 = EDGE_CURVE('',#15224,#11205,#15247,.T.);
#15247 = SURFACE_CURVE('',#15248,(#15252,#15259),.PCURVE_S1.);
#15248 = LINE('',#15249,#15250);
#15249 = CARTESIAN_POINT('',(118.,3.6,16.3));
#15250 = VECTOR('',#15251,1.);
#15251 = DIRECTION('',(0.,0.,1.));
#15252 = PCURVE('',#11220,#15253);
#15253 = DEFINITIONAL_REPRESENTATION('',(#15254),#15258);
#15254 = LINE('',#15255,#15256);
#15255 = CARTESIAN_POINT('',(0.,-7.));
#15256 = VECTOR('',#15257,1.);
#15257 = DIRECTION('',(1.,0.));
#15258 = ( GEOMETRIC_REPRESENTATION_CONTEXT(2) 
PARAMETRIC_REPRESENTATION_CONTEXT() REPRESENTATION_CONTEXT('2D SPACE',''
  ) );
#15259 = PCURVE('',#11248,#15260);
#15260 = DEFINITIONAL_REPRESENTATION('',(#15261),#15265);
#15261 = LINE('',#15262,#15263);
#15262 = CARTESIAN_POINT('',(0.,0.));
#15263 = VECTOR('',#15264,1.);
#15264 = DIRECTION('',(1.,0.));
#15265 = ( GEOMETRIC_REPRESENTATION_CONTEXT(2) 
PARAMETRIC_REPRESENTATION_CONTEXT() REPRESENTATION_CONTEXT('2D SPACE',''
  ) );
#15266 = ORIENTED_EDGE('',*,*,#11204,.F.);
#15267 = ADVANCED_FACE('',(#15268),#11248,.T.);
#15268 = FACE_BOUND('',#15269,.T.);
#15269 = EDGE_LOOP('',(#15270,#15271,#15292,#15293));
#15270 = ORIENTED_EDGE('',*,*,#15197,.F.);
#15271 = ORIENTED_EDGE('',*,*,#15272,.F.);
#15272 = EDGE_CURVE('',#15224,#15175,#15273,.T.);
#15273 = SURFACE_CURVE('',#15274,(#15278,#15285),.PCURVE_S1.);
#15274 = LINE('',#15275,#15276);
#15275 = CARTESIAN_POINT('',(118.,3.6,16.3));
#15276 = VECTOR('',#15277,1.);
#15277 = DIRECTION('',(1.110223024625E-16,-1.,0.));
#15278 = PCURVE('',#11248,#15279);
#15279 = DEFINITIONAL_REPRESENTATION('',(#15280),#15284);
#15280 = LINE('',#15281,#15282);
#15281 = CARTESIAN_POINT('',(0.,0.));
#15282 = VECTOR('',#15283,1.);
#15283 = DIRECTION('',(0.,1.));
#15284 = ( GEOMETRIC_REPRESENTATION_CONTEXT(2) 
PARAMETRIC_REPRESENTATION_CONTEXT() REPRESENTATION_CONTEXT('2D SPACE',''
  ) );
#15285 = PCURVE('',#15136,#15286);
#15286 = DEFINITIONAL_REPRESENTATION('',(#15287),#15291);
#15287 = LINE('',#15288,#15289);
#15288 = CARTESIAN_POINT('',(-1.110223024625E-16,7.));
#15289 = VECTOR('',#15290,1.);
#15290 = DIRECTION('',(1.,0.));
#15291 = ( GEOMETRIC_REPRESENTATION_CONTEXT(2) 
PARAMETRIC_REPRESENTATION_CONTEXT() REPRESENTATION_CONTEXT('2D SPACE',''
  ) );
#15292 = ORIENTED_EDGE('',*,*,#15246,.T.);
#15293 = ORIENTED_EDGE('',*,*,#11232,.F.);
#15294 = ADVANCED_FACE('',(#15295),#11907,.F.);
#15295 = FACE_BOUND('',#15296,.F.);
#15296 = EDGE_LOOP('',(#15297,#15327,#15356,#15357,#15358));
#15297 = ORIENTED_EDGE('',*,*,#15298,.T.);
#15298 = EDGE_CURVE('',#15299,#15301,#15303,.T.);
#15299 = VERTEX_POINT('',#15300);
#15300 = CARTESIAN_POINT('',(48.5,67.715823817292,19.5));
#15301 = VERTEX_POINT('',#15302);
#15302 = CARTESIAN_POINT('',(23.4,68.534747145188,19.5));
#15303 = SURFACE_CURVE('',#15304,(#15308,#15315),.PCURVE_S1.);
#15304 = LINE('',#15305,#15306);
#15305 = CARTESIAN_POINT('',(52.05,67.6,19.5));
#15306 = VECTOR('',#15307,1.);
#15307 = DIRECTION('',(-0.999468182663,3.260907610646E-02,0.));
#15308 = PCURVE('',#11907,#15309);
#15309 = DEFINITIONAL_REPRESENTATION('',(#15310),#15314);
#15310 = LINE('',#15311,#15312);
#15311 = CARTESIAN_POINT('',(0.,-1.6));
#15312 = VECTOR('',#15313,1.);
#15313 = DIRECTION('',(1.,-0.));
#15314 = ( GEOMETRIC_REPRESENTATION_CONTEXT(2) 
PARAMETRIC_REPRESENTATION_CONTEXT() REPRESENTATION_CONTEXT('2D SPACE',''
  ) );
#15315 = PCURVE('',#15316,#15321);
#15316 = PLANE('',#15317);
#15317 = AXIS2_PLACEMENT_3D('',#15318,#15319,#15320);
#15318 = CARTESIAN_POINT('',(36.318137728176,64.6,19.5));
#15319 = DIRECTION('',(0.,0.,1.));
#15320 = DIRECTION('',(1.110223024625E-16,-1.,0.));
#15321 = DEFINITIONAL_REPRESENTATION('',(#15322),#15326);
#15322 = LINE('',#15323,#15324);
#15323 = CARTESIAN_POINT('',(-3.,15.731862271824));
#15324 = VECTOR('',#15325,1.);
#15325 = DIRECTION('',(-3.260907610646E-02,-0.999468182663));
#15326 = ( GEOMETRIC_REPRESENTATION_CONTEXT(2) 
PARAMETRIC_REPRESENTATION_CONTEXT() REPRESENTATION_CONTEXT('2D SPACE',''
  ) );
#15327 = ORIENTED_EDGE('',*,*,#15328,.T.);
#15328 = EDGE_CURVE('',#15301,#13861,#15329,.T.);
#15329 = SURFACE_CURVE('',#15330,(#15335,#15346),.PCURVE_S1.);
#15330 = ELLIPSE('',#15331,1.200638520381,1.2);
#15331 = AXIS2_PLACEMENT_3D('',#15332,#15333,#15334);
#15332 = CARTESIAN_POINT('',(23.4,68.534747145188,20.7));
#15333 = DIRECTION('',(3.260907610646E-02,0.999468182663,0.));
#15334 = DIRECTION('',(0.999468182663,-3.260907610646E-02,0.));
#15335 = PCURVE('',#11907,#15336);
#15336 = DEFINITIONAL_REPRESENTATION('',(#15337),#15345);
#15337 = ( BOUNDED_CURVE() B_SPLINE_CURVE(2,(#15338,#15339,#15340,#15341
    ,#15342,#15343,#15344),.UNSPECIFIED.,.T.,.F.) 
B_SPLINE_CURVE_WITH_KNOTS((1,2,2,2,2,1),(-2.094395102393,0.,
    2.094395102393,4.188790204786,6.28318530718,8.377580409573),
.UNSPECIFIED.) CURVE() GEOMETRIC_REPRESENTATION_ITEM() 
RATIONAL_B_SPLINE_CURVE((1.,0.5,1.,0.5,1.,0.5,1.)) REPRESENTATION_ITEM(
  '') );
#15338 = CARTESIAN_POINT('',(27.464606153709,-2.8));
#15339 = CARTESIAN_POINT('',(27.464606153709,-0.721539030917));
#15340 = CARTESIAN_POINT('',(29.26556393428,-1.760769515459));
#15341 = CARTESIAN_POINT('',(31.066521714851,-2.8));
#15342 = CARTESIAN_POINT('',(29.26556393428,-3.839230484541));
#15343 = CARTESIAN_POINT('',(27.464606153709,-4.878460969083));
#15344 = CARTESIAN_POINT('',(27.464606153709,-2.8));
#15345 = ( GEOMETRIC_REPRESENTATION_CONTEXT(2) 
PARAMETRIC_REPRESENTATION_CONTEXT() REPRESENTATION_CONTEXT('2D SPACE',''
  ) );
#15346 = PCURVE('',#14026,#15347);
#15347 = DEFINITIONAL_REPRESENTATION('',(#15348),#15355);
#15348 = B_SPLINE_CURVE_WITH_KNOTS('',5,(#15349,#15350,#15351,#15352,
    #15353,#15354),.UNSPECIFIED.,.F.,.F.,(6,6),(1.570796326795,
    3.14159265359),.PIECEWISE_BEZIER_KNOTS.);
#15349 = CARTESIAN_POINT('',(1.110223024625E-16,3.915171288744E-02));
#15350 = CARTESIAN_POINT('',(-0.314159265359,2.685183952918E-02));
#15351 = CARTESIAN_POINT('',(-0.628318516318,1.454083429581E-02));
#15352 = CARTESIAN_POINT('',(-0.942477829782,4.816843429292E-03));
#15353 = CARTESIAN_POINT('',(-1.256637061436,2.102766291572E-17));
#15354 = CARTESIAN_POINT('',(-1.570796326795,0.));
#15355 = ( GEOMETRIC_REPRESENTATION_CONTEXT(2) 
PARAMETRIC_REPRESENTATION_CONTEXT() REPRESENTATION_CONTEXT('2D SPACE',''
  ) );
#15356 = ORIENTED_EDGE('',*,*,#13860,.F.);
#15357 = ORIENTED_EDGE('',*,*,#11891,.F.);
#15358 = ORIENTED_EDGE('',*,*,#15359,.T.);
#15359 = EDGE_CURVE('',#11864,#15299,#15360,.T.);
#15360 = SURFACE_CURVE('',#15361,(#15365,#15372),.PCURVE_S1.);
#15361 = LINE('',#15362,#15363);
#15362 = CARTESIAN_POINT('',(48.5,67.715823817292,17.9));
#15363 = VECTOR('',#15364,1.);
#15364 = DIRECTION('',(0.,0.,1.));
#15365 = PCURVE('',#11907,#15366);
#15366 = DEFINITIONAL_REPRESENTATION('',(#15367),#15371);
#15367 = LINE('',#15368,#15369);
#15368 = CARTESIAN_POINT('',(3.551888956126,-0.));
#15369 = VECTOR('',#15370,1.);
#15370 = DIRECTION('',(0.,-1.));
#15371 = ( GEOMETRIC_REPRESENTATION_CONTEXT(2) 
PARAMETRIC_REPRESENTATION_CONTEXT() REPRESENTATION_CONTEXT('2D SPACE',''
  ) );
#15372 = PCURVE('',#11879,#15373);
#15373 = DEFINITIONAL_REPRESENTATION('',(#15374),#15378);
#15374 = LINE('',#15375,#15376);
#15375 = CARTESIAN_POINT('',(0.,2.484176182708));
#15376 = VECTOR('',#15377,1.);
#15377 = DIRECTION('',(1.,0.));
#15378 = ( GEOMETRIC_REPRESENTATION_CONTEXT(2) 
PARAMETRIC_REPRESENTATION_CONTEXT() REPRESENTATION_CONTEXT('2D SPACE',''
  ) );
#15379 = ADVANCED_FACE('',(#15380),#11879,.F.);
#15380 = FACE_BOUND('',#15381,.F.);
#15381 = EDGE_LOOP('',(#15382,#15383,#15406,#15427));
#15382 = ORIENTED_EDGE('',*,*,#11863,.F.);
#15383 = ORIENTED_EDGE('',*,*,#15384,.T.);
#15384 = EDGE_CURVE('',#11835,#15385,#15387,.T.);
#15385 = VERTEX_POINT('',#15386);
#15386 = CARTESIAN_POINT('',(48.5,69.85,19.5));
#15387 = SURFACE_CURVE('',#15388,(#15392,#15399),.PCURVE_S1.);
#15388 = LINE('',#15389,#15390);
#15389 = CARTESIAN_POINT('',(48.5,69.85,17.9));
#15390 = VECTOR('',#15391,1.);
#15391 = DIRECTION('',(0.,0.,1.));
#15392 = PCURVE('',#11879,#15393);
#15393 = DEFINITIONAL_REPRESENTATION('',(#15394),#15398);
#15394 = LINE('',#15395,#15396);
#15395 = CARTESIAN_POINT('',(0.,0.35));
#15396 = VECTOR('',#15397,1.);
#15397 = DIRECTION('',(1.,0.));
#15398 = ( GEOMETRIC_REPRESENTATION_CONTEXT(2) 
PARAMETRIC_REPRESENTATION_CONTEXT() REPRESENTATION_CONTEXT('2D SPACE',''
  ) );
#15399 = PCURVE('',#11851,#15400);
#15400 = DEFINITIONAL_REPRESENTATION('',(#15401),#15405);
#15401 = LINE('',#15402,#15403);
#15402 = CARTESIAN_POINT('',(1.570796326795,0.));
#15403 = VECTOR('',#15404,1.);
#15404 = DIRECTION('',(0.,1.));
#15405 = ( GEOMETRIC_REPRESENTATION_CONTEXT(2) 
PARAMETRIC_REPRESENTATION_CONTEXT() REPRESENTATION_CONTEXT('2D SPACE',''
  ) );
#15406 = ORIENTED_EDGE('',*,*,#15407,.T.);
#15407 = EDGE_CURVE('',#15385,#15299,#15408,.T.);
#15408 = SURFACE_CURVE('',#15409,(#15413,#15420),.PCURVE_S1.);
#15409 = LINE('',#15410,#15411);
#15410 = CARTESIAN_POINT('',(48.5,70.2,19.5));
#15411 = VECTOR('',#15412,1.);
#15412 = DIRECTION('',(1.110223024625E-16,-1.,0.));
#15413 = PCURVE('',#11879,#15414);
#15414 = DEFINITIONAL_REPRESENTATION('',(#15415),#15419);
#15415 = LINE('',#15416,#15417);
#15416 = CARTESIAN_POINT('',(1.6,0.));
#15417 = VECTOR('',#15418,1.);
#15418 = DIRECTION('',(0.,1.));
#15419 = ( GEOMETRIC_REPRESENTATION_CONTEXT(2) 
PARAMETRIC_REPRESENTATION_CONTEXT() REPRESENTATION_CONTEXT('2D SPACE',''
  ) );
#15420 = PCURVE('',#15316,#15421);
#15421 = DEFINITIONAL_REPRESENTATION('',(#15422),#15426);
#15422 = LINE('',#15423,#15424);
#15423 = CARTESIAN_POINT('',(-5.6,12.181862271824));
#15424 = VECTOR('',#15425,1.);
#15425 = DIRECTION('',(1.,0.));
#15426 = ( GEOMETRIC_REPRESENTATION_CONTEXT(2) 
PARAMETRIC_REPRESENTATION_CONTEXT() REPRESENTATION_CONTEXT('2D SPACE',''
  ) );
#15427 = ORIENTED_EDGE('',*,*,#15359,.F.);
#15428 = ADVANCED_FACE('',(#15429),#11851,.T.);
#15429 = FACE_BOUND('',#15430,.T.);
#15430 = EDGE_LOOP('',(#15431,#15432,#15433,#15457));
#15431 = ORIENTED_EDGE('',*,*,#11834,.T.);
#15432 = ORIENTED_EDGE('',*,*,#15384,.T.);
#15433 = ORIENTED_EDGE('',*,*,#15434,.F.);
#15434 = EDGE_CURVE('',#15435,#15385,#15437,.T.);
#15435 = VERTEX_POINT('',#15436);
#15436 = CARTESIAN_POINT('',(48.85,70.2,19.5));
#15437 = SURFACE_CURVE('',#15438,(#15443,#15450),.PCURVE_S1.);
#15438 = CIRCLE('',#15439,0.35);
#15439 = AXIS2_PLACEMENT_3D('',#15440,#15441,#15442);
#15440 = CARTESIAN_POINT('',(48.85,69.85,19.5));
#15441 = DIRECTION('',(0.,0.,1.));
#15442 = DIRECTION('',(-1.,-1.110223024625E-16,0.));
#15443 = PCURVE('',#11851,#15444);
#15444 = DEFINITIONAL_REPRESENTATION('',(#15445),#15449);
#15445 = LINE('',#15446,#15447);
#15446 = CARTESIAN_POINT('',(-4.712388980385,1.6));
#15447 = VECTOR('',#15448,1.);
#15448 = DIRECTION('',(1.,0.));
#15449 = ( GEOMETRIC_REPRESENTATION_CONTEXT(2) 
PARAMETRIC_REPRESENTATION_CONTEXT() REPRESENTATION_CONTEXT('2D SPACE',''
  ) );
#15450 = PCURVE('',#15316,#15451);
#15451 = DEFINITIONAL_REPRESENTATION('',(#15452),#15456);
#15452 = CIRCLE('',#15453,0.35);
#15453 = AXIS2_PLACEMENT_2D('',#15454,#15455);
#15454 = CARTESIAN_POINT('',(-5.25,12.531862271824));
#15455 = DIRECTION('',(0.,-1.));
#15456 = ( GEOMETRIC_REPRESENTATION_CONTEXT(2) 
PARAMETRIC_REPRESENTATION_CONTEXT() REPRESENTATION_CONTEXT('2D SPACE',''
  ) );
#15457 = ORIENTED_EDGE('',*,*,#15458,.F.);
#15458 = EDGE_CURVE('',#11807,#15435,#15459,.T.);
#15459 = SURFACE_CURVE('',#15460,(#15464,#15471),.PCURVE_S1.);
#15460 = LINE('',#15461,#15462);
#15461 = CARTESIAN_POINT('',(48.85,70.2,17.9));
#15462 = VECTOR('',#15463,1.);
#15463 = DIRECTION('',(0.,0.,1.));
#15464 = PCURVE('',#11851,#15465);
#15465 = DEFINITIONAL_REPRESENTATION('',(#15466),#15470);
#15466 = LINE('',#15467,#15468);
#15467 = CARTESIAN_POINT('',(0.,0.));
#15468 = VECTOR('',#15469,1.);
#15469 = DIRECTION('',(0.,1.));
#15470 = ( GEOMETRIC_REPRESENTATION_CONTEXT(2) 
PARAMETRIC_REPRESENTATION_CONTEXT() REPRESENTATION_CONTEXT('2D SPACE',''
  ) );
#15471 = PCURVE('',#11822,#15472);
#15472 = DEFINITIONAL_REPRESENTATION('',(#15473),#15477);
#15473 = LINE('',#15474,#15475);
#15474 = CARTESIAN_POINT('',(0.,-0.35));
#15475 = VECTOR('',#15476,1.);
#15476 = DIRECTION('',(1.,0.));
#15477 = ( GEOMETRIC_REPRESENTATION_CONTEXT(2) 
PARAMETRIC_REPRESENTATION_CONTEXT() REPRESENTATION_CONTEXT('2D SPACE',''
  ) );
#15478 = ADVANCED_FACE('',(#15479),#11822,.F.);
#15479 = FACE_BOUND('',#15480,.F.);
#15480 = EDGE_LOOP('',(#15481,#15504,#15505,#15506));
#15481 = ORIENTED_EDGE('',*,*,#15482,.F.);
#15482 = EDGE_CURVE('',#15435,#15483,#15485,.T.);
#15483 = VERTEX_POINT('',#15484);
#15484 = CARTESIAN_POINT('',(51.7,70.2,19.5));
#15485 = SURFACE_CURVE('',#15486,(#15490,#15497),.PCURVE_S1.);
#15486 = LINE('',#15487,#15488);
#15487 = CARTESIAN_POINT('',(48.5,70.2,19.5));
#15488 = VECTOR('',#15489,1.);
#15489 = DIRECTION('',(1.,1.110223024625E-16,0.));
#15490 = PCURVE('',#11822,#15491);
#15491 = DEFINITIONAL_REPRESENTATION('',(#15492),#15496);
#15492 = LINE('',#15493,#15494);
#15493 = CARTESIAN_POINT('',(1.6,0.));
#15494 = VECTOR('',#15495,1.);
#15495 = DIRECTION('',(0.,-1.));
#15496 = ( GEOMETRIC_REPRESENTATION_CONTEXT(2) 
PARAMETRIC_REPRESENTATION_CONTEXT() REPRESENTATION_CONTEXT('2D SPACE',''
  ) );
#15497 = PCURVE('',#15316,#15498);
#15498 = DEFINITIONAL_REPRESENTATION('',(#15499),#15503);
#15499 = LINE('',#15500,#15501);
#15500 = CARTESIAN_POINT('',(-5.6,12.181862271824));
#15501 = VECTOR('',#15502,1.);
#15502 = DIRECTION('',(0.,1.));
#15503 = ( GEOMETRIC_REPRESENTATION_CONTEXT(2) 
PARAMETRIC_REPRESENTATION_CONTEXT() REPRESENTATION_CONTEXT('2D SPACE',''
  ) );
#15504 = ORIENTED_EDGE('',*,*,#15458,.F.);
#15505 = ORIENTED_EDGE('',*,*,#11806,.T.);
#15506 = ORIENTED_EDGE('',*,*,#15507,.T.);
#15507 = EDGE_CURVE('',#11774,#15483,#15508,.T.);
#15508 = SURFACE_CURVE('',#15509,(#15513,#15520),.PCURVE_S1.);
#15509 = LINE('',#15510,#15511);
#15510 = CARTESIAN_POINT('',(51.7,70.2,17.9));
#15511 = VECTOR('',#15512,1.);
#15512 = DIRECTION('',(0.,0.,1.));
#15513 = PCURVE('',#11822,#15514);
#15514 = DEFINITIONAL_REPRESENTATION('',(#15515),#15519);
#15515 = LINE('',#15516,#15517);
#15516 = CARTESIAN_POINT('',(0.,-3.2));
#15517 = VECTOR('',#15518,1.);
#15518 = DIRECTION('',(1.,0.));
#15519 = ( GEOMETRIC_REPRESENTATION_CONTEXT(2) 
PARAMETRIC_REPRESENTATION_CONTEXT() REPRESENTATION_CONTEXT('2D SPACE',''
  ) );
#15520 = PCURVE('',#11794,#15521);
#15521 = DEFINITIONAL_REPRESENTATION('',(#15522),#15526);
#15522 = LINE('',#15523,#15524);
#15523 = CARTESIAN_POINT('',(-0.,0.));
#15524 = VECTOR('',#15525,1.);
#15525 = DIRECTION('',(-0.,1.));
#15526 = ( GEOMETRIC_REPRESENTATION_CONTEXT(2) 
PARAMETRIC_REPRESENTATION_CONTEXT() REPRESENTATION_CONTEXT('2D SPACE',''
  ) );
#15527 = ADVANCED_FACE('',(#15528),#11794,.T.);
#15528 = FACE_BOUND('',#15529,.F.);
#15529 = EDGE_LOOP('',(#15530,#15531,#15554,#15580));
#15530 = ORIENTED_EDGE('',*,*,#11773,.T.);
#15531 = ORIENTED_EDGE('',*,*,#15532,.T.);
#15532 = EDGE_CURVE('',#11746,#15533,#15535,.T.);
#15533 = VERTEX_POINT('',#15534);
#15534 = CARTESIAN_POINT('',(52.05,69.85,19.5));
#15535 = SURFACE_CURVE('',#15536,(#15540,#15547),.PCURVE_S1.);
#15536 = LINE('',#15537,#15538);
#15537 = CARTESIAN_POINT('',(52.05,69.85,17.9));
#15538 = VECTOR('',#15539,1.);
#15539 = DIRECTION('',(0.,0.,1.));
#15540 = PCURVE('',#11794,#15541);
#15541 = DEFINITIONAL_REPRESENTATION('',(#15542),#15546);
#15542 = LINE('',#15543,#15544);
#15543 = CARTESIAN_POINT('',(-1.570796326795,0.));
#15544 = VECTOR('',#15545,1.);
#15545 = DIRECTION('',(-0.,1.));
#15546 = ( GEOMETRIC_REPRESENTATION_CONTEXT(2) 
PARAMETRIC_REPRESENTATION_CONTEXT() REPRESENTATION_CONTEXT('2D SPACE',''
  ) );
#15547 = PCURVE('',#11761,#15548);
#15548 = DEFINITIONAL_REPRESENTATION('',(#15549),#15553);
#15549 = LINE('',#15550,#15551);
#15550 = CARTESIAN_POINT('',(8.25,0.));
#15551 = VECTOR('',#15552,1.);
#15552 = DIRECTION('',(0.,-1.));
#15553 = ( GEOMETRIC_REPRESENTATION_CONTEXT(2) 
PARAMETRIC_REPRESENTATION_CONTEXT() REPRESENTATION_CONTEXT('2D SPACE',''
  ) );
#15554 = ORIENTED_EDGE('',*,*,#15555,.F.);
#15555 = EDGE_CURVE('',#15483,#15533,#15556,.T.);
#15556 = SURFACE_CURVE('',#15557,(#15562,#15569),.PCURVE_S1.);
#15557 = CIRCLE('',#15558,0.35);
#15558 = AXIS2_PLACEMENT_3D('',#15559,#15560,#15561);
#15559 = CARTESIAN_POINT('',(51.7,69.85,19.5));
#15560 = DIRECTION('',(-0.,0.,-1.));
#15561 = DIRECTION('',(-1.,-1.110223024625E-16,0.));
#15562 = PCURVE('',#11794,#15563);
#15563 = DEFINITIONAL_REPRESENTATION('',(#15564),#15568);
#15564 = LINE('',#15565,#15566);
#15565 = CARTESIAN_POINT('',(1.570796326795,1.6));
#15566 = VECTOR('',#15567,1.);
#15567 = DIRECTION('',(-1.,0.));
#15568 = ( GEOMETRIC_REPRESENTATION_CONTEXT(2) 
PARAMETRIC_REPRESENTATION_CONTEXT() REPRESENTATION_CONTEXT('2D SPACE',''
  ) );
#15569 = PCURVE('',#15316,#15570);
#15570 = DEFINITIONAL_REPRESENTATION('',(#15571),#15579);
#15571 = ( BOUNDED_CURVE() B_SPLINE_CURVE(2,(#15572,#15573,#15574,#15575
    ,#15576,#15577,#15578),.UNSPECIFIED.,.T.,.F.) 
B_SPLINE_CURVE_WITH_KNOTS((1,2,2,2,2,1),(-2.094395102393,0.,
    2.094395102393,4.188790204786,6.28318530718,8.377580409573),
.UNSPECIFIED.) CURVE() GEOMETRIC_REPRESENTATION_ITEM() 
RATIONAL_B_SPLINE_CURVE((1.,0.5,1.,0.5,1.,0.5,1.)) REPRESENTATION_ITEM(
  '') );
#15572 = CARTESIAN_POINT('',(-5.25,15.031862271824));
#15573 = CARTESIAN_POINT('',(-5.856217782649,15.031862271824));
#15574 = CARTESIAN_POINT('',(-5.553108891325,15.556862271824));
#15575 = CARTESIAN_POINT('',(-5.25,16.081862271824));
#15576 = CARTESIAN_POINT('',(-4.946891108675,15.556862271824));
#15577 = CARTESIAN_POINT('',(-4.643782217351,15.031862271824));
#15578 = CARTESIAN_POINT('',(-5.25,15.031862271824));
#15579 = ( GEOMETRIC_REPRESENTATION_CONTEXT(2) 
PARAMETRIC_REPRESENTATION_CONTEXT() REPRESENTATION_CONTEXT('2D SPACE',''
  ) );
#15580 = ORIENTED_EDGE('',*,*,#15507,.F.);
#15581 = ADVANCED_FACE('',(#15582),#11761,.F.);
#15582 = FACE_BOUND('',#15583,.F.);
#15583 = EDGE_LOOP('',(#15584,#15607,#15628,#15629));
#15584 = ORIENTED_EDGE('',*,*,#15585,.T.);
#15585 = EDGE_CURVE('',#11718,#15586,#15588,.T.);
#15586 = VERTEX_POINT('',#15587);
#15587 = CARTESIAN_POINT('',(52.05,61.6,19.5));
#15588 = SURFACE_CURVE('',#15589,(#15593,#15600),.PCURVE_S1.);
#15589 = LINE('',#15590,#15591);
#15590 = CARTESIAN_POINT('',(52.05,61.6,17.9));
#15591 = VECTOR('',#15592,1.);
#15592 = DIRECTION('',(0.,0.,1.));
#15593 = PCURVE('',#11761,#15594);
#15594 = DEFINITIONAL_REPRESENTATION('',(#15595),#15599);
#15595 = LINE('',#15596,#15597);
#15596 = CARTESIAN_POINT('',(0.,0.));
#15597 = VECTOR('',#15598,1.);
#15598 = DIRECTION('',(0.,-1.));
#15599 = ( GEOMETRIC_REPRESENTATION_CONTEXT(2) 
PARAMETRIC_REPRESENTATION_CONTEXT() REPRESENTATION_CONTEXT('2D SPACE',''
  ) );
#15600 = PCURVE('',#11733,#15601);
#15601 = DEFINITIONAL_REPRESENTATION('',(#15602),#15606);
#15602 = LINE('',#15603,#15604);
#15603 = CARTESIAN_POINT('',(30.666308874724,0.));
#15604 = VECTOR('',#15605,1.);
#15605 = DIRECTION('',(0.,-1.));
#15606 = ( GEOMETRIC_REPRESENTATION_CONTEXT(2) 
PARAMETRIC_REPRESENTATION_CONTEXT() REPRESENTATION_CONTEXT('2D SPACE',''
  ) );
#15607 = ORIENTED_EDGE('',*,*,#15608,.F.);
#15608 = EDGE_CURVE('',#15533,#15586,#15609,.T.);
#15609 = SURFACE_CURVE('',#15610,(#15614,#15621),.PCURVE_S1.);
#15610 = LINE('',#15611,#15612);
#15611 = CARTESIAN_POINT('',(52.05,69.85,19.5));
#15612 = VECTOR('',#15613,1.);
#15613 = DIRECTION('',(1.110223024625E-16,-1.,0.));
#15614 = PCURVE('',#11761,#15615);
#15615 = DEFINITIONAL_REPRESENTATION('',(#15616),#15620);
#15616 = LINE('',#15617,#15618);
#15617 = CARTESIAN_POINT('',(8.25,-1.6));
#15618 = VECTOR('',#15619,1.);
#15619 = DIRECTION('',(-1.,-0.));
#15620 = ( GEOMETRIC_REPRESENTATION_CONTEXT(2) 
PARAMETRIC_REPRESENTATION_CONTEXT() REPRESENTATION_CONTEXT('2D SPACE',''
  ) );
#15621 = PCURVE('',#15316,#15622);
#15622 = DEFINITIONAL_REPRESENTATION('',(#15623),#15627);
#15623 = LINE('',#15624,#15625);
#15624 = CARTESIAN_POINT('',(-5.25,15.731862271824));
#15625 = VECTOR('',#15626,1.);
#15626 = DIRECTION('',(1.,0.));
#15627 = ( GEOMETRIC_REPRESENTATION_CONTEXT(2) 
PARAMETRIC_REPRESENTATION_CONTEXT() REPRESENTATION_CONTEXT('2D SPACE',''
  ) );
#15628 = ORIENTED_EDGE('',*,*,#15532,.F.);
#15629 = ORIENTED_EDGE('',*,*,#11745,.T.);
#15630 = ADVANCED_FACE('',(#15631),#11733,.F.);
#15631 = FACE_BOUND('',#15632,.F.);
#15632 = EDGE_LOOP('',(#15633,#15656,#15657,#15658,#15659));
#15633 = ORIENTED_EDGE('',*,*,#15634,.T.);
#15634 = EDGE_CURVE('',#15635,#15586,#15637,.T.);
#15635 = VERTEX_POINT('',#15636);
#15636 = CARTESIAN_POINT('',(23.4,60.665252854812,19.5));
#15637 = SURFACE_CURVE('',#15638,(#15642,#15649),.PCURVE_S1.);
#15638 = LINE('',#15639,#15640);
#15639 = CARTESIAN_POINT('',(21.4,60.6,19.5));
#15640 = VECTOR('',#15641,1.);
#15641 = DIRECTION('',(0.999468182663,3.260907610646E-02,0.));
#15642 = PCURVE('',#11733,#15643);
#15643 = DEFINITIONAL_REPRESENTATION('',(#15644),#15648);
#15644 = LINE('',#15645,#15646);
#15645 = CARTESIAN_POINT('',(0.,-1.6));
#15646 = VECTOR('',#15647,1.);
#15647 = DIRECTION('',(1.,0.));
#15648 = ( GEOMETRIC_REPRESENTATION_CONTEXT(2) 
PARAMETRIC_REPRESENTATION_CONTEXT() REPRESENTATION_CONTEXT('2D SPACE',''
  ) );
#15649 = PCURVE('',#15316,#15650);
#15650 = DEFINITIONAL_REPRESENTATION('',(#15651),#15655);
#15651 = LINE('',#15652,#15653);
#15652 = CARTESIAN_POINT('',(4.,-14.91813772817));
#15653 = VECTOR('',#15654,1.);
#15654 = DIRECTION('',(-3.260907610646E-02,0.999468182663));
#15655 = ( GEOMETRIC_REPRESENTATION_CONTEXT(2) 
PARAMETRIC_REPRESENTATION_CONTEXT() REPRESENTATION_CONTEXT('2D SPACE',''
  ) );
#15656 = ORIENTED_EDGE('',*,*,#15585,.F.);
#15657 = ORIENTED_EDGE('',*,*,#11717,.F.);
#15658 = ORIENTED_EDGE('',*,*,#13989,.T.);
#15659 = ORIENTED_EDGE('',*,*,#15660,.F.);
#15660 = EDGE_CURVE('',#15635,#13990,#15661,.T.);
#15661 = SURFACE_CURVE('',#15662,(#15667,#15674),.PCURVE_S1.);
#15662 = ELLIPSE('',#15663,1.200638520381,1.2);
#15663 = AXIS2_PLACEMENT_3D('',#15664,#15665,#15666);
#15664 = CARTESIAN_POINT('',(23.4,60.665252854812,20.7));
#15665 = DIRECTION('',(-3.260907610646E-02,0.999468182663,0.));
#15666 = DIRECTION('',(-0.999468182663,-3.260907610646E-02,0.));
#15667 = PCURVE('',#11733,#15668);
#15668 = DEFINITIONAL_REPRESENTATION('',(#15669),#15673);
#15669 = ELLIPSE('',#15670,1.200638520381,1.2);
#15670 = AXIS2_PLACEMENT_2D('',#15671,#15672);
#15671 = CARTESIAN_POINT('',(2.001064200635,-2.8));
#15672 = DIRECTION('',(-1.,-0.));
#15673 = ( GEOMETRIC_REPRESENTATION_CONTEXT(2) 
PARAMETRIC_REPRESENTATION_CONTEXT() REPRESENTATION_CONTEXT('2D SPACE',''
  ) );
#15674 = PCURVE('',#14026,#15675);
#15675 = DEFINITIONAL_REPRESENTATION('',(#15676),#15683);
#15676 = B_SPLINE_CURVE_WITH_KNOTS('',5,(#15677,#15678,#15679,#15680,
    #15681,#15682),.UNSPECIFIED.,.F.,.F.,(6,6),(4.712388980385,
    6.28318530718),.PIECEWISE_BEZIER_KNOTS.);
#15677 = CARTESIAN_POINT('',(0.,7.908646003263));
#15678 = CARTESIAN_POINT('',(-0.314159265359,7.920945876621));
#15679 = CARTESIAN_POINT('',(-0.628318516318,7.933256881854));
#15680 = CARTESIAN_POINT('',(-0.942477829782,7.942980872721));
#15681 = CARTESIAN_POINT('',(-1.256637061436,7.94779771615));
#15682 = CARTESIAN_POINT('',(-1.570796326795,7.94779771615));
#15683 = ( GEOMETRIC_REPRESENTATION_CONTEXT(2) 
PARAMETRIC_REPRESENTATION_CONTEXT() REPRESENTATION_CONTEXT('2D SPACE',''
  ) );
#15684 = ADVANCED_FACE('',(#15685),#11682,.T.);
#15685 = FACE_BOUND('',#15686,.T.);
#15686 = EDGE_LOOP('',(#15687,#15710,#15711,#15712));
#15687 = ORIENTED_EDGE('',*,*,#15688,.F.);
#15688 = EDGE_CURVE('',#11638,#15689,#15691,.T.);
#15689 = VERTEX_POINT('',#15690);
#15690 = CARTESIAN_POINT('',(21.55,58.6,18.725));
#15691 = SURFACE_CURVE('',#15692,(#15696,#15703),.PCURVE_S1.);
#15692 = LINE('',#15693,#15694);
#15693 = CARTESIAN_POINT('',(21.55,58.6,17.9));
#15694 = VECTOR('',#15695,1.);
#15695 = DIRECTION('',(0.,0.,1.));
#15696 = PCURVE('',#11682,#15697);
#15697 = DEFINITIONAL_REPRESENTATION('',(#15698),#15702);
#15698 = LINE('',#15699,#15700);
#15699 = CARTESIAN_POINT('',(0.,0.));
#15700 = VECTOR('',#15701,1.);
#15701 = DIRECTION('',(0.,1.));
#15702 = ( GEOMETRIC_REPRESENTATION_CONTEXT(2) 
PARAMETRIC_REPRESENTATION_CONTEXT() REPRESENTATION_CONTEXT('2D SPACE',''
  ) );
#15703 = PCURVE('',#11653,#15704);
#15704 = DEFINITIONAL_REPRESENTATION('',(#15705),#15709);
#15705 = LINE('',#15706,#15707);
#15706 = CARTESIAN_POINT('',(0.,-6.05));
#15707 = VECTOR('',#15708,1.);
#15708 = DIRECTION('',(1.,0.));
#15709 = ( GEOMETRIC_REPRESENTATION_CONTEXT(2) 
PARAMETRIC_REPRESENTATION_CONTEXT() REPRESENTATION_CONTEXT('2D SPACE',''
  ) );
#15710 = ORIENTED_EDGE('',*,*,#11665,.T.);
#15711 = ORIENTED_EDGE('',*,*,#13967,.T.);
#15712 = ORIENTED_EDGE('',*,*,#15713,.F.);
#15713 = EDGE_CURVE('',#15689,#13948,#15714,.T.);
#15714 = SURFACE_CURVE('',#15715,(#15753,#15794),.PCURVE_S1.);
#15715 = B_SPLINE_CURVE_WITH_KNOTS('',8,(#15716,#15717,#15718,#15719,
    #15720,#15721,#15722,#15723,#15724,#15725,#15726,#15727,#15728,
    #15729,#15730,#15731,#15732,#15733,#15734,#15735,#15736,#15737,
    #15738,#15739,#15740,#15741,#15742,#15743,#15744,#15745,#15746,
    #15747,#15748,#15749,#15750,#15751,#15752),.UNSPECIFIED.,.F.,.F.,(9,
    7,7,7,7,9),(0.,6.533830072533E-02,0.360928081222,0.670439408858,
    0.86223747245,1.),.UNSPECIFIED.);
#15716 = CARTESIAN_POINT('',(21.55,58.6,18.725));
#15717 = CARTESIAN_POINT('',(21.556176963929,58.6,18.74661937375));
#15718 = CARTESIAN_POINT('',(21.562352631658,58.600067085605,
    18.768234210803));
#15719 = CARTESIAN_POINT('',(21.568526870797,58.600201207413,
    18.789844047788));
#15720 = CARTESIAN_POINT('',(21.574699548397,58.600402346762,
    18.81144841939));
#15721 = CARTESIAN_POINT('',(21.580870530956,58.600670515733,
    18.833046858347));
#15722 = CARTESIAN_POINT('',(21.587039684415,58.601005757148,
    18.854638895451));
#15723 = CARTESIAN_POINT('',(21.593206874157,58.60140814457,
    18.876224059549));
#15724 = CARTESIAN_POINT('',(21.627262770746,58.604002418441,
    18.995419697613));
#15725 = CARTESIAN_POINT('',(21.655109315579,58.607503405889,
    19.092882604528));
#15726 = CARTESIAN_POINT('',(21.682900701282,58.612390040319,
    19.190152454486));
#15727 = CARTESIAN_POINT('',(21.710623988122,58.618685790921,
    19.287183958428));
#15728 = CARTESIAN_POINT('',(21.738264115675,58.626427188812,
    19.383924404863));
#15729 = CARTESIAN_POINT('',(21.765803440505,58.635665978152,
    19.480312041766));
#15730 = CARTESIAN_POINT('',(21.793220890721,58.646474529971,
    19.576273117524));
#15731 = CARTESIAN_POINT('',(21.849044926397,58.672022283998,
    19.771657242388));
#15732 = CARTESIAN_POINT('',(21.877419553222,58.686914144791,
    19.870968436276));
#15733 = CARTESIAN_POINT('',(21.905601082588,58.703753417546,
    19.96960378906));
#15734 = CARTESIAN_POINT('',(21.933557349981,58.722689752109,
    20.067450724935));
#15735 = CARTESIAN_POINT('',(21.961229585684,58.743930294353,
    20.164303549895));
#15736 = CARTESIAN_POINT('',(21.9885341602,58.767730149122,
    20.259869560699));
#15737 = CARTESIAN_POINT('',(22.015354353827,58.794432258106,
    20.353740238395));
#15738 = CARTESIAN_POINT('',(22.05770591444,58.843370167336,
    20.501970700539));
#15739 = CARTESIAN_POINT('',(22.073612999984,58.863398549105,
    20.557645499946));
#15740 = CARTESIAN_POINT('',(22.089212875908,58.884902954494,
    20.612245065677));
#15741 = CARTESIAN_POINT('',(22.104448083513,58.908074853166,
    20.6655682923));
#15742 = CARTESIAN_POINT('',(22.119217698415,58.933116316291,
    20.717261944449));
#15743 = CARTESIAN_POINT('',(22.133360135763,58.96027692342,
    20.76676047517));
#15744 = CARTESIAN_POINT('',(22.146663209307,58.989825461567,
    20.813321232575));
#15745 = CARTESIAN_POINT('',(22.167500565045,59.045522626133,
    20.886251977657));
#15746 = CARTESIAN_POINT('',(22.175604937154,59.070286288081,
    20.914617280039));
#15747 = CARTESIAN_POINT('',(22.18296402738,59.096669575887,
    20.94037409583));
#15748 = CARTESIAN_POINT('',(22.189360192696,59.124729589852,
    20.962760674436));
#15749 = CARTESIAN_POINT('',(22.194525082323,59.154413454609,
    20.980837788132));
#15750 = CARTESIAN_POINT('',(22.198159027729,59.18552311537,
    20.993556597053));
#15751 = CARTESIAN_POINT('',(22.2,59.217643004112,21.));
#15752 = CARTESIAN_POINT('',(22.2,59.25,21.));
#15753 = PCURVE('',#11682,#15754);
#15754 = DEFINITIONAL_REPRESENTATION('',(#15755),#15793);
#15755 = B_SPLINE_CURVE_WITH_KNOTS('',8,(#15756,#15757,#15758,#15759,
    #15760,#15761,#15762,#15763,#15764,#15765,#15766,#15767,#15768,
    #15769,#15770,#15771,#15772,#15773,#15774,#15775,#15776,#15777,
    #15778,#15779,#15780,#15781,#15782,#15783,#15784,#15785,#15786,
    #15787,#15788,#15789,#15790,#15791,#15792),.UNSPECIFIED.,.F.,.F.,(9,
    7,7,7,7,9),(0.,6.533830072533E-02,0.360928081222,0.670439408858,
    0.86223747245,1.),.UNSPECIFIED.);
#15756 = CARTESIAN_POINT('',(0.,0.825));
#15757 = CARTESIAN_POINT('',(9.503021428694E-03,0.84661937375));
#15758 = CARTESIAN_POINT('',(1.900405152235E-02,0.868234210803));
#15759 = CARTESIAN_POINT('',(2.85041886943E-02,0.889844047788));
#15760 = CARTESIAN_POINT('',(3.800453382228E-02,0.91144841939));
#15761 = CARTESIAN_POINT('',(4.750619024846E-02,0.933046858347));
#15762 = CARTESIAN_POINT('',(5.701026377939E-02,0.954638895451));
#15763 = CARTESIAN_POINT('',(6.651786268606E-02,0.976224059549));
#15764 = CARTESIAN_POINT('',(0.119063348182,1.095419697613));
#15765 = CARTESIAN_POINT('',(0.162189669107,1.192882604528));
#15766 = CARTESIAN_POINT('',(0.205514277881,1.290152454486));
#15767 = CARTESIAN_POINT('',(0.249144624443,1.387183958428));
#15768 = CARTESIAN_POINT('',(0.293192964717,1.483924404863));
#15769 = CARTESIAN_POINT('',(0.337782543748,1.580312041766));
#15770 = CARTESIAN_POINT('',(0.383057388519,1.676273117524));
#15771 = CARTESIAN_POINT('',(0.477507033158,1.871657242388));
#15772 = CARTESIAN_POINT('',(0.526734455994,1.970968436276));
#15773 = CARTESIAN_POINT('',(0.577112874749,2.06960378906));
#15774 = CARTESIAN_POINT('',(0.628884654739,2.167450724935));
#15775 = CARTESIAN_POINT('',(0.682354743388,2.264303549895));
#15776 = CARTESIAN_POINT('',(0.737882679311,2.359869560699));
#15777 = CARTESIAN_POINT('',(0.79594747171,2.453740238395));
#15778 = CARTESIAN_POINT('',(0.895515457417,2.601970700539));
#15779 = CARTESIAN_POINT('',(0.934829454816,2.657645499946));
#15780 = CARTESIAN_POINT('',(0.975634929813,2.712245065677));
#15781 = CARTESIAN_POINT('',(1.018206055975,2.765568292299));
#15782 = CARTESIAN_POINT('',(1.062815572132,2.817261944449));
#15783 = CARTESIAN_POINT('',(1.109805368999,2.86676047517));
#15784 = CARTESIAN_POINT('',(1.159553991357,2.913321232575));
#15785 = CARTESIAN_POINT('',(1.251042271524,2.986251977657));
#15786 = CARTESIAN_POINT('',(1.291093932509,3.014617280039));
#15787 = CARTESIAN_POINT('',(1.333161544599,3.04037409583));
#15788 = CARTESIAN_POINT('',(1.377333291462,3.062760674436));
#15789 = CARTESIAN_POINT('',(1.42355139117,3.080837788132));
#15790 = CARTESIAN_POINT('',(1.471601355418,3.093556597053));
#15791 = CARTESIAN_POINT('',(1.52101633312,3.1));
#15792 = CARTESIAN_POINT('',(1.570796326795,3.1));
#15793 = ( GEOMETRIC_REPRESENTATION_CONTEXT(2) 
PARAMETRIC_REPRESENTATION_CONTEXT() REPRESENTATION_CONTEXT('2D SPACE',''
  ) );
#15794 = PCURVE('',#11626,#15795);
#15795 = DEFINITIONAL_REPRESENTATION('',(#15796),#15834);
#15796 = B_SPLINE_CURVE_WITH_KNOTS('',8,(#15797,#15798,#15799,#15800,
    #15801,#15802,#15803,#15804,#15805,#15806,#15807,#15808,#15809,
    #15810,#15811,#15812,#15813,#15814,#15815,#15816,#15817,#15818,
    #15819,#15820,#15821,#15822,#15823,#15824,#15825,#15826,#15827,
    #15828,#15829,#15830,#15831,#15832,#15833),.UNSPECIFIED.,.F.,.F.,(9,
    7,7,7,7,9),(0.,6.533830072533E-02,0.360928081222,0.670439408858,
    0.86223747245,1.),.UNSPECIFIED.);
#15797 = CARTESIAN_POINT('',(4.351351351351,0.194444444444));
#15798 = CARTESIAN_POINT('',(4.354299208498,0.197876091071));
#15799 = CARTESIAN_POINT('',(4.357323559994,0.201307017588));
#15800 = CARTESIAN_POINT('',(4.360423943385,0.204737150443));
#15801 = CARTESIAN_POINT('',(4.363599937841,0.208166415776));
#15802 = CARTESIAN_POINT('',(4.366851164162,0.21159473942));
#15803 = CARTESIAN_POINT('',(4.370177284776,0.215022046897));
#15804 = CARTESIAN_POINT('',(4.373578003737,0.21844826342));
#15805 = CARTESIAN_POINT('',(4.3927742149,0.23736820597));
#15806 = CARTESIAN_POINT('',(4.410016260976,0.252838508655));
#15807 = CARTESIAN_POINT('',(4.428755966388,0.268278167379));
#15808 = CARTESIAN_POINT('',(4.448987787208,0.283679993401));
#15809 = CARTESIAN_POINT('',(4.47072197916,0.29903561982));
#15810 = CARTESIAN_POINT('',(4.493986371795,0.314335244725));
#15811 = CARTESIAN_POINT('',(4.518831811814,0.329567161512));
#15812 = CARTESIAN_POINT('',(4.573099269429,0.360580514665));
#15813 = CARTESIAN_POINT('',(4.602664043004,0.376344196234));
#15814 = CARTESIAN_POINT('',(4.634146042744,0.392000601438));
#15815 = CARTESIAN_POINT('',(4.667677571146,0.407531861101));
#15816 = CARTESIAN_POINT('',(4.703445481549,0.42290532538));
#15817 = CARTESIAN_POINT('',(4.741681432407,0.438074533444));
#15818 = CARTESIAN_POINT('',(4.782705372829,0.452974641015));
#15819 = CARTESIAN_POINT('',(4.85463951746,0.4765032858));
#15820 = CARTESIAN_POINT('',(4.883397861642,0.485340555547));
#15821 = CARTESIAN_POINT('',(4.913579310949,0.494007153282));
#15822 = CARTESIAN_POINT('',(4.945375047932,0.502471157508));
#15823 = CARTESIAN_POINT('',(4.978972787237,0.510676499119));
#15824 = CARTESIAN_POINT('',(5.014597094218,0.518533408757));
#15825 = CARTESIAN_POINT('',(5.052483267036,0.525924005171));
#15826 = CARTESIAN_POINT('',(5.122239713841,0.537500313914));
#15827 = CARTESIAN_POINT('',(5.152800863999,0.542002742863));
#15828 = CARTESIAN_POINT('',(5.184881175595,0.546091126322));
#15829 = CARTESIAN_POINT('',(5.218487113656,0.549644551498));
#15830 = CARTESIAN_POINT('',(5.253493785276,0.552513934624));
#15831 = CARTESIAN_POINT('',(5.289620678876,0.554532793183));
#15832 = CARTESIAN_POINT('',(5.326371133674,0.555555555556));
#15833 = CARTESIAN_POINT('',(5.362903225806,0.555555555556));
#15834 = ( GEOMETRIC_REPRESENTATION_CONTEXT(2) 
PARAMETRIC_REPRESENTATION_CONTEXT() REPRESENTATION_CONTEXT('2D SPACE',''
  ) );
#15835 = ADVANCED_FACE('',(#15836),#11653,.T.);
#15836 = FACE_BOUND('',#15837,.T.);
#15837 = EDGE_LOOP('',(#15838,#15839,#15875));
#15838 = ORIENTED_EDGE('',*,*,#15688,.T.);
#15839 = ORIENTED_EDGE('',*,*,#15840,.F.);
#15840 = EDGE_CURVE('',#11613,#15689,#15841,.T.);
#15841 = SURFACE_CURVE('',#15842,(#15851,#15863),.PCURVE_S1.);
#15842 = B_SPLINE_CURVE_WITH_KNOTS('',4,(#15843,#15844,#15845,#15846,
    #15847,#15848,#15849,#15850),.UNSPECIFIED.,.F.,.F.,(5,3,5),(0.,
    0.773056323717,1.),.UNSPECIFIED.);
#15843 = CARTESIAN_POINT('',(21.314285714286,58.6,17.9));
#15844 = CARTESIAN_POINT('',(21.359803958215,58.6,18.059313853753));
#15845 = CARTESIAN_POINT('',(21.40534256802,58.6,18.21869898807));
#15846 = CARTESIAN_POINT('',(21.450899861612,58.6,18.378149515643));
#15847 = CARTESIAN_POINT('',(21.509853636881,58.6,18.584487729084));
#15848 = CARTESIAN_POINT('',(21.523234313501,58.6,18.631320097252));
#15849 = CARTESIAN_POINT('',(21.536616446146,58.6,18.67815756151));
#15850 = CARTESIAN_POINT('',(21.55,58.6,18.725));
#15851 = PCURVE('',#11653,#15852);
#15852 = DEFINITIONAL_REPRESENTATION('',(#15853),#15862);
#15853 = B_SPLINE_CURVE_WITH_KNOTS('',4,(#15854,#15855,#15856,#15857,
    #15858,#15859,#15860,#15861),.UNSPECIFIED.,.F.,.F.,(5,3,5),(0.,
    0.773056323717,1.),.UNSPECIFIED.);
#15854 = CARTESIAN_POINT('',(0.,-5.814285714286));
#15855 = CARTESIAN_POINT('',(0.159313853753,-5.859803958215));
#15856 = CARTESIAN_POINT('',(0.31869898807,-5.90534256802));
#15857 = CARTESIAN_POINT('',(0.478149515643,-5.950899861612));
#15858 = CARTESIAN_POINT('',(0.684487729084,-6.009853636881));
#15859 = CARTESIAN_POINT('',(0.731320097252,-6.023234313501));
#15860 = CARTESIAN_POINT('',(0.77815756151,-6.036616446146));
#15861 = CARTESIAN_POINT('',(0.825,-6.05));
#15862 = ( GEOMETRIC_REPRESENTATION_CONTEXT(2) 
PARAMETRIC_REPRESENTATION_CONTEXT() REPRESENTATION_CONTEXT('2D SPACE',''
  ) );
#15863 = PCURVE('',#11626,#15864);
#15864 = DEFINITIONAL_REPRESENTATION('',(#15865),#15874);
#15865 = B_SPLINE_CURVE_WITH_KNOTS('',4,(#15866,#15867,#15868,#15869,
    #15870,#15871,#15872,#15873),.UNSPECIFIED.,.F.,.F.,(5,3,5),(0.,
    0.773056323717,1.),.UNSPECIFIED.);
#15866 = CARTESIAN_POINT('',(4.233870964514,6.349206349206E-02));
#15867 = CARTESIAN_POINT('',(4.257563581537,8.877997678616E-02));
#15868 = CARTESIAN_POINT('',(4.280725658044,0.114079204456));
#15869 = CARTESIAN_POINT('',(4.303382975661,0.139388812007));
#15870 = CARTESIAN_POINT('',(4.332068350496,0.172140909378));
#15871 = CARTESIAN_POINT('',(4.338536793512,0.179574618611));
#15872 = CARTESIAN_POINT('',(4.344964256565,0.187009136748));
#15873 = CARTESIAN_POINT('',(4.351351343401,0.194444444444));
#15874 = ( GEOMETRIC_REPRESENTATION_CONTEXT(2) 
PARAMETRIC_REPRESENTATION_CONTEXT() REPRESENTATION_CONTEXT('2D SPACE',''
  ) );
#15875 = ORIENTED_EDGE('',*,*,#11637,.T.);
#15876 = ADVANCED_FACE('',(#15877),#11626,.T.);
#15877 = FACE_BOUND('',#15878,.T.);
#15878 = EDGE_LOOP('',(#15879,#15908,#15935,#15955,#15956,#15957,#15958,
    #15959,#15981));
#15879 = ORIENTED_EDGE('',*,*,#15880,.F.);
#15880 = EDGE_CURVE('',#15881,#15883,#15885,.T.);
#15881 = VERTEX_POINT('',#15882);
#15882 = CARTESIAN_POINT('',(21.2,55.5,17.5));
#15883 = VERTEX_POINT('',#15884);
#15884 = CARTESIAN_POINT('',(22.985714285714,53.714285714286,23.75));
#15885 = SURFACE_CURVE('',#15886,(#15889,#15896),.PCURVE_S1.);
#15886 = B_SPLINE_CURVE_WITH_KNOTS('',1,(#15887,#15888),.UNSPECIFIED.,
  .F.,.F.,(2,2),(0.,1.),.PIECEWISE_BEZIER_KNOTS.);
#15887 = CARTESIAN_POINT('',(21.2,55.5,17.5));
#15888 = CARTESIAN_POINT('',(23.,53.7,23.8));
#15889 = PCURVE('',#11626,#15890);
#15890 = DEFINITIONAL_REPRESENTATION('',(#15891),#15895);
#15891 = LINE('',#15892,#15893);
#15892 = CARTESIAN_POINT('',(0.,0.));
#15893 = VECTOR('',#15894,1.);
#15894 = DIRECTION('',(0.,1.));
#15895 = ( GEOMETRIC_REPRESENTATION_CONTEXT(2) 
PARAMETRIC_REPRESENTATION_CONTEXT() REPRESENTATION_CONTEXT('2D SPACE',''
  ) );
#15896 = PCURVE('',#15897,#15902);
#15897 = B_SPLINE_SURFACE_WITH_KNOTS('',1,1,(
    (#15898,#15899)
    ,(#15900,#15901
    )),.UNSPECIFIED.,.F.,.F.,.F.,(2,2),(2,2),(0.,12.8),(0.,1.),
  .PIECEWISE_BEZIER_KNOTS.);
#15898 = CARTESIAN_POINT('',(12.,55.5,17.5));
#15899 = CARTESIAN_POINT('',(10.2,53.7,23.8));
#15900 = CARTESIAN_POINT('',(21.2,55.5,17.5));
#15901 = CARTESIAN_POINT('',(23.,53.7,23.8));
#15902 = DEFINITIONAL_REPRESENTATION('',(#15903),#15907);
#15903 = LINE('',#15904,#15905);
#15904 = CARTESIAN_POINT('',(12.8,0.));
#15905 = VECTOR('',#15906,1.);
#15906 = DIRECTION('',(0.,1.));
#15907 = ( GEOMETRIC_REPRESENTATION_CONTEXT(2) 
PARAMETRIC_REPRESENTATION_CONTEXT() REPRESENTATION_CONTEXT('2D SPACE',''
  ) );
#15908 = ORIENTED_EDGE('',*,*,#15909,.T.);
#15909 = EDGE_CURVE('',#15881,#15910,#15912,.T.);
#15910 = VERTEX_POINT('',#15911);
#15911 = CARTESIAN_POINT('',(21.2,65.9,17.5));
#15912 = SURFACE_CURVE('',#15913,(#15917,#15923),.PCURVE_S1.);
#15913 = LINE('',#15914,#15915);
#15914 = CARTESIAN_POINT('',(21.2,55.5,17.5));
#15915 = VECTOR('',#15916,1.);
#15916 = DIRECTION('',(-1.110223024625E-16,1.,0.));
#15917 = PCURVE('',#11626,#15918);
#15918 = DEFINITIONAL_REPRESENTATION('',(#15919),#15922);
#15919 = B_SPLINE_CURVE_WITH_KNOTS('',1,(#15920,#15921),.UNSPECIFIED.,
  .F.,.F.,(2,2),(0.,10.4),.PIECEWISE_BEZIER_KNOTS.);
#15920 = CARTESIAN_POINT('',(0.,0.));
#15921 = CARTESIAN_POINT('',(14.,0.));
#15922 = ( GEOMETRIC_REPRESENTATION_CONTEXT(2) 
PARAMETRIC_REPRESENTATION_CONTEXT() REPRESENTATION_CONTEXT('2D SPACE',''
  ) );
#15923 = PCURVE('',#15924,#15929);
#15924 = PLANE('',#15925);
#15925 = AXIS2_PLACEMENT_3D('',#15926,#15927,#15928);
#15926 = CARTESIAN_POINT('',(12.,65.9,17.5));
#15927 = DIRECTION('',(0.,0.,1.));
#15928 = DIRECTION('',(0.662573882203,-0.74899656249,0.));
#15929 = DEFINITIONAL_REPRESENTATION('',(#15930),#15934);
#15930 = LINE('',#15931,#15932);
#15931 = CARTESIAN_POINT('',(13.885243966168,-7.195314677421E-15));
#15932 = VECTOR('',#15933,1.);
#15933 = DIRECTION('',(-0.74899656249,0.662573882203));
#15934 = ( GEOMETRIC_REPRESENTATION_CONTEXT(2) 
PARAMETRIC_REPRESENTATION_CONTEXT() REPRESENTATION_CONTEXT('2D SPACE',''
  ) );
#15935 = ORIENTED_EDGE('',*,*,#15936,.T.);
#15936 = EDGE_CURVE('',#15910,#11588,#15937,.T.);
#15937 = SURFACE_CURVE('',#15938,(#15941,#15948),.PCURVE_S1.);
#15938 = B_SPLINE_CURVE_WITH_KNOTS('',1,(#15939,#15940),.UNSPECIFIED.,
  .F.,.F.,(2,2),(0.,1.),.PIECEWISE_BEZIER_KNOTS.);
#15939 = CARTESIAN_POINT('',(21.2,65.9,17.5));
#15940 = CARTESIAN_POINT('',(23.,67.7,23.8));
#15941 = PCURVE('',#11626,#15942);
#15942 = DEFINITIONAL_REPRESENTATION('',(#15943),#15947);
#15943 = LINE('',#15944,#15945);
#15944 = CARTESIAN_POINT('',(14.,0.));
#15945 = VECTOR('',#15946,1.);
#15946 = DIRECTION('',(0.,1.));
#15947 = ( GEOMETRIC_REPRESENTATION_CONTEXT(2) 
PARAMETRIC_REPRESENTATION_CONTEXT() REPRESENTATION_CONTEXT('2D SPACE',''
  ) );
#15948 = PCURVE('',#11601,#15949);
#15949 = DEFINITIONAL_REPRESENTATION('',(#15950),#15954);
#15950 = LINE('',#15951,#15952);
#15951 = CARTESIAN_POINT('',(0.,0.));
#15952 = VECTOR('',#15953,1.);
#15953 = DIRECTION('',(0.,1.));
#15954 = ( GEOMETRIC_REPRESENTATION_CONTEXT(2) 
PARAMETRIC_REPRESENTATION_CONTEXT() REPRESENTATION_CONTEXT('2D SPACE',''
  ) );
#15955 = ORIENTED_EDGE('',*,*,#11612,.T.);
#15956 = ORIENTED_EDGE('',*,*,#15840,.T.);
#15957 = ORIENTED_EDGE('',*,*,#15713,.T.);
#15958 = ORIENTED_EDGE('',*,*,#13947,.F.);
#15959 = ORIENTED_EDGE('',*,*,#15960,.T.);
#15960 = EDGE_CURVE('',#13911,#15961,#15963,.T.);
#15961 = VERTEX_POINT('',#15962);
#15962 = CARTESIAN_POINT('',(22.985714285714,67.685714285714,23.75));
#15963 = SURFACE_CURVE('',#15964,(#15967,#15974),.PCURVE_S1.);
#15964 = B_SPLINE_CURVE_WITH_KNOTS('',1,(#15965,#15966),.UNSPECIFIED.,
  .F.,.F.,(2,2),(0.,1.),.PIECEWISE_BEZIER_KNOTS.);
#15965 = CARTESIAN_POINT('',(21.2,65.9,17.5));
#15966 = CARTESIAN_POINT('',(23.,67.7,23.8));
#15967 = PCURVE('',#11626,#15968);
#15968 = DEFINITIONAL_REPRESENTATION('',(#15969),#15973);
#15969 = LINE('',#15970,#15971);
#15970 = CARTESIAN_POINT('',(14.,0.));
#15971 = VECTOR('',#15972,1.);
#15972 = DIRECTION('',(0.,1.));
#15973 = ( GEOMETRIC_REPRESENTATION_CONTEXT(2) 
PARAMETRIC_REPRESENTATION_CONTEXT() REPRESENTATION_CONTEXT('2D SPACE',''
  ) );
#15974 = PCURVE('',#13932,#15975);
#15975 = DEFINITIONAL_REPRESENTATION('',(#15976),#15980);
#15976 = LINE('',#15977,#15978);
#15977 = CARTESIAN_POINT('',(0.,0.));
#15978 = VECTOR('',#15979,1.);
#15979 = DIRECTION('',(0.,1.));
#15980 = ( GEOMETRIC_REPRESENTATION_CONTEXT(2) 
PARAMETRIC_REPRESENTATION_CONTEXT() REPRESENTATION_CONTEXT('2D SPACE',''
  ) );
#15981 = ORIENTED_EDGE('',*,*,#15982,.T.);
#15982 = EDGE_CURVE('',#15961,#15883,#15983,.T.);
#15983 = SURFACE_CURVE('',#15984,(#15987,#15993),.PCURVE_S1.);
#15984 = B_SPLINE_CURVE_WITH_KNOTS('',1,(#15985,#15986),.UNSPECIFIED.,
  .F.,.F.,(2,2),(0.,1.),.PIECEWISE_BEZIER_KNOTS.);
#15985 = CARTESIAN_POINT('',(22.985714285714,67.685714285714,23.75));
#15986 = CARTESIAN_POINT('',(22.985714285714,53.714285714286,23.75));
#15987 = PCURVE('',#11626,#15988);
#15988 = DEFINITIONAL_REPRESENTATION('',(#15989),#15992);
#15989 = B_SPLINE_CURVE_WITH_KNOTS('',1,(#15990,#15991),.UNSPECIFIED.,
  .F.,.F.,(2,2),(0.,1.),.PIECEWISE_BEZIER_KNOTS.);
#15990 = CARTESIAN_POINT('',(14.,0.992063492063));
#15991 = CARTESIAN_POINT('',(0.,0.992063492063));
#15992 = ( GEOMETRIC_REPRESENTATION_CONTEXT(2) 
PARAMETRIC_REPRESENTATION_CONTEXT() REPRESENTATION_CONTEXT('2D SPACE',''
  ) );
#15993 = PCURVE('',#13546,#15994);
#15994 = DEFINITIONAL_REPRESENTATION('',(#15995),#15998);
#15995 = B_SPLINE_CURVE_WITH_KNOTS('',1,(#15996,#15997),.UNSPECIFIED.,
  .F.,.F.,(2,2),(0.,1.),.PIECEWISE_BEZIER_KNOTS.);
#15996 = CARTESIAN_POINT('',(1.428571428572E-02,12.785714285714));
#15997 = CARTESIAN_POINT('',(13.985714285714,12.785714285714));
#15998 = ( GEOMETRIC_REPRESENTATION_CONTEXT(2) 
PARAMETRIC_REPRESENTATION_CONTEXT() REPRESENTATION_CONTEXT('2D SPACE',''
  ) );
#15999 = ADVANCED_FACE('',(#16000),#11601,.T.);
#16000 = FACE_BOUND('',#16001,.T.);
#16001 = EDGE_LOOP('',(#16002,#16003,#16025,#16052,#16070,#16071));
#16002 = ORIENTED_EDGE('',*,*,#15936,.F.);
#16003 = ORIENTED_EDGE('',*,*,#16004,.T.);
#16004 = EDGE_CURVE('',#15910,#16005,#16007,.T.);
#16005 = VERTEX_POINT('',#16006);
#16006 = CARTESIAN_POINT('',(12.,65.9,17.5));
#16007 = SURFACE_CURVE('',#16008,(#16012,#16018),.PCURVE_S1.);
#16008 = LINE('',#16009,#16010);
#16009 = CARTESIAN_POINT('',(21.2,65.9,17.5));
#16010 = VECTOR('',#16011,1.);
#16011 = DIRECTION('',(-1.,-1.110223024625E-16,0.));
#16012 = PCURVE('',#11601,#16013);
#16013 = DEFINITIONAL_REPRESENTATION('',(#16014),#16017);
#16014 = B_SPLINE_CURVE_WITH_KNOTS('',1,(#16015,#16016),.UNSPECIFIED.,
  .F.,.F.,(2,2),(0.,9.2),.PIECEWISE_BEZIER_KNOTS.);
#16015 = CARTESIAN_POINT('',(0.,0.));
#16016 = CARTESIAN_POINT('',(12.8,0.));
#16017 = ( GEOMETRIC_REPRESENTATION_CONTEXT(2) 
PARAMETRIC_REPRESENTATION_CONTEXT() REPRESENTATION_CONTEXT('2D SPACE',''
  ) );
#16018 = PCURVE('',#15924,#16019);
#16019 = DEFINITIONAL_REPRESENTATION('',(#16020),#16024);
#16020 = LINE('',#16021,#16022);
#16021 = CARTESIAN_POINT('',(6.095679716268,6.890768374911));
#16022 = VECTOR('',#16023,1.);
#16023 = DIRECTION('',(-0.662573882203,-0.74899656249));
#16024 = ( GEOMETRIC_REPRESENTATION_CONTEXT(2) 
PARAMETRIC_REPRESENTATION_CONTEXT() REPRESENTATION_CONTEXT('2D SPACE',''
  ) );
#16025 = ORIENTED_EDGE('',*,*,#16026,.T.);
#16026 = EDGE_CURVE('',#16005,#16027,#16029,.T.);
#16027 = VERTEX_POINT('',#16028);
#16028 = CARTESIAN_POINT('',(10.214285714286,67.685714285714,23.75));
#16029 = SURFACE_CURVE('',#16030,(#16033,#16040),.PCURVE_S1.);
#16030 = B_SPLINE_CURVE_WITH_KNOTS('',1,(#16031,#16032),.UNSPECIFIED.,
  .F.,.F.,(2,2),(0.,1.),.PIECEWISE_BEZIER_KNOTS.);
#16031 = CARTESIAN_POINT('',(12.,65.9,17.5));
#16032 = CARTESIAN_POINT('',(10.2,67.7,23.8));
#16033 = PCURVE('',#11601,#16034);
#16034 = DEFINITIONAL_REPRESENTATION('',(#16035),#16039);
#16035 = LINE('',#16036,#16037);
#16036 = CARTESIAN_POINT('',(12.8,0.));
#16037 = VECTOR('',#16038,1.);
#16038 = DIRECTION('',(0.,1.));
#16039 = ( GEOMETRIC_REPRESENTATION_CONTEXT(2) 
PARAMETRIC_REPRESENTATION_CONTEXT() REPRESENTATION_CONTEXT('2D SPACE',''
  ) );
#16040 = PCURVE('',#16041,#16046);
#16041 = B_SPLINE_SURFACE_WITH_KNOTS('',1,1,(
    (#16042,#16043)
    ,(#16044,#16045
    )),.UNSPECIFIED.,.F.,.F.,.F.,(2,2),(2,2),(0.,14.),(0.,1.),
  .PIECEWISE_BEZIER_KNOTS.);
#16042 = CARTESIAN_POINT('',(12.,65.9,17.5));
#16043 = CARTESIAN_POINT('',(10.2,67.7,23.8));
#16044 = CARTESIAN_POINT('',(12.,55.5,17.5));
#16045 = CARTESIAN_POINT('',(10.2,53.7,23.8));
#16046 = DEFINITIONAL_REPRESENTATION('',(#16047),#16051);
#16047 = LINE('',#16048,#16049);
#16048 = CARTESIAN_POINT('',(0.,0.));
#16049 = VECTOR('',#16050,1.);
#16050 = DIRECTION('',(0.,1.));
#16051 = ( GEOMETRIC_REPRESENTATION_CONTEXT(2) 
PARAMETRIC_REPRESENTATION_CONTEXT() REPRESENTATION_CONTEXT('2D SPACE',''
  ) );
#16052 = ORIENTED_EDGE('',*,*,#16053,.T.);
#16053 = EDGE_CURVE('',#16027,#13531,#16054,.T.);
#16054 = SURFACE_CURVE('',#16055,(#16058,#16064),.PCURVE_S1.);
#16055 = B_SPLINE_CURVE_WITH_KNOTS('',1,(#16056,#16057),.UNSPECIFIED.,
  .F.,.F.,(2,2),(0.,1.),.PIECEWISE_BEZIER_KNOTS.);
#16056 = CARTESIAN_POINT('',(10.214285714286,67.685714285714,23.75));
#16057 = CARTESIAN_POINT('',(22.985714285714,67.685714285714,23.75));
#16058 = PCURVE('',#11601,#16059);
#16059 = DEFINITIONAL_REPRESENTATION('',(#16060),#16063);
#16060 = B_SPLINE_CURVE_WITH_KNOTS('',1,(#16061,#16062),.UNSPECIFIED.,
  .F.,.F.,(2,2),(0.,1.),.PIECEWISE_BEZIER_KNOTS.);
#16061 = CARTESIAN_POINT('',(12.8,0.992063492063));
#16062 = CARTESIAN_POINT('',(0.,0.992063492063));
#16063 = ( GEOMETRIC_REPRESENTATION_CONTEXT(2) 
PARAMETRIC_REPRESENTATION_CONTEXT() REPRESENTATION_CONTEXT('2D SPACE',''
  ) );
#16064 = PCURVE('',#13546,#16065);
#16065 = DEFINITIONAL_REPRESENTATION('',(#16066),#16069);
#16066 = B_SPLINE_CURVE_WITH_KNOTS('',1,(#16067,#16068),.UNSPECIFIED.,
  .F.,.F.,(2,2),(0.,1.),.PIECEWISE_BEZIER_KNOTS.);
#16067 = CARTESIAN_POINT('',(1.428571428572E-02,1.428571428571E-02));
#16068 = CARTESIAN_POINT('',(1.428571428572E-02,12.785714285714));
#16069 = ( GEOMETRIC_REPRESENTATION_CONTEXT(2) 
PARAMETRIC_REPRESENTATION_CONTEXT() REPRESENTATION_CONTEXT('2D SPACE',''
  ) );
#16070 = ORIENTED_EDGE('',*,*,#13558,.F.);
#16071 = ORIENTED_EDGE('',*,*,#11587,.T.);
#16072 = ADVANCED_FACE('',(#16073),#11988,.F.);
#16073 = FACE_BOUND('',#16074,.F.);
#16074 = EDGE_LOOP('',(#16075,#16098,#16126,#16147));
#16075 = ORIENTED_EDGE('',*,*,#16076,.T.);
#16076 = EDGE_CURVE('',#11971,#16077,#16079,.T.);
#16077 = VERTEX_POINT('',#16078);
#16078 = CARTESIAN_POINT('',(47.05,66.6,15.2));
#16079 = SURFACE_CURVE('',#16080,(#16084,#16091),.PCURVE_S1.);
#16080 = LINE('',#16081,#16082);
#16081 = CARTESIAN_POINT('',(47.05,66.6,17.95));
#16082 = VECTOR('',#16083,1.);
#16083 = DIRECTION('',(0.,0.,-1.));
#16084 = PCURVE('',#11988,#16085);
#16085 = DEFINITIONAL_REPRESENTATION('',(#16086),#16090);
#16086 = LINE('',#16087,#16088);
#16087 = CARTESIAN_POINT('',(0.965394726276,2.02385150243));
#16088 = VECTOR('',#16089,1.);
#16089 = DIRECTION('',(-1.,-0.));
#16090 = ( GEOMETRIC_REPRESENTATION_CONTEXT(2) 
PARAMETRIC_REPRESENTATION_CONTEXT() REPRESENTATION_CONTEXT('2D SPACE',''
  ) );
#16091 = PCURVE('',#12070,#16092);
#16092 = DEFINITIONAL_REPRESENTATION('',(#16093),#16097);
#16093 = LINE('',#16094,#16095);
#16094 = CARTESIAN_POINT('',(0.,0.));
#16095 = VECTOR('',#16096,1.);
#16096 = DIRECTION('',(1.,0.));
#16097 = ( GEOMETRIC_REPRESENTATION_CONTEXT(2) 
PARAMETRIC_REPRESENTATION_CONTEXT() REPRESENTATION_CONTEXT('2D SPACE',''
  ) );
#16098 = ORIENTED_EDGE('',*,*,#16099,.T.);
#16099 = EDGE_CURVE('',#16077,#16100,#16102,.T.);
#16100 = VERTEX_POINT('',#16101);
#16101 = CARTESIAN_POINT('',(48.,66.6,15.2));
#16102 = SURFACE_CURVE('',#16103,(#16107,#16114),.PCURVE_S1.);
#16103 = LINE('',#16104,#16105);
#16104 = CARTESIAN_POINT('',(47.05,66.6,15.2));
#16105 = VECTOR('',#16106,1.);
#16106 = DIRECTION('',(1.,1.110223024625E-16,0.));
#16107 = PCURVE('',#11988,#16108);
#16108 = DEFINITIONAL_REPRESENTATION('',(#16109),#16113);
#16109 = LINE('',#16110,#16111);
#16110 = CARTESIAN_POINT('',(-1.784605273724,2.02385150243));
#16111 = VECTOR('',#16112,1.);
#16112 = DIRECTION('',(0.,-1.));
#16113 = ( GEOMETRIC_REPRESENTATION_CONTEXT(2) 
PARAMETRIC_REPRESENTATION_CONTEXT() REPRESENTATION_CONTEXT('2D SPACE',''
  ) );
#16114 = PCURVE('',#16115,#16120);
#16115 = PLANE('',#16116);
#16116 = AXIS2_PLACEMENT_3D('',#16117,#16118,#16119);
#16117 = CARTESIAN_POINT('',(47.05,66.6,15.2));
#16118 = DIRECTION('',(0.,0.,1.));
#16119 = DIRECTION('',(1.,1.110223024625E-16,0.));
#16120 = DEFINITIONAL_REPRESENTATION('',(#16121),#16125);
#16121 = LINE('',#16122,#16123);
#16122 = CARTESIAN_POINT('',(0.,0.));
#16123 = VECTOR('',#16124,1.);
#16124 = DIRECTION('',(1.,0.));
#16125 = ( GEOMETRIC_REPRESENTATION_CONTEXT(2) 
PARAMETRIC_REPRESENTATION_CONTEXT() REPRESENTATION_CONTEXT('2D SPACE',''
  ) );
#16126 = ORIENTED_EDGE('',*,*,#16127,.T.);
#16127 = EDGE_CURVE('',#16100,#11973,#16128,.T.);
#16128 = SURFACE_CURVE('',#16129,(#16133,#16140),.PCURVE_S1.);
#16129 = LINE('',#16130,#16131);
#16130 = CARTESIAN_POINT('',(48.,66.6,15.2));
#16131 = VECTOR('',#16132,1.);
#16132 = DIRECTION('',(0.827306252425,9.184944498586E-17,0.561751159054)
  );
#16133 = PCURVE('',#11988,#16134);
#16134 = DEFINITIONAL_REPRESENTATION('',(#16135),#16139);
#16135 = LINE('',#16136,#16137);
#16136 = CARTESIAN_POINT('',(-1.784605273724,1.07385150243));
#16137 = VECTOR('',#16138,1.);
#16138 = DIRECTION('',(0.561751159054,-0.827306252425));
#16139 = ( GEOMETRIC_REPRESENTATION_CONTEXT(2) 
PARAMETRIC_REPRESENTATION_CONTEXT() REPRESENTATION_CONTEXT('2D SPACE',''
  ) );
#16140 = PCURVE('',#12016,#16141);
#16141 = DEFINITIONAL_REPRESENTATION('',(#16142),#16146);
#16142 = LINE('',#16143,#16144);
#16143 = CARTESIAN_POINT('',(0.,0.));
#16144 = VECTOR('',#16145,1.);
#16145 = DIRECTION('',(1.,0.));
#16146 = ( GEOMETRIC_REPRESENTATION_CONTEXT(2) 
PARAMETRIC_REPRESENTATION_CONTEXT() REPRESENTATION_CONTEXT('2D SPACE',''
  ) );
#16147 = ORIENTED_EDGE('',*,*,#11970,.F.);
#16148 = ADVANCED_FACE('',(#16149),#12070,.F.);
#16149 = FACE_BOUND('',#16150,.F.);
#16150 = EDGE_LOOP('',(#16151,#16152,#16153,#16176));
#16151 = ORIENTED_EDGE('',*,*,#16076,.F.);
#16152 = ORIENTED_EDGE('',*,*,#12056,.F.);
#16153 = ORIENTED_EDGE('',*,*,#16154,.T.);
#16154 = EDGE_CURVE('',#12029,#16155,#16157,.T.);
#16155 = VERTEX_POINT('',#16156);
#16156 = CARTESIAN_POINT('',(47.05,62.6,15.2));
#16157 = SURFACE_CURVE('',#16158,(#16162,#16169),.PCURVE_S1.);
#16158 = LINE('',#16159,#16160);
#16159 = CARTESIAN_POINT('',(47.05,62.6,17.95));
#16160 = VECTOR('',#16161,1.);
#16161 = DIRECTION('',(0.,0.,-1.));
#16162 = PCURVE('',#12070,#16163);
#16163 = DEFINITIONAL_REPRESENTATION('',(#16164),#16168);
#16164 = LINE('',#16165,#16166);
#16165 = CARTESIAN_POINT('',(0.,-4.));
#16166 = VECTOR('',#16167,1.);
#16167 = DIRECTION('',(1.,0.));
#16168 = ( GEOMETRIC_REPRESENTATION_CONTEXT(2) 
PARAMETRIC_REPRESENTATION_CONTEXT() REPRESENTATION_CONTEXT('2D SPACE',''
  ) );
#16169 = PCURVE('',#12044,#16170);
#16170 = DEFINITIONAL_REPRESENTATION('',(#16171),#16175);
#16171 = LINE('',#16172,#16173);
#16172 = CARTESIAN_POINT('',(0.965394726276,2.02385150243));
#16173 = VECTOR('',#16174,1.);
#16174 = DIRECTION('',(-1.,-0.));
#16175 = ( GEOMETRIC_REPRESENTATION_CONTEXT(2) 
PARAMETRIC_REPRESENTATION_CONTEXT() REPRESENTATION_CONTEXT('2D SPACE',''
  ) );
#16176 = ORIENTED_EDGE('',*,*,#16177,.F.);
#16177 = EDGE_CURVE('',#16077,#16155,#16178,.T.);
#16178 = SURFACE_CURVE('',#16179,(#16183,#16190),.PCURVE_S1.);
#16179 = LINE('',#16180,#16181);
#16180 = CARTESIAN_POINT('',(47.05,66.6,15.2));
#16181 = VECTOR('',#16182,1.);
#16182 = DIRECTION('',(1.110223024625E-16,-1.,0.));
#16183 = PCURVE('',#12070,#16184);
#16184 = DEFINITIONAL_REPRESENTATION('',(#16185),#16189);
#16185 = LINE('',#16186,#16187);
#16186 = CARTESIAN_POINT('',(2.75,0.));
#16187 = VECTOR('',#16188,1.);
#16188 = DIRECTION('',(0.,-1.));
#16189 = ( GEOMETRIC_REPRESENTATION_CONTEXT(2) 
PARAMETRIC_REPRESENTATION_CONTEXT() REPRESENTATION_CONTEXT('2D SPACE',''
  ) );
#16190 = PCURVE('',#16115,#16191);
#16191 = DEFINITIONAL_REPRESENTATION('',(#16192),#16196);
#16192 = LINE('',#16193,#16194);
#16193 = CARTESIAN_POINT('',(0.,0.));
#16194 = VECTOR('',#16195,1.);
#16195 = DIRECTION('',(0.,-1.));
#16196 = ( GEOMETRIC_REPRESENTATION_CONTEXT(2) 
PARAMETRIC_REPRESENTATION_CONTEXT() REPRESENTATION_CONTEXT('2D SPACE',''
  ) );
#16197 = ADVANCED_FACE('',(#16198),#12016,.F.);
#16198 = FACE_BOUND('',#16199,.F.);
#16199 = EDGE_LOOP('',(#16200,#16201,#16224,#16245));
#16200 = ORIENTED_EDGE('',*,*,#16127,.F.);
#16201 = ORIENTED_EDGE('',*,*,#16202,.T.);
#16202 = EDGE_CURVE('',#16100,#16203,#16205,.T.);
#16203 = VERTEX_POINT('',#16204);
#16204 = CARTESIAN_POINT('',(48.,62.6,15.2));
#16205 = SURFACE_CURVE('',#16206,(#16210,#16217),.PCURVE_S1.);
#16206 = LINE('',#16207,#16208);
#16207 = CARTESIAN_POINT('',(48.,66.6,15.2));
#16208 = VECTOR('',#16209,1.);
#16209 = DIRECTION('',(1.110223024625E-16,-1.,0.));
#16210 = PCURVE('',#12016,#16211);
#16211 = DEFINITIONAL_REPRESENTATION('',(#16212),#16216);
#16212 = LINE('',#16213,#16214);
#16213 = CARTESIAN_POINT('',(0.,0.));
#16214 = VECTOR('',#16215,1.);
#16215 = DIRECTION('',(0.,-1.));
#16216 = ( GEOMETRIC_REPRESENTATION_CONTEXT(2) 
PARAMETRIC_REPRESENTATION_CONTEXT() REPRESENTATION_CONTEXT('2D SPACE',''
  ) );
#16217 = PCURVE('',#16115,#16218);
#16218 = DEFINITIONAL_REPRESENTATION('',(#16219),#16223);
#16219 = LINE('',#16220,#16221);
#16220 = CARTESIAN_POINT('',(0.95,-1.054711873394E-16));
#16221 = VECTOR('',#16222,1.);
#16222 = DIRECTION('',(0.,-1.));
#16223 = ( GEOMETRIC_REPRESENTATION_CONTEXT(2) 
PARAMETRIC_REPRESENTATION_CONTEXT() REPRESENTATION_CONTEXT('2D SPACE',''
  ) );
#16224 = ORIENTED_EDGE('',*,*,#16225,.T.);
#16225 = EDGE_CURVE('',#16203,#12001,#16226,.T.);
#16226 = SURFACE_CURVE('',#16227,(#16231,#16238),.PCURVE_S1.);
#16227 = LINE('',#16228,#16229);
#16228 = CARTESIAN_POINT('',(48.,62.6,15.2));
#16229 = VECTOR('',#16230,1.);
#16230 = DIRECTION('',(0.827306252425,9.184944498586E-17,0.561751159054)
  );
#16231 = PCURVE('',#12016,#16232);
#16232 = DEFINITIONAL_REPRESENTATION('',(#16233),#16237);
#16233 = LINE('',#16234,#16235);
#16234 = CARTESIAN_POINT('',(-3.673977799434E-16,-4.));
#16235 = VECTOR('',#16236,1.);
#16236 = DIRECTION('',(1.,0.));
#16237 = ( GEOMETRIC_REPRESENTATION_CONTEXT(2) 
PARAMETRIC_REPRESENTATION_CONTEXT() REPRESENTATION_CONTEXT('2D SPACE',''
  ) );
#16238 = PCURVE('',#12044,#16239);
#16239 = DEFINITIONAL_REPRESENTATION('',(#16240),#16244);
#16240 = LINE('',#16241,#16242);
#16241 = CARTESIAN_POINT('',(-1.784605273724,1.07385150243));
#16242 = VECTOR('',#16243,1.);
#16243 = DIRECTION('',(0.561751159054,-0.827306252425));
#16244 = ( GEOMETRIC_REPRESENTATION_CONTEXT(2) 
PARAMETRIC_REPRESENTATION_CONTEXT() REPRESENTATION_CONTEXT('2D SPACE',''
  ) );
#16245 = ORIENTED_EDGE('',*,*,#12000,.F.);
#16246 = ADVANCED_FACE('',(#16247),#12044,.T.);
#16247 = FACE_BOUND('',#16248,.T.);
#16248 = EDGE_LOOP('',(#16249,#16250,#16271,#16272));
#16249 = ORIENTED_EDGE('',*,*,#16154,.T.);
#16250 = ORIENTED_EDGE('',*,*,#16251,.T.);
#16251 = EDGE_CURVE('',#16155,#16203,#16252,.T.);
#16252 = SURFACE_CURVE('',#16253,(#16257,#16264),.PCURVE_S1.);
#16253 = LINE('',#16254,#16255);
#16254 = CARTESIAN_POINT('',(47.05,62.6,15.2));
#16255 = VECTOR('',#16256,1.);
#16256 = DIRECTION('',(1.,1.110223024625E-16,0.));
#16257 = PCURVE('',#12044,#16258);
#16258 = DEFINITIONAL_REPRESENTATION('',(#16259),#16263);
#16259 = LINE('',#16260,#16261);
#16260 = CARTESIAN_POINT('',(-1.784605273724,2.02385150243));
#16261 = VECTOR('',#16262,1.);
#16262 = DIRECTION('',(0.,-1.));
#16263 = ( GEOMETRIC_REPRESENTATION_CONTEXT(2) 
PARAMETRIC_REPRESENTATION_CONTEXT() REPRESENTATION_CONTEXT('2D SPACE',''
  ) );
#16264 = PCURVE('',#16115,#16265);
#16265 = DEFINITIONAL_REPRESENTATION('',(#16266),#16270);
#16266 = LINE('',#16267,#16268);
#16267 = CARTESIAN_POINT('',(-4.440892098501E-16,-4.));
#16268 = VECTOR('',#16269,1.);
#16269 = DIRECTION('',(1.,0.));
#16270 = ( GEOMETRIC_REPRESENTATION_CONTEXT(2) 
PARAMETRIC_REPRESENTATION_CONTEXT() REPRESENTATION_CONTEXT('2D SPACE',''
  ) );
#16271 = ORIENTED_EDGE('',*,*,#16225,.T.);
#16272 = ORIENTED_EDGE('',*,*,#12028,.F.);
#16273 = ADVANCED_FACE('',(#16274),#12152,.T.);
#16274 = FACE_BOUND('',#16275,.T.);
#16275 = EDGE_LOOP('',(#16276,#16305,#16332,#16359,#16377,#16378,#16379,
    #16380));
#16276 = ORIENTED_EDGE('',*,*,#16277,.F.);
#16277 = EDGE_CURVE('',#16278,#16280,#16282,.T.);
#16278 = VERTEX_POINT('',#16279);
#16279 = CARTESIAN_POINT('',(12.,4.8,17.5));
#16280 = VERTEX_POINT('',#16281);
#16281 = CARTESIAN_POINT('',(10.214285714286,3.014285714286,23.75));
#16282 = SURFACE_CURVE('',#16283,(#16286,#16293),.PCURVE_S1.);
#16283 = B_SPLINE_CURVE_WITH_KNOTS('',1,(#16284,#16285),.UNSPECIFIED.,
  .F.,.F.,(2,2),(0.,1.),.PIECEWISE_BEZIER_KNOTS.);
#16284 = CARTESIAN_POINT('',(12.,4.8,17.5));
#16285 = CARTESIAN_POINT('',(10.2,3.,23.8));
#16286 = PCURVE('',#12152,#16287);
#16287 = DEFINITIONAL_REPRESENTATION('',(#16288),#16292);
#16288 = LINE('',#16289,#16290);
#16289 = CARTESIAN_POINT('',(0.,0.));
#16290 = VECTOR('',#16291,1.);
#16291 = DIRECTION('',(0.,1.));
#16292 = ( GEOMETRIC_REPRESENTATION_CONTEXT(2) 
PARAMETRIC_REPRESENTATION_CONTEXT() REPRESENTATION_CONTEXT('2D SPACE',''
  ) );
#16293 = PCURVE('',#16294,#16299);
#16294 = B_SPLINE_SURFACE_WITH_KNOTS('',1,1,(
    (#16295,#16296)
    ,(#16297,#16298
    )),.UNSPECIFIED.,.F.,.F.,.F.,(2,2),(2,2),(0.,14.),(0.,1.),
  .PIECEWISE_BEZIER_KNOTS.);
#16295 = CARTESIAN_POINT('',(12.,15.2,17.5));
#16296 = CARTESIAN_POINT('',(10.2,17.,23.8));
#16297 = CARTESIAN_POINT('',(12.,4.8,17.5));
#16298 = CARTESIAN_POINT('',(10.2,3.,23.8));
#16299 = DEFINITIONAL_REPRESENTATION('',(#16300),#16304);
#16300 = LINE('',#16301,#16302);
#16301 = CARTESIAN_POINT('',(14.,0.));
#16302 = VECTOR('',#16303,1.);
#16303 = DIRECTION('',(0.,1.));
#16304 = ( GEOMETRIC_REPRESENTATION_CONTEXT(2) 
PARAMETRIC_REPRESENTATION_CONTEXT() REPRESENTATION_CONTEXT('2D SPACE',''
  ) );
#16305 = ORIENTED_EDGE('',*,*,#16306,.T.);
#16306 = EDGE_CURVE('',#16278,#16307,#16309,.T.);
#16307 = VERTEX_POINT('',#16308);
#16308 = CARTESIAN_POINT('',(21.2,4.8,17.5));
#16309 = SURFACE_CURVE('',#16310,(#16314,#16320),.PCURVE_S1.);
#16310 = LINE('',#16311,#16312);
#16311 = CARTESIAN_POINT('',(12.,4.8,17.5));
#16312 = VECTOR('',#16313,1.);
#16313 = DIRECTION('',(1.,1.110223024625E-16,0.));
#16314 = PCURVE('',#12152,#16315);
#16315 = DEFINITIONAL_REPRESENTATION('',(#16316),#16319);
#16316 = B_SPLINE_CURVE_WITH_KNOTS('',1,(#16317,#16318),.UNSPECIFIED.,
  .F.,.F.,(2,2),(0.,9.2),.PIECEWISE_BEZIER_KNOTS.);
#16317 = CARTESIAN_POINT('',(0.,0.));
#16318 = CARTESIAN_POINT('',(12.8,0.));
#16319 = ( GEOMETRIC_REPRESENTATION_CONTEXT(2) 
PARAMETRIC_REPRESENTATION_CONTEXT() REPRESENTATION_CONTEXT('2D SPACE',''
  ) );
#16320 = PCURVE('',#16321,#16326);
#16321 = PLANE('',#16322);
#16322 = AXIS2_PLACEMENT_3D('',#16323,#16324,#16325);
#16323 = CARTESIAN_POINT('',(12.,15.2,17.5));
#16324 = DIRECTION('',(0.,0.,-1.));
#16325 = DIRECTION('',(0.662573882203,-0.74899656249,0.));
#16326 = DEFINITIONAL_REPRESENTATION('',(#16327),#16331);
#16327 = LINE('',#16328,#16329);
#16328 = CARTESIAN_POINT('',(7.7895642499,6.890768374912));
#16329 = VECTOR('',#16330,1.);
#16330 = DIRECTION('',(0.662573882203,-0.74899656249));
#16331 = ( GEOMETRIC_REPRESENTATION_CONTEXT(2) 
PARAMETRIC_REPRESENTATION_CONTEXT() REPRESENTATION_CONTEXT('2D SPACE',''
  ) );
#16332 = ORIENTED_EDGE('',*,*,#16333,.T.);
#16333 = EDGE_CURVE('',#16307,#16334,#16336,.T.);
#16334 = VERTEX_POINT('',#16335);
#16335 = CARTESIAN_POINT('',(22.985714285714,3.014285714286,23.75));
#16336 = SURFACE_CURVE('',#16337,(#16340,#16347),.PCURVE_S1.);
#16337 = B_SPLINE_CURVE_WITH_KNOTS('',1,(#16338,#16339),.UNSPECIFIED.,
  .F.,.F.,(2,2),(0.,1.),.PIECEWISE_BEZIER_KNOTS.);
#16338 = CARTESIAN_POINT('',(21.2,4.8,17.5));
#16339 = CARTESIAN_POINT('',(23.,3.,23.8));
#16340 = PCURVE('',#12152,#16341);
#16341 = DEFINITIONAL_REPRESENTATION('',(#16342),#16346);
#16342 = LINE('',#16343,#16344);
#16343 = CARTESIAN_POINT('',(12.8,0.));
#16344 = VECTOR('',#16345,1.);
#16345 = DIRECTION('',(0.,1.));
#16346 = ( GEOMETRIC_REPRESENTATION_CONTEXT(2) 
PARAMETRIC_REPRESENTATION_CONTEXT() REPRESENTATION_CONTEXT('2D SPACE',''
  ) );
#16347 = PCURVE('',#16348,#16353);
#16348 = B_SPLINE_SURFACE_WITH_KNOTS('',1,1,(
    (#16349,#16350)
    ,(#16351,#16352
    )),.UNSPECIFIED.,.F.,.F.,.F.,(2,2),(2,2),(0.,14.),(0.,1.),
  .PIECEWISE_BEZIER_KNOTS.);
#16349 = CARTESIAN_POINT('',(21.2,4.8,17.5));
#16350 = CARTESIAN_POINT('',(23.,3.,23.8));
#16351 = CARTESIAN_POINT('',(21.2,15.2,17.5));
#16352 = CARTESIAN_POINT('',(23.,17.,23.8));
#16353 = DEFINITIONAL_REPRESENTATION('',(#16354),#16358);
#16354 = LINE('',#16355,#16356);
#16355 = CARTESIAN_POINT('',(0.,0.));
#16356 = VECTOR('',#16357,1.);
#16357 = DIRECTION('',(0.,1.));
#16358 = ( GEOMETRIC_REPRESENTATION_CONTEXT(2) 
PARAMETRIC_REPRESENTATION_CONTEXT() REPRESENTATION_CONTEXT('2D SPACE',''
  ) );
#16359 = ORIENTED_EDGE('',*,*,#16360,.T.);
#16360 = EDGE_CURVE('',#16334,#12297,#16361,.T.);
#16361 = SURFACE_CURVE('',#16362,(#16365,#16371),.PCURVE_S1.);
#16362 = B_SPLINE_CURVE_WITH_KNOTS('',1,(#16363,#16364),.UNSPECIFIED.,
  .F.,.F.,(2,2),(0.,1.),.PIECEWISE_BEZIER_KNOTS.);
#16363 = CARTESIAN_POINT('',(22.985714285714,3.014285714286,23.75));
#16364 = CARTESIAN_POINT('',(10.214285714286,3.014285714286,23.75));
#16365 = PCURVE('',#12152,#16366);
#16366 = DEFINITIONAL_REPRESENTATION('',(#16367),#16370);
#16367 = B_SPLINE_CURVE_WITH_KNOTS('',1,(#16368,#16369),.UNSPECIFIED.,
  .F.,.F.,(2,2),(0.,1.),.PIECEWISE_BEZIER_KNOTS.);
#16368 = CARTESIAN_POINT('',(12.8,0.992063492063));
#16369 = CARTESIAN_POINT('',(0.,0.992063492063));
#16370 = ( GEOMETRIC_REPRESENTATION_CONTEXT(2) 
PARAMETRIC_REPRESENTATION_CONTEXT() REPRESENTATION_CONTEXT('2D SPACE',''
  ) );
#16371 = PCURVE('',#12235,#16372);
#16372 = DEFINITIONAL_REPRESENTATION('',(#16373),#16376);
#16373 = B_SPLINE_CURVE_WITH_KNOTS('',1,(#16374,#16375),.UNSPECIFIED.,
  .F.,.F.,(2,2),(0.,1.),.PIECEWISE_BEZIER_KNOTS.);
#16374 = CARTESIAN_POINT('',(13.985714285714,12.785714285714));
#16375 = CARTESIAN_POINT('',(13.985714285714,1.428571428571E-02));
#16376 = ( GEOMETRIC_REPRESENTATION_CONTEXT(2) 
PARAMETRIC_REPRESENTATION_CONTEXT() REPRESENTATION_CONTEXT('2D SPACE',''
  ) );
#16377 = ORIENTED_EDGE('',*,*,#12296,.F.);
#16378 = ORIENTED_EDGE('',*,*,#12273,.T.);
#16379 = ORIENTED_EDGE('',*,*,#12112,.T.);
#16380 = ORIENTED_EDGE('',*,*,#16381,.T.);
#16381 = EDGE_CURVE('',#12115,#16280,#16382,.T.);
#16382 = SURFACE_CURVE('',#16383,(#16386,#16392),.PCURVE_S1.);
#16383 = B_SPLINE_CURVE_WITH_KNOTS('',1,(#16384,#16385),.UNSPECIFIED.,
  .F.,.F.,(2,2),(0.,1.),.PIECEWISE_BEZIER_KNOTS.);
#16384 = CARTESIAN_POINT('',(22.985714285714,3.014285714286,23.75));
#16385 = CARTESIAN_POINT('',(10.214285714286,3.014285714286,23.75));
#16386 = PCURVE('',#12152,#16387);
#16387 = DEFINITIONAL_REPRESENTATION('',(#16388),#16391);
#16388 = B_SPLINE_CURVE_WITH_KNOTS('',1,(#16389,#16390),.UNSPECIFIED.,
  .F.,.F.,(2,2),(0.,1.),.PIECEWISE_BEZIER_KNOTS.);
#16389 = CARTESIAN_POINT('',(12.8,0.992063492063));
#16390 = CARTESIAN_POINT('',(0.,0.992063492063));
#16391 = ( GEOMETRIC_REPRESENTATION_CONTEXT(2) 
PARAMETRIC_REPRESENTATION_CONTEXT() REPRESENTATION_CONTEXT('2D SPACE',''
  ) );
#16392 = PCURVE('',#12235,#16393);
#16393 = DEFINITIONAL_REPRESENTATION('',(#16394),#16397);
#16394 = B_SPLINE_CURVE_WITH_KNOTS('',1,(#16395,#16396),.UNSPECIFIED.,
  .F.,.F.,(2,2),(0.,1.),.PIECEWISE_BEZIER_KNOTS.);
#16395 = CARTESIAN_POINT('',(13.985714285714,12.785714285714));
#16396 = CARTESIAN_POINT('',(13.985714285714,1.428571428571E-02));
#16397 = ( GEOMETRIC_REPRESENTATION_CONTEXT(2) 
PARAMETRIC_REPRESENTATION_CONTEXT() REPRESENTATION_CONTEXT('2D SPACE',''
  ) );
#16398 = ADVANCED_FACE('',(#16399),#12235,.F.);
#16399 = FACE_BOUND('',#16400,.F.);
#16400 = EDGE_LOOP('',(#16401,#16402,#16403,#16404,#16405,#16406,#16407,
    #16427,#16452,#16470,#16471,#16472));
#16401 = ORIENTED_EDGE('',*,*,#14098,.F.);
#16402 = ORIENTED_EDGE('',*,*,#14169,.F.);
#16403 = ORIENTED_EDGE('',*,*,#14218,.T.);
#16404 = ORIENTED_EDGE('',*,*,#14245,.T.);
#16405 = ORIENTED_EDGE('',*,*,#12221,.F.);
#16406 = ORIENTED_EDGE('',*,*,#16381,.T.);
#16407 = ORIENTED_EDGE('',*,*,#16408,.T.);
#16408 = EDGE_CURVE('',#16280,#16409,#16411,.T.);
#16409 = VERTEX_POINT('',#16410);
#16410 = CARTESIAN_POINT('',(10.214285714286,16.985714285714,23.75));
#16411 = SURFACE_CURVE('',#16412,(#16415,#16421),.PCURVE_S1.);
#16412 = B_SPLINE_CURVE_WITH_KNOTS('',1,(#16413,#16414),.UNSPECIFIED.,
  .F.,.F.,(2,2),(0.,1.),.PIECEWISE_BEZIER_KNOTS.);
#16413 = CARTESIAN_POINT('',(10.214285714286,3.014285714286,23.75));
#16414 = CARTESIAN_POINT('',(10.214285714286,16.985714285714,23.75));
#16415 = PCURVE('',#12235,#16416);
#16416 = DEFINITIONAL_REPRESENTATION('',(#16417),#16420);
#16417 = B_SPLINE_CURVE_WITH_KNOTS('',1,(#16418,#16419),.UNSPECIFIED.,
  .F.,.F.,(2,2),(0.,1.),.PIECEWISE_BEZIER_KNOTS.);
#16418 = CARTESIAN_POINT('',(13.985714285714,1.428571428571E-02));
#16419 = CARTESIAN_POINT('',(1.428571428571E-02,1.428571428571E-02));
#16420 = ( GEOMETRIC_REPRESENTATION_CONTEXT(2) 
PARAMETRIC_REPRESENTATION_CONTEXT() REPRESENTATION_CONTEXT('2D SPACE',''
  ) );
#16421 = PCURVE('',#16294,#16422);
#16422 = DEFINITIONAL_REPRESENTATION('',(#16423),#16426);
#16423 = B_SPLINE_CURVE_WITH_KNOTS('',1,(#16424,#16425),.UNSPECIFIED.,
  .F.,.F.,(2,2),(0.,1.),.PIECEWISE_BEZIER_KNOTS.);
#16424 = CARTESIAN_POINT('',(14.,0.992063492063));
#16425 = CARTESIAN_POINT('',(0.,0.992063492063));
#16426 = ( GEOMETRIC_REPRESENTATION_CONTEXT(2) 
PARAMETRIC_REPRESENTATION_CONTEXT() REPRESENTATION_CONTEXT('2D SPACE',''
  ) );
#16427 = ORIENTED_EDGE('',*,*,#16428,.T.);
#16428 = EDGE_CURVE('',#16409,#16429,#16431,.T.);
#16429 = VERTEX_POINT('',#16430);
#16430 = CARTESIAN_POINT('',(22.985714285714,16.985714285714,23.75));
#16431 = SURFACE_CURVE('',#16432,(#16435,#16441),.PCURVE_S1.);
#16432 = B_SPLINE_CURVE_WITH_KNOTS('',1,(#16433,#16434),.UNSPECIFIED.,
  .F.,.F.,(2,2),(0.,1.),.PIECEWISE_BEZIER_KNOTS.);
#16433 = CARTESIAN_POINT('',(10.214285714286,16.985714285714,23.75));
#16434 = CARTESIAN_POINT('',(22.985714285714,16.985714285714,23.75));
#16435 = PCURVE('',#12235,#16436);
#16436 = DEFINITIONAL_REPRESENTATION('',(#16437),#16440);
#16437 = B_SPLINE_CURVE_WITH_KNOTS('',1,(#16438,#16439),.UNSPECIFIED.,
  .F.,.F.,(2,2),(0.,1.),.PIECEWISE_BEZIER_KNOTS.);
#16438 = CARTESIAN_POINT('',(1.428571428571E-02,1.428571428571E-02));
#16439 = CARTESIAN_POINT('',(1.428571428571E-02,12.785714285714));
#16440 = ( GEOMETRIC_REPRESENTATION_CONTEXT(2) 
PARAMETRIC_REPRESENTATION_CONTEXT() REPRESENTATION_CONTEXT('2D SPACE',''
  ) );
#16441 = PCURVE('',#16442,#16447);
#16442 = B_SPLINE_SURFACE_WITH_KNOTS('',1,1,(
    (#16443,#16444)
    ,(#16445,#16446
    )),.UNSPECIFIED.,.F.,.F.,.F.,(2,2),(2,2),(0.,12.8),(0.,1.),
  .PIECEWISE_BEZIER_KNOTS.);
#16443 = CARTESIAN_POINT('',(21.2,15.2,17.5));
#16444 = CARTESIAN_POINT('',(23.,17.,23.8));
#16445 = CARTESIAN_POINT('',(12.,15.2,17.5));
#16446 = CARTESIAN_POINT('',(10.2,17.,23.8));
#16447 = DEFINITIONAL_REPRESENTATION('',(#16448),#16451);
#16448 = B_SPLINE_CURVE_WITH_KNOTS('',1,(#16449,#16450),.UNSPECIFIED.,
  .F.,.F.,(2,2),(0.,1.),.PIECEWISE_BEZIER_KNOTS.);
#16449 = CARTESIAN_POINT('',(12.8,0.992063492063));
#16450 = CARTESIAN_POINT('',(0.,0.992063492063));
#16451 = ( GEOMETRIC_REPRESENTATION_CONTEXT(2) 
PARAMETRIC_REPRESENTATION_CONTEXT() REPRESENTATION_CONTEXT('2D SPACE',''
  ) );
#16452 = ORIENTED_EDGE('',*,*,#16453,.T.);
#16453 = EDGE_CURVE('',#16429,#16334,#16454,.T.);
#16454 = SURFACE_CURVE('',#16455,(#16458,#16464),.PCURVE_S1.);
#16455 = B_SPLINE_CURVE_WITH_KNOTS('',1,(#16456,#16457),.UNSPECIFIED.,
  .F.,.F.,(2,2),(0.,1.),.PIECEWISE_BEZIER_KNOTS.);
#16456 = CARTESIAN_POINT('',(22.985714285714,16.985714285714,23.75));
#16457 = CARTESIAN_POINT('',(22.985714285714,3.014285714286,23.75));
#16458 = PCURVE('',#12235,#16459);
#16459 = DEFINITIONAL_REPRESENTATION('',(#16460),#16463);
#16460 = B_SPLINE_CURVE_WITH_KNOTS('',1,(#16461,#16462),.UNSPECIFIED.,
  .F.,.F.,(2,2),(0.,1.),.PIECEWISE_BEZIER_KNOTS.);
#16461 = CARTESIAN_POINT('',(1.428571428571E-02,12.785714285714));
#16462 = CARTESIAN_POINT('',(13.985714285714,12.785714285714));
#16463 = ( GEOMETRIC_REPRESENTATION_CONTEXT(2) 
PARAMETRIC_REPRESENTATION_CONTEXT() REPRESENTATION_CONTEXT('2D SPACE',''
  ) );
#16464 = PCURVE('',#16348,#16465);
#16465 = DEFINITIONAL_REPRESENTATION('',(#16466),#16469);
#16466 = B_SPLINE_CURVE_WITH_KNOTS('',1,(#16467,#16468),.UNSPECIFIED.,
  .F.,.F.,(2,2),(0.,1.),.PIECEWISE_BEZIER_KNOTS.);
#16467 = CARTESIAN_POINT('',(14.,0.992063492063));
#16468 = CARTESIAN_POINT('',(0.,0.992063492063));
#16469 = ( GEOMETRIC_REPRESENTATION_CONTEXT(2) 
PARAMETRIC_REPRESENTATION_CONTEXT() REPRESENTATION_CONTEXT('2D SPACE',''
  ) );
#16470 = ORIENTED_EDGE('',*,*,#16360,.T.);
#16471 = ORIENTED_EDGE('',*,*,#12378,.T.);
#16472 = ORIENTED_EDGE('',*,*,#14049,.T.);
#16473 = ADVANCED_FACE('',(#16474),#12531,.T.);
#16474 = FACE_BOUND('',#16475,.T.);
#16475 = EDGE_LOOP('',(#16476,#16477,#16478,#16479));
#16476 = ORIENTED_EDGE('',*,*,#13169,.F.);
#16477 = ORIENTED_EDGE('',*,*,#12686,.T.);
#16478 = ORIENTED_EDGE('',*,*,#12564,.T.);
#16479 = ORIENTED_EDGE('',*,*,#12517,.T.);
#16480 = ADVANCED_FACE('',(#16481),#12651,.F.);
#16481 = FACE_BOUND('',#16482,.T.);
#16482 = EDGE_LOOP('',(#16483,#16484,#16485,#16486));
#16483 = ORIENTED_EDGE('',*,*,#13132,.T.);
#16484 = ORIENTED_EDGE('',*,*,#12963,.T.);
#16485 = ORIENTED_EDGE('',*,*,#12734,.F.);
#16486 = ORIENTED_EDGE('',*,*,#12635,.F.);
#16487 = ADVANCED_FACE('',(#16488),#13546,.F.);
#16488 = FACE_BOUND('',#16489,.F.);
#16489 = EDGE_LOOP('',(#16490,#16491,#16492,#16493,#16494,#16495,#16496,
    #16514,#16515,#16535,#16553,#16554));
#16490 = ORIENTED_EDGE('',*,*,#13638,.F.);
#16491 = ORIENTED_EDGE('',*,*,#13687,.T.);
#16492 = ORIENTED_EDGE('',*,*,#13714,.T.);
#16493 = ORIENTED_EDGE('',*,*,#13763,.F.);
#16494 = ORIENTED_EDGE('',*,*,#13834,.F.);
#16495 = ORIENTED_EDGE('',*,*,#13887,.F.);
#16496 = ORIENTED_EDGE('',*,*,#16497,.T.);
#16497 = EDGE_CURVE('',#13888,#15961,#16498,.T.);
#16498 = SURFACE_CURVE('',#16499,(#16502,#16508),.PCURVE_S1.);
#16499 = B_SPLINE_CURVE_WITH_KNOTS('',1,(#16500,#16501),.UNSPECIFIED.,
  .F.,.F.,(2,2),(0.,1.),.PIECEWISE_BEZIER_KNOTS.);
#16500 = CARTESIAN_POINT('',(10.214285714286,67.685714285714,23.75));
#16501 = CARTESIAN_POINT('',(22.985714285714,67.685714285714,23.75));
#16502 = PCURVE('',#13546,#16503);
#16503 = DEFINITIONAL_REPRESENTATION('',(#16504),#16507);
#16504 = B_SPLINE_CURVE_WITH_KNOTS('',1,(#16505,#16506),.UNSPECIFIED.,
  .F.,.F.,(2,2),(0.,1.),.PIECEWISE_BEZIER_KNOTS.);
#16505 = CARTESIAN_POINT('',(1.428571428572E-02,1.428571428571E-02));
#16506 = CARTESIAN_POINT('',(1.428571428572E-02,12.785714285714));
#16507 = ( GEOMETRIC_REPRESENTATION_CONTEXT(2) 
PARAMETRIC_REPRESENTATION_CONTEXT() REPRESENTATION_CONTEXT('2D SPACE',''
  ) );
#16508 = PCURVE('',#13932,#16509);
#16509 = DEFINITIONAL_REPRESENTATION('',(#16510),#16513);
#16510 = B_SPLINE_CURVE_WITH_KNOTS('',1,(#16511,#16512),.UNSPECIFIED.,
  .F.,.F.,(2,2),(0.,1.),.PIECEWISE_BEZIER_KNOTS.);
#16511 = CARTESIAN_POINT('',(12.8,0.992063492063));
#16512 = CARTESIAN_POINT('',(0.,0.992063492063));
#16513 = ( GEOMETRIC_REPRESENTATION_CONTEXT(2) 
PARAMETRIC_REPRESENTATION_CONTEXT() REPRESENTATION_CONTEXT('2D SPACE',''
  ) );
#16514 = ORIENTED_EDGE('',*,*,#15982,.T.);
#16515 = ORIENTED_EDGE('',*,*,#16516,.T.);
#16516 = EDGE_CURVE('',#15883,#16517,#16519,.T.);
#16517 = VERTEX_POINT('',#16518);
#16518 = CARTESIAN_POINT('',(10.214285714286,53.714285714286,23.75));
#16519 = SURFACE_CURVE('',#16520,(#16523,#16529),.PCURVE_S1.);
#16520 = B_SPLINE_CURVE_WITH_KNOTS('',1,(#16521,#16522),.UNSPECIFIED.,
  .F.,.F.,(2,2),(0.,1.),.PIECEWISE_BEZIER_KNOTS.);
#16521 = CARTESIAN_POINT('',(22.985714285714,53.714285714286,23.75));
#16522 = CARTESIAN_POINT('',(10.214285714286,53.714285714286,23.75));
#16523 = PCURVE('',#13546,#16524);
#16524 = DEFINITIONAL_REPRESENTATION('',(#16525),#16528);
#16525 = B_SPLINE_CURVE_WITH_KNOTS('',1,(#16526,#16527),.UNSPECIFIED.,
  .F.,.F.,(2,2),(0.,1.),.PIECEWISE_BEZIER_KNOTS.);
#16526 = CARTESIAN_POINT('',(13.985714285714,12.785714285714));
#16527 = CARTESIAN_POINT('',(13.985714285714,1.428571428571E-02));
#16528 = ( GEOMETRIC_REPRESENTATION_CONTEXT(2) 
PARAMETRIC_REPRESENTATION_CONTEXT() REPRESENTATION_CONTEXT('2D SPACE',''
  ) );
#16529 = PCURVE('',#15897,#16530);
#16530 = DEFINITIONAL_REPRESENTATION('',(#16531),#16534);
#16531 = B_SPLINE_CURVE_WITH_KNOTS('',1,(#16532,#16533),.UNSPECIFIED.,
  .F.,.F.,(2,2),(0.,1.),.PIECEWISE_BEZIER_KNOTS.);
#16532 = CARTESIAN_POINT('',(12.8,0.992063492063));
#16533 = CARTESIAN_POINT('',(0.,0.992063492063));
#16534 = ( GEOMETRIC_REPRESENTATION_CONTEXT(2) 
PARAMETRIC_REPRESENTATION_CONTEXT() REPRESENTATION_CONTEXT('2D SPACE',''
  ) );
#16535 = ORIENTED_EDGE('',*,*,#16536,.T.);
#16536 = EDGE_CURVE('',#16517,#16027,#16537,.T.);
#16537 = SURFACE_CURVE('',#16538,(#16541,#16547),.PCURVE_S1.);
#16538 = B_SPLINE_CURVE_WITH_KNOTS('',1,(#16539,#16540),.UNSPECIFIED.,
  .F.,.F.,(2,2),(0.,1.),.PIECEWISE_BEZIER_KNOTS.);
#16539 = CARTESIAN_POINT('',(10.214285714286,53.714285714286,23.75));
#16540 = CARTESIAN_POINT('',(10.214285714286,67.685714285714,23.75));
#16541 = PCURVE('',#13546,#16542);
#16542 = DEFINITIONAL_REPRESENTATION('',(#16543),#16546);
#16543 = B_SPLINE_CURVE_WITH_KNOTS('',1,(#16544,#16545),.UNSPECIFIED.,
  .F.,.F.,(2,2),(0.,1.),.PIECEWISE_BEZIER_KNOTS.);
#16544 = CARTESIAN_POINT('',(13.985714285714,1.428571428571E-02));
#16545 = CARTESIAN_POINT('',(1.428571428572E-02,1.428571428571E-02));
#16546 = ( GEOMETRIC_REPRESENTATION_CONTEXT(2) 
PARAMETRIC_REPRESENTATION_CONTEXT() REPRESENTATION_CONTEXT('2D SPACE',''
  ) );
#16547 = PCURVE('',#16041,#16548);
#16548 = DEFINITIONAL_REPRESENTATION('',(#16549),#16552);
#16549 = B_SPLINE_CURVE_WITH_KNOTS('',1,(#16550,#16551),.UNSPECIFIED.,
  .F.,.F.,(2,2),(0.,1.),.PIECEWISE_BEZIER_KNOTS.);
#16550 = CARTESIAN_POINT('',(14.,0.992063492063));
#16551 = CARTESIAN_POINT('',(0.,0.992063492063));
#16552 = ( GEOMETRIC_REPRESENTATION_CONTEXT(2) 
PARAMETRIC_REPRESENTATION_CONTEXT() REPRESENTATION_CONTEXT('2D SPACE',''
  ) );
#16553 = ORIENTED_EDGE('',*,*,#16053,.T.);
#16554 = ORIENTED_EDGE('',*,*,#13530,.T.);
#16555 = ADVANCED_FACE('',(#16556),#14026,.F.);
#16556 = FACE_BOUND('',#16557,.T.);
#16557 = EDGE_LOOP('',(#16558,#16559,#16560,#16561));
#16558 = ORIENTED_EDGE('',*,*,#15328,.T.);
#16559 = ORIENTED_EDGE('',*,*,#14012,.T.);
#16560 = ORIENTED_EDGE('',*,*,#15660,.F.);
#16561 = ORIENTED_EDGE('',*,*,#16562,.F.);
#16562 = EDGE_CURVE('',#15301,#15635,#16563,.T.);
#16563 = SURFACE_CURVE('',#16564,(#16568,#16575),.PCURVE_S1.);
#16564 = LINE('',#16565,#16566);
#16565 = CARTESIAN_POINT('',(23.4,68.573898858075,19.5));
#16566 = VECTOR('',#16567,1.);
#16567 = DIRECTION('',(1.110223024625E-16,-1.,0.));
#16568 = PCURVE('',#14026,#16569);
#16569 = DEFINITIONAL_REPRESENTATION('',(#16570),#16574);
#16570 = LINE('',#16571,#16572);
#16571 = CARTESIAN_POINT('',(-0.,0.));
#16572 = VECTOR('',#16573,1.);
#16573 = DIRECTION('',(-0.,1.));
#16574 = ( GEOMETRIC_REPRESENTATION_CONTEXT(2) 
PARAMETRIC_REPRESENTATION_CONTEXT() REPRESENTATION_CONTEXT('2D SPACE',''
  ) );
#16575 = PCURVE('',#15316,#16576);
#16576 = DEFINITIONAL_REPRESENTATION('',(#16577),#16581);
#16577 = LINE('',#16578,#16579);
#16578 = CARTESIAN_POINT('',(-3.973898858075,-12.91813772817));
#16579 = VECTOR('',#16580,1.);
#16580 = DIRECTION('',(1.,0.));
#16581 = ( GEOMETRIC_REPRESENTATION_CONTEXT(2) 
PARAMETRIC_REPRESENTATION_CONTEXT() REPRESENTATION_CONTEXT('2D SPACE',''
  ) );
#16582 = ADVANCED_FACE('',(#16583),#13932,.T.);
#16583 = FACE_BOUND('',#16584,.T.);
#16584 = EDGE_LOOP('',(#16585,#16586,#16587));
#16585 = ORIENTED_EDGE('',*,*,#15960,.F.);
#16586 = ORIENTED_EDGE('',*,*,#13910,.F.);
#16587 = ORIENTED_EDGE('',*,*,#16497,.T.);
#16588 = ADVANCED_FACE('',(#16589),#14311,.F.);
#16589 = FACE_BOUND('',#16590,.F.);
#16590 = EDGE_LOOP('',(#16591,#16592,#16593,#16594,#16595,#16596,#16597,
    #16598));
#16591 = ORIENTED_EDGE('',*,*,#14350,.F.);
#16592 = ORIENTED_EDGE('',*,*,#14294,.T.);
#16593 = ORIENTED_EDGE('',*,*,#14397,.T.);
#16594 = ORIENTED_EDGE('',*,*,#14523,.F.);
#16595 = ORIENTED_EDGE('',*,*,#14605,.T.);
#16596 = ORIENTED_EDGE('',*,*,#14653,.T.);
#16597 = ORIENTED_EDGE('',*,*,#14554,.F.);
#16598 = ORIENTED_EDGE('',*,*,#14447,.F.);
#16599 = ADVANCED_FACE('',(#16600),#14935,.F.);
#16600 = FACE_BOUND('',#16601,.F.);
#16601 = EDGE_LOOP('',(#16602,#16603,#16604,#16605));
#16602 = ORIENTED_EDGE('',*,*,#15022,.F.);
#16603 = ORIENTED_EDGE('',*,*,#14919,.T.);
#16604 = ORIENTED_EDGE('',*,*,#14973,.T.);
#16605 = ORIENTED_EDGE('',*,*,#15071,.F.);
#16606 = ADVANCED_FACE('',(#16607),#15136,.F.);
#16607 = FACE_BOUND('',#16608,.F.);
#16608 = EDGE_LOOP('',(#16609,#16610,#16611,#16612));
#16609 = ORIENTED_EDGE('',*,*,#15223,.F.);
#16610 = ORIENTED_EDGE('',*,*,#15120,.T.);
#16611 = ORIENTED_EDGE('',*,*,#15174,.T.);
#16612 = ORIENTED_EDGE('',*,*,#15272,.F.);
#16613 = ADVANCED_FACE('',(#16614),#15316,.T.);
#16614 = FACE_BOUND('',#16615,.T.);
#16615 = EDGE_LOOP('',(#16616,#16617,#16618,#16619,#16620,#16621,#16622,
    #16623));
#16616 = ORIENTED_EDGE('',*,*,#15298,.T.);
#16617 = ORIENTED_EDGE('',*,*,#16562,.T.);
#16618 = ORIENTED_EDGE('',*,*,#15634,.T.);
#16619 = ORIENTED_EDGE('',*,*,#15608,.F.);
#16620 = ORIENTED_EDGE('',*,*,#15555,.F.);
#16621 = ORIENTED_EDGE('',*,*,#15482,.F.);
#16622 = ORIENTED_EDGE('',*,*,#15434,.T.);
#16623 = ORIENTED_EDGE('',*,*,#15407,.T.);
#16624 = ADVANCED_FACE('',(#16625),#15897,.T.);
#16625 = FACE_BOUND('',#16626,.T.);
#16626 = EDGE_LOOP('',(#16627,#16649,#16669,#16670));
#16627 = ORIENTED_EDGE('',*,*,#16628,.F.);
#16628 = EDGE_CURVE('',#16629,#16517,#16631,.T.);
#16629 = VERTEX_POINT('',#16630);
#16630 = CARTESIAN_POINT('',(12.,55.5,17.5));
#16631 = SURFACE_CURVE('',#16632,(#16635,#16642),.PCURVE_S1.);
#16632 = B_SPLINE_CURVE_WITH_KNOTS('',1,(#16633,#16634),.UNSPECIFIED.,
  .F.,.F.,(2,2),(0.,1.),.PIECEWISE_BEZIER_KNOTS.);
#16633 = CARTESIAN_POINT('',(12.,55.5,17.5));
#16634 = CARTESIAN_POINT('',(10.2,53.7,23.8));
#16635 = PCURVE('',#15897,#16636);
#16636 = DEFINITIONAL_REPRESENTATION('',(#16637),#16641);
#16637 = LINE('',#16638,#16639);
#16638 = CARTESIAN_POINT('',(0.,0.));
#16639 = VECTOR('',#16640,1.);
#16640 = DIRECTION('',(0.,1.));
#16641 = ( GEOMETRIC_REPRESENTATION_CONTEXT(2) 
PARAMETRIC_REPRESENTATION_CONTEXT() REPRESENTATION_CONTEXT('2D SPACE',''
  ) );
#16642 = PCURVE('',#16041,#16643);
#16643 = DEFINITIONAL_REPRESENTATION('',(#16644),#16648);
#16644 = LINE('',#16645,#16646);
#16645 = CARTESIAN_POINT('',(14.,0.));
#16646 = VECTOR('',#16647,1.);
#16647 = DIRECTION('',(0.,1.));
#16648 = ( GEOMETRIC_REPRESENTATION_CONTEXT(2) 
PARAMETRIC_REPRESENTATION_CONTEXT() REPRESENTATION_CONTEXT('2D SPACE',''
  ) );
#16649 = ORIENTED_EDGE('',*,*,#16650,.T.);
#16650 = EDGE_CURVE('',#16629,#15881,#16651,.T.);
#16651 = SURFACE_CURVE('',#16652,(#16656,#16662),.PCURVE_S1.);
#16652 = LINE('',#16653,#16654);
#16653 = CARTESIAN_POINT('',(12.,55.5,17.5));
#16654 = VECTOR('',#16655,1.);
#16655 = DIRECTION('',(1.,1.110223024625E-16,0.));
#16656 = PCURVE('',#15897,#16657);
#16657 = DEFINITIONAL_REPRESENTATION('',(#16658),#16661);
#16658 = B_SPLINE_CURVE_WITH_KNOTS('',1,(#16659,#16660),.UNSPECIFIED.,
  .F.,.F.,(2,2),(0.,9.2),.PIECEWISE_BEZIER_KNOTS.);
#16659 = CARTESIAN_POINT('',(0.,0.));
#16660 = CARTESIAN_POINT('',(12.8,0.));
#16661 = ( GEOMETRIC_REPRESENTATION_CONTEXT(2) 
PARAMETRIC_REPRESENTATION_CONTEXT() REPRESENTATION_CONTEXT('2D SPACE',''
  ) );
#16662 = PCURVE('',#15924,#16663);
#16663 = DEFINITIONAL_REPRESENTATION('',(#16664),#16668);
#16664 = LINE('',#16665,#16666);
#16665 = CARTESIAN_POINT('',(7.7895642499,-6.890768374912));
#16666 = VECTOR('',#16667,1.);
#16667 = DIRECTION('',(0.662573882203,0.74899656249));
#16668 = ( GEOMETRIC_REPRESENTATION_CONTEXT(2) 
PARAMETRIC_REPRESENTATION_CONTEXT() REPRESENTATION_CONTEXT('2D SPACE',''
  ) );
#16669 = ORIENTED_EDGE('',*,*,#15880,.T.);
#16670 = ORIENTED_EDGE('',*,*,#16516,.T.);
#16671 = ADVANCED_FACE('',(#16672,#16786),#15924,.F.);
#16672 = FACE_BOUND('',#16673,.F.);
#16673 = EDGE_LOOP('',(#16674,#16704,#16732,#16760));
#16674 = ORIENTED_EDGE('',*,*,#16675,.F.);
#16675 = EDGE_CURVE('',#16676,#16678,#16680,.T.);
#16676 = VERTEX_POINT('',#16677);
#16677 = CARTESIAN_POINT('',(14.25,57.75,17.5));
#16678 = VERTEX_POINT('',#16679);
#16679 = CARTESIAN_POINT('',(18.95,57.75,17.5));
#16680 = SURFACE_CURVE('',#16681,(#16685,#16692),.PCURVE_S1.);
#16681 = LINE('',#16682,#16683);
#16682 = CARTESIAN_POINT('',(15.,57.75,17.5));
#16683 = VECTOR('',#16684,1.);
#16684 = DIRECTION('',(1.,1.110223024625E-16,0.));
#16685 = PCURVE('',#15924,#16686);
#16686 = DEFINITIONAL_REPRESENTATION('',(#16687),#16691);
#16687 = LINE('',#16688,#16689);
#16688 = CARTESIAN_POINT('',(8.092043630906,-3.152987452484));
#16689 = VECTOR('',#16690,1.);
#16690 = DIRECTION('',(0.662573882203,0.74899656249));
#16691 = ( GEOMETRIC_REPRESENTATION_CONTEXT(2) 
PARAMETRIC_REPRESENTATION_CONTEXT() REPRESENTATION_CONTEXT('2D SPACE',''
  ) );
#16692 = PCURVE('',#16693,#16698);
#16693 = CYLINDRICAL_SURFACE('',#16694,0.75);
#16694 = AXIS2_PLACEMENT_3D('',#16695,#16696,#16697);
#16695 = CARTESIAN_POINT('',(15.,57.75,16.75));
#16696 = DIRECTION('',(1.,1.110223024625E-16,0.));
#16697 = DIRECTION('',(0.,0.,1.));
#16698 = DEFINITIONAL_REPRESENTATION('',(#16699),#16703);
#16699 = LINE('',#16700,#16701);
#16700 = CARTESIAN_POINT('',(-0.,0.));
#16701 = VECTOR('',#16702,1.);
#16702 = DIRECTION('',(-0.,1.));
#16703 = ( GEOMETRIC_REPRESENTATION_CONTEXT(2) 
PARAMETRIC_REPRESENTATION_CONTEXT() REPRESENTATION_CONTEXT('2D SPACE',''
  ) );
#16704 = ORIENTED_EDGE('',*,*,#16705,.T.);
#16705 = EDGE_CURVE('',#16676,#16706,#16708,.T.);
#16706 = VERTEX_POINT('',#16707);
#16707 = CARTESIAN_POINT('',(14.25,63.65,17.5));
#16708 = SURFACE_CURVE('',#16709,(#16713,#16720),.PCURVE_S1.);
#16709 = LINE('',#16710,#16711);
#16710 = CARTESIAN_POINT('',(14.25,58.5,17.5));
#16711 = VECTOR('',#16712,1.);
#16712 = DIRECTION('',(-1.110223024625E-16,1.,0.));
#16713 = PCURVE('',#15924,#16714);
#16714 = DEFINITIONAL_REPRESENTATION('',(#16715),#16719);
#16715 = LINE('',#16716,#16717);
#16716 = CARTESIAN_POINT('',(7.033365797386,-3.217804462699));
#16717 = VECTOR('',#16718,1.);
#16718 = DIRECTION('',(-0.74899656249,0.662573882203));
#16719 = ( GEOMETRIC_REPRESENTATION_CONTEXT(2) 
PARAMETRIC_REPRESENTATION_CONTEXT() REPRESENTATION_CONTEXT('2D SPACE',''
  ) );
#16720 = PCURVE('',#16721,#16726);
#16721 = CYLINDRICAL_SURFACE('',#16722,0.75);
#16722 = AXIS2_PLACEMENT_3D('',#16723,#16724,#16725);
#16723 = CARTESIAN_POINT('',(14.25,58.5,16.75));
#16724 = DIRECTION('',(-1.110223024625E-16,1.,0.));
#16725 = DIRECTION('',(0.,0.,1.));
#16726 = DEFINITIONAL_REPRESENTATION('',(#16727),#16731);
#16727 = LINE('',#16728,#16729);
#16728 = CARTESIAN_POINT('',(0.,0.));
#16729 = VECTOR('',#16730,1.);
#16730 = DIRECTION('',(0.,1.));
#16731 = ( GEOMETRIC_REPRESENTATION_CONTEXT(2) 
PARAMETRIC_REPRESENTATION_CONTEXT() REPRESENTATION_CONTEXT('2D SPACE',''
  ) );
#16732 = ORIENTED_EDGE('',*,*,#16733,.T.);
#16733 = EDGE_CURVE('',#16706,#16734,#16736,.T.);
#16734 = VERTEX_POINT('',#16735);
#16735 = CARTESIAN_POINT('',(18.95,63.65,17.5));
#16736 = SURFACE_CURVE('',#16737,(#16741,#16748),.PCURVE_S1.);
#16737 = LINE('',#16738,#16739);
#16738 = CARTESIAN_POINT('',(15.,63.65,17.5));
#16739 = VECTOR('',#16740,1.);
#16740 = DIRECTION('',(1.,1.110223024625E-16,0.));
#16741 = PCURVE('',#15924,#16742);
#16742 = DEFINITIONAL_REPRESENTATION('',(#16743),#16747);
#16743 = LINE('',#16744,#16745);
#16744 = CARTESIAN_POINT('',(3.672963912212,0.756198452514));
#16745 = VECTOR('',#16746,1.);
#16746 = DIRECTION('',(0.662573882203,0.74899656249));
#16747 = ( GEOMETRIC_REPRESENTATION_CONTEXT(2) 
PARAMETRIC_REPRESENTATION_CONTEXT() REPRESENTATION_CONTEXT('2D SPACE',''
  ) );
#16748 = PCURVE('',#16749,#16754);
#16749 = CYLINDRICAL_SURFACE('',#16750,0.75);
#16750 = AXIS2_PLACEMENT_3D('',#16751,#16752,#16753);
#16751 = CARTESIAN_POINT('',(15.,63.65,16.75));
#16752 = DIRECTION('',(1.,1.110223024625E-16,0.));
#16753 = DIRECTION('',(0.,0.,1.));
#16754 = DEFINITIONAL_REPRESENTATION('',(#16755),#16759);
#16755 = LINE('',#16756,#16757);
#16756 = CARTESIAN_POINT('',(0.,0.));
#16757 = VECTOR('',#16758,1.);
#16758 = DIRECTION('',(0.,1.));
#16759 = ( GEOMETRIC_REPRESENTATION_CONTEXT(2) 
PARAMETRIC_REPRESENTATION_CONTEXT() REPRESENTATION_CONTEXT('2D SPACE',''
  ) );
#16760 = ORIENTED_EDGE('',*,*,#16761,.F.);
#16761 = EDGE_CURVE('',#16678,#16734,#16762,.T.);
#16762 = SURFACE_CURVE('',#16763,(#16767,#16774),.PCURVE_S1.);
#16763 = LINE('',#16764,#16765);
#16764 = CARTESIAN_POINT('',(18.95,58.5,17.5));
#16765 = VECTOR('',#16766,1.);
#16766 = DIRECTION('',(-1.110223024625E-16,1.,0.));
#16767 = PCURVE('',#15924,#16768);
#16768 = DEFINITIONAL_REPRESENTATION('',(#16769),#16773);
#16769 = LINE('',#16770,#16771);
#16770 = CARTESIAN_POINT('',(10.14746304374,0.302479381006));
#16771 = VECTOR('',#16772,1.);
#16772 = DIRECTION('',(-0.74899656249,0.662573882203));
#16773 = ( GEOMETRIC_REPRESENTATION_CONTEXT(2) 
PARAMETRIC_REPRESENTATION_CONTEXT() REPRESENTATION_CONTEXT('2D SPACE',''
  ) );
#16774 = PCURVE('',#16775,#16780);
#16775 = CYLINDRICAL_SURFACE('',#16776,0.75);
#16776 = AXIS2_PLACEMENT_3D('',#16777,#16778,#16779);
#16777 = CARTESIAN_POINT('',(18.95,58.5,16.75));
#16778 = DIRECTION('',(-1.110223024625E-16,1.,0.));
#16779 = DIRECTION('',(0.,0.,1.));
#16780 = DEFINITIONAL_REPRESENTATION('',(#16781),#16785);
#16781 = LINE('',#16782,#16783);
#16782 = CARTESIAN_POINT('',(-0.,0.));
#16783 = VECTOR('',#16784,1.);
#16784 = DIRECTION('',(-0.,1.));
#16785 = ( GEOMETRIC_REPRESENTATION_CONTEXT(2) 
PARAMETRIC_REPRESENTATION_CONTEXT() REPRESENTATION_CONTEXT('2D SPACE',''
  ) );
#16786 = FACE_BOUND('',#16787,.F.);
#16787 = EDGE_LOOP('',(#16788,#16808,#16809,#16810));
#16788 = ORIENTED_EDGE('',*,*,#16789,.T.);
#16789 = EDGE_CURVE('',#16005,#16629,#16790,.T.);
#16790 = SURFACE_CURVE('',#16791,(#16795,#16802),.PCURVE_S1.);
#16791 = LINE('',#16792,#16793);
#16792 = CARTESIAN_POINT('',(12.,65.9,17.5));
#16793 = VECTOR('',#16794,1.);
#16794 = DIRECTION('',(1.110223024625E-16,-1.,0.));
#16795 = PCURVE('',#15924,#16796);
#16796 = DEFINITIONAL_REPRESENTATION('',(#16797),#16801);
#16797 = LINE('',#16798,#16799);
#16798 = CARTESIAN_POINT('',(-1.176967647259E-15,-1.330485166467E-15));
#16799 = VECTOR('',#16800,1.);
#16800 = DIRECTION('',(0.74899656249,-0.662573882203));
#16801 = ( GEOMETRIC_REPRESENTATION_CONTEXT(2) 
PARAMETRIC_REPRESENTATION_CONTEXT() REPRESENTATION_CONTEXT('2D SPACE',''
  ) );
#16802 = PCURVE('',#16041,#16803);
#16803 = DEFINITIONAL_REPRESENTATION('',(#16804),#16807);
#16804 = B_SPLINE_CURVE_WITH_KNOTS('',1,(#16805,#16806),.UNSPECIFIED.,
  .F.,.F.,(2,2),(0.,10.4),.PIECEWISE_BEZIER_KNOTS.);
#16805 = CARTESIAN_POINT('',(0.,0.));
#16806 = CARTESIAN_POINT('',(14.,0.));
#16807 = ( GEOMETRIC_REPRESENTATION_CONTEXT(2) 
PARAMETRIC_REPRESENTATION_CONTEXT() REPRESENTATION_CONTEXT('2D SPACE',''
  ) );
#16808 = ORIENTED_EDGE('',*,*,#16650,.T.);
#16809 = ORIENTED_EDGE('',*,*,#15909,.T.);
#16810 = ORIENTED_EDGE('',*,*,#16004,.T.);
#16811 = ADVANCED_FACE('',(#16812),#16041,.T.);
#16812 = FACE_BOUND('',#16813,.T.);
#16813 = EDGE_LOOP('',(#16814,#16815,#16816,#16817));
#16814 = ORIENTED_EDGE('',*,*,#16026,.F.);
#16815 = ORIENTED_EDGE('',*,*,#16789,.T.);
#16816 = ORIENTED_EDGE('',*,*,#16628,.T.);
#16817 = ORIENTED_EDGE('',*,*,#16536,.T.);
#16818 = ADVANCED_FACE('',(#16819),#16115,.F.);
#16819 = FACE_BOUND('',#16820,.F.);
#16820 = EDGE_LOOP('',(#16821,#16822,#16823,#16824));
#16821 = ORIENTED_EDGE('',*,*,#16177,.T.);
#16822 = ORIENTED_EDGE('',*,*,#16251,.T.);
#16823 = ORIENTED_EDGE('',*,*,#16202,.F.);
#16824 = ORIENTED_EDGE('',*,*,#16099,.F.);
#16825 = ADVANCED_FACE('',(#16826),#16294,.T.);
#16826 = FACE_BOUND('',#16827,.T.);
#16827 = EDGE_LOOP('',(#16828,#16850,#16870,#16871));
#16828 = ORIENTED_EDGE('',*,*,#16829,.F.);
#16829 = EDGE_CURVE('',#16830,#16409,#16832,.T.);
#16830 = VERTEX_POINT('',#16831);
#16831 = CARTESIAN_POINT('',(12.,15.2,17.5));
#16832 = SURFACE_CURVE('',#16833,(#16836,#16843),.PCURVE_S1.);
#16833 = B_SPLINE_CURVE_WITH_KNOTS('',1,(#16834,#16835),.UNSPECIFIED.,
  .F.,.F.,(2,2),(0.,1.),.PIECEWISE_BEZIER_KNOTS.);
#16834 = CARTESIAN_POINT('',(12.,15.2,17.5));
#16835 = CARTESIAN_POINT('',(10.2,17.,23.8));
#16836 = PCURVE('',#16294,#16837);
#16837 = DEFINITIONAL_REPRESENTATION('',(#16838),#16842);
#16838 = LINE('',#16839,#16840);
#16839 = CARTESIAN_POINT('',(0.,0.));
#16840 = VECTOR('',#16841,1.);
#16841 = DIRECTION('',(0.,1.));
#16842 = ( GEOMETRIC_REPRESENTATION_CONTEXT(2) 
PARAMETRIC_REPRESENTATION_CONTEXT() REPRESENTATION_CONTEXT('2D SPACE',''
  ) );
#16843 = PCURVE('',#16442,#16844);
#16844 = DEFINITIONAL_REPRESENTATION('',(#16845),#16849);
#16845 = LINE('',#16846,#16847);
#16846 = CARTESIAN_POINT('',(12.8,0.));
#16847 = VECTOR('',#16848,1.);
#16848 = DIRECTION('',(0.,1.));
#16849 = ( GEOMETRIC_REPRESENTATION_CONTEXT(2) 
PARAMETRIC_REPRESENTATION_CONTEXT() REPRESENTATION_CONTEXT('2D SPACE',''
  ) );
#16850 = ORIENTED_EDGE('',*,*,#16851,.T.);
#16851 = EDGE_CURVE('',#16830,#16278,#16852,.T.);
#16852 = SURFACE_CURVE('',#16853,(#16857,#16863),.PCURVE_S1.);
#16853 = LINE('',#16854,#16855);
#16854 = CARTESIAN_POINT('',(12.,15.2,17.5));
#16855 = VECTOR('',#16856,1.);
#16856 = DIRECTION('',(1.110223024625E-16,-1.,0.));
#16857 = PCURVE('',#16294,#16858);
#16858 = DEFINITIONAL_REPRESENTATION('',(#16859),#16862);
#16859 = B_SPLINE_CURVE_WITH_KNOTS('',1,(#16860,#16861),.UNSPECIFIED.,
  .F.,.F.,(2,2),(0.,10.4),.PIECEWISE_BEZIER_KNOTS.);
#16860 = CARTESIAN_POINT('',(0.,0.));
#16861 = CARTESIAN_POINT('',(14.,0.));
#16862 = ( GEOMETRIC_REPRESENTATION_CONTEXT(2) 
PARAMETRIC_REPRESENTATION_CONTEXT() REPRESENTATION_CONTEXT('2D SPACE',''
  ) );
#16863 = PCURVE('',#16321,#16864);
#16864 = DEFINITIONAL_REPRESENTATION('',(#16865),#16869);
#16865 = LINE('',#16866,#16867);
#16866 = CARTESIAN_POINT('',(6.652425832335E-15,5.884838236297E-15));
#16867 = VECTOR('',#16868,1.);
#16868 = DIRECTION('',(0.74899656249,0.662573882203));
#16869 = ( GEOMETRIC_REPRESENTATION_CONTEXT(2) 
PARAMETRIC_REPRESENTATION_CONTEXT() REPRESENTATION_CONTEXT('2D SPACE',''
  ) );
#16870 = ORIENTED_EDGE('',*,*,#16277,.T.);
#16871 = ORIENTED_EDGE('',*,*,#16408,.T.);
#16872 = ADVANCED_FACE('',(#16873),#16348,.T.);
#16873 = FACE_BOUND('',#16874,.T.);
#16874 = EDGE_LOOP('',(#16875,#16876,#16898,#16918));
#16875 = ORIENTED_EDGE('',*,*,#16333,.F.);
#16876 = ORIENTED_EDGE('',*,*,#16877,.T.);
#16877 = EDGE_CURVE('',#16307,#16878,#16880,.T.);
#16878 = VERTEX_POINT('',#16879);
#16879 = CARTESIAN_POINT('',(21.2,15.2,17.5));
#16880 = SURFACE_CURVE('',#16881,(#16885,#16891),.PCURVE_S1.);
#16881 = LINE('',#16882,#16883);
#16882 = CARTESIAN_POINT('',(21.2,4.8,17.5));
#16883 = VECTOR('',#16884,1.);
#16884 = DIRECTION('',(-1.110223024625E-16,1.,0.));
#16885 = PCURVE('',#16348,#16886);
#16886 = DEFINITIONAL_REPRESENTATION('',(#16887),#16890);
#16887 = B_SPLINE_CURVE_WITH_KNOTS('',1,(#16888,#16889),.UNSPECIFIED.,
  .F.,.F.,(2,2),(0.,10.4),.PIECEWISE_BEZIER_KNOTS.);
#16888 = CARTESIAN_POINT('',(0.,0.));
#16889 = CARTESIAN_POINT('',(14.,0.));
#16890 = ( GEOMETRIC_REPRESENTATION_CONTEXT(2) 
PARAMETRIC_REPRESENTATION_CONTEXT() REPRESENTATION_CONTEXT('2D SPACE',''
  ) );
#16891 = PCURVE('',#16321,#16892);
#16892 = DEFINITIONAL_REPRESENTATION('',(#16893),#16897);
#16893 = LINE('',#16894,#16895);
#16894 = CARTESIAN_POINT('',(13.885243966168,7.374732824444E-15));
#16895 = VECTOR('',#16896,1.);
#16896 = DIRECTION('',(-0.74899656249,-0.662573882203));
#16897 = ( GEOMETRIC_REPRESENTATION_CONTEXT(2) 
PARAMETRIC_REPRESENTATION_CONTEXT() REPRESENTATION_CONTEXT('2D SPACE',''
  ) );
#16898 = ORIENTED_EDGE('',*,*,#16899,.T.);
#16899 = EDGE_CURVE('',#16878,#16429,#16900,.T.);
#16900 = SURFACE_CURVE('',#16901,(#16904,#16911),.PCURVE_S1.);
#16901 = B_SPLINE_CURVE_WITH_KNOTS('',1,(#16902,#16903),.UNSPECIFIED.,
  .F.,.F.,(2,2),(0.,1.),.PIECEWISE_BEZIER_KNOTS.);
#16902 = CARTESIAN_POINT('',(21.2,15.2,17.5));
#16903 = CARTESIAN_POINT('',(23.,17.,23.8));
#16904 = PCURVE('',#16348,#16905);
#16905 = DEFINITIONAL_REPRESENTATION('',(#16906),#16910);
#16906 = LINE('',#16907,#16908);
#16907 = CARTESIAN_POINT('',(14.,0.));
#16908 = VECTOR('',#16909,1.);
#16909 = DIRECTION('',(0.,1.));
#16910 = ( GEOMETRIC_REPRESENTATION_CONTEXT(2) 
PARAMETRIC_REPRESENTATION_CONTEXT() REPRESENTATION_CONTEXT('2D SPACE',''
  ) );
#16911 = PCURVE('',#16442,#16912);
#16912 = DEFINITIONAL_REPRESENTATION('',(#16913),#16917);
#16913 = LINE('',#16914,#16915);
#16914 = CARTESIAN_POINT('',(0.,0.));
#16915 = VECTOR('',#16916,1.);
#16916 = DIRECTION('',(0.,1.));
#16917 = ( GEOMETRIC_REPRESENTATION_CONTEXT(2) 
PARAMETRIC_REPRESENTATION_CONTEXT() REPRESENTATION_CONTEXT('2D SPACE',''
  ) );
#16918 = ORIENTED_EDGE('',*,*,#16453,.T.);
#16919 = ADVANCED_FACE('',(#16920,#17034),#16321,.T.);
#16920 = FACE_BOUND('',#16921,.T.);
#16921 = EDGE_LOOP('',(#16922,#16952,#16980,#17008));
#16922 = ORIENTED_EDGE('',*,*,#16923,.T.);
#16923 = EDGE_CURVE('',#16924,#16926,#16928,.T.);
#16924 = VERTEX_POINT('',#16925);
#16925 = CARTESIAN_POINT('',(18.95,12.95,17.5));
#16926 = VERTEX_POINT('',#16927);
#16927 = CARTESIAN_POINT('',(14.25,12.95,17.5));
#16928 = SURFACE_CURVE('',#16929,(#16933,#16940),.PCURVE_S1.);
#16929 = LINE('',#16930,#16931);
#16930 = CARTESIAN_POINT('',(18.2,12.95,17.5));
#16931 = VECTOR('',#16932,1.);
#16932 = DIRECTION('',(-1.,-1.110223024625E-16,0.));
#16933 = PCURVE('',#16321,#16934);
#16934 = DEFINITIONAL_REPRESENTATION('',(#16935),#16939);
#16935 = LINE('',#16936,#16937);
#16936 = CARTESIAN_POINT('',(5.793200335262,-3.152987452484));
#16937 = VECTOR('',#16938,1.);
#16938 = DIRECTION('',(-0.662573882203,0.74899656249));
#16939 = ( GEOMETRIC_REPRESENTATION_CONTEXT(2) 
PARAMETRIC_REPRESENTATION_CONTEXT() REPRESENTATION_CONTEXT('2D SPACE',''
  ) );
#16940 = PCURVE('',#16941,#16946);
#16941 = CYLINDRICAL_SURFACE('',#16942,0.75);
#16942 = AXIS2_PLACEMENT_3D('',#16943,#16944,#16945);
#16943 = CARTESIAN_POINT('',(18.2,12.95,16.75));
#16944 = DIRECTION('',(-1.,-1.110223024625E-16,0.));
#16945 = DIRECTION('',(0.,0.,1.));
#16946 = DEFINITIONAL_REPRESENTATION('',(#16947),#16951);
#16947 = LINE('',#16948,#16949);
#16948 = CARTESIAN_POINT('',(-0.,0.));
#16949 = VECTOR('',#16950,1.);
#16950 = DIRECTION('',(-0.,1.));
#16951 = ( GEOMETRIC_REPRESENTATION_CONTEXT(2) 
PARAMETRIC_REPRESENTATION_CONTEXT() REPRESENTATION_CONTEXT('2D SPACE',''
  ) );
#16952 = ORIENTED_EDGE('',*,*,#16953,.T.);
#16953 = EDGE_CURVE('',#16926,#16954,#16956,.T.);
#16954 = VERTEX_POINT('',#16955);
#16955 = CARTESIAN_POINT('',(14.25,7.05,17.5));
#16956 = SURFACE_CURVE('',#16957,(#16961,#16968),.PCURVE_S1.);
#16957 = LINE('',#16958,#16959);
#16958 = CARTESIAN_POINT('',(14.25,12.2,17.5));
#16959 = VECTOR('',#16960,1.);
#16960 = DIRECTION('',(1.110223024625E-16,-1.,0.));
#16961 = PCURVE('',#16321,#16962);
#16962 = DEFINITIONAL_REPRESENTATION('',(#16963),#16967);
#16963 = LINE('',#16964,#16965);
#16964 = CARTESIAN_POINT('',(3.737780922428,0.302479381006));
#16965 = VECTOR('',#16966,1.);
#16966 = DIRECTION('',(0.74899656249,0.662573882203));
#16967 = ( GEOMETRIC_REPRESENTATION_CONTEXT(2) 
PARAMETRIC_REPRESENTATION_CONTEXT() REPRESENTATION_CONTEXT('2D SPACE',''
  ) );
#16968 = PCURVE('',#16969,#16974);
#16969 = CYLINDRICAL_SURFACE('',#16970,0.75);
#16970 = AXIS2_PLACEMENT_3D('',#16971,#16972,#16973);
#16971 = CARTESIAN_POINT('',(14.25,12.2,16.75));
#16972 = DIRECTION('',(1.110223024625E-16,-1.,0.));
#16973 = DIRECTION('',(0.,0.,1.));
#16974 = DEFINITIONAL_REPRESENTATION('',(#16975),#16979);
#16975 = LINE('',#16976,#16977);
#16976 = CARTESIAN_POINT('',(-0.,0.));
#16977 = VECTOR('',#16978,1.);
#16978 = DIRECTION('',(-0.,1.));
#16979 = ( GEOMETRIC_REPRESENTATION_CONTEXT(2) 
PARAMETRIC_REPRESENTATION_CONTEXT() REPRESENTATION_CONTEXT('2D SPACE',''
  ) );
#16980 = ORIENTED_EDGE('',*,*,#16981,.F.);
#16981 = EDGE_CURVE('',#16982,#16954,#16984,.T.);
#16982 = VERTEX_POINT('',#16983);
#16983 = CARTESIAN_POINT('',(18.95,7.05,17.5));
#16984 = SURFACE_CURVE('',#16985,(#16989,#16996),.PCURVE_S1.);
#16985 = LINE('',#16986,#16987);
#16986 = CARTESIAN_POINT('',(18.2,7.05,17.5));
#16987 = VECTOR('',#16988,1.);
#16988 = DIRECTION('',(-1.,-1.110223024625E-16,0.));
#16989 = PCURVE('',#16321,#16990);
#16990 = DEFINITIONAL_REPRESENTATION('',(#16991),#16995);
#16991 = LINE('',#16992,#16993);
#16992 = CARTESIAN_POINT('',(10.212280053955,0.756198452514));
#16993 = VECTOR('',#16994,1.);
#16994 = DIRECTION('',(-0.662573882203,0.74899656249));
#16995 = ( GEOMETRIC_REPRESENTATION_CONTEXT(2) 
PARAMETRIC_REPRESENTATION_CONTEXT() REPRESENTATION_CONTEXT('2D SPACE',''
  ) );
#16996 = PCURVE('',#16997,#17002);
#16997 = CYLINDRICAL_SURFACE('',#16998,0.75);
#16998 = AXIS2_PLACEMENT_3D('',#16999,#17000,#17001);
#16999 = CARTESIAN_POINT('',(18.2,7.05,16.75));
#17000 = DIRECTION('',(-1.,-1.110223024625E-16,0.));
#17001 = DIRECTION('',(0.,0.,1.));
#17002 = DEFINITIONAL_REPRESENTATION('',(#17003),#17007);
#17003 = LINE('',#17004,#17005);
#17004 = CARTESIAN_POINT('',(0.,0.));
#17005 = VECTOR('',#17006,1.);
#17006 = DIRECTION('',(0.,1.));
#17007 = ( GEOMETRIC_REPRESENTATION_CONTEXT(2) 
PARAMETRIC_REPRESENTATION_CONTEXT() REPRESENTATION_CONTEXT('2D SPACE',''
  ) );
#17008 = ORIENTED_EDGE('',*,*,#17009,.F.);
#17009 = EDGE_CURVE('',#16924,#16982,#17010,.T.);
#17010 = SURFACE_CURVE('',#17011,(#17015,#17022),.PCURVE_S1.);
#17011 = LINE('',#17012,#17013);
#17012 = CARTESIAN_POINT('',(18.95,12.2,17.5));
#17013 = VECTOR('',#17014,1.);
#17014 = DIRECTION('',(1.110223024625E-16,-1.,0.));
#17015 = PCURVE('',#16321,#17016);
#17016 = DEFINITIONAL_REPRESENTATION('',(#17017),#17021);
#17017 = LINE('',#17018,#17019);
#17018 = CARTESIAN_POINT('',(6.851878168782,-3.217804462699));
#17019 = VECTOR('',#17020,1.);
#17020 = DIRECTION('',(0.74899656249,0.662573882203));
#17021 = ( GEOMETRIC_REPRESENTATION_CONTEXT(2) 
PARAMETRIC_REPRESENTATION_CONTEXT() REPRESENTATION_CONTEXT('2D SPACE',''
  ) );
#17022 = PCURVE('',#17023,#17028);
#17023 = CYLINDRICAL_SURFACE('',#17024,0.75);
#17024 = AXIS2_PLACEMENT_3D('',#17025,#17026,#17027);
#17025 = CARTESIAN_POINT('',(18.95,12.2,16.75));
#17026 = DIRECTION('',(1.110223024625E-16,-1.,0.));
#17027 = DIRECTION('',(0.,0.,1.));
#17028 = DEFINITIONAL_REPRESENTATION('',(#17029),#17033);
#17029 = LINE('',#17030,#17031);
#17030 = CARTESIAN_POINT('',(0.,0.));
#17031 = VECTOR('',#17032,1.);
#17032 = DIRECTION('',(0.,1.));
#17033 = ( GEOMETRIC_REPRESENTATION_CONTEXT(2) 
PARAMETRIC_REPRESENTATION_CONTEXT() REPRESENTATION_CONTEXT('2D SPACE',''
  ) );
#17034 = FACE_BOUND('',#17035,.T.);
#17035 = EDGE_LOOP('',(#17036,#17037,#17057,#17058));
#17036 = ORIENTED_EDGE('',*,*,#16851,.F.);
#17037 = ORIENTED_EDGE('',*,*,#17038,.F.);
#17038 = EDGE_CURVE('',#16878,#16830,#17039,.T.);
#17039 = SURFACE_CURVE('',#17040,(#17044,#17051),.PCURVE_S1.);
#17040 = LINE('',#17041,#17042);
#17041 = CARTESIAN_POINT('',(21.2,15.2,17.5));
#17042 = VECTOR('',#17043,1.);
#17043 = DIRECTION('',(-1.,-1.110223024625E-16,0.));
#17044 = PCURVE('',#16321,#17045);
#17045 = DEFINITIONAL_REPRESENTATION('',(#17046),#17050);
#17046 = LINE('',#17047,#17048);
#17047 = CARTESIAN_POINT('',(6.095679716268,-6.890768374911));
#17048 = VECTOR('',#17049,1.);
#17049 = DIRECTION('',(-0.662573882203,0.74899656249));
#17050 = ( GEOMETRIC_REPRESENTATION_CONTEXT(2) 
PARAMETRIC_REPRESENTATION_CONTEXT() REPRESENTATION_CONTEXT('2D SPACE',''
  ) );
#17051 = PCURVE('',#16442,#17052);
#17052 = DEFINITIONAL_REPRESENTATION('',(#17053),#17056);
#17053 = B_SPLINE_CURVE_WITH_KNOTS('',1,(#17054,#17055),.UNSPECIFIED.,
  .F.,.F.,(2,2),(0.,9.2),.PIECEWISE_BEZIER_KNOTS.);
#17054 = CARTESIAN_POINT('',(0.,0.));
#17055 = CARTESIAN_POINT('',(12.8,0.));
#17056 = ( GEOMETRIC_REPRESENTATION_CONTEXT(2) 
PARAMETRIC_REPRESENTATION_CONTEXT() REPRESENTATION_CONTEXT('2D SPACE',''
  ) );
#17057 = ORIENTED_EDGE('',*,*,#16877,.F.);
#17058 = ORIENTED_EDGE('',*,*,#16306,.F.);
#17059 = ADVANCED_FACE('',(#17060),#16442,.T.);
#17060 = FACE_BOUND('',#17061,.T.);
#17061 = EDGE_LOOP('',(#17062,#17063,#17064,#17065));
#17062 = ORIENTED_EDGE('',*,*,#16899,.F.);
#17063 = ORIENTED_EDGE('',*,*,#17038,.T.);
#17064 = ORIENTED_EDGE('',*,*,#16829,.T.);
#17065 = ORIENTED_EDGE('',*,*,#16428,.T.);
#17066 = ADVANCED_FACE('',(#17067),#16693,.F.);
#17067 = FACE_BOUND('',#17068,.T.);
#17068 = EDGE_LOOP('',(#17069,#17103,#17131,#17163));
#17069 = ORIENTED_EDGE('',*,*,#17070,.T.);
#17070 = EDGE_CURVE('',#16676,#17071,#17073,.T.);
#17071 = VERTEX_POINT('',#17072);
#17072 = CARTESIAN_POINT('',(15.,58.5,16.75));
#17073 = SURFACE_CURVE('',#17074,(#17079,#17091),.PCURVE_S1.);
#17074 = ELLIPSE('',#17075,1.06066017178,0.75);
#17075 = AXIS2_PLACEMENT_3D('',#17076,#17077,#17078);
#17076 = CARTESIAN_POINT('',(14.25,57.75,16.75));
#17077 = DIRECTION('',(-0.707106781187,0.707106781187,0.));
#17078 = DIRECTION('',(0.707106781187,0.707106781187,0.));
#17079 = PCURVE('',#16693,#17080);
#17080 = DEFINITIONAL_REPRESENTATION('',(#17081),#17090);
#17081 = B_SPLINE_CURVE_WITH_KNOTS('',7,(#17082,#17083,#17084,#17085,
    #17086,#17087,#17088,#17089),.UNSPECIFIED.,.F.,.F.,(8,8),(
    4.712388980385,6.28318530718),.PIECEWISE_BEZIER_KNOTS.);
#17082 = CARTESIAN_POINT('',(0.,-0.75));
#17083 = CARTESIAN_POINT('',(-0.224399475256,-0.581700393558));
#17084 = CARTESIAN_POINT('',(-0.448798950513,-0.413401470511));
#17085 = CARTESIAN_POINT('',(-0.673198425769,-0.25893988067));
#17086 = CARTESIAN_POINT('',(-0.897597901026,-0.132178121531));
#17087 = CARTESIAN_POINT('',(-1.121997376282,-4.406150445754E-02));
#17088 = CARTESIAN_POINT('',(-1.346396851538,0.));
#17089 = CARTESIAN_POINT('',(-1.570796326795,0.));
#17090 = ( GEOMETRIC_REPRESENTATION_CONTEXT(2) 
PARAMETRIC_REPRESENTATION_CONTEXT() REPRESENTATION_CONTEXT('2D SPACE',''
  ) );
#17091 = PCURVE('',#16721,#17092);
#17092 = DEFINITIONAL_REPRESENTATION('',(#17093),#17102);
#17093 = B_SPLINE_CURVE_WITH_KNOTS('',7,(#17094,#17095,#17096,#17097,
    #17098,#17099,#17100,#17101),.UNSPECIFIED.,.F.,.F.,(8,8),(
    4.712388980385,6.28318530718),.PIECEWISE_BEZIER_KNOTS.);
#17094 = CARTESIAN_POINT('',(0.,-0.75));
#17095 = CARTESIAN_POINT('',(0.224399475256,-0.581700393558));
#17096 = CARTESIAN_POINT('',(0.448798950513,-0.413401470511));
#17097 = CARTESIAN_POINT('',(0.673198425769,-0.25893988067));
#17098 = CARTESIAN_POINT('',(0.897597901026,-0.132178121531));
#17099 = CARTESIAN_POINT('',(1.121997376282,-4.406150445745E-02));
#17100 = CARTESIAN_POINT('',(1.346396851538,0.));
#17101 = CARTESIAN_POINT('',(1.570796326795,0.));
#17102 = ( GEOMETRIC_REPRESENTATION_CONTEXT(2) 
PARAMETRIC_REPRESENTATION_CONTEXT() REPRESENTATION_CONTEXT('2D SPACE',''
  ) );
#17103 = ORIENTED_EDGE('',*,*,#17104,.T.);
#17104 = EDGE_CURVE('',#17071,#17105,#17107,.T.);
#17105 = VERTEX_POINT('',#17106);
#17106 = CARTESIAN_POINT('',(18.2,58.5,16.75));
#17107 = SURFACE_CURVE('',#17108,(#17112,#17119),.PCURVE_S1.);
#17108 = LINE('',#17109,#17110);
#17109 = CARTESIAN_POINT('',(15.,58.5,16.75));
#17110 = VECTOR('',#17111,1.);
#17111 = DIRECTION('',(1.,1.110223024625E-16,0.));
#17112 = PCURVE('',#16693,#17113);
#17113 = DEFINITIONAL_REPRESENTATION('',(#17114),#17118);
#17114 = LINE('',#17115,#17116);
#17115 = CARTESIAN_POINT('',(-1.570796326795,0.));
#17116 = VECTOR('',#17117,1.);
#17117 = DIRECTION('',(-0.,1.));
#17118 = ( GEOMETRIC_REPRESENTATION_CONTEXT(2) 
PARAMETRIC_REPRESENTATION_CONTEXT() REPRESENTATION_CONTEXT('2D SPACE',''
  ) );
#17119 = PCURVE('',#17120,#17125);
#17120 = PLANE('',#17121);
#17121 = AXIS2_PLACEMENT_3D('',#17122,#17123,#17124);
#17122 = CARTESIAN_POINT('',(15.,58.5,14.2));
#17123 = DIRECTION('',(1.110223024625E-16,-1.,0.));
#17124 = DIRECTION('',(0.,0.,1.));
#17125 = DEFINITIONAL_REPRESENTATION('',(#17126),#17130);
#17126 = LINE('',#17127,#17128);
#17127 = CARTESIAN_POINT('',(2.55,0.));
#17128 = VECTOR('',#17129,1.);
#17129 = DIRECTION('',(0.,-1.));
#17130 = ( GEOMETRIC_REPRESENTATION_CONTEXT(2) 
PARAMETRIC_REPRESENTATION_CONTEXT() REPRESENTATION_CONTEXT('2D SPACE',''
  ) );
#17131 = ORIENTED_EDGE('',*,*,#17132,.F.);
#17132 = EDGE_CURVE('',#16678,#17105,#17133,.T.);
#17133 = SURFACE_CURVE('',#17134,(#17139,#17151),.PCURVE_S1.);
#17134 = ELLIPSE('',#17135,1.06066017178,0.75);
#17135 = AXIS2_PLACEMENT_3D('',#17136,#17137,#17138);
#17136 = CARTESIAN_POINT('',(18.95,57.75,16.75));
#17137 = DIRECTION('',(-0.707106781187,-0.707106781187,0.));
#17138 = DIRECTION('',(0.707106781187,-0.707106781187,0.));
#17139 = PCURVE('',#16693,#17140);
#17140 = DEFINITIONAL_REPRESENTATION('',(#17141),#17150);
#17141 = B_SPLINE_CURVE_WITH_KNOTS('',7,(#17142,#17143,#17144,#17145,
    #17146,#17147,#17148,#17149),.UNSPECIFIED.,.F.,.F.,(8,8),(
    1.570796326795,3.14159265359),.PIECEWISE_BEZIER_KNOTS.);
#17142 = CARTESIAN_POINT('',(0.,3.95));
#17143 = CARTESIAN_POINT('',(-0.224399475256,3.781700393558));
#17144 = CARTESIAN_POINT('',(-0.448798950513,3.613401470511));
#17145 = CARTESIAN_POINT('',(-0.673198425769,3.45893988067));
#17146 = CARTESIAN_POINT('',(-0.897597901026,3.332178121532));
#17147 = CARTESIAN_POINT('',(-1.121997376282,3.244061504457));
#17148 = CARTESIAN_POINT('',(-1.346396851538,3.2));
#17149 = CARTESIAN_POINT('',(-1.570796326795,3.2));
#17150 = ( GEOMETRIC_REPRESENTATION_CONTEXT(2) 
PARAMETRIC_REPRESENTATION_CONTEXT() REPRESENTATION_CONTEXT('2D SPACE',''
  ) );
#17151 = PCURVE('',#16775,#17152);
#17152 = DEFINITIONAL_REPRESENTATION('',(#17153),#17162);
#17153 = B_SPLINE_CURVE_WITH_KNOTS('',7,(#17154,#17155,#17156,#17157,
    #17158,#17159,#17160,#17161),.UNSPECIFIED.,.F.,.F.,(8,8),(
    1.570796326795,3.14159265359),.PIECEWISE_BEZIER_KNOTS.);
#17154 = CARTESIAN_POINT('',(0.,-0.75));
#17155 = CARTESIAN_POINT('',(-0.224399475256,-0.581700393558));
#17156 = CARTESIAN_POINT('',(-0.448798950513,-0.413401470511));
#17157 = CARTESIAN_POINT('',(-0.67319842577,-0.25893988067));
#17158 = CARTESIAN_POINT('',(-0.897597901026,-0.132178121531));
#17159 = CARTESIAN_POINT('',(-1.121997376282,-4.40615044575E-02));
#17160 = CARTESIAN_POINT('',(-1.346396851538,2.061075743273E-17));
#17161 = CARTESIAN_POINT('',(-1.570796326795,0.));
#17162 = ( GEOMETRIC_REPRESENTATION_CONTEXT(2) 
PARAMETRIC_REPRESENTATION_CONTEXT() REPRESENTATION_CONTEXT('2D SPACE',''
  ) );
#17163 = ORIENTED_EDGE('',*,*,#16675,.F.);
#17164 = ADVANCED_FACE('',(#17165),#16721,.F.);
#17165 = FACE_BOUND('',#17166,.F.);
#17166 = EDGE_LOOP('',(#17167,#17168,#17196,#17228));
#17167 = ORIENTED_EDGE('',*,*,#17070,.T.);
#17168 = ORIENTED_EDGE('',*,*,#17169,.T.);
#17169 = EDGE_CURVE('',#17071,#17170,#17172,.T.);
#17170 = VERTEX_POINT('',#17171);
#17171 = CARTESIAN_POINT('',(15.,62.9,16.75));
#17172 = SURFACE_CURVE('',#17173,(#17177,#17184),.PCURVE_S1.);
#17173 = LINE('',#17174,#17175);
#17174 = CARTESIAN_POINT('',(15.,58.5,16.75));
#17175 = VECTOR('',#17176,1.);
#17176 = DIRECTION('',(-1.110223024625E-16,1.,0.));
#17177 = PCURVE('',#16721,#17178);
#17178 = DEFINITIONAL_REPRESENTATION('',(#17179),#17183);
#17179 = LINE('',#17180,#17181);
#17180 = CARTESIAN_POINT('',(1.570796326795,0.));
#17181 = VECTOR('',#17182,1.);
#17182 = DIRECTION('',(0.,1.));
#17183 = ( GEOMETRIC_REPRESENTATION_CONTEXT(2) 
PARAMETRIC_REPRESENTATION_CONTEXT() REPRESENTATION_CONTEXT('2D SPACE',''
  ) );
#17184 = PCURVE('',#17185,#17190);
#17185 = PLANE('',#17186);
#17186 = AXIS2_PLACEMENT_3D('',#17187,#17188,#17189);
#17187 = CARTESIAN_POINT('',(15.,64.9,12.2));
#17188 = DIRECTION('',(1.,1.110223024625E-16,0.));
#17189 = DIRECTION('',(0.,0.,1.));
#17190 = DEFINITIONAL_REPRESENTATION('',(#17191),#17195);
#17191 = LINE('',#17192,#17193);
#17192 = CARTESIAN_POINT('',(4.55,6.4));
#17193 = VECTOR('',#17194,1.);
#17194 = DIRECTION('',(0.,-1.));
#17195 = ( GEOMETRIC_REPRESENTATION_CONTEXT(2) 
PARAMETRIC_REPRESENTATION_CONTEXT() REPRESENTATION_CONTEXT('2D SPACE',''
  ) );
#17196 = ORIENTED_EDGE('',*,*,#17197,.F.);
#17197 = EDGE_CURVE('',#16706,#17170,#17198,.T.);
#17198 = SURFACE_CURVE('',#17199,(#17204,#17216),.PCURVE_S1.);
#17199 = ELLIPSE('',#17200,1.06066017178,0.75);
#17200 = AXIS2_PLACEMENT_3D('',#17201,#17202,#17203);
#17201 = CARTESIAN_POINT('',(14.25,63.65,16.75));
#17202 = DIRECTION('',(0.707106781187,0.707106781187,0.));
#17203 = DIRECTION('',(0.707106781187,-0.707106781187,0.));
#17204 = PCURVE('',#16721,#17205);
#17205 = DEFINITIONAL_REPRESENTATION('',(#17206),#17215);
#17206 = B_SPLINE_CURVE_WITH_KNOTS('',7,(#17207,#17208,#17209,#17210,
    #17211,#17212,#17213,#17214),.UNSPECIFIED.,.F.,.F.,(8,8),(
    4.712388980385,6.28318530718),.PIECEWISE_BEZIER_KNOTS.);
#17207 = CARTESIAN_POINT('',(0.,5.15));
#17208 = CARTESIAN_POINT('',(0.224399475256,4.981700393558));
#17209 = CARTESIAN_POINT('',(0.448798950513,4.813401470511));
#17210 = CARTESIAN_POINT('',(0.673198425769,4.658939880671));
#17211 = CARTESIAN_POINT('',(0.897597901026,4.532178121531));
#17212 = CARTESIAN_POINT('',(1.121997376282,4.444061504458));
#17213 = CARTESIAN_POINT('',(1.346396851538,4.4));
#17214 = CARTESIAN_POINT('',(1.570796326795,4.4));
#17215 = ( GEOMETRIC_REPRESENTATION_CONTEXT(2) 
PARAMETRIC_REPRESENTATION_CONTEXT() REPRESENTATION_CONTEXT('2D SPACE',''
  ) );
#17216 = PCURVE('',#16749,#17217);
#17217 = DEFINITIONAL_REPRESENTATION('',(#17218),#17227);
#17218 = B_SPLINE_CURVE_WITH_KNOTS('',7,(#17219,#17220,#17221,#17222,
    #17223,#17224,#17225,#17226),.UNSPECIFIED.,.F.,.F.,(8,8),(
    4.712388980385,6.28318530718),.PIECEWISE_BEZIER_KNOTS.);
#17219 = CARTESIAN_POINT('',(0.,-0.75));
#17220 = CARTESIAN_POINT('',(0.224399475256,-0.581700393558));
#17221 = CARTESIAN_POINT('',(0.448798950513,-0.413401470511));
#17222 = CARTESIAN_POINT('',(0.673198425769,-0.25893988067));
#17223 = CARTESIAN_POINT('',(0.897597901026,-0.132178121531));
#17224 = CARTESIAN_POINT('',(1.121997376282,-4.406150445747E-02));
#17225 = CARTESIAN_POINT('',(1.346396851538,-4.122151486547E-17));
#17226 = CARTESIAN_POINT('',(1.570796326795,0.));
#17227 = ( GEOMETRIC_REPRESENTATION_CONTEXT(2) 
PARAMETRIC_REPRESENTATION_CONTEXT() REPRESENTATION_CONTEXT('2D SPACE',''
  ) );
#17228 = ORIENTED_EDGE('',*,*,#16705,.F.);
#17229 = ADVANCED_FACE('',(#17230),#16775,.F.);
#17230 = FACE_BOUND('',#17231,.T.);
#17231 = EDGE_LOOP('',(#17232,#17233,#17261,#17293));
#17232 = ORIENTED_EDGE('',*,*,#17132,.T.);
#17233 = ORIENTED_EDGE('',*,*,#17234,.T.);
#17234 = EDGE_CURVE('',#17105,#17235,#17237,.T.);
#17235 = VERTEX_POINT('',#17236);
#17236 = CARTESIAN_POINT('',(18.2,62.9,16.75));
#17237 = SURFACE_CURVE('',#17238,(#17242,#17249),.PCURVE_S1.);
#17238 = LINE('',#17239,#17240);
#17239 = CARTESIAN_POINT('',(18.2,58.5,16.75));
#17240 = VECTOR('',#17241,1.);
#17241 = DIRECTION('',(-1.110223024625E-16,1.,0.));
#17242 = PCURVE('',#16775,#17243);
#17243 = DEFINITIONAL_REPRESENTATION('',(#17244),#17248);
#17244 = LINE('',#17245,#17246);
#17245 = CARTESIAN_POINT('',(-1.570796326795,0.));
#17246 = VECTOR('',#17247,1.);
#17247 = DIRECTION('',(-0.,1.));
#17248 = ( GEOMETRIC_REPRESENTATION_CONTEXT(2) 
PARAMETRIC_REPRESENTATION_CONTEXT() REPRESENTATION_CONTEXT('2D SPACE',''
  ) );
#17249 = PCURVE('',#17250,#17255);
#17250 = PLANE('',#17251);
#17251 = AXIS2_PLACEMENT_3D('',#17252,#17253,#17254);
#17252 = CARTESIAN_POINT('',(18.2,64.9,12.2));
#17253 = DIRECTION('',(1.,1.110223024625E-16,0.));
#17254 = DIRECTION('',(0.,0.,1.));
#17255 = DEFINITIONAL_REPRESENTATION('',(#17256),#17260);
#17256 = LINE('',#17257,#17258);
#17257 = CARTESIAN_POINT('',(4.55,6.4));
#17258 = VECTOR('',#17259,1.);
#17259 = DIRECTION('',(0.,-1.));
#17260 = ( GEOMETRIC_REPRESENTATION_CONTEXT(2) 
PARAMETRIC_REPRESENTATION_CONTEXT() REPRESENTATION_CONTEXT('2D SPACE',''
  ) );
#17261 = ORIENTED_EDGE('',*,*,#17262,.F.);
#17262 = EDGE_CURVE('',#16734,#17235,#17263,.T.);
#17263 = SURFACE_CURVE('',#17264,(#17269,#17281),.PCURVE_S1.);
#17264 = ELLIPSE('',#17265,1.06066017178,0.75);
#17265 = AXIS2_PLACEMENT_3D('',#17266,#17267,#17268);
#17266 = CARTESIAN_POINT('',(18.95,63.65,16.75));
#17267 = DIRECTION('',(0.707106781187,-0.707106781187,0.));
#17268 = DIRECTION('',(0.707106781187,0.707106781187,0.));
#17269 = PCURVE('',#16775,#17270);
#17270 = DEFINITIONAL_REPRESENTATION('',(#17271),#17280);
#17271 = B_SPLINE_CURVE_WITH_KNOTS('',7,(#17272,#17273,#17274,#17275,
    #17276,#17277,#17278,#17279),.UNSPECIFIED.,.F.,.F.,(8,8),(
    1.570796326795,3.14159265359),.PIECEWISE_BEZIER_KNOTS.);
#17272 = CARTESIAN_POINT('',(0.,5.15));
#17273 = CARTESIAN_POINT('',(-0.224399475256,4.981700393558));
#17274 = CARTESIAN_POINT('',(-0.448798950513,4.81340147051));
#17275 = CARTESIAN_POINT('',(-0.67319842577,4.65893988067));
#17276 = CARTESIAN_POINT('',(-0.897597901026,4.532178121531));
#17277 = CARTESIAN_POINT('',(-1.121997376282,4.444061504458));
#17278 = CARTESIAN_POINT('',(-1.346396851538,4.4));
#17279 = CARTESIAN_POINT('',(-1.570796326795,4.4));
#17280 = ( GEOMETRIC_REPRESENTATION_CONTEXT(2) 
PARAMETRIC_REPRESENTATION_CONTEXT() REPRESENTATION_CONTEXT('2D SPACE',''
  ) );
#17281 = PCURVE('',#16749,#17282);
#17282 = DEFINITIONAL_REPRESENTATION('',(#17283),#17292);
#17283 = B_SPLINE_CURVE_WITH_KNOTS('',7,(#17284,#17285,#17286,#17287,
    #17288,#17289,#17290,#17291),.UNSPECIFIED.,.F.,.F.,(8,8),(
    1.570796326795,3.14159265359),.PIECEWISE_BEZIER_KNOTS.);
#17284 = CARTESIAN_POINT('',(0.,3.95));
#17285 = CARTESIAN_POINT('',(0.224399475256,3.781700393558));
#17286 = CARTESIAN_POINT('',(0.448798950513,3.613401470511));
#17287 = CARTESIAN_POINT('',(0.673198425769,3.45893988067));
#17288 = CARTESIAN_POINT('',(0.897597901026,3.332178121532));
#17289 = CARTESIAN_POINT('',(1.121997376282,3.244061504457));
#17290 = CARTESIAN_POINT('',(1.346396851538,3.2));
#17291 = CARTESIAN_POINT('',(1.570796326795,3.2));
#17292 = ( GEOMETRIC_REPRESENTATION_CONTEXT(2) 
PARAMETRIC_REPRESENTATION_CONTEXT() REPRESENTATION_CONTEXT('2D SPACE',''
  ) );
#17293 = ORIENTED_EDGE('',*,*,#16761,.F.);
#17294 = ADVANCED_FACE('',(#17295),#16749,.F.);
#17295 = FACE_BOUND('',#17296,.F.);
#17296 = EDGE_LOOP('',(#17297,#17298,#17324,#17325));
#17297 = ORIENTED_EDGE('',*,*,#17197,.T.);
#17298 = ORIENTED_EDGE('',*,*,#17299,.T.);
#17299 = EDGE_CURVE('',#17170,#17235,#17300,.T.);
#17300 = SURFACE_CURVE('',#17301,(#17305,#17312),.PCURVE_S1.);
#17301 = LINE('',#17302,#17303);
#17302 = CARTESIAN_POINT('',(15.,62.9,16.75));
#17303 = VECTOR('',#17304,1.);
#17304 = DIRECTION('',(1.,1.110223024625E-16,0.));
#17305 = PCURVE('',#16749,#17306);
#17306 = DEFINITIONAL_REPRESENTATION('',(#17307),#17311);
#17307 = LINE('',#17308,#17309);
#17308 = CARTESIAN_POINT('',(1.570796326795,0.));
#17309 = VECTOR('',#17310,1.);
#17310 = DIRECTION('',(0.,1.));
#17311 = ( GEOMETRIC_REPRESENTATION_CONTEXT(2) 
PARAMETRIC_REPRESENTATION_CONTEXT() REPRESENTATION_CONTEXT('2D SPACE',''
  ) );
#17312 = PCURVE('',#17313,#17318);
#17313 = PLANE('',#17314);
#17314 = AXIS2_PLACEMENT_3D('',#17315,#17316,#17317);
#17315 = CARTESIAN_POINT('',(15.,62.9,14.2));
#17316 = DIRECTION('',(1.110223024625E-16,-1.,0.));
#17317 = DIRECTION('',(0.,0.,1.));
#17318 = DEFINITIONAL_REPRESENTATION('',(#17319),#17323);
#17319 = LINE('',#17320,#17321);
#17320 = CARTESIAN_POINT('',(2.55,0.));
#17321 = VECTOR('',#17322,1.);
#17322 = DIRECTION('',(0.,-1.));
#17323 = ( GEOMETRIC_REPRESENTATION_CONTEXT(2) 
PARAMETRIC_REPRESENTATION_CONTEXT() REPRESENTATION_CONTEXT('2D SPACE',''
  ) );
#17324 = ORIENTED_EDGE('',*,*,#17262,.F.);
#17325 = ORIENTED_EDGE('',*,*,#16733,.F.);
#17326 = ADVANCED_FACE('',(#17327),#16941,.F.);
#17327 = FACE_BOUND('',#17328,.T.);
#17328 = EDGE_LOOP('',(#17329,#17363,#17391,#17423));
#17329 = ORIENTED_EDGE('',*,*,#17330,.T.);
#17330 = EDGE_CURVE('',#16924,#17331,#17333,.T.);
#17331 = VERTEX_POINT('',#17332);
#17332 = CARTESIAN_POINT('',(18.2,12.2,16.75));
#17333 = SURFACE_CURVE('',#17334,(#17339,#17351),.PCURVE_S1.);
#17334 = ELLIPSE('',#17335,1.06066017178,0.75);
#17335 = AXIS2_PLACEMENT_3D('',#17336,#17337,#17338);
#17336 = CARTESIAN_POINT('',(18.95,12.95,16.75));
#17337 = DIRECTION('',(0.707106781187,-0.707106781187,0.));
#17338 = DIRECTION('',(-0.707106781187,-0.707106781187,0.));
#17339 = PCURVE('',#16941,#17340);
#17340 = DEFINITIONAL_REPRESENTATION('',(#17341),#17350);
#17341 = B_SPLINE_CURVE_WITH_KNOTS('',7,(#17342,#17343,#17344,#17345,
    #17346,#17347,#17348,#17349),.UNSPECIFIED.,.F.,.F.,(8,8),(
    4.712388980385,6.28318530718),.PIECEWISE_BEZIER_KNOTS.);
#17342 = CARTESIAN_POINT('',(0.,-0.75));
#17343 = CARTESIAN_POINT('',(-0.224399475256,-0.581700393558));
#17344 = CARTESIAN_POINT('',(-0.448798950513,-0.413401470511));
#17345 = CARTESIAN_POINT('',(-0.673198425769,-0.25893988067));
#17346 = CARTESIAN_POINT('',(-0.897597901026,-0.132178121531));
#17347 = CARTESIAN_POINT('',(-1.121997376282,-4.406150445748E-02));
#17348 = CARTESIAN_POINT('',(-1.346396851538,0.));
#17349 = CARTESIAN_POINT('',(-1.570796326795,0.));
#17350 = ( GEOMETRIC_REPRESENTATION_CONTEXT(2) 
PARAMETRIC_REPRESENTATION_CONTEXT() REPRESENTATION_CONTEXT('2D SPACE',''
  ) );
#17351 = PCURVE('',#17023,#17352);
#17352 = DEFINITIONAL_REPRESENTATION('',(#17353),#17362);
#17353 = B_SPLINE_CURVE_WITH_KNOTS('',7,(#17354,#17355,#17356,#17357,
    #17358,#17359,#17360,#17361),.UNSPECIFIED.,.F.,.F.,(8,8),(
    4.712388980385,6.28318530718),.PIECEWISE_BEZIER_KNOTS.);
#17354 = CARTESIAN_POINT('',(0.,-0.75));
#17355 = CARTESIAN_POINT('',(0.224399475256,-0.581700393558));
#17356 = CARTESIAN_POINT('',(0.448798950513,-0.413401470511));
#17357 = CARTESIAN_POINT('',(0.673198425769,-0.25893988067));
#17358 = CARTESIAN_POINT('',(0.897597901026,-0.132178121531));
#17359 = CARTESIAN_POINT('',(1.121997376282,-4.40615044575E-02));
#17360 = CARTESIAN_POINT('',(1.346396851538,0.));
#17361 = CARTESIAN_POINT('',(1.570796326795,0.));
#17362 = ( GEOMETRIC_REPRESENTATION_CONTEXT(2) 
PARAMETRIC_REPRESENTATION_CONTEXT() REPRESENTATION_CONTEXT('2D SPACE',''
  ) );
#17363 = ORIENTED_EDGE('',*,*,#17364,.T.);
#17364 = EDGE_CURVE('',#17331,#17365,#17367,.T.);
#17365 = VERTEX_POINT('',#17366);
#17366 = CARTESIAN_POINT('',(15.,12.2,16.75));
#17367 = SURFACE_CURVE('',#17368,(#17372,#17379),.PCURVE_S1.);
#17368 = LINE('',#17369,#17370);
#17369 = CARTESIAN_POINT('',(18.2,12.2,16.75));
#17370 = VECTOR('',#17371,1.);
#17371 = DIRECTION('',(-1.,-1.110223024625E-16,0.));
#17372 = PCURVE('',#16941,#17373);
#17373 = DEFINITIONAL_REPRESENTATION('',(#17374),#17378);
#17374 = LINE('',#17375,#17376);
#17375 = CARTESIAN_POINT('',(-1.570796326795,0.));
#17376 = VECTOR('',#17377,1.);
#17377 = DIRECTION('',(-0.,1.));
#17378 = ( GEOMETRIC_REPRESENTATION_CONTEXT(2) 
PARAMETRIC_REPRESENTATION_CONTEXT() REPRESENTATION_CONTEXT('2D SPACE',''
  ) );
#17379 = PCURVE('',#17380,#17385);
#17380 = PLANE('',#17381);
#17381 = AXIS2_PLACEMENT_3D('',#17382,#17383,#17384);
#17382 = CARTESIAN_POINT('',(15.,12.2,14.2));
#17383 = DIRECTION('',(1.110223024625E-16,-1.,0.));
#17384 = DIRECTION('',(0.,0.,1.));
#17385 = DEFINITIONAL_REPRESENTATION('',(#17386),#17390);
#17386 = LINE('',#17387,#17388);
#17387 = CARTESIAN_POINT('',(2.55,-3.2));
#17388 = VECTOR('',#17389,1.);
#17389 = DIRECTION('',(0.,1.));
#17390 = ( GEOMETRIC_REPRESENTATION_CONTEXT(2) 
PARAMETRIC_REPRESENTATION_CONTEXT() REPRESENTATION_CONTEXT('2D SPACE',''
  ) );
#17391 = ORIENTED_EDGE('',*,*,#17392,.F.);
#17392 = EDGE_CURVE('',#16926,#17365,#17393,.T.);
#17393 = SURFACE_CURVE('',#17394,(#17399,#17411),.PCURVE_S1.);
#17394 = ELLIPSE('',#17395,1.06066017178,0.75);
#17395 = AXIS2_PLACEMENT_3D('',#17396,#17397,#17398);
#17396 = CARTESIAN_POINT('',(14.25,12.95,16.75));
#17397 = DIRECTION('',(0.707106781187,0.707106781187,-0.));
#17398 = DIRECTION('',(-0.707106781187,0.707106781187,0.));
#17399 = PCURVE('',#16941,#17400);
#17400 = DEFINITIONAL_REPRESENTATION('',(#17401),#17410);
#17401 = B_SPLINE_CURVE_WITH_KNOTS('',7,(#17402,#17403,#17404,#17405,
    #17406,#17407,#17408,#17409),.UNSPECIFIED.,.F.,.F.,(8,8),(
    1.570796326795,3.14159265359),.PIECEWISE_BEZIER_KNOTS.);
#17402 = CARTESIAN_POINT('',(0.,3.95));
#17403 = CARTESIAN_POINT('',(-0.224399475256,3.781700393558));
#17404 = CARTESIAN_POINT('',(-0.448798950513,3.613401470511));
#17405 = CARTESIAN_POINT('',(-0.673198425769,3.458939880671));
#17406 = CARTESIAN_POINT('',(-0.897597901026,3.332178121531));
#17407 = CARTESIAN_POINT('',(-1.121997376282,3.244061504458));
#17408 = CARTESIAN_POINT('',(-1.346396851538,3.2));
#17409 = CARTESIAN_POINT('',(-1.570796326795,3.2));
#17410 = ( GEOMETRIC_REPRESENTATION_CONTEXT(2) 
PARAMETRIC_REPRESENTATION_CONTEXT() REPRESENTATION_CONTEXT('2D SPACE',''
  ) );
#17411 = PCURVE('',#16969,#17412);
#17412 = DEFINITIONAL_REPRESENTATION('',(#17413),#17422);
#17413 = B_SPLINE_CURVE_WITH_KNOTS('',7,(#17414,#17415,#17416,#17417,
    #17418,#17419,#17420,#17421),.UNSPECIFIED.,.F.,.F.,(8,8),(
    1.570796326795,3.14159265359),.PIECEWISE_BEZIER_KNOTS.);
#17414 = CARTESIAN_POINT('',(0.,-0.75));
#17415 = CARTESIAN_POINT('',(-0.224399475256,-0.581700393558));
#17416 = CARTESIAN_POINT('',(-0.448798950513,-0.413401470511));
#17417 = CARTESIAN_POINT('',(-0.673198425769,-0.25893988067));
#17418 = CARTESIAN_POINT('',(-0.897597901026,-0.132178121531));
#17419 = CARTESIAN_POINT('',(-1.121997376282,-4.40615044575E-02));
#17420 = CARTESIAN_POINT('',(-1.346396851538,2.061075743273E-17));
#17421 = CARTESIAN_POINT('',(-1.570796326795,0.));
#17422 = ( GEOMETRIC_REPRESENTATION_CONTEXT(2) 
PARAMETRIC_REPRESENTATION_CONTEXT() REPRESENTATION_CONTEXT('2D SPACE',''
  ) );
#17423 = ORIENTED_EDGE('',*,*,#16923,.F.);
#17424 = ADVANCED_FACE('',(#17425),#17023,.F.);
#17425 = FACE_BOUND('',#17426,.F.);
#17426 = EDGE_LOOP('',(#17427,#17428,#17456,#17488));
#17427 = ORIENTED_EDGE('',*,*,#17330,.T.);
#17428 = ORIENTED_EDGE('',*,*,#17429,.T.);
#17429 = EDGE_CURVE('',#17331,#17430,#17432,.T.);
#17430 = VERTEX_POINT('',#17431);
#17431 = CARTESIAN_POINT('',(18.2,7.8,16.75));
#17432 = SURFACE_CURVE('',#17433,(#17437,#17444),.PCURVE_S1.);
#17433 = LINE('',#17434,#17435);
#17434 = CARTESIAN_POINT('',(18.2,12.2,16.75));
#17435 = VECTOR('',#17436,1.);
#17436 = DIRECTION('',(1.110223024625E-16,-1.,0.));
#17437 = PCURVE('',#17023,#17438);
#17438 = DEFINITIONAL_REPRESENTATION('',(#17439),#17443);
#17439 = LINE('',#17440,#17441);
#17440 = CARTESIAN_POINT('',(1.570796326795,0.));
#17441 = VECTOR('',#17442,1.);
#17442 = DIRECTION('',(0.,1.));
#17443 = ( GEOMETRIC_REPRESENTATION_CONTEXT(2) 
PARAMETRIC_REPRESENTATION_CONTEXT() REPRESENTATION_CONTEXT('2D SPACE',''
  ) );
#17444 = PCURVE('',#17445,#17450);
#17445 = PLANE('',#17446);
#17446 = AXIS2_PLACEMENT_3D('',#17447,#17448,#17449);
#17447 = CARTESIAN_POINT('',(18.2,14.2,12.2));
#17448 = DIRECTION('',(1.,1.110223024625E-16,0.));
#17449 = DIRECTION('',(0.,0.,1.));
#17450 = DEFINITIONAL_REPRESENTATION('',(#17451),#17455);
#17451 = LINE('',#17452,#17453);
#17452 = CARTESIAN_POINT('',(4.55,2.));
#17453 = VECTOR('',#17454,1.);
#17454 = DIRECTION('',(0.,1.));
#17455 = ( GEOMETRIC_REPRESENTATION_CONTEXT(2) 
PARAMETRIC_REPRESENTATION_CONTEXT() REPRESENTATION_CONTEXT('2D SPACE',''
  ) );
#17456 = ORIENTED_EDGE('',*,*,#17457,.F.);
#17457 = EDGE_CURVE('',#16982,#17430,#17458,.T.);
#17458 = SURFACE_CURVE('',#17459,(#17464,#17476),.PCURVE_S1.);
#17459 = ELLIPSE('',#17460,1.06066017178,0.75);
#17460 = AXIS2_PLACEMENT_3D('',#17461,#17462,#17463);
#17461 = CARTESIAN_POINT('',(18.95,7.05,16.75));
#17462 = DIRECTION('',(-0.707106781187,-0.707106781187,0.));
#17463 = DIRECTION('',(0.707106781187,-0.707106781187,0.));
#17464 = PCURVE('',#17023,#17465);
#17465 = DEFINITIONAL_REPRESENTATION('',(#17466),#17475);
#17466 = B_SPLINE_CURVE_WITH_KNOTS('',7,(#17467,#17468,#17469,#17470,
    #17471,#17472,#17473,#17474),.UNSPECIFIED.,.F.,.F.,(8,8),(
    1.570796326795,3.14159265359),.PIECEWISE_BEZIER_KNOTS.);
#17467 = CARTESIAN_POINT('',(0.,5.15));
#17468 = CARTESIAN_POINT('',(0.224399475256,4.981700393558));
#17469 = CARTESIAN_POINT('',(0.448798950513,4.81340147051));
#17470 = CARTESIAN_POINT('',(0.673198425769,4.65893988067));
#17471 = CARTESIAN_POINT('',(0.897597901026,4.532178121531));
#17472 = CARTESIAN_POINT('',(1.121997376282,4.444061504458));
#17473 = CARTESIAN_POINT('',(1.346396851538,4.4));
#17474 = CARTESIAN_POINT('',(1.570796326795,4.4));
#17475 = ( GEOMETRIC_REPRESENTATION_CONTEXT(2) 
PARAMETRIC_REPRESENTATION_CONTEXT() REPRESENTATION_CONTEXT('2D SPACE',''
  ) );
#17476 = PCURVE('',#16997,#17477);
#17477 = DEFINITIONAL_REPRESENTATION('',(#17478),#17487);
#17478 = B_SPLINE_CURVE_WITH_KNOTS('',7,(#17479,#17480,#17481,#17482,
    #17483,#17484,#17485,#17486),.UNSPECIFIED.,.F.,.F.,(8,8),(
    1.570796326795,3.14159265359),.PIECEWISE_BEZIER_KNOTS.);
#17479 = CARTESIAN_POINT('',(0.,-0.75));
#17480 = CARTESIAN_POINT('',(0.224399475256,-0.581700393558));
#17481 = CARTESIAN_POINT('',(0.448798950513,-0.413401470511));
#17482 = CARTESIAN_POINT('',(0.673198425769,-0.25893988067));
#17483 = CARTESIAN_POINT('',(0.897597901026,-0.132178121531));
#17484 = CARTESIAN_POINT('',(1.121997376282,-4.406150445751E-02));
#17485 = CARTESIAN_POINT('',(1.346396851538,-2.061075743273E-17));
#17486 = CARTESIAN_POINT('',(1.570796326795,0.));
#17487 = ( GEOMETRIC_REPRESENTATION_CONTEXT(2) 
PARAMETRIC_REPRESENTATION_CONTEXT() REPRESENTATION_CONTEXT('2D SPACE',''
  ) );
#17488 = ORIENTED_EDGE('',*,*,#17009,.F.);
#17489 = ADVANCED_FACE('',(#17490),#16969,.F.);
#17490 = FACE_BOUND('',#17491,.T.);
#17491 = EDGE_LOOP('',(#17492,#17493,#17521,#17553));
#17492 = ORIENTED_EDGE('',*,*,#17392,.T.);
#17493 = ORIENTED_EDGE('',*,*,#17494,.T.);
#17494 = EDGE_CURVE('',#17365,#17495,#17497,.T.);
#17495 = VERTEX_POINT('',#17496);
#17496 = CARTESIAN_POINT('',(15.,7.8,16.75));
#17497 = SURFACE_CURVE('',#17498,(#17502,#17509),.PCURVE_S1.);
#17498 = LINE('',#17499,#17500);
#17499 = CARTESIAN_POINT('',(15.,12.2,16.75));
#17500 = VECTOR('',#17501,1.);
#17501 = DIRECTION('',(1.110223024625E-16,-1.,0.));
#17502 = PCURVE('',#16969,#17503);
#17503 = DEFINITIONAL_REPRESENTATION('',(#17504),#17508);
#17504 = LINE('',#17505,#17506);
#17505 = CARTESIAN_POINT('',(-1.570796326795,0.));
#17506 = VECTOR('',#17507,1.);
#17507 = DIRECTION('',(-0.,1.));
#17508 = ( GEOMETRIC_REPRESENTATION_CONTEXT(2) 
PARAMETRIC_REPRESENTATION_CONTEXT() REPRESENTATION_CONTEXT('2D SPACE',''
  ) );
#17509 = PCURVE('',#17510,#17515);
#17510 = PLANE('',#17511);
#17511 = AXIS2_PLACEMENT_3D('',#17512,#17513,#17514);
#17512 = CARTESIAN_POINT('',(15.,14.2,12.2));
#17513 = DIRECTION('',(1.,1.110223024625E-16,0.));
#17514 = DIRECTION('',(0.,0.,1.));
#17515 = DEFINITIONAL_REPRESENTATION('',(#17516),#17520);
#17516 = LINE('',#17517,#17518);
#17517 = CARTESIAN_POINT('',(4.55,2.));
#17518 = VECTOR('',#17519,1.);
#17519 = DIRECTION('',(0.,1.));
#17520 = ( GEOMETRIC_REPRESENTATION_CONTEXT(2) 
PARAMETRIC_REPRESENTATION_CONTEXT() REPRESENTATION_CONTEXT('2D SPACE',''
  ) );
#17521 = ORIENTED_EDGE('',*,*,#17522,.F.);
#17522 = EDGE_CURVE('',#16954,#17495,#17523,.T.);
#17523 = SURFACE_CURVE('',#17524,(#17529,#17541),.PCURVE_S1.);
#17524 = ELLIPSE('',#17525,1.06066017178,0.75);
#17525 = AXIS2_PLACEMENT_3D('',#17526,#17527,#17528);
#17526 = CARTESIAN_POINT('',(14.25,7.05,16.75));
#17527 = DIRECTION('',(-0.707106781187,0.707106781187,0.));
#17528 = DIRECTION('',(-0.707106781187,-0.707106781187,0.));
#17529 = PCURVE('',#16969,#17530);
#17530 = DEFINITIONAL_REPRESENTATION('',(#17531),#17540);
#17531 = B_SPLINE_CURVE_WITH_KNOTS('',7,(#17532,#17533,#17534,#17535,
    #17536,#17537,#17538,#17539),.UNSPECIFIED.,.F.,.F.,(8,8),(
    1.570796326795,3.14159265359),.PIECEWISE_BEZIER_KNOTS.);
#17532 = CARTESIAN_POINT('',(0.,5.15));
#17533 = CARTESIAN_POINT('',(-0.224399475256,4.981700393558));
#17534 = CARTESIAN_POINT('',(-0.448798950513,4.81340147051));
#17535 = CARTESIAN_POINT('',(-0.673198425769,4.65893988067));
#17536 = CARTESIAN_POINT('',(-0.897597901026,4.532178121531));
#17537 = CARTESIAN_POINT('',(-1.121997376282,4.444061504458));
#17538 = CARTESIAN_POINT('',(-1.346396851538,4.4));
#17539 = CARTESIAN_POINT('',(-1.570796326795,4.4));
#17540 = ( GEOMETRIC_REPRESENTATION_CONTEXT(2) 
PARAMETRIC_REPRESENTATION_CONTEXT() REPRESENTATION_CONTEXT('2D SPACE',''
  ) );
#17541 = PCURVE('',#16997,#17542);
#17542 = DEFINITIONAL_REPRESENTATION('',(#17543),#17552);
#17543 = B_SPLINE_CURVE_WITH_KNOTS('',7,(#17544,#17545,#17546,#17547,
    #17548,#17549,#17550,#17551),.UNSPECIFIED.,.F.,.F.,(8,8),(
    1.570796326795,3.14159265359),.PIECEWISE_BEZIER_KNOTS.);
#17544 = CARTESIAN_POINT('',(0.,3.95));
#17545 = CARTESIAN_POINT('',(0.224399475256,3.781700393558));
#17546 = CARTESIAN_POINT('',(0.448798950513,3.613401470511));
#17547 = CARTESIAN_POINT('',(0.673198425769,3.45893988067));
#17548 = CARTESIAN_POINT('',(0.897597901026,3.332178121531));
#17549 = CARTESIAN_POINT('',(1.121997376282,3.244061504458));
#17550 = CARTESIAN_POINT('',(1.346396851538,3.2));
#17551 = CARTESIAN_POINT('',(1.570796326795,3.2));
#17552 = ( GEOMETRIC_REPRESENTATION_CONTEXT(2) 
PARAMETRIC_REPRESENTATION_CONTEXT() REPRESENTATION_CONTEXT('2D SPACE',''
  ) );
#17553 = ORIENTED_EDGE('',*,*,#16953,.F.);
#17554 = ADVANCED_FACE('',(#17555),#16997,.F.);
#17555 = FACE_BOUND('',#17556,.F.);
#17556 = EDGE_LOOP('',(#17557,#17558,#17584,#17585));
#17557 = ORIENTED_EDGE('',*,*,#17457,.T.);
#17558 = ORIENTED_EDGE('',*,*,#17559,.T.);
#17559 = EDGE_CURVE('',#17430,#17495,#17560,.T.);
#17560 = SURFACE_CURVE('',#17561,(#17565,#17572),.PCURVE_S1.);
#17561 = LINE('',#17562,#17563);
#17562 = CARTESIAN_POINT('',(18.2,7.8,16.75));
#17563 = VECTOR('',#17564,1.);
#17564 = DIRECTION('',(-1.,-1.110223024625E-16,0.));
#17565 = PCURVE('',#16997,#17566);
#17566 = DEFINITIONAL_REPRESENTATION('',(#17567),#17571);
#17567 = LINE('',#17568,#17569);
#17568 = CARTESIAN_POINT('',(1.570796326795,0.));
#17569 = VECTOR('',#17570,1.);
#17570 = DIRECTION('',(0.,1.));
#17571 = ( GEOMETRIC_REPRESENTATION_CONTEXT(2) 
PARAMETRIC_REPRESENTATION_CONTEXT() REPRESENTATION_CONTEXT('2D SPACE',''
  ) );
#17572 = PCURVE('',#17573,#17578);
#17573 = PLANE('',#17574);
#17574 = AXIS2_PLACEMENT_3D('',#17575,#17576,#17577);
#17575 = CARTESIAN_POINT('',(15.,7.8,14.2));
#17576 = DIRECTION('',(1.110223024625E-16,-1.,0.));
#17577 = DIRECTION('',(0.,0.,1.));
#17578 = DEFINITIONAL_REPRESENTATION('',(#17579),#17583);
#17579 = LINE('',#17580,#17581);
#17580 = CARTESIAN_POINT('',(2.55,-3.2));
#17581 = VECTOR('',#17582,1.);
#17582 = DIRECTION('',(0.,1.));
#17583 = ( GEOMETRIC_REPRESENTATION_CONTEXT(2) 
PARAMETRIC_REPRESENTATION_CONTEXT() REPRESENTATION_CONTEXT('2D SPACE',''
  ) );
#17584 = ORIENTED_EDGE('',*,*,#17522,.F.);
#17585 = ORIENTED_EDGE('',*,*,#16981,.F.);
#17586 = ADVANCED_FACE('',(#17587),#17120,.T.);
#17587 = FACE_BOUND('',#17588,.T.);
#17588 = EDGE_LOOP('',(#17589,#17612,#17640,#17661));
#17589 = ORIENTED_EDGE('',*,*,#17590,.F.);
#17590 = EDGE_CURVE('',#17591,#17071,#17593,.T.);
#17591 = VERTEX_POINT('',#17592);
#17592 = CARTESIAN_POINT('',(15.,58.5,14.4));
#17593 = SURFACE_CURVE('',#17594,(#17598,#17605),.PCURVE_S1.);
#17594 = LINE('',#17595,#17596);
#17595 = CARTESIAN_POINT('',(15.,58.5,14.2));
#17596 = VECTOR('',#17597,1.);
#17597 = DIRECTION('',(0.,0.,1.));
#17598 = PCURVE('',#17120,#17599);
#17599 = DEFINITIONAL_REPRESENTATION('',(#17600),#17604);
#17600 = LINE('',#17601,#17602);
#17601 = CARTESIAN_POINT('',(0.,0.));
#17602 = VECTOR('',#17603,1.);
#17603 = DIRECTION('',(1.,0.));
#17604 = ( GEOMETRIC_REPRESENTATION_CONTEXT(2) 
PARAMETRIC_REPRESENTATION_CONTEXT() REPRESENTATION_CONTEXT('2D SPACE',''
  ) );
#17605 = PCURVE('',#17185,#17606);
#17606 = DEFINITIONAL_REPRESENTATION('',(#17607),#17611);
#17607 = LINE('',#17608,#17609);
#17608 = CARTESIAN_POINT('',(2.,6.4));
#17609 = VECTOR('',#17610,1.);
#17610 = DIRECTION('',(1.,0.));
#17611 = ( GEOMETRIC_REPRESENTATION_CONTEXT(2) 
PARAMETRIC_REPRESENTATION_CONTEXT() REPRESENTATION_CONTEXT('2D SPACE',''
  ) );
#17612 = ORIENTED_EDGE('',*,*,#17613,.T.);
#17613 = EDGE_CURVE('',#17591,#17614,#17616,.T.);
#17614 = VERTEX_POINT('',#17615);
#17615 = CARTESIAN_POINT('',(18.2,58.5,14.4));
#17616 = SURFACE_CURVE('',#17617,(#17621,#17628),.PCURVE_S1.);
#17617 = LINE('',#17618,#17619);
#17618 = CARTESIAN_POINT('',(15.,58.5,14.4));
#17619 = VECTOR('',#17620,1.);
#17620 = DIRECTION('',(1.,1.110223024625E-16,0.));
#17621 = PCURVE('',#17120,#17622);
#17622 = DEFINITIONAL_REPRESENTATION('',(#17623),#17627);
#17623 = LINE('',#17624,#17625);
#17624 = CARTESIAN_POINT('',(0.2,0.));
#17625 = VECTOR('',#17626,1.);
#17626 = DIRECTION('',(0.,-1.));
#17627 = ( GEOMETRIC_REPRESENTATION_CONTEXT(2) 
PARAMETRIC_REPRESENTATION_CONTEXT() REPRESENTATION_CONTEXT('2D SPACE',''
  ) );
#17628 = PCURVE('',#17629,#17634);
#17629 = CYLINDRICAL_SURFACE('',#17630,0.2);
#17630 = AXIS2_PLACEMENT_3D('',#17631,#17632,#17633);
#17631 = CARTESIAN_POINT('',(15.,58.3,14.4));
#17632 = DIRECTION('',(1.,1.110223024625E-16,0.));
#17633 = DIRECTION('',(0.,0.,-1.));
#17634 = DEFINITIONAL_REPRESENTATION('',(#17635),#17639);
#17635 = LINE('',#17636,#17637);
#17636 = CARTESIAN_POINT('',(1.570796326795,0.));
#17637 = VECTOR('',#17638,1.);
#17638 = DIRECTION('',(0.,1.));
#17639 = ( GEOMETRIC_REPRESENTATION_CONTEXT(2) 
PARAMETRIC_REPRESENTATION_CONTEXT() REPRESENTATION_CONTEXT('2D SPACE',''
  ) );
#17640 = ORIENTED_EDGE('',*,*,#17641,.T.);
#17641 = EDGE_CURVE('',#17614,#17105,#17642,.T.);
#17642 = SURFACE_CURVE('',#17643,(#17647,#17654),.PCURVE_S1.);
#17643 = LINE('',#17644,#17645);
#17644 = CARTESIAN_POINT('',(18.2,58.5,14.2));
#17645 = VECTOR('',#17646,1.);
#17646 = DIRECTION('',(0.,0.,1.));
#17647 = PCURVE('',#17120,#17648);
#17648 = DEFINITIONAL_REPRESENTATION('',(#17649),#17653);
#17649 = LINE('',#17650,#17651);
#17650 = CARTESIAN_POINT('',(0.,-3.2));
#17651 = VECTOR('',#17652,1.);
#17652 = DIRECTION('',(1.,0.));
#17653 = ( GEOMETRIC_REPRESENTATION_CONTEXT(2) 
PARAMETRIC_REPRESENTATION_CONTEXT() REPRESENTATION_CONTEXT('2D SPACE',''
  ) );
#17654 = PCURVE('',#17250,#17655);
#17655 = DEFINITIONAL_REPRESENTATION('',(#17656),#17660);
#17656 = LINE('',#17657,#17658);
#17657 = CARTESIAN_POINT('',(2.,6.4));
#17658 = VECTOR('',#17659,1.);
#17659 = DIRECTION('',(1.,0.));
#17660 = ( GEOMETRIC_REPRESENTATION_CONTEXT(2) 
PARAMETRIC_REPRESENTATION_CONTEXT() REPRESENTATION_CONTEXT('2D SPACE',''
  ) );
#17661 = ORIENTED_EDGE('',*,*,#17104,.F.);
#17662 = ADVANCED_FACE('',(#17663),#17185,.F.);
#17663 = FACE_BOUND('',#17664,.F.);
#17664 = EDGE_LOOP('',(#17665,#17666,#17690,#17718,#17746,#17774,#17802,
    #17830,#17863,#17884));
#17665 = ORIENTED_EDGE('',*,*,#17590,.F.);
#17666 = ORIENTED_EDGE('',*,*,#17667,.F.);
#17667 = EDGE_CURVE('',#17668,#17591,#17670,.T.);
#17668 = VERTEX_POINT('',#17669);
#17669 = CARTESIAN_POINT('',(15.,58.3,14.2));
#17670 = SURFACE_CURVE('',#17671,(#17676,#17683),.PCURVE_S1.);
#17671 = CIRCLE('',#17672,0.2);
#17672 = AXIS2_PLACEMENT_3D('',#17673,#17674,#17675);
#17673 = CARTESIAN_POINT('',(15.,58.3,14.4));
#17674 = DIRECTION('',(1.,1.110223024625E-16,-0.));
#17675 = DIRECTION('',(0.,0.,1.));
#17676 = PCURVE('',#17185,#17677);
#17677 = DEFINITIONAL_REPRESENTATION('',(#17678),#17682);
#17678 = CIRCLE('',#17679,0.2);
#17679 = AXIS2_PLACEMENT_2D('',#17680,#17681);
#17680 = CARTESIAN_POINT('',(2.2,6.6));
#17681 = DIRECTION('',(1.,0.));
#17682 = ( GEOMETRIC_REPRESENTATION_CONTEXT(2) 
PARAMETRIC_REPRESENTATION_CONTEXT() REPRESENTATION_CONTEXT('2D SPACE',''
  ) );
#17683 = PCURVE('',#17629,#17684);
#17684 = DEFINITIONAL_REPRESENTATION('',(#17685),#17689);
#17685 = LINE('',#17686,#17687);
#17686 = CARTESIAN_POINT('',(-3.14159265359,0.));
#17687 = VECTOR('',#17688,1.);
#17688 = DIRECTION('',(1.,0.));
#17689 = ( GEOMETRIC_REPRESENTATION_CONTEXT(2) 
PARAMETRIC_REPRESENTATION_CONTEXT() REPRESENTATION_CONTEXT('2D SPACE',''
  ) );
#17690 = ORIENTED_EDGE('',*,*,#17691,.T.);
#17691 = EDGE_CURVE('',#17668,#17692,#17694,.T.);
#17692 = VERTEX_POINT('',#17693);
#17693 = CARTESIAN_POINT('',(15.,56.5,14.2));
#17694 = SURFACE_CURVE('',#17695,(#17699,#17706),.PCURVE_S1.);
#17695 = LINE('',#17696,#17697);
#17696 = CARTESIAN_POINT('',(15.,64.9,14.2));
#17697 = VECTOR('',#17698,1.);
#17698 = DIRECTION('',(1.110223024625E-16,-1.,0.));
#17699 = PCURVE('',#17185,#17700);
#17700 = DEFINITIONAL_REPRESENTATION('',(#17701),#17705);
#17701 = LINE('',#17702,#17703);
#17702 = CARTESIAN_POINT('',(2.,0.));
#17703 = VECTOR('',#17704,1.);
#17704 = DIRECTION('',(0.,1.));
#17705 = ( GEOMETRIC_REPRESENTATION_CONTEXT(2) 
PARAMETRIC_REPRESENTATION_CONTEXT() REPRESENTATION_CONTEXT('2D SPACE',''
  ) );
#17706 = PCURVE('',#17707,#17712);
#17707 = PLANE('',#17708);
#17708 = AXIS2_PLACEMENT_3D('',#17709,#17710,#17711);
#17709 = CARTESIAN_POINT('',(15.,64.9,14.2));
#17710 = DIRECTION('',(0.,0.,1.));
#17711 = DIRECTION('',(1.110223024625E-16,-1.,0.));
#17712 = DEFINITIONAL_REPRESENTATION('',(#17713),#17717);
#17713 = LINE('',#17714,#17715);
#17714 = CARTESIAN_POINT('',(0.,0.));
#17715 = VECTOR('',#17716,1.);
#17716 = DIRECTION('',(1.,0.));
#17717 = ( GEOMETRIC_REPRESENTATION_CONTEXT(2) 
PARAMETRIC_REPRESENTATION_CONTEXT() REPRESENTATION_CONTEXT('2D SPACE',''
  ) );
#17718 = ORIENTED_EDGE('',*,*,#17719,.F.);
#17719 = EDGE_CURVE('',#17720,#17692,#17722,.T.);
#17720 = VERTEX_POINT('',#17721);
#17721 = CARTESIAN_POINT('',(15.,56.5,12.2));
#17722 = SURFACE_CURVE('',#17723,(#17727,#17734),.PCURVE_S1.);
#17723 = LINE('',#17724,#17725);
#17724 = CARTESIAN_POINT('',(15.,56.5,12.2));
#17725 = VECTOR('',#17726,1.);
#17726 = DIRECTION('',(0.,0.,1.));
#17727 = PCURVE('',#17185,#17728);
#17728 = DEFINITIONAL_REPRESENTATION('',(#17729),#17733);
#17729 = LINE('',#17730,#17731);
#17730 = CARTESIAN_POINT('',(0.,8.4));
#17731 = VECTOR('',#17732,1.);
#17732 = DIRECTION('',(1.,0.));
#17733 = ( GEOMETRIC_REPRESENTATION_CONTEXT(2) 
PARAMETRIC_REPRESENTATION_CONTEXT() REPRESENTATION_CONTEXT('2D SPACE',''
  ) );
#17734 = PCURVE('',#17735,#17740);
#17735 = PLANE('',#17736);
#17736 = AXIS2_PLACEMENT_3D('',#17737,#17738,#17739);
#17737 = CARTESIAN_POINT('',(15.,56.5,12.2));
#17738 = DIRECTION('',(1.110223024625E-16,-1.,0.));
#17739 = DIRECTION('',(0.,0.,1.));
#17740 = DEFINITIONAL_REPRESENTATION('',(#17741),#17745);
#17741 = LINE('',#17742,#17743);
#17742 = CARTESIAN_POINT('',(0.,0.));
#17743 = VECTOR('',#17744,1.);
#17744 = DIRECTION('',(1.,0.));
#17745 = ( GEOMETRIC_REPRESENTATION_CONTEXT(2) 
PARAMETRIC_REPRESENTATION_CONTEXT() REPRESENTATION_CONTEXT('2D SPACE',''
  ) );
#17746 = ORIENTED_EDGE('',*,*,#17747,.F.);
#17747 = EDGE_CURVE('',#17748,#17720,#17750,.T.);
#17748 = VERTEX_POINT('',#17749);
#17749 = CARTESIAN_POINT('',(15.,64.9,12.2));
#17750 = SURFACE_CURVE('',#17751,(#17755,#17762),.PCURVE_S1.);
#17751 = LINE('',#17752,#17753);
#17752 = CARTESIAN_POINT('',(15.,64.9,12.2));
#17753 = VECTOR('',#17754,1.);
#17754 = DIRECTION('',(1.110223024625E-16,-1.,0.));
#17755 = PCURVE('',#17185,#17756);
#17756 = DEFINITIONAL_REPRESENTATION('',(#17757),#17761);
#17757 = LINE('',#17758,#17759);
#17758 = CARTESIAN_POINT('',(0.,0.));
#17759 = VECTOR('',#17760,1.);
#17760 = DIRECTION('',(0.,1.));
#17761 = ( GEOMETRIC_REPRESENTATION_CONTEXT(2) 
PARAMETRIC_REPRESENTATION_CONTEXT() REPRESENTATION_CONTEXT('2D SPACE',''
  ) );
#17762 = PCURVE('',#17763,#17768);
#17763 = PLANE('',#17764);
#17764 = AXIS2_PLACEMENT_3D('',#17765,#17766,#17767);
#17765 = CARTESIAN_POINT('',(15.,64.9,12.2));
#17766 = DIRECTION('',(0.,0.,1.));
#17767 = DIRECTION('',(1.110223024625E-16,-1.,0.));
#17768 = DEFINITIONAL_REPRESENTATION('',(#17769),#17773);
#17769 = LINE('',#17770,#17771);
#17770 = CARTESIAN_POINT('',(0.,0.));
#17771 = VECTOR('',#17772,1.);
#17772 = DIRECTION('',(1.,0.));
#17773 = ( GEOMETRIC_REPRESENTATION_CONTEXT(2) 
PARAMETRIC_REPRESENTATION_CONTEXT() REPRESENTATION_CONTEXT('2D SPACE',''
  ) );
#17774 = ORIENTED_EDGE('',*,*,#17775,.T.);
#17775 = EDGE_CURVE('',#17748,#17776,#17778,.T.);
#17776 = VERTEX_POINT('',#17777);
#17777 = CARTESIAN_POINT('',(15.,64.9,14.2));
#17778 = SURFACE_CURVE('',#17779,(#17783,#17790),.PCURVE_S1.);
#17779 = LINE('',#17780,#17781);
#17780 = CARTESIAN_POINT('',(15.,64.9,12.2));
#17781 = VECTOR('',#17782,1.);
#17782 = DIRECTION('',(0.,0.,1.));
#17783 = PCURVE('',#17185,#17784);
#17784 = DEFINITIONAL_REPRESENTATION('',(#17785),#17789);
#17785 = LINE('',#17786,#17787);
#17786 = CARTESIAN_POINT('',(0.,0.));
#17787 = VECTOR('',#17788,1.);
#17788 = DIRECTION('',(1.,0.));
#17789 = ( GEOMETRIC_REPRESENTATION_CONTEXT(2) 
PARAMETRIC_REPRESENTATION_CONTEXT() REPRESENTATION_CONTEXT('2D SPACE',''
  ) );
#17790 = PCURVE('',#17791,#17796);
#17791 = PLANE('',#17792);
#17792 = AXIS2_PLACEMENT_3D('',#17793,#17794,#17795);
#17793 = CARTESIAN_POINT('',(15.,64.9,12.2));
#17794 = DIRECTION('',(1.110223024625E-16,-1.,0.));
#17795 = DIRECTION('',(0.,0.,1.));
#17796 = DEFINITIONAL_REPRESENTATION('',(#17797),#17801);
#17797 = LINE('',#17798,#17799);
#17798 = CARTESIAN_POINT('',(0.,0.));
#17799 = VECTOR('',#17800,1.);
#17800 = DIRECTION('',(1.,0.));
#17801 = ( GEOMETRIC_REPRESENTATION_CONTEXT(2) 
PARAMETRIC_REPRESENTATION_CONTEXT() REPRESENTATION_CONTEXT('2D SPACE',''
  ) );
#17802 = ORIENTED_EDGE('',*,*,#17803,.T.);
#17803 = EDGE_CURVE('',#17776,#17804,#17806,.T.);
#17804 = VERTEX_POINT('',#17805);
#17805 = CARTESIAN_POINT('',(15.,63.1,14.2));
#17806 = SURFACE_CURVE('',#17807,(#17811,#17818),.PCURVE_S1.);
#17807 = LINE('',#17808,#17809);
#17808 = CARTESIAN_POINT('',(15.,64.9,14.2));
#17809 = VECTOR('',#17810,1.);
#17810 = DIRECTION('',(1.110223024625E-16,-1.,0.));
#17811 = PCURVE('',#17185,#17812);
#17812 = DEFINITIONAL_REPRESENTATION('',(#17813),#17817);
#17813 = LINE('',#17814,#17815);
#17814 = CARTESIAN_POINT('',(2.,0.));
#17815 = VECTOR('',#17816,1.);
#17816 = DIRECTION('',(0.,1.));
#17817 = ( GEOMETRIC_REPRESENTATION_CONTEXT(2) 
PARAMETRIC_REPRESENTATION_CONTEXT() REPRESENTATION_CONTEXT('2D SPACE',''
  ) );
#17818 = PCURVE('',#17819,#17824);
#17819 = PLANE('',#17820);
#17820 = AXIS2_PLACEMENT_3D('',#17821,#17822,#17823);
#17821 = CARTESIAN_POINT('',(15.,64.9,14.2));
#17822 = DIRECTION('',(0.,0.,1.));
#17823 = DIRECTION('',(1.110223024625E-16,-1.,0.));
#17824 = DEFINITIONAL_REPRESENTATION('',(#17825),#17829);
#17825 = LINE('',#17826,#17827);
#17826 = CARTESIAN_POINT('',(0.,0.));
#17827 = VECTOR('',#17828,1.);
#17828 = DIRECTION('',(1.,0.));
#17829 = ( GEOMETRIC_REPRESENTATION_CONTEXT(2) 
PARAMETRIC_REPRESENTATION_CONTEXT() REPRESENTATION_CONTEXT('2D SPACE',''
  ) );
#17830 = ORIENTED_EDGE('',*,*,#17831,.T.);
#17831 = EDGE_CURVE('',#17804,#17832,#17834,.T.);
#17832 = VERTEX_POINT('',#17833);
#17833 = CARTESIAN_POINT('',(15.,62.9,14.4));
#17834 = SURFACE_CURVE('',#17835,(#17840,#17851),.PCURVE_S1.);
#17835 = CIRCLE('',#17836,0.2);
#17836 = AXIS2_PLACEMENT_3D('',#17837,#17838,#17839);
#17837 = CARTESIAN_POINT('',(15.,63.1,14.4));
#17838 = DIRECTION('',(-1.,-1.110223024625E-16,0.));
#17839 = DIRECTION('',(0.,0.,1.));
#17840 = PCURVE('',#17185,#17841);
#17841 = DEFINITIONAL_REPRESENTATION('',(#17842),#17850);
#17842 = ( BOUNDED_CURVE() B_SPLINE_CURVE(2,(#17843,#17844,#17845,#17846
    ,#17847,#17848,#17849),.UNSPECIFIED.,.T.,.F.) 
B_SPLINE_CURVE_WITH_KNOTS((1,2,2,2,2,1),(-2.094395102393,0.,
    2.094395102393,4.188790204786,6.28318530718,8.377580409573),
.UNSPECIFIED.) CURVE() GEOMETRIC_REPRESENTATION_ITEM() 
RATIONAL_B_SPLINE_CURVE((1.,0.5,1.,0.5,1.,0.5,1.)) REPRESENTATION_ITEM(
  '') );
#17843 = CARTESIAN_POINT('',(2.4,1.8));
#17844 = CARTESIAN_POINT('',(2.4,1.453589838486));
#17845 = CARTESIAN_POINT('',(2.1,1.626794919243));
#17846 = CARTESIAN_POINT('',(1.8,1.8));
#17847 = CARTESIAN_POINT('',(2.1,1.973205080757));
#17848 = CARTESIAN_POINT('',(2.4,2.146410161514));
#17849 = CARTESIAN_POINT('',(2.4,1.8));
#17850 = ( GEOMETRIC_REPRESENTATION_CONTEXT(2) 
PARAMETRIC_REPRESENTATION_CONTEXT() REPRESENTATION_CONTEXT('2D SPACE',''
  ) );
#17851 = PCURVE('',#17852,#17857);
#17852 = CYLINDRICAL_SURFACE('',#17853,0.2);
#17853 = AXIS2_PLACEMENT_3D('',#17854,#17855,#17856);
#17854 = CARTESIAN_POINT('',(15.,63.1,14.4));
#17855 = DIRECTION('',(1.,1.110223024625E-16,0.));
#17856 = DIRECTION('',(0.,0.,-1.));
#17857 = DEFINITIONAL_REPRESENTATION('',(#17858),#17862);
#17858 = LINE('',#17859,#17860);
#17859 = CARTESIAN_POINT('',(3.14159265359,-0.));
#17860 = VECTOR('',#17861,1.);
#17861 = DIRECTION('',(-1.,0.));
#17862 = ( GEOMETRIC_REPRESENTATION_CONTEXT(2) 
PARAMETRIC_REPRESENTATION_CONTEXT() REPRESENTATION_CONTEXT('2D SPACE',''
  ) );
#17863 = ORIENTED_EDGE('',*,*,#17864,.T.);
#17864 = EDGE_CURVE('',#17832,#17170,#17865,.T.);
#17865 = SURFACE_CURVE('',#17866,(#17870,#17877),.PCURVE_S1.);
#17866 = LINE('',#17867,#17868);
#17867 = CARTESIAN_POINT('',(15.,62.9,14.2));
#17868 = VECTOR('',#17869,1.);
#17869 = DIRECTION('',(0.,0.,1.));
#17870 = PCURVE('',#17185,#17871);
#17871 = DEFINITIONAL_REPRESENTATION('',(#17872),#17876);
#17872 = LINE('',#17873,#17874);
#17873 = CARTESIAN_POINT('',(2.,2.));
#17874 = VECTOR('',#17875,1.);
#17875 = DIRECTION('',(1.,0.));
#17876 = ( GEOMETRIC_REPRESENTATION_CONTEXT(2) 
PARAMETRIC_REPRESENTATION_CONTEXT() REPRESENTATION_CONTEXT('2D SPACE',''
  ) );
#17877 = PCURVE('',#17313,#17878);
#17878 = DEFINITIONAL_REPRESENTATION('',(#17879),#17883);
#17879 = LINE('',#17880,#17881);
#17880 = CARTESIAN_POINT('',(0.,0.));
#17881 = VECTOR('',#17882,1.);
#17882 = DIRECTION('',(1.,0.));
#17883 = ( GEOMETRIC_REPRESENTATION_CONTEXT(2) 
PARAMETRIC_REPRESENTATION_CONTEXT() REPRESENTATION_CONTEXT('2D SPACE',''
  ) );
#17884 = ORIENTED_EDGE('',*,*,#17169,.F.);
#17885 = ADVANCED_FACE('',(#17886),#17250,.T.);
#17886 = FACE_BOUND('',#17887,.T.);
#17887 = EDGE_LOOP('',(#17888,#17889,#17913,#17936,#17959,#17982,#18005,
    #18028,#18056,#18077));
#17888 = ORIENTED_EDGE('',*,*,#17641,.F.);
#17889 = ORIENTED_EDGE('',*,*,#17890,.F.);
#17890 = EDGE_CURVE('',#17891,#17614,#17893,.T.);
#17891 = VERTEX_POINT('',#17892);
#17892 = CARTESIAN_POINT('',(18.2,58.3,14.2));
#17893 = SURFACE_CURVE('',#17894,(#17899,#17906),.PCURVE_S1.);
#17894 = CIRCLE('',#17895,0.2);
#17895 = AXIS2_PLACEMENT_3D('',#17896,#17897,#17898);
#17896 = CARTESIAN_POINT('',(18.2,58.3,14.4));
#17897 = DIRECTION('',(1.,1.110223024625E-16,-0.));
#17898 = DIRECTION('',(0.,0.,1.));
#17899 = PCURVE('',#17250,#17900);
#17900 = DEFINITIONAL_REPRESENTATION('',(#17901),#17905);
#17901 = CIRCLE('',#17902,0.2);
#17902 = AXIS2_PLACEMENT_2D('',#17903,#17904);
#17903 = CARTESIAN_POINT('',(2.2,6.6));
#17904 = DIRECTION('',(1.,0.));
#17905 = ( GEOMETRIC_REPRESENTATION_CONTEXT(2) 
PARAMETRIC_REPRESENTATION_CONTEXT() REPRESENTATION_CONTEXT('2D SPACE',''
  ) );
#17906 = PCURVE('',#17629,#17907);
#17907 = DEFINITIONAL_REPRESENTATION('',(#17908),#17912);
#17908 = LINE('',#17909,#17910);
#17909 = CARTESIAN_POINT('',(-3.14159265359,3.2));
#17910 = VECTOR('',#17911,1.);
#17911 = DIRECTION('',(1.,0.));
#17912 = ( GEOMETRIC_REPRESENTATION_CONTEXT(2) 
PARAMETRIC_REPRESENTATION_CONTEXT() REPRESENTATION_CONTEXT('2D SPACE',''
  ) );
#17913 = ORIENTED_EDGE('',*,*,#17914,.T.);
#17914 = EDGE_CURVE('',#17891,#17915,#17917,.T.);
#17915 = VERTEX_POINT('',#17916);
#17916 = CARTESIAN_POINT('',(18.2,56.5,14.2));
#17917 = SURFACE_CURVE('',#17918,(#17922,#17929),.PCURVE_S1.);
#17918 = LINE('',#17919,#17920);
#17919 = CARTESIAN_POINT('',(18.2,64.9,14.2));
#17920 = VECTOR('',#17921,1.);
#17921 = DIRECTION('',(1.110223024625E-16,-1.,0.));
#17922 = PCURVE('',#17250,#17923);
#17923 = DEFINITIONAL_REPRESENTATION('',(#17924),#17928);
#17924 = LINE('',#17925,#17926);
#17925 = CARTESIAN_POINT('',(2.,0.));
#17926 = VECTOR('',#17927,1.);
#17927 = DIRECTION('',(0.,1.));
#17928 = ( GEOMETRIC_REPRESENTATION_CONTEXT(2) 
PARAMETRIC_REPRESENTATION_CONTEXT() REPRESENTATION_CONTEXT('2D SPACE',''
  ) );
#17929 = PCURVE('',#17707,#17930);
#17930 = DEFINITIONAL_REPRESENTATION('',(#17931),#17935);
#17931 = LINE('',#17932,#17933);
#17932 = CARTESIAN_POINT('',(3.552713678801E-16,3.2));
#17933 = VECTOR('',#17934,1.);
#17934 = DIRECTION('',(1.,0.));
#17935 = ( GEOMETRIC_REPRESENTATION_CONTEXT(2) 
PARAMETRIC_REPRESENTATION_CONTEXT() REPRESENTATION_CONTEXT('2D SPACE',''
  ) );
#17936 = ORIENTED_EDGE('',*,*,#17937,.F.);
#17937 = EDGE_CURVE('',#17938,#17915,#17940,.T.);
#17938 = VERTEX_POINT('',#17939);
#17939 = CARTESIAN_POINT('',(18.2,56.5,12.2));
#17940 = SURFACE_CURVE('',#17941,(#17945,#17952),.PCURVE_S1.);
#17941 = LINE('',#17942,#17943);
#17942 = CARTESIAN_POINT('',(18.2,56.5,12.2));
#17943 = VECTOR('',#17944,1.);
#17944 = DIRECTION('',(0.,0.,1.));
#17945 = PCURVE('',#17250,#17946);
#17946 = DEFINITIONAL_REPRESENTATION('',(#17947),#17951);
#17947 = LINE('',#17948,#17949);
#17948 = CARTESIAN_POINT('',(0.,8.4));
#17949 = VECTOR('',#17950,1.);
#17950 = DIRECTION('',(1.,0.));
#17951 = ( GEOMETRIC_REPRESENTATION_CONTEXT(2) 
PARAMETRIC_REPRESENTATION_CONTEXT() REPRESENTATION_CONTEXT('2D SPACE',''
  ) );
#17952 = PCURVE('',#17735,#17953);
#17953 = DEFINITIONAL_REPRESENTATION('',(#17954),#17958);
#17954 = LINE('',#17955,#17956);
#17955 = CARTESIAN_POINT('',(0.,-3.2));
#17956 = VECTOR('',#17957,1.);
#17957 = DIRECTION('',(1.,0.));
#17958 = ( GEOMETRIC_REPRESENTATION_CONTEXT(2) 
PARAMETRIC_REPRESENTATION_CONTEXT() REPRESENTATION_CONTEXT('2D SPACE',''
  ) );
#17959 = ORIENTED_EDGE('',*,*,#17960,.F.);
#17960 = EDGE_CURVE('',#17961,#17938,#17963,.T.);
#17961 = VERTEX_POINT('',#17962);
#17962 = CARTESIAN_POINT('',(18.2,64.9,12.2));
#17963 = SURFACE_CURVE('',#17964,(#17968,#17975),.PCURVE_S1.);
#17964 = LINE('',#17965,#17966);
#17965 = CARTESIAN_POINT('',(18.2,64.9,12.2));
#17966 = VECTOR('',#17967,1.);
#17967 = DIRECTION('',(1.110223024625E-16,-1.,0.));
#17968 = PCURVE('',#17250,#17969);
#17969 = DEFINITIONAL_REPRESENTATION('',(#17970),#17974);
#17970 = LINE('',#17971,#17972);
#17971 = CARTESIAN_POINT('',(0.,0.));
#17972 = VECTOR('',#17973,1.);
#17973 = DIRECTION('',(0.,1.));
#17974 = ( GEOMETRIC_REPRESENTATION_CONTEXT(2) 
PARAMETRIC_REPRESENTATION_CONTEXT() REPRESENTATION_CONTEXT('2D SPACE',''
  ) );
#17975 = PCURVE('',#17763,#17976);
#17976 = DEFINITIONAL_REPRESENTATION('',(#17977),#17981);
#17977 = LINE('',#17978,#17979);
#17978 = CARTESIAN_POINT('',(3.552713678801E-16,3.2));
#17979 = VECTOR('',#17980,1.);
#17980 = DIRECTION('',(1.,0.));
#17981 = ( GEOMETRIC_REPRESENTATION_CONTEXT(2) 
PARAMETRIC_REPRESENTATION_CONTEXT() REPRESENTATION_CONTEXT('2D SPACE',''
  ) );
#17982 = ORIENTED_EDGE('',*,*,#17983,.T.);
#17983 = EDGE_CURVE('',#17961,#17984,#17986,.T.);
#17984 = VERTEX_POINT('',#17985);
#17985 = CARTESIAN_POINT('',(18.2,64.9,14.2));
#17986 = SURFACE_CURVE('',#17987,(#17991,#17998),.PCURVE_S1.);
#17987 = LINE('',#17988,#17989);
#17988 = CARTESIAN_POINT('',(18.2,64.9,12.2));
#17989 = VECTOR('',#17990,1.);
#17990 = DIRECTION('',(0.,0.,1.));
#17991 = PCURVE('',#17250,#17992);
#17992 = DEFINITIONAL_REPRESENTATION('',(#17993),#17997);
#17993 = LINE('',#17994,#17995);
#17994 = CARTESIAN_POINT('',(0.,0.));
#17995 = VECTOR('',#17996,1.);
#17996 = DIRECTION('',(1.,0.));
#17997 = ( GEOMETRIC_REPRESENTATION_CONTEXT(2) 
PARAMETRIC_REPRESENTATION_CONTEXT() REPRESENTATION_CONTEXT('2D SPACE',''
  ) );
#17998 = PCURVE('',#17791,#17999);
#17999 = DEFINITIONAL_REPRESENTATION('',(#18000),#18004);
#18000 = LINE('',#18001,#18002);
#18001 = CARTESIAN_POINT('',(0.,-3.2));
#18002 = VECTOR('',#18003,1.);
#18003 = DIRECTION('',(1.,0.));
#18004 = ( GEOMETRIC_REPRESENTATION_CONTEXT(2) 
PARAMETRIC_REPRESENTATION_CONTEXT() REPRESENTATION_CONTEXT('2D SPACE',''
  ) );
#18005 = ORIENTED_EDGE('',*,*,#18006,.T.);
#18006 = EDGE_CURVE('',#17984,#18007,#18009,.T.);
#18007 = VERTEX_POINT('',#18008);
#18008 = CARTESIAN_POINT('',(18.2,63.1,14.2));
#18009 = SURFACE_CURVE('',#18010,(#18014,#18021),.PCURVE_S1.);
#18010 = LINE('',#18011,#18012);
#18011 = CARTESIAN_POINT('',(18.2,64.9,14.2));
#18012 = VECTOR('',#18013,1.);
#18013 = DIRECTION('',(1.110223024625E-16,-1.,0.));
#18014 = PCURVE('',#17250,#18015);
#18015 = DEFINITIONAL_REPRESENTATION('',(#18016),#18020);
#18016 = LINE('',#18017,#18018);
#18017 = CARTESIAN_POINT('',(2.,0.));
#18018 = VECTOR('',#18019,1.);
#18019 = DIRECTION('',(0.,1.));
#18020 = ( GEOMETRIC_REPRESENTATION_CONTEXT(2) 
PARAMETRIC_REPRESENTATION_CONTEXT() REPRESENTATION_CONTEXT('2D SPACE',''
  ) );
#18021 = PCURVE('',#17819,#18022);
#18022 = DEFINITIONAL_REPRESENTATION('',(#18023),#18027);
#18023 = LINE('',#18024,#18025);
#18024 = CARTESIAN_POINT('',(3.552713678801E-16,3.2));
#18025 = VECTOR('',#18026,1.);
#18026 = DIRECTION('',(1.,0.));
#18027 = ( GEOMETRIC_REPRESENTATION_CONTEXT(2) 
PARAMETRIC_REPRESENTATION_CONTEXT() REPRESENTATION_CONTEXT('2D SPACE',''
  ) );
#18028 = ORIENTED_EDGE('',*,*,#18029,.T.);
#18029 = EDGE_CURVE('',#18007,#18030,#18032,.T.);
#18030 = VERTEX_POINT('',#18031);
#18031 = CARTESIAN_POINT('',(18.2,62.9,14.4));
#18032 = SURFACE_CURVE('',#18033,(#18038,#18049),.PCURVE_S1.);
#18033 = CIRCLE('',#18034,0.2);
#18034 = AXIS2_PLACEMENT_3D('',#18035,#18036,#18037);
#18035 = CARTESIAN_POINT('',(18.2,63.1,14.4));
#18036 = DIRECTION('',(-1.,-1.110223024625E-16,0.));
#18037 = DIRECTION('',(0.,0.,1.));
#18038 = PCURVE('',#17250,#18039);
#18039 = DEFINITIONAL_REPRESENTATION('',(#18040),#18048);
#18040 = ( BOUNDED_CURVE() B_SPLINE_CURVE(2,(#18041,#18042,#18043,#18044
    ,#18045,#18046,#18047),.UNSPECIFIED.,.T.,.F.) 
B_SPLINE_CURVE_WITH_KNOTS((1,2,2,2,2,1),(-2.094395102393,0.,
    2.094395102393,4.188790204786,6.28318530718,8.377580409573),
.UNSPECIFIED.) CURVE() GEOMETRIC_REPRESENTATION_ITEM() 
RATIONAL_B_SPLINE_CURVE((1.,0.5,1.,0.5,1.,0.5,1.)) REPRESENTATION_ITEM(
  '') );
#18041 = CARTESIAN_POINT('',(2.4,1.8));
#18042 = CARTESIAN_POINT('',(2.4,1.453589838486));
#18043 = CARTESIAN_POINT('',(2.1,1.626794919243));
#18044 = CARTESIAN_POINT('',(1.8,1.8));
#18045 = CARTESIAN_POINT('',(2.1,1.973205080757));
#18046 = CARTESIAN_POINT('',(2.4,2.146410161514));
#18047 = CARTESIAN_POINT('',(2.4,1.8));
#18048 = ( GEOMETRIC_REPRESENTATION_CONTEXT(2) 
PARAMETRIC_REPRESENTATION_CONTEXT() REPRESENTATION_CONTEXT('2D SPACE',''
  ) );
#18049 = PCURVE('',#17852,#18050);
#18050 = DEFINITIONAL_REPRESENTATION('',(#18051),#18055);
#18051 = LINE('',#18052,#18053);
#18052 = CARTESIAN_POINT('',(3.14159265359,3.2));
#18053 = VECTOR('',#18054,1.);
#18054 = DIRECTION('',(-1.,0.));
#18055 = ( GEOMETRIC_REPRESENTATION_CONTEXT(2) 
PARAMETRIC_REPRESENTATION_CONTEXT() REPRESENTATION_CONTEXT('2D SPACE',''
  ) );
#18056 = ORIENTED_EDGE('',*,*,#18057,.T.);
#18057 = EDGE_CURVE('',#18030,#17235,#18058,.T.);
#18058 = SURFACE_CURVE('',#18059,(#18063,#18070),.PCURVE_S1.);
#18059 = LINE('',#18060,#18061);
#18060 = CARTESIAN_POINT('',(18.2,62.9,14.2));
#18061 = VECTOR('',#18062,1.);
#18062 = DIRECTION('',(0.,0.,1.));
#18063 = PCURVE('',#17250,#18064);
#18064 = DEFINITIONAL_REPRESENTATION('',(#18065),#18069);
#18065 = LINE('',#18066,#18067);
#18066 = CARTESIAN_POINT('',(2.,2.));
#18067 = VECTOR('',#18068,1.);
#18068 = DIRECTION('',(1.,0.));
#18069 = ( GEOMETRIC_REPRESENTATION_CONTEXT(2) 
PARAMETRIC_REPRESENTATION_CONTEXT() REPRESENTATION_CONTEXT('2D SPACE',''
  ) );
#18070 = PCURVE('',#17313,#18071);
#18071 = DEFINITIONAL_REPRESENTATION('',(#18072),#18076);
#18072 = LINE('',#18073,#18074);
#18073 = CARTESIAN_POINT('',(0.,-3.2));
#18074 = VECTOR('',#18075,1.);
#18075 = DIRECTION('',(1.,0.));
#18076 = ( GEOMETRIC_REPRESENTATION_CONTEXT(2) 
PARAMETRIC_REPRESENTATION_CONTEXT() REPRESENTATION_CONTEXT('2D SPACE',''
  ) );
#18077 = ORIENTED_EDGE('',*,*,#17234,.F.);
#18078 = ADVANCED_FACE('',(#18079),#17313,.F.);
#18079 = FACE_BOUND('',#18080,.F.);
#18080 = EDGE_LOOP('',(#18081,#18082,#18103,#18104));
#18081 = ORIENTED_EDGE('',*,*,#17864,.F.);
#18082 = ORIENTED_EDGE('',*,*,#18083,.T.);
#18083 = EDGE_CURVE('',#17832,#18030,#18084,.T.);
#18084 = SURFACE_CURVE('',#18085,(#18089,#18096),.PCURVE_S1.);
#18085 = LINE('',#18086,#18087);
#18086 = CARTESIAN_POINT('',(15.,62.9,14.4));
#18087 = VECTOR('',#18088,1.);
#18088 = DIRECTION('',(1.,1.110223024625E-16,0.));
#18089 = PCURVE('',#17313,#18090);
#18090 = DEFINITIONAL_REPRESENTATION('',(#18091),#18095);
#18091 = LINE('',#18092,#18093);
#18092 = CARTESIAN_POINT('',(0.2,0.));
#18093 = VECTOR('',#18094,1.);
#18094 = DIRECTION('',(0.,-1.));
#18095 = ( GEOMETRIC_REPRESENTATION_CONTEXT(2) 
PARAMETRIC_REPRESENTATION_CONTEXT() REPRESENTATION_CONTEXT('2D SPACE',''
  ) );
#18096 = PCURVE('',#17852,#18097);
#18097 = DEFINITIONAL_REPRESENTATION('',(#18098),#18102);
#18098 = LINE('',#18099,#18100);
#18099 = CARTESIAN_POINT('',(-1.570796326795,0.));
#18100 = VECTOR('',#18101,1.);
#18101 = DIRECTION('',(-0.,1.));
#18102 = ( GEOMETRIC_REPRESENTATION_CONTEXT(2) 
PARAMETRIC_REPRESENTATION_CONTEXT() REPRESENTATION_CONTEXT('2D SPACE',''
  ) );
#18103 = ORIENTED_EDGE('',*,*,#18057,.T.);
#18104 = ORIENTED_EDGE('',*,*,#17299,.F.);
#18105 = ADVANCED_FACE('',(#18106),#17380,.F.);
#18106 = FACE_BOUND('',#18107,.F.);
#18107 = EDGE_LOOP('',(#18108,#18131,#18159,#18180));
#18108 = ORIENTED_EDGE('',*,*,#18109,.F.);
#18109 = EDGE_CURVE('',#18110,#17365,#18112,.T.);
#18110 = VERTEX_POINT('',#18111);
#18111 = CARTESIAN_POINT('',(15.,12.2,14.4));
#18112 = SURFACE_CURVE('',#18113,(#18117,#18124),.PCURVE_S1.);
#18113 = LINE('',#18114,#18115);
#18114 = CARTESIAN_POINT('',(15.,12.2,14.2));
#18115 = VECTOR('',#18116,1.);
#18116 = DIRECTION('',(0.,0.,1.));
#18117 = PCURVE('',#17380,#18118);
#18118 = DEFINITIONAL_REPRESENTATION('',(#18119),#18123);
#18119 = LINE('',#18120,#18121);
#18120 = CARTESIAN_POINT('',(0.,0.));
#18121 = VECTOR('',#18122,1.);
#18122 = DIRECTION('',(1.,0.));
#18123 = ( GEOMETRIC_REPRESENTATION_CONTEXT(2) 
PARAMETRIC_REPRESENTATION_CONTEXT() REPRESENTATION_CONTEXT('2D SPACE',''
  ) );
#18124 = PCURVE('',#17510,#18125);
#18125 = DEFINITIONAL_REPRESENTATION('',(#18126),#18130);
#18126 = LINE('',#18127,#18128);
#18127 = CARTESIAN_POINT('',(2.,2.));
#18128 = VECTOR('',#18129,1.);
#18129 = DIRECTION('',(1.,0.));
#18130 = ( GEOMETRIC_REPRESENTATION_CONTEXT(2) 
PARAMETRIC_REPRESENTATION_CONTEXT() REPRESENTATION_CONTEXT('2D SPACE',''
  ) );
#18131 = ORIENTED_EDGE('',*,*,#18132,.T.);
#18132 = EDGE_CURVE('',#18110,#18133,#18135,.T.);
#18133 = VERTEX_POINT('',#18134);
#18134 = CARTESIAN_POINT('',(18.2,12.2,14.4));
#18135 = SURFACE_CURVE('',#18136,(#18140,#18147),.PCURVE_S1.);
#18136 = LINE('',#18137,#18138);
#18137 = CARTESIAN_POINT('',(15.,12.2,14.4));
#18138 = VECTOR('',#18139,1.);
#18139 = DIRECTION('',(1.,1.110223024625E-16,0.));
#18140 = PCURVE('',#17380,#18141);
#18141 = DEFINITIONAL_REPRESENTATION('',(#18142),#18146);
#18142 = LINE('',#18143,#18144);
#18143 = CARTESIAN_POINT('',(0.2,0.));
#18144 = VECTOR('',#18145,1.);
#18145 = DIRECTION('',(0.,-1.));
#18146 = ( GEOMETRIC_REPRESENTATION_CONTEXT(2) 
PARAMETRIC_REPRESENTATION_CONTEXT() REPRESENTATION_CONTEXT('2D SPACE',''
  ) );
#18147 = PCURVE('',#18148,#18153);
#18148 = CYLINDRICAL_SURFACE('',#18149,0.2);
#18149 = AXIS2_PLACEMENT_3D('',#18150,#18151,#18152);
#18150 = CARTESIAN_POINT('',(15.,12.4,14.4));
#18151 = DIRECTION('',(1.,1.110223024625E-16,0.));
#18152 = DIRECTION('',(0.,0.,-1.));
#18153 = DEFINITIONAL_REPRESENTATION('',(#18154),#18158);
#18154 = LINE('',#18155,#18156);
#18155 = CARTESIAN_POINT('',(-1.570796326795,0.));
#18156 = VECTOR('',#18157,1.);
#18157 = DIRECTION('',(-0.,1.));
#18158 = ( GEOMETRIC_REPRESENTATION_CONTEXT(2) 
PARAMETRIC_REPRESENTATION_CONTEXT() REPRESENTATION_CONTEXT('2D SPACE',''
  ) );
#18159 = ORIENTED_EDGE('',*,*,#18160,.T.);
#18160 = EDGE_CURVE('',#18133,#17331,#18161,.T.);
#18161 = SURFACE_CURVE('',#18162,(#18166,#18173),.PCURVE_S1.);
#18162 = LINE('',#18163,#18164);
#18163 = CARTESIAN_POINT('',(18.2,12.2,14.2));
#18164 = VECTOR('',#18165,1.);
#18165 = DIRECTION('',(0.,0.,1.));
#18166 = PCURVE('',#17380,#18167);
#18167 = DEFINITIONAL_REPRESENTATION('',(#18168),#18172);
#18168 = LINE('',#18169,#18170);
#18169 = CARTESIAN_POINT('',(0.,-3.2));
#18170 = VECTOR('',#18171,1.);
#18171 = DIRECTION('',(1.,0.));
#18172 = ( GEOMETRIC_REPRESENTATION_CONTEXT(2) 
PARAMETRIC_REPRESENTATION_CONTEXT() REPRESENTATION_CONTEXT('2D SPACE',''
  ) );
#18173 = PCURVE('',#17445,#18174);
#18174 = DEFINITIONAL_REPRESENTATION('',(#18175),#18179);
#18175 = LINE('',#18176,#18177);
#18176 = CARTESIAN_POINT('',(2.,2.));
#18177 = VECTOR('',#18178,1.);
#18178 = DIRECTION('',(1.,0.));
#18179 = ( GEOMETRIC_REPRESENTATION_CONTEXT(2) 
PARAMETRIC_REPRESENTATION_CONTEXT() REPRESENTATION_CONTEXT('2D SPACE',''
  ) );
#18180 = ORIENTED_EDGE('',*,*,#17364,.T.);
#18181 = ADVANCED_FACE('',(#18182),#17445,.T.);
#18182 = FACE_BOUND('',#18183,.T.);
#18183 = EDGE_LOOP('',(#18184,#18207,#18236,#18264,#18292,#18320,#18348,
    #18376,#18402,#18403));
#18184 = ORIENTED_EDGE('',*,*,#18185,.F.);
#18185 = EDGE_CURVE('',#18186,#17430,#18188,.T.);
#18186 = VERTEX_POINT('',#18187);
#18187 = CARTESIAN_POINT('',(18.2,7.8,14.4));
#18188 = SURFACE_CURVE('',#18189,(#18193,#18200),.PCURVE_S1.);
#18189 = LINE('',#18190,#18191);
#18190 = CARTESIAN_POINT('',(18.2,7.8,14.2));
#18191 = VECTOR('',#18192,1.);
#18192 = DIRECTION('',(0.,0.,1.));
#18193 = PCURVE('',#17445,#18194);
#18194 = DEFINITIONAL_REPRESENTATION('',(#18195),#18199);
#18195 = LINE('',#18196,#18197);
#18196 = CARTESIAN_POINT('',(2.,6.4));
#18197 = VECTOR('',#18198,1.);
#18198 = DIRECTION('',(1.,0.));
#18199 = ( GEOMETRIC_REPRESENTATION_CONTEXT(2) 
PARAMETRIC_REPRESENTATION_CONTEXT() REPRESENTATION_CONTEXT('2D SPACE',''
  ) );
#18200 = PCURVE('',#17573,#18201);
#18201 = DEFINITIONAL_REPRESENTATION('',(#18202),#18206);
#18202 = LINE('',#18203,#18204);
#18203 = CARTESIAN_POINT('',(0.,-3.2));
#18204 = VECTOR('',#18205,1.);
#18205 = DIRECTION('',(1.,0.));
#18206 = ( GEOMETRIC_REPRESENTATION_CONTEXT(2) 
PARAMETRIC_REPRESENTATION_CONTEXT() REPRESENTATION_CONTEXT('2D SPACE',''
  ) );
#18207 = ORIENTED_EDGE('',*,*,#18208,.F.);
#18208 = EDGE_CURVE('',#18209,#18186,#18211,.T.);
#18209 = VERTEX_POINT('',#18210);
#18210 = CARTESIAN_POINT('',(18.2,7.6,14.2));
#18211 = SURFACE_CURVE('',#18212,(#18217,#18224),.PCURVE_S1.);
#18212 = CIRCLE('',#18213,0.2);
#18213 = AXIS2_PLACEMENT_3D('',#18214,#18215,#18216);
#18214 = CARTESIAN_POINT('',(18.2,7.6,14.4));
#18215 = DIRECTION('',(1.,1.110223024625E-16,-0.));
#18216 = DIRECTION('',(0.,0.,1.));
#18217 = PCURVE('',#17445,#18218);
#18218 = DEFINITIONAL_REPRESENTATION('',(#18219),#18223);
#18219 = CIRCLE('',#18220,0.2);
#18220 = AXIS2_PLACEMENT_2D('',#18221,#18222);
#18221 = CARTESIAN_POINT('',(2.2,6.6));
#18222 = DIRECTION('',(1.,0.));
#18223 = ( GEOMETRIC_REPRESENTATION_CONTEXT(2) 
PARAMETRIC_REPRESENTATION_CONTEXT() REPRESENTATION_CONTEXT('2D SPACE',''
  ) );
#18224 = PCURVE('',#18225,#18230);
#18225 = CYLINDRICAL_SURFACE('',#18226,0.2);
#18226 = AXIS2_PLACEMENT_3D('',#18227,#18228,#18229);
#18227 = CARTESIAN_POINT('',(15.,7.6,14.4));
#18228 = DIRECTION('',(1.,1.110223024625E-16,0.));
#18229 = DIRECTION('',(0.,0.,-1.));
#18230 = DEFINITIONAL_REPRESENTATION('',(#18231),#18235);
#18231 = LINE('',#18232,#18233);
#18232 = CARTESIAN_POINT('',(-3.14159265359,3.2));
#18233 = VECTOR('',#18234,1.);
#18234 = DIRECTION('',(1.,0.));
#18235 = ( GEOMETRIC_REPRESENTATION_CONTEXT(2) 
PARAMETRIC_REPRESENTATION_CONTEXT() REPRESENTATION_CONTEXT('2D SPACE',''
  ) );
#18236 = ORIENTED_EDGE('',*,*,#18237,.T.);
#18237 = EDGE_CURVE('',#18209,#18238,#18240,.T.);
#18238 = VERTEX_POINT('',#18239);
#18239 = CARTESIAN_POINT('',(18.2,5.8,14.2));
#18240 = SURFACE_CURVE('',#18241,(#18245,#18252),.PCURVE_S1.);
#18241 = LINE('',#18242,#18243);
#18242 = CARTESIAN_POINT('',(18.2,14.2,14.2));
#18243 = VECTOR('',#18244,1.);
#18244 = DIRECTION('',(1.110223024625E-16,-1.,0.));
#18245 = PCURVE('',#17445,#18246);
#18246 = DEFINITIONAL_REPRESENTATION('',(#18247),#18251);
#18247 = LINE('',#18248,#18249);
#18248 = CARTESIAN_POINT('',(2.,0.));
#18249 = VECTOR('',#18250,1.);
#18250 = DIRECTION('',(0.,1.));
#18251 = ( GEOMETRIC_REPRESENTATION_CONTEXT(2) 
PARAMETRIC_REPRESENTATION_CONTEXT() REPRESENTATION_CONTEXT('2D SPACE',''
  ) );
#18252 = PCURVE('',#18253,#18258);
#18253 = PLANE('',#18254);
#18254 = AXIS2_PLACEMENT_3D('',#18255,#18256,#18257);
#18255 = CARTESIAN_POINT('',(15.,14.2,14.2));
#18256 = DIRECTION('',(0.,0.,1.));
#18257 = DIRECTION('',(1.110223024625E-16,-1.,0.));
#18258 = DEFINITIONAL_REPRESENTATION('',(#18259),#18263);
#18259 = LINE('',#18260,#18261);
#18260 = CARTESIAN_POINT('',(3.552713678801E-16,3.2));
#18261 = VECTOR('',#18262,1.);
#18262 = DIRECTION('',(1.,0.));
#18263 = ( GEOMETRIC_REPRESENTATION_CONTEXT(2) 
PARAMETRIC_REPRESENTATION_CONTEXT() REPRESENTATION_CONTEXT('2D SPACE',''
  ) );
#18264 = ORIENTED_EDGE('',*,*,#18265,.F.);
#18265 = EDGE_CURVE('',#18266,#18238,#18268,.T.);
#18266 = VERTEX_POINT('',#18267);
#18267 = CARTESIAN_POINT('',(18.2,5.8,12.2));
#18268 = SURFACE_CURVE('',#18269,(#18273,#18280),.PCURVE_S1.);
#18269 = LINE('',#18270,#18271);
#18270 = CARTESIAN_POINT('',(18.2,5.8,12.2));
#18271 = VECTOR('',#18272,1.);
#18272 = DIRECTION('',(0.,0.,1.));
#18273 = PCURVE('',#17445,#18274);
#18274 = DEFINITIONAL_REPRESENTATION('',(#18275),#18279);
#18275 = LINE('',#18276,#18277);
#18276 = CARTESIAN_POINT('',(0.,8.4));
#18277 = VECTOR('',#18278,1.);
#18278 = DIRECTION('',(1.,0.));
#18279 = ( GEOMETRIC_REPRESENTATION_CONTEXT(2) 
PARAMETRIC_REPRESENTATION_CONTEXT() REPRESENTATION_CONTEXT('2D SPACE',''
  ) );
#18280 = PCURVE('',#18281,#18286);
#18281 = PLANE('',#18282);
#18282 = AXIS2_PLACEMENT_3D('',#18283,#18284,#18285);
#18283 = CARTESIAN_POINT('',(15.,5.8,12.2));
#18284 = DIRECTION('',(1.110223024625E-16,-1.,0.));
#18285 = DIRECTION('',(0.,0.,1.));
#18286 = DEFINITIONAL_REPRESENTATION('',(#18287),#18291);
#18287 = LINE('',#18288,#18289);
#18288 = CARTESIAN_POINT('',(0.,-3.2));
#18289 = VECTOR('',#18290,1.);
#18290 = DIRECTION('',(1.,0.));
#18291 = ( GEOMETRIC_REPRESENTATION_CONTEXT(2) 
PARAMETRIC_REPRESENTATION_CONTEXT() REPRESENTATION_CONTEXT('2D SPACE',''
  ) );
#18292 = ORIENTED_EDGE('',*,*,#18293,.F.);
#18293 = EDGE_CURVE('',#18294,#18266,#18296,.T.);
#18294 = VERTEX_POINT('',#18295);
#18295 = CARTESIAN_POINT('',(18.2,14.2,12.2));
#18296 = SURFACE_CURVE('',#18297,(#18301,#18308),.PCURVE_S1.);
#18297 = LINE('',#18298,#18299);
#18298 = CARTESIAN_POINT('',(18.2,14.2,12.2));
#18299 = VECTOR('',#18300,1.);
#18300 = DIRECTION('',(1.110223024625E-16,-1.,0.));
#18301 = PCURVE('',#17445,#18302);
#18302 = DEFINITIONAL_REPRESENTATION('',(#18303),#18307);
#18303 = LINE('',#18304,#18305);
#18304 = CARTESIAN_POINT('',(0.,0.));
#18305 = VECTOR('',#18306,1.);
#18306 = DIRECTION('',(0.,1.));
#18307 = ( GEOMETRIC_REPRESENTATION_CONTEXT(2) 
PARAMETRIC_REPRESENTATION_CONTEXT() REPRESENTATION_CONTEXT('2D SPACE',''
  ) );
#18308 = PCURVE('',#18309,#18314);
#18309 = PLANE('',#18310);
#18310 = AXIS2_PLACEMENT_3D('',#18311,#18312,#18313);
#18311 = CARTESIAN_POINT('',(15.,14.2,12.2));
#18312 = DIRECTION('',(0.,0.,1.));
#18313 = DIRECTION('',(1.110223024625E-16,-1.,0.));
#18314 = DEFINITIONAL_REPRESENTATION('',(#18315),#18319);
#18315 = LINE('',#18316,#18317);
#18316 = CARTESIAN_POINT('',(3.552713678801E-16,3.2));
#18317 = VECTOR('',#18318,1.);
#18318 = DIRECTION('',(1.,0.));
#18319 = ( GEOMETRIC_REPRESENTATION_CONTEXT(2) 
PARAMETRIC_REPRESENTATION_CONTEXT() REPRESENTATION_CONTEXT('2D SPACE',''
  ) );
#18320 = ORIENTED_EDGE('',*,*,#18321,.T.);
#18321 = EDGE_CURVE('',#18294,#18322,#18324,.T.);
#18322 = VERTEX_POINT('',#18323);
#18323 = CARTESIAN_POINT('',(18.2,14.2,14.2));
#18324 = SURFACE_CURVE('',#18325,(#18329,#18336),.PCURVE_S1.);
#18325 = LINE('',#18326,#18327);
#18326 = CARTESIAN_POINT('',(18.2,14.2,12.2));
#18327 = VECTOR('',#18328,1.);
#18328 = DIRECTION('',(0.,0.,1.));
#18329 = PCURVE('',#17445,#18330);
#18330 = DEFINITIONAL_REPRESENTATION('',(#18331),#18335);
#18331 = LINE('',#18332,#18333);
#18332 = CARTESIAN_POINT('',(0.,0.));
#18333 = VECTOR('',#18334,1.);
#18334 = DIRECTION('',(1.,0.));
#18335 = ( GEOMETRIC_REPRESENTATION_CONTEXT(2) 
PARAMETRIC_REPRESENTATION_CONTEXT() REPRESENTATION_CONTEXT('2D SPACE',''
  ) );
#18336 = PCURVE('',#18337,#18342);
#18337 = PLANE('',#18338);
#18338 = AXIS2_PLACEMENT_3D('',#18339,#18340,#18341);
#18339 = CARTESIAN_POINT('',(15.,14.2,12.2));
#18340 = DIRECTION('',(1.110223024625E-16,-1.,0.));
#18341 = DIRECTION('',(0.,0.,1.));
#18342 = DEFINITIONAL_REPRESENTATION('',(#18343),#18347);
#18343 = LINE('',#18344,#18345);
#18344 = CARTESIAN_POINT('',(0.,-3.2));
#18345 = VECTOR('',#18346,1.);
#18346 = DIRECTION('',(1.,0.));
#18347 = ( GEOMETRIC_REPRESENTATION_CONTEXT(2) 
PARAMETRIC_REPRESENTATION_CONTEXT() REPRESENTATION_CONTEXT('2D SPACE',''
  ) );
#18348 = ORIENTED_EDGE('',*,*,#18349,.T.);
#18349 = EDGE_CURVE('',#18322,#18350,#18352,.T.);
#18350 = VERTEX_POINT('',#18351);
#18351 = CARTESIAN_POINT('',(18.2,12.4,14.2));
#18352 = SURFACE_CURVE('',#18353,(#18357,#18364),.PCURVE_S1.);
#18353 = LINE('',#18354,#18355);
#18354 = CARTESIAN_POINT('',(18.2,14.2,14.2));
#18355 = VECTOR('',#18356,1.);
#18356 = DIRECTION('',(1.110223024625E-16,-1.,0.));
#18357 = PCURVE('',#17445,#18358);
#18358 = DEFINITIONAL_REPRESENTATION('',(#18359),#18363);
#18359 = LINE('',#18360,#18361);
#18360 = CARTESIAN_POINT('',(2.,0.));
#18361 = VECTOR('',#18362,1.);
#18362 = DIRECTION('',(0.,1.));
#18363 = ( GEOMETRIC_REPRESENTATION_CONTEXT(2) 
PARAMETRIC_REPRESENTATION_CONTEXT() REPRESENTATION_CONTEXT('2D SPACE',''
  ) );
#18364 = PCURVE('',#18365,#18370);
#18365 = PLANE('',#18366);
#18366 = AXIS2_PLACEMENT_3D('',#18367,#18368,#18369);
#18367 = CARTESIAN_POINT('',(15.,14.2,14.2));
#18368 = DIRECTION('',(0.,0.,1.));
#18369 = DIRECTION('',(1.110223024625E-16,-1.,0.));
#18370 = DEFINITIONAL_REPRESENTATION('',(#18371),#18375);
#18371 = LINE('',#18372,#18373);
#18372 = CARTESIAN_POINT('',(3.552713678801E-16,3.2));
#18373 = VECTOR('',#18374,1.);
#18374 = DIRECTION('',(1.,0.));
#18375 = ( GEOMETRIC_REPRESENTATION_CONTEXT(2) 
PARAMETRIC_REPRESENTATION_CONTEXT() REPRESENTATION_CONTEXT('2D SPACE',''
  ) );
#18376 = ORIENTED_EDGE('',*,*,#18377,.T.);
#18377 = EDGE_CURVE('',#18350,#18133,#18378,.T.);
#18378 = SURFACE_CURVE('',#18379,(#18384,#18395),.PCURVE_S1.);
#18379 = CIRCLE('',#18380,0.2);
#18380 = AXIS2_PLACEMENT_3D('',#18381,#18382,#18383);
#18381 = CARTESIAN_POINT('',(18.2,12.4,14.4));
#18382 = DIRECTION('',(-1.,-1.110223024625E-16,0.));
#18383 = DIRECTION('',(0.,0.,1.));
#18384 = PCURVE('',#17445,#18385);
#18385 = DEFINITIONAL_REPRESENTATION('',(#18386),#18394);
#18386 = ( BOUNDED_CURVE() B_SPLINE_CURVE(2,(#18387,#18388,#18389,#18390
    ,#18391,#18392,#18393),.UNSPECIFIED.,.T.,.F.) 
B_SPLINE_CURVE_WITH_KNOTS((1,2,2,2,2,1),(-2.094395102393,0.,
    2.094395102393,4.188790204786,6.28318530718,8.377580409573),
.UNSPECIFIED.) CURVE() GEOMETRIC_REPRESENTATION_ITEM() 
RATIONAL_B_SPLINE_CURVE((1.,0.5,1.,0.5,1.,0.5,1.)) REPRESENTATION_ITEM(
  '') );
#18387 = CARTESIAN_POINT('',(2.4,1.8));
#18388 = CARTESIAN_POINT('',(2.4,1.453589838486));
#18389 = CARTESIAN_POINT('',(2.1,1.626794919243));
#18390 = CARTESIAN_POINT('',(1.8,1.8));
#18391 = CARTESIAN_POINT('',(2.1,1.973205080757));
#18392 = CARTESIAN_POINT('',(2.4,2.146410161514));
#18393 = CARTESIAN_POINT('',(2.4,1.8));
#18394 = ( GEOMETRIC_REPRESENTATION_CONTEXT(2) 
PARAMETRIC_REPRESENTATION_CONTEXT() REPRESENTATION_CONTEXT('2D SPACE',''
  ) );
#18395 = PCURVE('',#18148,#18396);
#18396 = DEFINITIONAL_REPRESENTATION('',(#18397),#18401);
#18397 = LINE('',#18398,#18399);
#18398 = CARTESIAN_POINT('',(3.14159265359,3.2));
#18399 = VECTOR('',#18400,1.);
#18400 = DIRECTION('',(-1.,0.));
#18401 = ( GEOMETRIC_REPRESENTATION_CONTEXT(2) 
PARAMETRIC_REPRESENTATION_CONTEXT() REPRESENTATION_CONTEXT('2D SPACE',''
  ) );
#18402 = ORIENTED_EDGE('',*,*,#18160,.T.);
#18403 = ORIENTED_EDGE('',*,*,#17429,.T.);
#18404 = ADVANCED_FACE('',(#18405),#17510,.F.);
#18405 = FACE_BOUND('',#18406,.F.);
#18406 = EDGE_LOOP('',(#18407,#18430,#18454,#18477,#18500,#18523,#18546,
    #18569,#18595,#18596));
#18407 = ORIENTED_EDGE('',*,*,#18408,.F.);
#18408 = EDGE_CURVE('',#18409,#17495,#18411,.T.);
#18409 = VERTEX_POINT('',#18410);
#18410 = CARTESIAN_POINT('',(15.,7.8,14.4));
#18411 = SURFACE_CURVE('',#18412,(#18416,#18423),.PCURVE_S1.);
#18412 = LINE('',#18413,#18414);
#18413 = CARTESIAN_POINT('',(15.,7.8,14.2));
#18414 = VECTOR('',#18415,1.);
#18415 = DIRECTION('',(0.,0.,1.));
#18416 = PCURVE('',#17510,#18417);
#18417 = DEFINITIONAL_REPRESENTATION('',(#18418),#18422);
#18418 = LINE('',#18419,#18420);
#18419 = CARTESIAN_POINT('',(2.,6.4));
#18420 = VECTOR('',#18421,1.);
#18421 = DIRECTION('',(1.,0.));
#18422 = ( GEOMETRIC_REPRESENTATION_CONTEXT(2) 
PARAMETRIC_REPRESENTATION_CONTEXT() REPRESENTATION_CONTEXT('2D SPACE',''
  ) );
#18423 = PCURVE('',#17573,#18424);
#18424 = DEFINITIONAL_REPRESENTATION('',(#18425),#18429);
#18425 = LINE('',#18426,#18427);
#18426 = CARTESIAN_POINT('',(0.,0.));
#18427 = VECTOR('',#18428,1.);
#18428 = DIRECTION('',(1.,0.));
#18429 = ( GEOMETRIC_REPRESENTATION_CONTEXT(2) 
PARAMETRIC_REPRESENTATION_CONTEXT() REPRESENTATION_CONTEXT('2D SPACE',''
  ) );
#18430 = ORIENTED_EDGE('',*,*,#18431,.F.);
#18431 = EDGE_CURVE('',#18432,#18409,#18434,.T.);
#18432 = VERTEX_POINT('',#18433);
#18433 = CARTESIAN_POINT('',(15.,7.6,14.2));
#18434 = SURFACE_CURVE('',#18435,(#18440,#18447),.PCURVE_S1.);
#18435 = CIRCLE('',#18436,0.2);
#18436 = AXIS2_PLACEMENT_3D('',#18437,#18438,#18439);
#18437 = CARTESIAN_POINT('',(15.,7.6,14.4));
#18438 = DIRECTION('',(1.,1.110223024625E-16,-0.));
#18439 = DIRECTION('',(0.,0.,1.));
#18440 = PCURVE('',#17510,#18441);
#18441 = DEFINITIONAL_REPRESENTATION('',(#18442),#18446);
#18442 = CIRCLE('',#18443,0.2);
#18443 = AXIS2_PLACEMENT_2D('',#18444,#18445);
#18444 = CARTESIAN_POINT('',(2.2,6.6));
#18445 = DIRECTION('',(1.,0.));
#18446 = ( GEOMETRIC_REPRESENTATION_CONTEXT(2) 
PARAMETRIC_REPRESENTATION_CONTEXT() REPRESENTATION_CONTEXT('2D SPACE',''
  ) );
#18447 = PCURVE('',#18225,#18448);
#18448 = DEFINITIONAL_REPRESENTATION('',(#18449),#18453);
#18449 = LINE('',#18450,#18451);
#18450 = CARTESIAN_POINT('',(-3.14159265359,0.));
#18451 = VECTOR('',#18452,1.);
#18452 = DIRECTION('',(1.,0.));
#18453 = ( GEOMETRIC_REPRESENTATION_CONTEXT(2) 
PARAMETRIC_REPRESENTATION_CONTEXT() REPRESENTATION_CONTEXT('2D SPACE',''
  ) );
#18454 = ORIENTED_EDGE('',*,*,#18455,.T.);
#18455 = EDGE_CURVE('',#18432,#18456,#18458,.T.);
#18456 = VERTEX_POINT('',#18457);
#18457 = CARTESIAN_POINT('',(15.,5.8,14.2));
#18458 = SURFACE_CURVE('',#18459,(#18463,#18470),.PCURVE_S1.);
#18459 = LINE('',#18460,#18461);
#18460 = CARTESIAN_POINT('',(15.,14.2,14.2));
#18461 = VECTOR('',#18462,1.);
#18462 = DIRECTION('',(1.110223024625E-16,-1.,0.));
#18463 = PCURVE('',#17510,#18464);
#18464 = DEFINITIONAL_REPRESENTATION('',(#18465),#18469);
#18465 = LINE('',#18466,#18467);
#18466 = CARTESIAN_POINT('',(2.,0.));
#18467 = VECTOR('',#18468,1.);
#18468 = DIRECTION('',(0.,1.));
#18469 = ( GEOMETRIC_REPRESENTATION_CONTEXT(2) 
PARAMETRIC_REPRESENTATION_CONTEXT() REPRESENTATION_CONTEXT('2D SPACE',''
  ) );
#18470 = PCURVE('',#18253,#18471);
#18471 = DEFINITIONAL_REPRESENTATION('',(#18472),#18476);
#18472 = LINE('',#18473,#18474);
#18473 = CARTESIAN_POINT('',(0.,0.));
#18474 = VECTOR('',#18475,1.);
#18475 = DIRECTION('',(1.,0.));
#18476 = ( GEOMETRIC_REPRESENTATION_CONTEXT(2) 
PARAMETRIC_REPRESENTATION_CONTEXT() REPRESENTATION_CONTEXT('2D SPACE',''
  ) );
#18477 = ORIENTED_EDGE('',*,*,#18478,.F.);
#18478 = EDGE_CURVE('',#18479,#18456,#18481,.T.);
#18479 = VERTEX_POINT('',#18480);
#18480 = CARTESIAN_POINT('',(15.,5.8,12.2));
#18481 = SURFACE_CURVE('',#18482,(#18486,#18493),.PCURVE_S1.);
#18482 = LINE('',#18483,#18484);
#18483 = CARTESIAN_POINT('',(15.,5.8,12.2));
#18484 = VECTOR('',#18485,1.);
#18485 = DIRECTION('',(0.,0.,1.));
#18486 = PCURVE('',#17510,#18487);
#18487 = DEFINITIONAL_REPRESENTATION('',(#18488),#18492);
#18488 = LINE('',#18489,#18490);
#18489 = CARTESIAN_POINT('',(0.,8.4));
#18490 = VECTOR('',#18491,1.);
#18491 = DIRECTION('',(1.,0.));
#18492 = ( GEOMETRIC_REPRESENTATION_CONTEXT(2) 
PARAMETRIC_REPRESENTATION_CONTEXT() REPRESENTATION_CONTEXT('2D SPACE',''
  ) );
#18493 = PCURVE('',#18281,#18494);
#18494 = DEFINITIONAL_REPRESENTATION('',(#18495),#18499);
#18495 = LINE('',#18496,#18497);
#18496 = CARTESIAN_POINT('',(0.,0.));
#18497 = VECTOR('',#18498,1.);
#18498 = DIRECTION('',(1.,0.));
#18499 = ( GEOMETRIC_REPRESENTATION_CONTEXT(2) 
PARAMETRIC_REPRESENTATION_CONTEXT() REPRESENTATION_CONTEXT('2D SPACE',''
  ) );
#18500 = ORIENTED_EDGE('',*,*,#18501,.F.);
#18501 = EDGE_CURVE('',#18502,#18479,#18504,.T.);
#18502 = VERTEX_POINT('',#18503);
#18503 = CARTESIAN_POINT('',(15.,14.2,12.2));
#18504 = SURFACE_CURVE('',#18505,(#18509,#18516),.PCURVE_S1.);
#18505 = LINE('',#18506,#18507);
#18506 = CARTESIAN_POINT('',(15.,14.2,12.2));
#18507 = VECTOR('',#18508,1.);
#18508 = DIRECTION('',(1.110223024625E-16,-1.,0.));
#18509 = PCURVE('',#17510,#18510);
#18510 = DEFINITIONAL_REPRESENTATION('',(#18511),#18515);
#18511 = LINE('',#18512,#18513);
#18512 = CARTESIAN_POINT('',(0.,0.));
#18513 = VECTOR('',#18514,1.);
#18514 = DIRECTION('',(0.,1.));
#18515 = ( GEOMETRIC_REPRESENTATION_CONTEXT(2) 
PARAMETRIC_REPRESENTATION_CONTEXT() REPRESENTATION_CONTEXT('2D SPACE',''
  ) );
#18516 = PCURVE('',#18309,#18517);
#18517 = DEFINITIONAL_REPRESENTATION('',(#18518),#18522);
#18518 = LINE('',#18519,#18520);
#18519 = CARTESIAN_POINT('',(0.,0.));
#18520 = VECTOR('',#18521,1.);
#18521 = DIRECTION('',(1.,0.));
#18522 = ( GEOMETRIC_REPRESENTATION_CONTEXT(2) 
PARAMETRIC_REPRESENTATION_CONTEXT() REPRESENTATION_CONTEXT('2D SPACE',''
  ) );
#18523 = ORIENTED_EDGE('',*,*,#18524,.T.);
#18524 = EDGE_CURVE('',#18502,#18525,#18527,.T.);
#18525 = VERTEX_POINT('',#18526);
#18526 = CARTESIAN_POINT('',(15.,14.2,14.2));
#18527 = SURFACE_CURVE('',#18528,(#18532,#18539),.PCURVE_S1.);
#18528 = LINE('',#18529,#18530);
#18529 = CARTESIAN_POINT('',(15.,14.2,12.2));
#18530 = VECTOR('',#18531,1.);
#18531 = DIRECTION('',(0.,0.,1.));
#18532 = PCURVE('',#17510,#18533);
#18533 = DEFINITIONAL_REPRESENTATION('',(#18534),#18538);
#18534 = LINE('',#18535,#18536);
#18535 = CARTESIAN_POINT('',(0.,0.));
#18536 = VECTOR('',#18537,1.);
#18537 = DIRECTION('',(1.,0.));
#18538 = ( GEOMETRIC_REPRESENTATION_CONTEXT(2) 
PARAMETRIC_REPRESENTATION_CONTEXT() REPRESENTATION_CONTEXT('2D SPACE',''
  ) );
#18539 = PCURVE('',#18337,#18540);
#18540 = DEFINITIONAL_REPRESENTATION('',(#18541),#18545);
#18541 = LINE('',#18542,#18543);
#18542 = CARTESIAN_POINT('',(0.,0.));
#18543 = VECTOR('',#18544,1.);
#18544 = DIRECTION('',(1.,0.));
#18545 = ( GEOMETRIC_REPRESENTATION_CONTEXT(2) 
PARAMETRIC_REPRESENTATION_CONTEXT() REPRESENTATION_CONTEXT('2D SPACE',''
  ) );
#18546 = ORIENTED_EDGE('',*,*,#18547,.T.);
#18547 = EDGE_CURVE('',#18525,#18548,#18550,.T.);
#18548 = VERTEX_POINT('',#18549);
#18549 = CARTESIAN_POINT('',(15.,12.4,14.2));
#18550 = SURFACE_CURVE('',#18551,(#18555,#18562),.PCURVE_S1.);
#18551 = LINE('',#18552,#18553);
#18552 = CARTESIAN_POINT('',(15.,14.2,14.2));
#18553 = VECTOR('',#18554,1.);
#18554 = DIRECTION('',(1.110223024625E-16,-1.,0.));
#18555 = PCURVE('',#17510,#18556);
#18556 = DEFINITIONAL_REPRESENTATION('',(#18557),#18561);
#18557 = LINE('',#18558,#18559);
#18558 = CARTESIAN_POINT('',(2.,0.));
#18559 = VECTOR('',#18560,1.);
#18560 = DIRECTION('',(0.,1.));
#18561 = ( GEOMETRIC_REPRESENTATION_CONTEXT(2) 
PARAMETRIC_REPRESENTATION_CONTEXT() REPRESENTATION_CONTEXT('2D SPACE',''
  ) );
#18562 = PCURVE('',#18365,#18563);
#18563 = DEFINITIONAL_REPRESENTATION('',(#18564),#18568);
#18564 = LINE('',#18565,#18566);
#18565 = CARTESIAN_POINT('',(0.,0.));
#18566 = VECTOR('',#18567,1.);
#18567 = DIRECTION('',(1.,0.));
#18568 = ( GEOMETRIC_REPRESENTATION_CONTEXT(2) 
PARAMETRIC_REPRESENTATION_CONTEXT() REPRESENTATION_CONTEXT('2D SPACE',''
  ) );
#18569 = ORIENTED_EDGE('',*,*,#18570,.T.);
#18570 = EDGE_CURVE('',#18548,#18110,#18571,.T.);
#18571 = SURFACE_CURVE('',#18572,(#18577,#18588),.PCURVE_S1.);
#18572 = CIRCLE('',#18573,0.2);
#18573 = AXIS2_PLACEMENT_3D('',#18574,#18575,#18576);
#18574 = CARTESIAN_POINT('',(15.,12.4,14.4));
#18575 = DIRECTION('',(-1.,-1.110223024625E-16,0.));
#18576 = DIRECTION('',(0.,0.,1.));
#18577 = PCURVE('',#17510,#18578);
#18578 = DEFINITIONAL_REPRESENTATION('',(#18579),#18587);
#18579 = ( BOUNDED_CURVE() B_SPLINE_CURVE(2,(#18580,#18581,#18582,#18583
    ,#18584,#18585,#18586),.UNSPECIFIED.,.T.,.F.) 
B_SPLINE_CURVE_WITH_KNOTS((1,2,2,2,2,1),(-2.094395102393,0.,
    2.094395102393,4.188790204786,6.28318530718,8.377580409573),
.UNSPECIFIED.) CURVE() GEOMETRIC_REPRESENTATION_ITEM() 
RATIONAL_B_SPLINE_CURVE((1.,0.5,1.,0.5,1.,0.5,1.)) REPRESENTATION_ITEM(
  '') );
#18580 = CARTESIAN_POINT('',(2.4,1.8));
#18581 = CARTESIAN_POINT('',(2.4,1.453589838486));
#18582 = CARTESIAN_POINT('',(2.1,1.626794919243));
#18583 = CARTESIAN_POINT('',(1.8,1.8));
#18584 = CARTESIAN_POINT('',(2.1,1.973205080757));
#18585 = CARTESIAN_POINT('',(2.4,2.146410161514));
#18586 = CARTESIAN_POINT('',(2.4,1.8));
#18587 = ( GEOMETRIC_REPRESENTATION_CONTEXT(2) 
PARAMETRIC_REPRESENTATION_CONTEXT() REPRESENTATION_CONTEXT('2D SPACE',''
  ) );
#18588 = PCURVE('',#18148,#18589);
#18589 = DEFINITIONAL_REPRESENTATION('',(#18590),#18594);
#18590 = LINE('',#18591,#18592);
#18591 = CARTESIAN_POINT('',(3.14159265359,-0.));
#18592 = VECTOR('',#18593,1.);
#18593 = DIRECTION('',(-1.,0.));
#18594 = ( GEOMETRIC_REPRESENTATION_CONTEXT(2) 
PARAMETRIC_REPRESENTATION_CONTEXT() REPRESENTATION_CONTEXT('2D SPACE',''
  ) );
#18595 = ORIENTED_EDGE('',*,*,#18109,.T.);
#18596 = ORIENTED_EDGE('',*,*,#17494,.T.);
#18597 = ADVANCED_FACE('',(#18598),#17573,.T.);
#18598 = FACE_BOUND('',#18599,.T.);
#18599 = EDGE_LOOP('',(#18600,#18601,#18622,#18623));
#18600 = ORIENTED_EDGE('',*,*,#18408,.F.);
#18601 = ORIENTED_EDGE('',*,*,#18602,.T.);
#18602 = EDGE_CURVE('',#18409,#18186,#18603,.T.);
#18603 = SURFACE_CURVE('',#18604,(#18608,#18615),.PCURVE_S1.);
#18604 = LINE('',#18605,#18606);
#18605 = CARTESIAN_POINT('',(15.,7.8,14.4));
#18606 = VECTOR('',#18607,1.);
#18607 = DIRECTION('',(1.,1.110223024625E-16,0.));
#18608 = PCURVE('',#17573,#18609);
#18609 = DEFINITIONAL_REPRESENTATION('',(#18610),#18614);
#18610 = LINE('',#18611,#18612);
#18611 = CARTESIAN_POINT('',(0.2,0.));
#18612 = VECTOR('',#18613,1.);
#18613 = DIRECTION('',(0.,-1.));
#18614 = ( GEOMETRIC_REPRESENTATION_CONTEXT(2) 
PARAMETRIC_REPRESENTATION_CONTEXT() REPRESENTATION_CONTEXT('2D SPACE',''
  ) );
#18615 = PCURVE('',#18225,#18616);
#18616 = DEFINITIONAL_REPRESENTATION('',(#18617),#18621);
#18617 = LINE('',#18618,#18619);
#18618 = CARTESIAN_POINT('',(1.570796326795,0.));
#18619 = VECTOR('',#18620,1.);
#18620 = DIRECTION('',(0.,1.));
#18621 = ( GEOMETRIC_REPRESENTATION_CONTEXT(2) 
PARAMETRIC_REPRESENTATION_CONTEXT() REPRESENTATION_CONTEXT('2D SPACE',''
  ) );
#18622 = ORIENTED_EDGE('',*,*,#18185,.T.);
#18623 = ORIENTED_EDGE('',*,*,#17559,.T.);
#18624 = ADVANCED_FACE('',(#18625),#17629,.F.);
#18625 = FACE_BOUND('',#18626,.F.);
#18626 = EDGE_LOOP('',(#18627,#18628,#18629,#18630));
#18627 = ORIENTED_EDGE('',*,*,#17667,.T.);
#18628 = ORIENTED_EDGE('',*,*,#17613,.T.);
#18629 = ORIENTED_EDGE('',*,*,#17890,.F.);
#18630 = ORIENTED_EDGE('',*,*,#18631,.F.);
#18631 = EDGE_CURVE('',#17668,#17891,#18632,.T.);
#18632 = SURFACE_CURVE('',#18633,(#18637,#18644),.PCURVE_S1.);
#18633 = LINE('',#18634,#18635);
#18634 = CARTESIAN_POINT('',(15.,58.3,14.2));
#18635 = VECTOR('',#18636,1.);
#18636 = DIRECTION('',(1.,1.110223024625E-16,0.));
#18637 = PCURVE('',#17629,#18638);
#18638 = DEFINITIONAL_REPRESENTATION('',(#18639),#18643);
#18639 = LINE('',#18640,#18641);
#18640 = CARTESIAN_POINT('',(0.,0.));
#18641 = VECTOR('',#18642,1.);
#18642 = DIRECTION('',(0.,1.));
#18643 = ( GEOMETRIC_REPRESENTATION_CONTEXT(2) 
PARAMETRIC_REPRESENTATION_CONTEXT() REPRESENTATION_CONTEXT('2D SPACE',''
  ) );
#18644 = PCURVE('',#17707,#18645);
#18645 = DEFINITIONAL_REPRESENTATION('',(#18646),#18650);
#18646 = LINE('',#18647,#18648);
#18647 = CARTESIAN_POINT('',(6.6,-7.327471962526E-16));
#18648 = VECTOR('',#18649,1.);
#18649 = DIRECTION('',(0.,1.));
#18650 = ( GEOMETRIC_REPRESENTATION_CONTEXT(2) 
PARAMETRIC_REPRESENTATION_CONTEXT() REPRESENTATION_CONTEXT('2D SPACE',''
  ) );
#18651 = ADVANCED_FACE('',(#18652),#17707,.T.);
#18652 = FACE_BOUND('',#18653,.T.);
#18653 = EDGE_LOOP('',(#18654,#18655,#18656,#18657));
#18654 = ORIENTED_EDGE('',*,*,#17914,.F.);
#18655 = ORIENTED_EDGE('',*,*,#18631,.F.);
#18656 = ORIENTED_EDGE('',*,*,#17691,.T.);
#18657 = ORIENTED_EDGE('',*,*,#18658,.T.);
#18658 = EDGE_CURVE('',#17692,#17915,#18659,.T.);
#18659 = SURFACE_CURVE('',#18660,(#18664,#18671),.PCURVE_S1.);
#18660 = LINE('',#18661,#18662);
#18661 = CARTESIAN_POINT('',(15.,56.5,14.2));
#18662 = VECTOR('',#18663,1.);
#18663 = DIRECTION('',(1.,1.110223024625E-16,0.));
#18664 = PCURVE('',#17707,#18665);
#18665 = DEFINITIONAL_REPRESENTATION('',(#18666),#18670);
#18666 = LINE('',#18667,#18668);
#18667 = CARTESIAN_POINT('',(8.4,-9.325873406851E-16));
#18668 = VECTOR('',#18669,1.);
#18669 = DIRECTION('',(0.,1.));
#18670 = ( GEOMETRIC_REPRESENTATION_CONTEXT(2) 
PARAMETRIC_REPRESENTATION_CONTEXT() REPRESENTATION_CONTEXT('2D SPACE',''
  ) );
#18671 = PCURVE('',#17735,#18672);
#18672 = DEFINITIONAL_REPRESENTATION('',(#18673),#18677);
#18673 = LINE('',#18674,#18675);
#18674 = CARTESIAN_POINT('',(2.,0.));
#18675 = VECTOR('',#18676,1.);
#18676 = DIRECTION('',(0.,-1.));
#18677 = ( GEOMETRIC_REPRESENTATION_CONTEXT(2) 
PARAMETRIC_REPRESENTATION_CONTEXT() REPRESENTATION_CONTEXT('2D SPACE',''
  ) );
#18678 = ADVANCED_FACE('',(#18679),#17852,.F.);
#18679 = FACE_BOUND('',#18680,.T.);
#18680 = EDGE_LOOP('',(#18681,#18682,#18683,#18684));
#18681 = ORIENTED_EDGE('',*,*,#17831,.T.);
#18682 = ORIENTED_EDGE('',*,*,#18083,.T.);
#18683 = ORIENTED_EDGE('',*,*,#18029,.F.);
#18684 = ORIENTED_EDGE('',*,*,#18685,.F.);
#18685 = EDGE_CURVE('',#17804,#18007,#18686,.T.);
#18686 = SURFACE_CURVE('',#18687,(#18691,#18698),.PCURVE_S1.);
#18687 = LINE('',#18688,#18689);
#18688 = CARTESIAN_POINT('',(15.,63.1,14.2));
#18689 = VECTOR('',#18690,1.);
#18690 = DIRECTION('',(1.,1.110223024625E-16,0.));
#18691 = PCURVE('',#17852,#18692);
#18692 = DEFINITIONAL_REPRESENTATION('',(#18693),#18697);
#18693 = LINE('',#18694,#18695);
#18694 = CARTESIAN_POINT('',(-0.,0.));
#18695 = VECTOR('',#18696,1.);
#18696 = DIRECTION('',(-0.,1.));
#18697 = ( GEOMETRIC_REPRESENTATION_CONTEXT(2) 
PARAMETRIC_REPRESENTATION_CONTEXT() REPRESENTATION_CONTEXT('2D SPACE',''
  ) );
#18698 = PCURVE('',#17819,#18699);
#18699 = DEFINITIONAL_REPRESENTATION('',(#18700),#18704);
#18700 = LINE('',#18701,#18702);
#18701 = CARTESIAN_POINT('',(1.8,-1.998401444325E-16));
#18702 = VECTOR('',#18703,1.);
#18703 = DIRECTION('',(0.,1.));
#18704 = ( GEOMETRIC_REPRESENTATION_CONTEXT(2) 
PARAMETRIC_REPRESENTATION_CONTEXT() REPRESENTATION_CONTEXT('2D SPACE',''
  ) );
#18705 = ADVANCED_FACE('',(#18706),#17735,.T.);
#18706 = FACE_BOUND('',#18707,.T.);
#18707 = EDGE_LOOP('',(#18708,#18709,#18730,#18731));
#18708 = ORIENTED_EDGE('',*,*,#17719,.F.);
#18709 = ORIENTED_EDGE('',*,*,#18710,.T.);
#18710 = EDGE_CURVE('',#17720,#17938,#18711,.T.);
#18711 = SURFACE_CURVE('',#18712,(#18716,#18723),.PCURVE_S1.);
#18712 = LINE('',#18713,#18714);
#18713 = CARTESIAN_POINT('',(15.,56.5,12.2));
#18714 = VECTOR('',#18715,1.);
#18715 = DIRECTION('',(1.,1.110223024625E-16,0.));
#18716 = PCURVE('',#17735,#18717);
#18717 = DEFINITIONAL_REPRESENTATION('',(#18718),#18722);
#18718 = LINE('',#18719,#18720);
#18719 = CARTESIAN_POINT('',(0.,0.));
#18720 = VECTOR('',#18721,1.);
#18721 = DIRECTION('',(0.,-1.));
#18722 = ( GEOMETRIC_REPRESENTATION_CONTEXT(2) 
PARAMETRIC_REPRESENTATION_CONTEXT() REPRESENTATION_CONTEXT('2D SPACE',''
  ) );
#18723 = PCURVE('',#17763,#18724);
#18724 = DEFINITIONAL_REPRESENTATION('',(#18725),#18729);
#18725 = LINE('',#18726,#18727);
#18726 = CARTESIAN_POINT('',(8.4,-9.325873406851E-16));
#18727 = VECTOR('',#18728,1.);
#18728 = DIRECTION('',(0.,1.));
#18729 = ( GEOMETRIC_REPRESENTATION_CONTEXT(2) 
PARAMETRIC_REPRESENTATION_CONTEXT() REPRESENTATION_CONTEXT('2D SPACE',''
  ) );
#18730 = ORIENTED_EDGE('',*,*,#17937,.T.);
#18731 = ORIENTED_EDGE('',*,*,#18658,.F.);
#18732 = ADVANCED_FACE('',(#18733),#17819,.T.);
#18733 = FACE_BOUND('',#18734,.T.);
#18734 = EDGE_LOOP('',(#18735,#18736,#18757,#18758));
#18735 = ORIENTED_EDGE('',*,*,#18006,.F.);
#18736 = ORIENTED_EDGE('',*,*,#18737,.F.);
#18737 = EDGE_CURVE('',#17776,#17984,#18738,.T.);
#18738 = SURFACE_CURVE('',#18739,(#18743,#18750),.PCURVE_S1.);
#18739 = LINE('',#18740,#18741);
#18740 = CARTESIAN_POINT('',(15.,64.9,14.2));
#18741 = VECTOR('',#18742,1.);
#18742 = DIRECTION('',(1.,1.110223024625E-16,0.));
#18743 = PCURVE('',#17819,#18744);
#18744 = DEFINITIONAL_REPRESENTATION('',(#18745),#18749);
#18745 = LINE('',#18746,#18747);
#18746 = CARTESIAN_POINT('',(0.,0.));
#18747 = VECTOR('',#18748,1.);
#18748 = DIRECTION('',(0.,1.));
#18749 = ( GEOMETRIC_REPRESENTATION_CONTEXT(2) 
PARAMETRIC_REPRESENTATION_CONTEXT() REPRESENTATION_CONTEXT('2D SPACE',''
  ) );
#18750 = PCURVE('',#17791,#18751);
#18751 = DEFINITIONAL_REPRESENTATION('',(#18752),#18756);
#18752 = LINE('',#18753,#18754);
#18753 = CARTESIAN_POINT('',(2.,0.));
#18754 = VECTOR('',#18755,1.);
#18755 = DIRECTION('',(0.,-1.));
#18756 = ( GEOMETRIC_REPRESENTATION_CONTEXT(2) 
PARAMETRIC_REPRESENTATION_CONTEXT() REPRESENTATION_CONTEXT('2D SPACE',''
  ) );
#18757 = ORIENTED_EDGE('',*,*,#17803,.T.);
#18758 = ORIENTED_EDGE('',*,*,#18685,.T.);
#18759 = ADVANCED_FACE('',(#18760),#17763,.F.);
#18760 = FACE_BOUND('',#18761,.F.);
#18761 = EDGE_LOOP('',(#18762,#18783,#18784,#18785));
#18762 = ORIENTED_EDGE('',*,*,#18763,.F.);
#18763 = EDGE_CURVE('',#17748,#17961,#18764,.T.);
#18764 = SURFACE_CURVE('',#18765,(#18769,#18776),.PCURVE_S1.);
#18765 = LINE('',#18766,#18767);
#18766 = CARTESIAN_POINT('',(15.,64.9,12.2));
#18767 = VECTOR('',#18768,1.);
#18768 = DIRECTION('',(1.,1.110223024625E-16,0.));
#18769 = PCURVE('',#17763,#18770);
#18770 = DEFINITIONAL_REPRESENTATION('',(#18771),#18775);
#18771 = LINE('',#18772,#18773);
#18772 = CARTESIAN_POINT('',(0.,0.));
#18773 = VECTOR('',#18774,1.);
#18774 = DIRECTION('',(0.,1.));
#18775 = ( GEOMETRIC_REPRESENTATION_CONTEXT(2) 
PARAMETRIC_REPRESENTATION_CONTEXT() REPRESENTATION_CONTEXT('2D SPACE',''
  ) );
#18776 = PCURVE('',#17791,#18777);
#18777 = DEFINITIONAL_REPRESENTATION('',(#18778),#18782);
#18778 = LINE('',#18779,#18780);
#18779 = CARTESIAN_POINT('',(0.,0.));
#18780 = VECTOR('',#18781,1.);
#18781 = DIRECTION('',(0.,-1.));
#18782 = ( GEOMETRIC_REPRESENTATION_CONTEXT(2) 
PARAMETRIC_REPRESENTATION_CONTEXT() REPRESENTATION_CONTEXT('2D SPACE',''
  ) );
#18783 = ORIENTED_EDGE('',*,*,#17747,.T.);
#18784 = ORIENTED_EDGE('',*,*,#18710,.T.);
#18785 = ORIENTED_EDGE('',*,*,#17960,.F.);
#18786 = ADVANCED_FACE('',(#18787),#17791,.F.);
#18787 = FACE_BOUND('',#18788,.F.);
#18788 = EDGE_LOOP('',(#18789,#18790,#18791,#18792));
#18789 = ORIENTED_EDGE('',*,*,#17775,.F.);
#18790 = ORIENTED_EDGE('',*,*,#18763,.T.);
#18791 = ORIENTED_EDGE('',*,*,#17983,.T.);
#18792 = ORIENTED_EDGE('',*,*,#18737,.F.);
#18793 = ADVANCED_FACE('',(#18794),#18148,.F.);
#18794 = FACE_BOUND('',#18795,.T.);
#18795 = EDGE_LOOP('',(#18796,#18797,#18798,#18799));
#18796 = ORIENTED_EDGE('',*,*,#18570,.T.);
#18797 = ORIENTED_EDGE('',*,*,#18132,.T.);
#18798 = ORIENTED_EDGE('',*,*,#18377,.F.);
#18799 = ORIENTED_EDGE('',*,*,#18800,.F.);
#18800 = EDGE_CURVE('',#18548,#18350,#18801,.T.);
#18801 = SURFACE_CURVE('',#18802,(#18806,#18813),.PCURVE_S1.);
#18802 = LINE('',#18803,#18804);
#18803 = CARTESIAN_POINT('',(15.,12.4,14.2));
#18804 = VECTOR('',#18805,1.);
#18805 = DIRECTION('',(1.,1.110223024625E-16,0.));
#18806 = PCURVE('',#18148,#18807);
#18807 = DEFINITIONAL_REPRESENTATION('',(#18808),#18812);
#18808 = LINE('',#18809,#18810);
#18809 = CARTESIAN_POINT('',(-0.,0.));
#18810 = VECTOR('',#18811,1.);
#18811 = DIRECTION('',(-0.,1.));
#18812 = ( GEOMETRIC_REPRESENTATION_CONTEXT(2) 
PARAMETRIC_REPRESENTATION_CONTEXT() REPRESENTATION_CONTEXT('2D SPACE',''
  ) );
#18813 = PCURVE('',#18365,#18814);
#18814 = DEFINITIONAL_REPRESENTATION('',(#18815),#18819);
#18815 = LINE('',#18816,#18817);
#18816 = CARTESIAN_POINT('',(1.8,-1.998401444325E-16));
#18817 = VECTOR('',#18818,1.);
#18818 = DIRECTION('',(0.,1.));
#18819 = ( GEOMETRIC_REPRESENTATION_CONTEXT(2) 
PARAMETRIC_REPRESENTATION_CONTEXT() REPRESENTATION_CONTEXT('2D SPACE',''
  ) );
#18820 = ADVANCED_FACE('',(#18821),#18225,.F.);
#18821 = FACE_BOUND('',#18822,.F.);
#18822 = EDGE_LOOP('',(#18823,#18824,#18825,#18826));
#18823 = ORIENTED_EDGE('',*,*,#18431,.T.);
#18824 = ORIENTED_EDGE('',*,*,#18602,.T.);
#18825 = ORIENTED_EDGE('',*,*,#18208,.F.);
#18826 = ORIENTED_EDGE('',*,*,#18827,.F.);
#18827 = EDGE_CURVE('',#18432,#18209,#18828,.T.);
#18828 = SURFACE_CURVE('',#18829,(#18833,#18840),.PCURVE_S1.);
#18829 = LINE('',#18830,#18831);
#18830 = CARTESIAN_POINT('',(15.,7.6,14.2));
#18831 = VECTOR('',#18832,1.);
#18832 = DIRECTION('',(1.,1.110223024625E-16,0.));
#18833 = PCURVE('',#18225,#18834);
#18834 = DEFINITIONAL_REPRESENTATION('',(#18835),#18839);
#18835 = LINE('',#18836,#18837);
#18836 = CARTESIAN_POINT('',(0.,0.));
#18837 = VECTOR('',#18838,1.);
#18838 = DIRECTION('',(0.,1.));
#18839 = ( GEOMETRIC_REPRESENTATION_CONTEXT(2) 
PARAMETRIC_REPRESENTATION_CONTEXT() REPRESENTATION_CONTEXT('2D SPACE',''
  ) );
#18840 = PCURVE('',#18253,#18841);
#18841 = DEFINITIONAL_REPRESENTATION('',(#18842),#18846);
#18842 = LINE('',#18843,#18844);
#18843 = CARTESIAN_POINT('',(6.6,1.043609643148E-15));
#18844 = VECTOR('',#18845,1.);
#18845 = DIRECTION('',(0.,1.));
#18846 = ( GEOMETRIC_REPRESENTATION_CONTEXT(2) 
PARAMETRIC_REPRESENTATION_CONTEXT() REPRESENTATION_CONTEXT('2D SPACE',''
  ) );
#18847 = ADVANCED_FACE('',(#18848),#18253,.T.);
#18848 = FACE_BOUND('',#18849,.T.);
#18849 = EDGE_LOOP('',(#18850,#18851,#18852,#18853));
#18850 = ORIENTED_EDGE('',*,*,#18237,.F.);
#18851 = ORIENTED_EDGE('',*,*,#18827,.F.);
#18852 = ORIENTED_EDGE('',*,*,#18455,.T.);
#18853 = ORIENTED_EDGE('',*,*,#18854,.T.);
#18854 = EDGE_CURVE('',#18456,#18238,#18855,.T.);
#18855 = SURFACE_CURVE('',#18856,(#18860,#18867),.PCURVE_S1.);
#18856 = LINE('',#18857,#18858);
#18857 = CARTESIAN_POINT('',(15.,5.8,14.2));
#18858 = VECTOR('',#18859,1.);
#18859 = DIRECTION('',(1.,1.110223024625E-16,0.));
#18860 = PCURVE('',#18253,#18861);
#18861 = DEFINITIONAL_REPRESENTATION('',(#18862),#18866);
#18862 = LINE('',#18863,#18864);
#18863 = CARTESIAN_POINT('',(8.4,8.437694987151E-16));
#18864 = VECTOR('',#18865,1.);
#18865 = DIRECTION('',(0.,1.));
#18866 = ( GEOMETRIC_REPRESENTATION_CONTEXT(2) 
PARAMETRIC_REPRESENTATION_CONTEXT() REPRESENTATION_CONTEXT('2D SPACE',''
  ) );
#18867 = PCURVE('',#18281,#18868);
#18868 = DEFINITIONAL_REPRESENTATION('',(#18869),#18873);
#18869 = LINE('',#18870,#18871);
#18870 = CARTESIAN_POINT('',(2.,0.));
#18871 = VECTOR('',#18872,1.);
#18872 = DIRECTION('',(0.,-1.));
#18873 = ( GEOMETRIC_REPRESENTATION_CONTEXT(2) 
PARAMETRIC_REPRESENTATION_CONTEXT() REPRESENTATION_CONTEXT('2D SPACE',''
  ) );
#18874 = ADVANCED_FACE('',(#18875),#18281,.T.);
#18875 = FACE_BOUND('',#18876,.T.);
#18876 = EDGE_LOOP('',(#18877,#18878,#18899,#18900));
#18877 = ORIENTED_EDGE('',*,*,#18478,.F.);
#18878 = ORIENTED_EDGE('',*,*,#18879,.T.);
#18879 = EDGE_CURVE('',#18479,#18266,#18880,.T.);
#18880 = SURFACE_CURVE('',#18881,(#18885,#18892),.PCURVE_S1.);
#18881 = LINE('',#18882,#18883);
#18882 = CARTESIAN_POINT('',(15.,5.8,12.2));
#18883 = VECTOR('',#18884,1.);
#18884 = DIRECTION('',(1.,1.110223024625E-16,0.));
#18885 = PCURVE('',#18281,#18886);
#18886 = DEFINITIONAL_REPRESENTATION('',(#18887),#18891);
#18887 = LINE('',#18888,#18889);
#18888 = CARTESIAN_POINT('',(0.,0.));
#18889 = VECTOR('',#18890,1.);
#18890 = DIRECTION('',(0.,-1.));
#18891 = ( GEOMETRIC_REPRESENTATION_CONTEXT(2) 
PARAMETRIC_REPRESENTATION_CONTEXT() REPRESENTATION_CONTEXT('2D SPACE',''
  ) );
#18892 = PCURVE('',#18309,#18893);
#18893 = DEFINITIONAL_REPRESENTATION('',(#18894),#18898);
#18894 = LINE('',#18895,#18896);
#18895 = CARTESIAN_POINT('',(8.4,8.437694987151E-16));
#18896 = VECTOR('',#18897,1.);
#18897 = DIRECTION('',(0.,1.));
#18898 = ( GEOMETRIC_REPRESENTATION_CONTEXT(2) 
PARAMETRIC_REPRESENTATION_CONTEXT() REPRESENTATION_CONTEXT('2D SPACE',''
  ) );
#18899 = ORIENTED_EDGE('',*,*,#18265,.T.);
#18900 = ORIENTED_EDGE('',*,*,#18854,.F.);
#18901 = ADVANCED_FACE('',(#18902),#18365,.T.);
#18902 = FACE_BOUND('',#18903,.T.);
#18903 = EDGE_LOOP('',(#18904,#18905,#18926,#18927));
#18904 = ORIENTED_EDGE('',*,*,#18349,.F.);
#18905 = ORIENTED_EDGE('',*,*,#18906,.F.);
#18906 = EDGE_CURVE('',#18525,#18322,#18907,.T.);
#18907 = SURFACE_CURVE('',#18908,(#18912,#18919),.PCURVE_S1.);
#18908 = LINE('',#18909,#18910);
#18909 = CARTESIAN_POINT('',(15.,14.2,14.2));
#18910 = VECTOR('',#18911,1.);
#18911 = DIRECTION('',(1.,1.110223024625E-16,0.));
#18912 = PCURVE('',#18365,#18913);
#18913 = DEFINITIONAL_REPRESENTATION('',(#18914),#18918);
#18914 = LINE('',#18915,#18916);
#18915 = CARTESIAN_POINT('',(0.,0.));
#18916 = VECTOR('',#18917,1.);
#18917 = DIRECTION('',(0.,1.));
#18918 = ( GEOMETRIC_REPRESENTATION_CONTEXT(2) 
PARAMETRIC_REPRESENTATION_CONTEXT() REPRESENTATION_CONTEXT('2D SPACE',''
  ) );
#18919 = PCURVE('',#18337,#18920);
#18920 = DEFINITIONAL_REPRESENTATION('',(#18921),#18925);
#18921 = LINE('',#18922,#18923);
#18922 = CARTESIAN_POINT('',(2.,0.));
#18923 = VECTOR('',#18924,1.);
#18924 = DIRECTION('',(0.,-1.));
#18925 = ( GEOMETRIC_REPRESENTATION_CONTEXT(2) 
PARAMETRIC_REPRESENTATION_CONTEXT() REPRESENTATION_CONTEXT('2D SPACE',''
  ) );
#18926 = ORIENTED_EDGE('',*,*,#18547,.T.);
#18927 = ORIENTED_EDGE('',*,*,#18800,.T.);
#18928 = ADVANCED_FACE('',(#18929),#18309,.F.);
#18929 = FACE_BOUND('',#18930,.F.);
#18930 = EDGE_LOOP('',(#18931,#18952,#18953,#18954));
#18931 = ORIENTED_EDGE('',*,*,#18932,.F.);
#18932 = EDGE_CURVE('',#18502,#18294,#18933,.T.);
#18933 = SURFACE_CURVE('',#18934,(#18938,#18945),.PCURVE_S1.);
#18934 = LINE('',#18935,#18936);
#18935 = CARTESIAN_POINT('',(15.,14.2,12.2));
#18936 = VECTOR('',#18937,1.);
#18937 = DIRECTION('',(1.,1.110223024625E-16,0.));
#18938 = PCURVE('',#18309,#18939);
#18939 = DEFINITIONAL_REPRESENTATION('',(#18940),#18944);
#18940 = LINE('',#18941,#18942);
#18941 = CARTESIAN_POINT('',(0.,0.));
#18942 = VECTOR('',#18943,1.);
#18943 = DIRECTION('',(0.,1.));
#18944 = ( GEOMETRIC_REPRESENTATION_CONTEXT(2) 
PARAMETRIC_REPRESENTATION_CONTEXT() REPRESENTATION_CONTEXT('2D SPACE',''
  ) );
#18945 = PCURVE('',#18337,#18946);
#18946 = DEFINITIONAL_REPRESENTATION('',(#18947),#18951);
#18947 = LINE('',#18948,#18949);
#18948 = CARTESIAN_POINT('',(0.,0.));
#18949 = VECTOR('',#18950,1.);
#18950 = DIRECTION('',(0.,-1.));
#18951 = ( GEOMETRIC_REPRESENTATION_CONTEXT(2) 
PARAMETRIC_REPRESENTATION_CONTEXT() REPRESENTATION_CONTEXT('2D SPACE',''
  ) );
#18952 = ORIENTED_EDGE('',*,*,#18501,.T.);
#18953 = ORIENTED_EDGE('',*,*,#18879,.T.);
#18954 = ORIENTED_EDGE('',*,*,#18293,.F.);
#18955 = ADVANCED_FACE('',(#18956),#18337,.F.);
#18956 = FACE_BOUND('',#18957,.F.);
#18957 = EDGE_LOOP('',(#18958,#18959,#18960,#18961));
#18958 = ORIENTED_EDGE('',*,*,#18524,.F.);
#18959 = ORIENTED_EDGE('',*,*,#18932,.T.);
#18960 = ORIENTED_EDGE('',*,*,#18321,.T.);
#18961 = ORIENTED_EDGE('',*,*,#18906,.F.);
#18962 = ( GEOMETRIC_REPRESENTATION_CONTEXT(3) 
GLOBAL_UNCERTAINTY_ASSIGNED_CONTEXT((#18966)) 
GLOBAL_UNIT_ASSIGNED_CONTEXT((#18963,#18964,#18965)) 
REPRESENTATION_CONTEXT('Context #1',
  '3D Context with UNIT and UNCERTAINTY') );
#18963 = ( LENGTH_UNIT() NAMED_UNIT(*) SI_UNIT(.MILLI.,.METRE.) );
#18964 = ( NAMED_UNIT(*) PLANE_ANGLE_UNIT() SI_UNIT($,.RADIAN.) );
#18965 = ( NAMED_UNIT(*) SI_UNIT($,.STERADIAN.) SOLID_ANGLE_UNIT() );
#18966 = UNCERTAINTY_MEASURE_WITH_UNIT(LENGTH_MEASURE(5.E-07),#18963,
  'distance_accuracy_value','confusion accuracy');
#18967 = PRODUCT_RELATED_PRODUCT_CATEGORY('part',$,(#7));
ENDSEC;
END-ISO-10303-21;
