ISO-10303-21;
HEADER;
FILE_DESCRIPTION(('Open CASCADE Model'),'2;1');
FILE_NAME('Open CASCADE Shape Model','2026-09-14T11:42:39',('Author'),(
    'Open CASCADE'),'Open CASCADE STEP processor 7.9','Open CASCADE 7.9'
  ,'Unknown');
FILE_SCHEMA(('AUTOMOTIVE_DESIGN { 1 0 10303 214 1 1 1 1 }'));
ENDSEC;
DATA;
#1 = APPLICATION_PROTOCOL_DEFINITION('international standard',
  'automotive_design',2000,#2);
#2 = APPLICATION_CONTEXT(
  'core data for automotive mechanical design processes');
#3 = SHAPE_DEFINITION_REPRESENTATION(#4,#10);
#4 = PRODUCT_DEFINITION_SHAPE('','',#5);
#5 = PRODUCT_DEFINITION('design','',#6,#9);
#6 = PRODUCT_DEFINITION_FORMATION('','',#7);
#7 = PRODUCT('Open CASCADE STEP translator 7.9 2',
  'Open CASCADE STEP translator 7.9 2','',(#8));
#8 = PRODUCT_CONTEXT('',#2,'mechanical');
#9 = PRODUCT_DEFINITION_CONTEXT('part definition',#2,'design');
#10 = ADVANCED_BREP_SHAPE_REPRESENTATION('',(#11,#15),#19432);
#11 = AXIS2_PLACEMENT_3D('',#12,#13,#14);
#12 = CARTESIAN_POINT('',(0.,0.,0.));
#13 = DIRECTION('',(0.,0.,1.));
#14 = DIRECTION('',(1.,0.,-0.));
#15 = MANIFOLD_SOLID_BREP('',#16);
#16 = CLOSED_SHELL('',(#17,#593,#2403,#2453,#2507,#3355,#3426,#3475,
    #3524,#3551,#3622,#3671,#3720,#3747,#3818,#3867,#3916,#3943,#4014,
    #4063,#4112,#4139,#4166,#4193,#4220,#4247,#4327,#4404,#4453,#4502,
    #4552,#4602,#4651,#4700,#4728,#4805,#4854,#4903,#4953,#5003,#5052,
    #5101,#5129,#5201,#5250,#5299,#5349,#5455,#5504,#5553,#5628,#5700,
    #5856,#5905,#5955,#6005,#6054,#6103,#6131,#6203,#6252,#6301,#6351,
    #6457,#6506,#6555,#6630,#6702,#6751,#6800,#6850,#6900,#6949,#6998,
    #7026,#7103,#7152,#7201,#7251,#7301,#7350,#7399,#7427,#7476,#7849,
    #7899,#8004,#8104,#8154,#8393,#8498,#8721,#8821,#9045,#9095,#9200,
    #9249,#9344,#9417,#9522,#9571,#9666,#9827,#9877,#10442,#10470,#10497
    ,#10504,#10753,#11898,#11905,#12010,#12117,#12190,#12197,#12406,
    #12456,#12593,#12673,#12727,#13235,#13262,#13311,#13338,#13345,
    #13394,#13507,#13554,#13674,#13712,#13762,#13930,#13957,#13984,
    #14011,#14038,#14065,#14072,#14110,#14136,#14163,#14190,#14197,
    #14224,#14231,#14281,#14418,#14464,#14579,#14606,#14630,#14725,
    #14772,#14839,#14931,#14958,#15007,#15120,#15194,#15241,#15310,
    #15337,#15344,#15391,#15418,#15445,#15472,#15499,#15526,#15553,
    #15560,#15567,#15667,#15694,#15845,#15852,#15879,#15886,#15936,
    #15985,#16017,#16093,#16142,#16191,#16218,#16265,#16292,#16319,
    #16346,#16373,#16400,#16427,#16434,#16515,#16542,#16569,#16576,
    #16583,#16664,#16713,#16767,#16816,#16866,#16915,#16973,#17001,
    #17077,#17126,#17175,#17202,#17209,#17216,#17337,#17363,#17484,
    #17511,#17518,#17529,#17536,#17634,#17699,#17764,#17796,#17894,
    #17959,#18024,#18056,#18132,#18355,#18548,#18575,#18651,#18874,
    #19067,#19094,#19121,#19148,#19175,#19202,#19229,#19256,#19263,
    #19290,#19317,#19344,#19371,#19398,#19425));
#17 = ADVANCED_FACE('',(#18,#137,#251,#365,#479),#32,.F.);
#18 = FACE_BOUND('',#19,.F.);
#19 = EDGE_LOOP('',(#20,#55,#83,#111));
#20 = ORIENTED_EDGE('',*,*,#21,.F.);
#21 = EDGE_CURVE('',#22,#24,#26,.T.);
#22 = VERTEX_POINT('',#23);
#23 = CARTESIAN_POINT('',(3.,71.85,27.8));
#24 = VERTEX_POINT('',#25);
#25 = CARTESIAN_POINT('',(123.9,71.85,27.8));
#26 = SURFACE_CURVE('',#27,(#31,#43),.PCURVE_S1.);
#27 = LINE('',#28,#29);
#28 = CARTESIAN_POINT('',(-1.15,71.85,27.8));
#29 = VECTOR('',#30,1.);
#30 = DIRECTION('',(1.,1.110223024625E-16,0.));
#31 = PCURVE('',#32,#37);
#32 = PLANE('',#33);
#33 = AXIS2_PLACEMENT_3D('',#34,#35,#36);
#34 = CARTESIAN_POINT('',(-1.15,71.85,24.8));
#35 = DIRECTION('',(1.110223024625E-16,-1.,0.));
#36 = DIRECTION('',(0.,0.,1.));
#37 = DEFINITIONAL_REPRESENTATION('',(#38),#42);
#38 = LINE('',#39,#40);
#39 = CARTESIAN_POINT('',(3.,0.));
#40 = VECTOR('',#41,1.);
#41 = DIRECTION('',(0.,-1.));
#42 = ( GEOMETRIC_REPRESENTATION_CONTEXT(2) 
PARAMETRIC_REPRESENTATION_CONTEXT() REPRESENTATION_CONTEXT('2D SPACE',''
  ) );
#43 = PCURVE('',#44,#49);
#44 = PLANE('',#45);
#45 = AXIS2_PLACEMENT_3D('',#46,#47,#48);
#46 = CARTESIAN_POINT('',(-1.15,71.85,27.8));
#47 = DIRECTION('',(0.,0.,1.));
#48 = DIRECTION('',(1.110223024625E-16,-1.,0.));
#49 = DEFINITIONAL_REPRESENTATION('',(#50),#54);
#50 = LINE('',#51,#52);
#51 = CARTESIAN_POINT('',(0.,0.));
#52 = VECTOR('',#53,1.);
#53 = DIRECTION('',(0.,1.));
#54 = ( GEOMETRIC_REPRESENTATION_CONTEXT(2) 
PARAMETRIC_REPRESENTATION_CONTEXT() REPRESENTATION_CONTEXT('2D SPACE',''
  ) );
#55 = ORIENTED_EDGE('',*,*,#56,.F.);
#56 = EDGE_CURVE('',#57,#22,#59,.T.);
#57 = VERTEX_POINT('',#58);
#58 = CARTESIAN_POINT('',(3.,71.85,16.6));
#59 = SURFACE_CURVE('',#60,(#64,#71),.PCURVE_S1.);
#60 = LINE('',#61,#62);
#61 = CARTESIAN_POINT('',(3.,71.85,16.6));
#62 = VECTOR('',#63,1.);
#63 = DIRECTION('',(0.,0.,1.));
#64 = PCURVE('',#32,#65);
#65 = DEFINITIONAL_REPRESENTATION('',(#66),#70);
#66 = LINE('',#67,#68);
#67 = CARTESIAN_POINT('',(-8.2,-4.15));
#68 = VECTOR('',#69,1.);
#69 = DIRECTION('',(1.,0.));
#70 = ( GEOMETRIC_REPRESENTATION_CONTEXT(2) 
PARAMETRIC_REPRESENTATION_CONTEXT() REPRESENTATION_CONTEXT('2D SPACE',''
  ) );
#71 = PCURVE('',#72,#77);
#72 = CYLINDRICAL_SURFACE('',#73,4.15);
#73 = AXIS2_PLACEMENT_3D('',#74,#75,#76);
#74 = CARTESIAN_POINT('',(3.,67.7,24.8));
#75 = DIRECTION('',(0.,0.,1.));
#76 = DIRECTION('',(-1.110223024625E-16,1.,0.));
#77 = DEFINITIONAL_REPRESENTATION('',(#78),#82);
#78 = LINE('',#79,#80);
#79 = CARTESIAN_POINT('',(0.,-8.2));
#80 = VECTOR('',#81,1.);
#81 = DIRECTION('',(0.,1.));
#82 = ( GEOMETRIC_REPRESENTATION_CONTEXT(2) 
PARAMETRIC_REPRESENTATION_CONTEXT() REPRESENTATION_CONTEXT('2D SPACE',''
  ) );
#83 = ORIENTED_EDGE('',*,*,#84,.T.);
#84 = EDGE_CURVE('',#57,#85,#87,.T.);
#85 = VERTEX_POINT('',#86);
#86 = CARTESIAN_POINT('',(123.9,71.85,16.6));
#87 = SURFACE_CURVE('',#88,(#92,#99),.PCURVE_S1.);
#88 = LINE('',#89,#90);
#89 = CARTESIAN_POINT('',(-1.15,71.85,16.6));
#90 = VECTOR('',#91,1.);
#91 = DIRECTION('',(1.,1.110223024625E-16,0.));
#92 = PCURVE('',#32,#93);
#93 = DEFINITIONAL_REPRESENTATION('',(#94),#98);
#94 = LINE('',#95,#96);
#95 = CARTESIAN_POINT('',(-8.2,-0.));
#96 = VECTOR('',#97,1.);
#97 = DIRECTION('',(0.,-1.));
#98 = ( GEOMETRIC_REPRESENTATION_CONTEXT(2) 
PARAMETRIC_REPRESENTATION_CONTEXT() REPRESENTATION_CONTEXT('2D SPACE',''
  ) );
#99 = PCURVE('',#100,#105);
#100 = PLANE('',#101);
#101 = AXIS2_PLACEMENT_3D('',#102,#103,#104);
#102 = CARTESIAN_POINT('',(-1.15,71.85,16.6));
#103 = DIRECTION('',(0.,0.,1.));
#104 = DIRECTION('',(1.110223024625E-16,-1.,0.));
#105 = DEFINITIONAL_REPRESENTATION('',(#106),#110);
#106 = LINE('',#107,#108);
#107 = CARTESIAN_POINT('',(0.,0.));
#108 = VECTOR('',#109,1.);
#109 = DIRECTION('',(0.,1.));
#110 = ( GEOMETRIC_REPRESENTATION_CONTEXT(2) 
PARAMETRIC_REPRESENTATION_CONTEXT() REPRESENTATION_CONTEXT('2D SPACE',''
  ) );
#111 = ORIENTED_EDGE('',*,*,#112,.F.);
#112 = EDGE_CURVE('',#24,#85,#113,.T.);
#113 = SURFACE_CURVE('',#114,(#118,#125),.PCURVE_S1.);
#114 = LINE('',#115,#116);
#115 = CARTESIAN_POINT('',(123.9,71.85,27.8));
#116 = VECTOR('',#117,1.);
#117 = DIRECTION('',(0.,0.,-1.));
#118 = PCURVE('',#32,#119);
#119 = DEFINITIONAL_REPRESENTATION('',(#120),#124);
#120 = LINE('',#121,#122);
#121 = CARTESIAN_POINT('',(3.,-125.05));
#122 = VECTOR('',#123,1.);
#123 = DIRECTION('',(-1.,-0.));
#124 = ( GEOMETRIC_REPRESENTATION_CONTEXT(2) 
PARAMETRIC_REPRESENTATION_CONTEXT() REPRESENTATION_CONTEXT('2D SPACE',''
  ) );
#125 = PCURVE('',#126,#131);
#126 = CYLINDRICAL_SURFACE('',#127,4.15);
#127 = AXIS2_PLACEMENT_3D('',#128,#129,#130);
#128 = CARTESIAN_POINT('',(123.9,67.7,24.8));
#129 = DIRECTION('',(0.,0.,1.));
#130 = DIRECTION('',(-1.110223024625E-16,1.,0.));
#131 = DEFINITIONAL_REPRESENTATION('',(#132),#136);
#132 = LINE('',#133,#134);
#133 = CARTESIAN_POINT('',(-0.,3.));
#134 = VECTOR('',#135,1.);
#135 = DIRECTION('',(-0.,-1.));
#136 = ( GEOMETRIC_REPRESENTATION_CONTEXT(2) 
PARAMETRIC_REPRESENTATION_CONTEXT() REPRESENTATION_CONTEXT('2D SPACE',''
  ) );
#137 = FACE_BOUND('',#138,.F.);
#138 = EDGE_LOOP('',(#139,#169,#197,#225));
#139 = ORIENTED_EDGE('',*,*,#140,.T.);
#140 = EDGE_CURVE('',#141,#143,#145,.T.);
#141 = VERTEX_POINT('',#142);
#142 = CARTESIAN_POINT('',(95.,71.85,19.3));
#143 = VERTEX_POINT('',#144);
#144 = CARTESIAN_POINT('',(92.,71.85,19.3));
#145 = SURFACE_CURVE('',#146,(#150,#157),.PCURVE_S1.);
#146 = LINE('',#147,#148);
#147 = CARTESIAN_POINT('',(45.425,71.85,19.3));
#148 = VECTOR('',#149,1.);
#149 = DIRECTION('',(-1.,-1.110223024625E-16,0.));
#150 = PCURVE('',#32,#151);
#151 = DEFINITIONAL_REPRESENTATION('',(#152),#156);
#152 = LINE('',#153,#154);
#153 = CARTESIAN_POINT('',(-5.5,-46.575));
#154 = VECTOR('',#155,1.);
#155 = DIRECTION('',(0.,1.));
#156 = ( GEOMETRIC_REPRESENTATION_CONTEXT(2) 
PARAMETRIC_REPRESENTATION_CONTEXT() REPRESENTATION_CONTEXT('2D SPACE',''
  ) );
#157 = PCURVE('',#158,#163);
#158 = PLANE('',#159);
#159 = AXIS2_PLACEMENT_3D('',#160,#161,#162);
#160 = CARTESIAN_POINT('',(92.,72.7,19.3));
#161 = DIRECTION('',(0.,0.,1.));
#162 = DIRECTION('',(1.110223024625E-16,-1.,0.));
#163 = DEFINITIONAL_REPRESENTATION('',(#164),#168);
#164 = LINE('',#165,#166);
#165 = CARTESIAN_POINT('',(0.85,-46.575));
#166 = VECTOR('',#167,1.);
#167 = DIRECTION('',(0.,-1.));
#168 = ( GEOMETRIC_REPRESENTATION_CONTEXT(2) 
PARAMETRIC_REPRESENTATION_CONTEXT() REPRESENTATION_CONTEXT('2D SPACE',''
  ) );
#169 = ORIENTED_EDGE('',*,*,#170,.T.);
#170 = EDGE_CURVE('',#143,#171,#173,.T.);
#171 = VERTEX_POINT('',#172);
#172 = CARTESIAN_POINT('',(92.,71.85,23.3));
#173 = SURFACE_CURVE('',#174,(#178,#185),.PCURVE_S1.);
#174 = LINE('',#175,#176);
#175 = CARTESIAN_POINT('',(92.,71.85,22.05));
#176 = VECTOR('',#177,1.);
#177 = DIRECTION('',(0.,0.,1.));
#178 = PCURVE('',#32,#179);
#179 = DEFINITIONAL_REPRESENTATION('',(#180),#184);
#180 = LINE('',#181,#182);
#181 = CARTESIAN_POINT('',(-2.75,-93.15));
#182 = VECTOR('',#183,1.);
#183 = DIRECTION('',(1.,0.));
#184 = ( GEOMETRIC_REPRESENTATION_CONTEXT(2) 
PARAMETRIC_REPRESENTATION_CONTEXT() REPRESENTATION_CONTEXT('2D SPACE',''
  ) );
#185 = PCURVE('',#186,#191);
#186 = PLANE('',#187);
#187 = AXIS2_PLACEMENT_3D('',#188,#189,#190);
#188 = CARTESIAN_POINT('',(92.,72.7,19.3));
#189 = DIRECTION('',(1.,1.110223024625E-16,0.));
#190 = DIRECTION('',(0.,0.,1.));
#191 = DEFINITIONAL_REPRESENTATION('',(#192),#196);
#192 = LINE('',#193,#194);
#193 = CARTESIAN_POINT('',(2.75,0.85));
#194 = VECTOR('',#195,1.);
#195 = DIRECTION('',(1.,0.));
#196 = ( GEOMETRIC_REPRESENTATION_CONTEXT(2) 
PARAMETRIC_REPRESENTATION_CONTEXT() REPRESENTATION_CONTEXT('2D SPACE',''
  ) );
#197 = ORIENTED_EDGE('',*,*,#198,.F.);
#198 = EDGE_CURVE('',#199,#171,#201,.T.);
#199 = VERTEX_POINT('',#200);
#200 = CARTESIAN_POINT('',(95.,71.85,23.3));
#201 = SURFACE_CURVE('',#202,(#206,#213),.PCURVE_S1.);
#202 = LINE('',#203,#204);
#203 = CARTESIAN_POINT('',(45.425,71.85,23.3));
#204 = VECTOR('',#205,1.);
#205 = DIRECTION('',(-1.,-1.110223024625E-16,0.));
#206 = PCURVE('',#32,#207);
#207 = DEFINITIONAL_REPRESENTATION('',(#208),#212);
#208 = LINE('',#209,#210);
#209 = CARTESIAN_POINT('',(-1.5,-46.575));
#210 = VECTOR('',#211,1.);
#211 = DIRECTION('',(0.,1.));
#212 = ( GEOMETRIC_REPRESENTATION_CONTEXT(2) 
PARAMETRIC_REPRESENTATION_CONTEXT() REPRESENTATION_CONTEXT('2D SPACE',''
  ) );
#213 = PCURVE('',#214,#219);
#214 = PLANE('',#215);
#215 = AXIS2_PLACEMENT_3D('',#216,#217,#218);
#216 = CARTESIAN_POINT('',(92.,72.7,23.3));
#217 = DIRECTION('',(0.,0.,1.));
#218 = DIRECTION('',(1.110223024625E-16,-1.,0.));
#219 = DEFINITIONAL_REPRESENTATION('',(#220),#224);
#220 = LINE('',#221,#222);
#221 = CARTESIAN_POINT('',(0.85,-46.575));
#222 = VECTOR('',#223,1.);
#223 = DIRECTION('',(0.,-1.));
#224 = ( GEOMETRIC_REPRESENTATION_CONTEXT(2) 
PARAMETRIC_REPRESENTATION_CONTEXT() REPRESENTATION_CONTEXT('2D SPACE',''
  ) );
#225 = ORIENTED_EDGE('',*,*,#226,.F.);
#226 = EDGE_CURVE('',#141,#199,#227,.T.);
#227 = SURFACE_CURVE('',#228,(#232,#239),.PCURVE_S1.);
#228 = LINE('',#229,#230);
#229 = CARTESIAN_POINT('',(95.,71.85,22.05));
#230 = VECTOR('',#231,1.);
#231 = DIRECTION('',(0.,0.,1.));
#232 = PCURVE('',#32,#233);
#233 = DEFINITIONAL_REPRESENTATION('',(#234),#238);
#234 = LINE('',#235,#236);
#235 = CARTESIAN_POINT('',(-2.75,-96.15));
#236 = VECTOR('',#237,1.);
#237 = DIRECTION('',(1.,0.));
#238 = ( GEOMETRIC_REPRESENTATION_CONTEXT(2) 
PARAMETRIC_REPRESENTATION_CONTEXT() REPRESENTATION_CONTEXT('2D SPACE',''
  ) );
#239 = PCURVE('',#240,#245);
#240 = PLANE('',#241);
#241 = AXIS2_PLACEMENT_3D('',#242,#243,#244);
#242 = CARTESIAN_POINT('',(95.,72.7,19.3));
#243 = DIRECTION('',(1.,1.110223024625E-16,0.));
#244 = DIRECTION('',(0.,0.,1.));
#245 = DEFINITIONAL_REPRESENTATION('',(#246),#250);
#246 = LINE('',#247,#248);
#247 = CARTESIAN_POINT('',(2.75,0.85));
#248 = VECTOR('',#249,1.);
#249 = DIRECTION('',(1.,0.));
#250 = ( GEOMETRIC_REPRESENTATION_CONTEXT(2) 
PARAMETRIC_REPRESENTATION_CONTEXT() REPRESENTATION_CONTEXT('2D SPACE',''
  ) );
#251 = FACE_BOUND('',#252,.F.);
#252 = EDGE_LOOP('',(#253,#283,#311,#339));
#253 = ORIENTED_EDGE('',*,*,#254,.T.);
#254 = EDGE_CURVE('',#255,#257,#259,.T.);
#255 = VERTEX_POINT('',#256);
#256 = CARTESIAN_POINT('',(88.,71.85,19.3));
#257 = VERTEX_POINT('',#258);
#258 = CARTESIAN_POINT('',(85.,71.85,19.3));
#259 = SURFACE_CURVE('',#260,(#264,#271),.PCURVE_S1.);
#260 = LINE('',#261,#262);
#261 = CARTESIAN_POINT('',(41.925,71.85,19.3));
#262 = VECTOR('',#263,1.);
#263 = DIRECTION('',(-1.,-1.110223024625E-16,0.));
#264 = PCURVE('',#32,#265);
#265 = DEFINITIONAL_REPRESENTATION('',(#266),#270);
#266 = LINE('',#267,#268);
#267 = CARTESIAN_POINT('',(-5.5,-43.075));
#268 = VECTOR('',#269,1.);
#269 = DIRECTION('',(0.,1.));
#270 = ( GEOMETRIC_REPRESENTATION_CONTEXT(2) 
PARAMETRIC_REPRESENTATION_CONTEXT() REPRESENTATION_CONTEXT('2D SPACE',''
  ) );
#271 = PCURVE('',#272,#277);
#272 = PLANE('',#273);
#273 = AXIS2_PLACEMENT_3D('',#274,#275,#276);
#274 = CARTESIAN_POINT('',(85.,72.7,19.3));
#275 = DIRECTION('',(0.,0.,1.));
#276 = DIRECTION('',(1.110223024625E-16,-1.,0.));
#277 = DEFINITIONAL_REPRESENTATION('',(#278),#282);
#278 = LINE('',#279,#280);
#279 = CARTESIAN_POINT('',(0.85,-43.075));
#280 = VECTOR('',#281,1.);
#281 = DIRECTION('',(0.,-1.));
#282 = ( GEOMETRIC_REPRESENTATION_CONTEXT(2) 
PARAMETRIC_REPRESENTATION_CONTEXT() REPRESENTATION_CONTEXT('2D SPACE',''
  ) );
#283 = ORIENTED_EDGE('',*,*,#284,.T.);
#284 = EDGE_CURVE('',#257,#285,#287,.T.);
#285 = VERTEX_POINT('',#286);
#286 = CARTESIAN_POINT('',(85.,71.85,23.3));
#287 = SURFACE_CURVE('',#288,(#292,#299),.PCURVE_S1.);
#288 = LINE('',#289,#290);
#289 = CARTESIAN_POINT('',(85.,71.85,22.05));
#290 = VECTOR('',#291,1.);
#291 = DIRECTION('',(0.,0.,1.));
#292 = PCURVE('',#32,#293);
#293 = DEFINITIONAL_REPRESENTATION('',(#294),#298);
#294 = LINE('',#295,#296);
#295 = CARTESIAN_POINT('',(-2.75,-86.15));
#296 = VECTOR('',#297,1.);
#297 = DIRECTION('',(1.,0.));
#298 = ( GEOMETRIC_REPRESENTATION_CONTEXT(2) 
PARAMETRIC_REPRESENTATION_CONTEXT() REPRESENTATION_CONTEXT('2D SPACE',''
  ) );
#299 = PCURVE('',#300,#305);
#300 = PLANE('',#301);
#301 = AXIS2_PLACEMENT_3D('',#302,#303,#304);
#302 = CARTESIAN_POINT('',(85.,72.7,19.3));
#303 = DIRECTION('',(1.,1.110223024625E-16,0.));
#304 = DIRECTION('',(0.,0.,1.));
#305 = DEFINITIONAL_REPRESENTATION('',(#306),#310);
#306 = LINE('',#307,#308);
#307 = CARTESIAN_POINT('',(2.75,0.85));
#308 = VECTOR('',#309,1.);
#309 = DIRECTION('',(1.,0.));
#310 = ( GEOMETRIC_REPRESENTATION_CONTEXT(2) 
PARAMETRIC_REPRESENTATION_CONTEXT() REPRESENTATION_CONTEXT('2D SPACE',''
  ) );
#311 = ORIENTED_EDGE('',*,*,#312,.F.);
#312 = EDGE_CURVE('',#313,#285,#315,.T.);
#313 = VERTEX_POINT('',#314);
#314 = CARTESIAN_POINT('',(88.,71.85,23.3));
#315 = SURFACE_CURVE('',#316,(#320,#327),.PCURVE_S1.);
#316 = LINE('',#317,#318);
#317 = CARTESIAN_POINT('',(41.925,71.85,23.3));
#318 = VECTOR('',#319,1.);
#319 = DIRECTION('',(-1.,-1.110223024625E-16,0.));
#320 = PCURVE('',#32,#321);
#321 = DEFINITIONAL_REPRESENTATION('',(#322),#326);
#322 = LINE('',#323,#324);
#323 = CARTESIAN_POINT('',(-1.5,-43.075));
#324 = VECTOR('',#325,1.);
#325 = DIRECTION('',(0.,1.));
#326 = ( GEOMETRIC_REPRESENTATION_CONTEXT(2) 
PARAMETRIC_REPRESENTATION_CONTEXT() REPRESENTATION_CONTEXT('2D SPACE',''
  ) );
#327 = PCURVE('',#328,#333);
#328 = PLANE('',#329);
#329 = AXIS2_PLACEMENT_3D('',#330,#331,#332);
#330 = CARTESIAN_POINT('',(85.,72.7,23.3));
#331 = DIRECTION('',(0.,0.,1.));
#332 = DIRECTION('',(1.110223024625E-16,-1.,0.));
#333 = DEFINITIONAL_REPRESENTATION('',(#334),#338);
#334 = LINE('',#335,#336);
#335 = CARTESIAN_POINT('',(0.85,-43.075));
#336 = VECTOR('',#337,1.);
#337 = DIRECTION('',(0.,-1.));
#338 = ( GEOMETRIC_REPRESENTATION_CONTEXT(2) 
PARAMETRIC_REPRESENTATION_CONTEXT() REPRESENTATION_CONTEXT('2D SPACE',''
  ) );
#339 = ORIENTED_EDGE('',*,*,#340,.F.);
#340 = EDGE_CURVE('',#255,#313,#341,.T.);
#341 = SURFACE_CURVE('',#342,(#346,#353),.PCURVE_S1.);
#342 = LINE('',#343,#344);
#343 = CARTESIAN_POINT('',(88.,71.85,22.05));
#344 = VECTOR('',#345,1.);
#345 = DIRECTION('',(0.,0.,1.));
#346 = PCURVE('',#32,#347);
#347 = DEFINITIONAL_REPRESENTATION('',(#348),#352);
#348 = LINE('',#349,#350);
#349 = CARTESIAN_POINT('',(-2.75,-89.15));
#350 = VECTOR('',#351,1.);
#351 = DIRECTION('',(1.,0.));
#352 = ( GEOMETRIC_REPRESENTATION_CONTEXT(2) 
PARAMETRIC_REPRESENTATION_CONTEXT() REPRESENTATION_CONTEXT('2D SPACE',''
  ) );
#353 = PCURVE('',#354,#359);
#354 = PLANE('',#355);
#355 = AXIS2_PLACEMENT_3D('',#356,#357,#358);
#356 = CARTESIAN_POINT('',(88.,72.7,19.3));
#357 = DIRECTION('',(1.,1.110223024625E-16,0.));
#358 = DIRECTION('',(0.,0.,1.));
#359 = DEFINITIONAL_REPRESENTATION('',(#360),#364);
#360 = LINE('',#361,#362);
#361 = CARTESIAN_POINT('',(2.75,0.85));
#362 = VECTOR('',#363,1.);
#363 = DIRECTION('',(1.,0.));
#364 = ( GEOMETRIC_REPRESENTATION_CONTEXT(2) 
PARAMETRIC_REPRESENTATION_CONTEXT() REPRESENTATION_CONTEXT('2D SPACE',''
  ) );
#365 = FACE_BOUND('',#366,.F.);
#366 = EDGE_LOOP('',(#367,#397,#425,#453));
#367 = ORIENTED_EDGE('',*,*,#368,.T.);
#368 = EDGE_CURVE('',#369,#371,#373,.T.);
#369 = VERTEX_POINT('',#370);
#370 = CARTESIAN_POINT('',(81.,71.85,19.3));
#371 = VERTEX_POINT('',#372);
#372 = CARTESIAN_POINT('',(78.,71.85,19.3));
#373 = SURFACE_CURVE('',#374,(#378,#385),.PCURVE_S1.);
#374 = LINE('',#375,#376);
#375 = CARTESIAN_POINT('',(38.425,71.85,19.3));
#376 = VECTOR('',#377,1.);
#377 = DIRECTION('',(-1.,-1.110223024625E-16,0.));
#378 = PCURVE('',#32,#379);
#379 = DEFINITIONAL_REPRESENTATION('',(#380),#384);
#380 = LINE('',#381,#382);
#381 = CARTESIAN_POINT('',(-5.5,-39.575));
#382 = VECTOR('',#383,1.);
#383 = DIRECTION('',(0.,1.));
#384 = ( GEOMETRIC_REPRESENTATION_CONTEXT(2) 
PARAMETRIC_REPRESENTATION_CONTEXT() REPRESENTATION_CONTEXT('2D SPACE',''
  ) );
#385 = PCURVE('',#386,#391);
#386 = PLANE('',#387);
#387 = AXIS2_PLACEMENT_3D('',#388,#389,#390);
#388 = CARTESIAN_POINT('',(78.,72.7,19.3));
#389 = DIRECTION('',(0.,0.,1.));
#390 = DIRECTION('',(1.110223024625E-16,-1.,0.));
#391 = DEFINITIONAL_REPRESENTATION('',(#392),#396);
#392 = LINE('',#393,#394);
#393 = CARTESIAN_POINT('',(0.85,-39.575));
#394 = VECTOR('',#395,1.);
#395 = DIRECTION('',(0.,-1.));
#396 = ( GEOMETRIC_REPRESENTATION_CONTEXT(2) 
PARAMETRIC_REPRESENTATION_CONTEXT() REPRESENTATION_CONTEXT('2D SPACE',''
  ) );
#397 = ORIENTED_EDGE('',*,*,#398,.T.);
#398 = EDGE_CURVE('',#371,#399,#401,.T.);
#399 = VERTEX_POINT('',#400);
#400 = CARTESIAN_POINT('',(78.,71.85,23.3));
#401 = SURFACE_CURVE('',#402,(#406,#413),.PCURVE_S1.);
#402 = LINE('',#403,#404);
#403 = CARTESIAN_POINT('',(78.,71.85,22.05));
#404 = VECTOR('',#405,1.);
#405 = DIRECTION('',(0.,0.,1.));
#406 = PCURVE('',#32,#407);
#407 = DEFINITIONAL_REPRESENTATION('',(#408),#412);
#408 = LINE('',#409,#410);
#409 = CARTESIAN_POINT('',(-2.75,-79.15));
#410 = VECTOR('',#411,1.);
#411 = DIRECTION('',(1.,0.));
#412 = ( GEOMETRIC_REPRESENTATION_CONTEXT(2) 
PARAMETRIC_REPRESENTATION_CONTEXT() REPRESENTATION_CONTEXT('2D SPACE',''
  ) );
#413 = PCURVE('',#414,#419);
#414 = PLANE('',#415);
#415 = AXIS2_PLACEMENT_3D('',#416,#417,#418);
#416 = CARTESIAN_POINT('',(78.,72.7,19.3));
#417 = DIRECTION('',(1.,1.110223024625E-16,0.));
#418 = DIRECTION('',(0.,0.,1.));
#419 = DEFINITIONAL_REPRESENTATION('',(#420),#424);
#420 = LINE('',#421,#422);
#421 = CARTESIAN_POINT('',(2.75,0.85));
#422 = VECTOR('',#423,1.);
#423 = DIRECTION('',(1.,0.));
#424 = ( GEOMETRIC_REPRESENTATION_CONTEXT(2) 
PARAMETRIC_REPRESENTATION_CONTEXT() REPRESENTATION_CONTEXT('2D SPACE',''
  ) );
#425 = ORIENTED_EDGE('',*,*,#426,.F.);
#426 = EDGE_CURVE('',#427,#399,#429,.T.);
#427 = VERTEX_POINT('',#428);
#428 = CARTESIAN_POINT('',(81.,71.85,23.3));
#429 = SURFACE_CURVE('',#430,(#434,#441),.PCURVE_S1.);
#430 = LINE('',#431,#432);
#431 = CARTESIAN_POINT('',(38.425,71.85,23.3));
#432 = VECTOR('',#433,1.);
#433 = DIRECTION('',(-1.,-1.110223024625E-16,0.));
#434 = PCURVE('',#32,#435);
#435 = DEFINITIONAL_REPRESENTATION('',(#436),#440);
#436 = LINE('',#437,#438);
#437 = CARTESIAN_POINT('',(-1.5,-39.575));
#438 = VECTOR('',#439,1.);
#439 = DIRECTION('',(0.,1.));
#440 = ( GEOMETRIC_REPRESENTATION_CONTEXT(2) 
PARAMETRIC_REPRESENTATION_CONTEXT() REPRESENTATION_CONTEXT('2D SPACE',''
  ) );
#441 = PCURVE('',#442,#447);
#442 = PLANE('',#443);
#443 = AXIS2_PLACEMENT_3D('',#444,#445,#446);
#444 = CARTESIAN_POINT('',(78.,72.7,23.3));
#445 = DIRECTION('',(0.,0.,1.));
#446 = DIRECTION('',(1.110223024625E-16,-1.,0.));
#447 = DEFINITIONAL_REPRESENTATION('',(#448),#452);
#448 = LINE('',#449,#450);
#449 = CARTESIAN_POINT('',(0.85,-39.575));
#450 = VECTOR('',#451,1.);
#451 = DIRECTION('',(0.,-1.));
#452 = ( GEOMETRIC_REPRESENTATION_CONTEXT(2) 
PARAMETRIC_REPRESENTATION_CONTEXT() REPRESENTATION_CONTEXT('2D SPACE',''
  ) );
#453 = ORIENTED_EDGE('',*,*,#454,.F.);
#454 = EDGE_CURVE('',#369,#427,#455,.T.);
#455 = SURFACE_CURVE('',#456,(#460,#467),.PCURVE_S1.);
#456 = LINE('',#457,#458);
#457 = CARTESIAN_POINT('',(81.,71.85,22.05));
#458 = VECTOR('',#459,1.);
#459 = DIRECTION('',(0.,0.,1.));
#460 = PCURVE('',#32,#461);
#461 = DEFINITIONAL_REPRESENTATION('',(#462),#466);
#462 = LINE('',#463,#464);
#463 = CARTESIAN_POINT('',(-2.75,-82.15));
#464 = VECTOR('',#465,1.);
#465 = DIRECTION('',(1.,0.));
#466 = ( GEOMETRIC_REPRESENTATION_CONTEXT(2) 
PARAMETRIC_REPRESENTATION_CONTEXT() REPRESENTATION_CONTEXT('2D SPACE',''
  ) );
#467 = PCURVE('',#468,#473);
#468 = PLANE('',#469);
#469 = AXIS2_PLACEMENT_3D('',#470,#471,#472);
#470 = CARTESIAN_POINT('',(81.,72.7,19.3));
#471 = DIRECTION('',(1.,1.110223024625E-16,0.));
#472 = DIRECTION('',(0.,0.,1.));
#473 = DEFINITIONAL_REPRESENTATION('',(#474),#478);
#474 = LINE('',#475,#476);
#475 = CARTESIAN_POINT('',(2.75,0.85));
#476 = VECTOR('',#477,1.);
#477 = DIRECTION('',(1.,0.));
#478 = ( GEOMETRIC_REPRESENTATION_CONTEXT(2) 
PARAMETRIC_REPRESENTATION_CONTEXT() REPRESENTATION_CONTEXT('2D SPACE',''
  ) );
#479 = FACE_BOUND('',#480,.F.);
#480 = EDGE_LOOP('',(#481,#511,#539,#567));
#481 = ORIENTED_EDGE('',*,*,#482,.T.);
#482 = EDGE_CURVE('',#483,#485,#487,.T.);
#483 = VERTEX_POINT('',#484);
#484 = CARTESIAN_POINT('',(74.,71.85,19.3));
#485 = VERTEX_POINT('',#486);
#486 = CARTESIAN_POINT('',(71.,71.85,19.3));
#487 = SURFACE_CURVE('',#488,(#492,#499),.PCURVE_S1.);
#488 = LINE('',#489,#490);
#489 = CARTESIAN_POINT('',(34.925,71.85,19.3));
#490 = VECTOR('',#491,1.);
#491 = DIRECTION('',(-1.,-1.110223024625E-16,0.));
#492 = PCURVE('',#32,#493);
#493 = DEFINITIONAL_REPRESENTATION('',(#494),#498);
#494 = LINE('',#495,#496);
#495 = CARTESIAN_POINT('',(-5.5,-36.075));
#496 = VECTOR('',#497,1.);
#497 = DIRECTION('',(0.,1.));
#498 = ( GEOMETRIC_REPRESENTATION_CONTEXT(2) 
PARAMETRIC_REPRESENTATION_CONTEXT() REPRESENTATION_CONTEXT('2D SPACE',''
  ) );
#499 = PCURVE('',#500,#505);
#500 = PLANE('',#501);
#501 = AXIS2_PLACEMENT_3D('',#502,#503,#504);
#502 = CARTESIAN_POINT('',(71.,72.7,19.3));
#503 = DIRECTION('',(0.,0.,1.));
#504 = DIRECTION('',(1.110223024625E-16,-1.,0.));
#505 = DEFINITIONAL_REPRESENTATION('',(#506),#510);
#506 = LINE('',#507,#508);
#507 = CARTESIAN_POINT('',(0.85,-36.075));
#508 = VECTOR('',#509,1.);
#509 = DIRECTION('',(0.,-1.));
#510 = ( GEOMETRIC_REPRESENTATION_CONTEXT(2) 
PARAMETRIC_REPRESENTATION_CONTEXT() REPRESENTATION_CONTEXT('2D SPACE',''
  ) );
#511 = ORIENTED_EDGE('',*,*,#512,.T.);
#512 = EDGE_CURVE('',#485,#513,#515,.T.);
#513 = VERTEX_POINT('',#514);
#514 = CARTESIAN_POINT('',(71.,71.85,23.3));
#515 = SURFACE_CURVE('',#516,(#520,#527),.PCURVE_S1.);
#516 = LINE('',#517,#518);
#517 = CARTESIAN_POINT('',(71.,71.85,22.05));
#518 = VECTOR('',#519,1.);
#519 = DIRECTION('',(0.,0.,1.));
#520 = PCURVE('',#32,#521);
#521 = DEFINITIONAL_REPRESENTATION('',(#522),#526);
#522 = LINE('',#523,#524);
#523 = CARTESIAN_POINT('',(-2.75,-72.15));
#524 = VECTOR('',#525,1.);
#525 = DIRECTION('',(1.,0.));
#526 = ( GEOMETRIC_REPRESENTATION_CONTEXT(2) 
PARAMETRIC_REPRESENTATION_CONTEXT() REPRESENTATION_CONTEXT('2D SPACE',''
  ) );
#527 = PCURVE('',#528,#533);
#528 = PLANE('',#529);
#529 = AXIS2_PLACEMENT_3D('',#530,#531,#532);
#530 = CARTESIAN_POINT('',(71.,72.7,19.3));
#531 = DIRECTION('',(1.,1.110223024625E-16,0.));
#532 = DIRECTION('',(0.,0.,1.));
#533 = DEFINITIONAL_REPRESENTATION('',(#534),#538);
#534 = LINE('',#535,#536);
#535 = CARTESIAN_POINT('',(2.75,0.85));
#536 = VECTOR('',#537,1.);
#537 = DIRECTION('',(1.,0.));
#538 = ( GEOMETRIC_REPRESENTATION_CONTEXT(2) 
PARAMETRIC_REPRESENTATION_CONTEXT() REPRESENTATION_CONTEXT('2D SPACE',''
  ) );
#539 = ORIENTED_EDGE('',*,*,#540,.F.);
#540 = EDGE_CURVE('',#541,#513,#543,.T.);
#541 = VERTEX_POINT('',#542);
#542 = CARTESIAN_POINT('',(74.,71.85,23.3));
#543 = SURFACE_CURVE('',#544,(#548,#555),.PCURVE_S1.);
#544 = LINE('',#545,#546);
#545 = CARTESIAN_POINT('',(34.925,71.85,23.3));
#546 = VECTOR('',#547,1.);
#547 = DIRECTION('',(-1.,-1.110223024625E-16,0.));
#548 = PCURVE('',#32,#549);
#549 = DEFINITIONAL_REPRESENTATION('',(#550),#554);
#550 = LINE('',#551,#552);
#551 = CARTESIAN_POINT('',(-1.5,-36.075));
#552 = VECTOR('',#553,1.);
#553 = DIRECTION('',(0.,1.));
#554 = ( GEOMETRIC_REPRESENTATION_CONTEXT(2) 
PARAMETRIC_REPRESENTATION_CONTEXT() REPRESENTATION_CONTEXT('2D SPACE',''
  ) );
#555 = PCURVE('',#556,#561);
#556 = PLANE('',#557);
#557 = AXIS2_PLACEMENT_3D('',#558,#559,#560);
#558 = CARTESIAN_POINT('',(71.,72.7,23.3));
#559 = DIRECTION('',(0.,0.,1.));
#560 = DIRECTION('',(1.110223024625E-16,-1.,0.));
#561 = DEFINITIONAL_REPRESENTATION('',(#562),#566);
#562 = LINE('',#563,#564);
#563 = CARTESIAN_POINT('',(0.85,-36.075));
#564 = VECTOR('',#565,1.);
#565 = DIRECTION('',(0.,-1.));
#566 = ( GEOMETRIC_REPRESENTATION_CONTEXT(2) 
PARAMETRIC_REPRESENTATION_CONTEXT() REPRESENTATION_CONTEXT('2D SPACE',''
  ) );
#567 = ORIENTED_EDGE('',*,*,#568,.F.);
#568 = EDGE_CURVE('',#483,#541,#569,.T.);
#569 = SURFACE_CURVE('',#570,(#574,#581),.PCURVE_S1.);
#570 = LINE('',#571,#572);
#571 = CARTESIAN_POINT('',(74.,71.85,22.05));
#572 = VECTOR('',#573,1.);
#573 = DIRECTION('',(0.,0.,1.));
#574 = PCURVE('',#32,#575);
#575 = DEFINITIONAL_REPRESENTATION('',(#576),#580);
#576 = LINE('',#577,#578);
#577 = CARTESIAN_POINT('',(-2.75,-75.15));
#578 = VECTOR('',#579,1.);
#579 = DIRECTION('',(1.,0.));
#580 = ( GEOMETRIC_REPRESENTATION_CONTEXT(2) 
PARAMETRIC_REPRESENTATION_CONTEXT() REPRESENTATION_CONTEXT('2D SPACE',''
  ) );
#581 = PCURVE('',#582,#587);
#582 = PLANE('',#583);
#583 = AXIS2_PLACEMENT_3D('',#584,#585,#586);
#584 = CARTESIAN_POINT('',(74.,72.7,19.3));
#585 = DIRECTION('',(1.,1.110223024625E-16,0.));
#586 = DIRECTION('',(0.,0.,1.));
#587 = DEFINITIONAL_REPRESENTATION('',(#588),#592);
#588 = LINE('',#589,#590);
#589 = CARTESIAN_POINT('',(2.75,0.85));
#590 = VECTOR('',#591,1.);
#591 = DIRECTION('',(1.,0.));
#592 = ( GEOMETRIC_REPRESENTATION_CONTEXT(2) 
PARAMETRIC_REPRESENTATION_CONTEXT() REPRESENTATION_CONTEXT('2D SPACE',''
  ) );
#593 = ADVANCED_FACE('',(#594,#793,#1023,#1253,#1483,#1713,#1943,#2173),
  #44,.T.);
#594 = FACE_BOUND('',#595,.T.);
#595 = EDGE_LOOP('',(#596,#597,#621,#649,#682,#710,#739,#767));
#596 = ORIENTED_EDGE('',*,*,#21,.F.);
#597 = ORIENTED_EDGE('',*,*,#598,.T.);
#598 = EDGE_CURVE('',#22,#599,#601,.T.);
#599 = VERTEX_POINT('',#600);
#600 = CARTESIAN_POINT('',(-1.15,67.7,27.8));
#601 = SURFACE_CURVE('',#602,(#607,#614),.PCURVE_S1.);
#602 = CIRCLE('',#603,4.15);
#603 = AXIS2_PLACEMENT_3D('',#604,#605,#606);
#604 = CARTESIAN_POINT('',(3.,67.7,27.8));
#605 = DIRECTION('',(0.,0.,1.));
#606 = DIRECTION('',(-1.,-1.110223024625E-16,0.));
#607 = PCURVE('',#44,#608);
#608 = DEFINITIONAL_REPRESENTATION('',(#609),#613);
#609 = CIRCLE('',#610,4.15);
#610 = AXIS2_PLACEMENT_2D('',#611,#612);
#611 = CARTESIAN_POINT('',(4.15,4.15));
#612 = DIRECTION('',(0.,-1.));
#613 = ( GEOMETRIC_REPRESENTATION_CONTEXT(2) 
PARAMETRIC_REPRESENTATION_CONTEXT() REPRESENTATION_CONTEXT('2D SPACE',''
  ) );
#614 = PCURVE('',#72,#615);
#615 = DEFINITIONAL_REPRESENTATION('',(#616),#620);
#616 = LINE('',#617,#618);
#617 = CARTESIAN_POINT('',(-4.712388980385,3.));
#618 = VECTOR('',#619,1.);
#619 = DIRECTION('',(1.,0.));
#620 = ( GEOMETRIC_REPRESENTATION_CONTEXT(2) 
PARAMETRIC_REPRESENTATION_CONTEXT() REPRESENTATION_CONTEXT('2D SPACE',''
  ) );
#621 = ORIENTED_EDGE('',*,*,#622,.T.);
#622 = EDGE_CURVE('',#599,#623,#625,.T.);
#623 = VERTEX_POINT('',#624);
#624 = CARTESIAN_POINT('',(-1.15,3.,27.8));
#625 = SURFACE_CURVE('',#626,(#630,#637),.PCURVE_S1.);
#626 = LINE('',#627,#628);
#627 = CARTESIAN_POINT('',(-1.15,71.85,27.8));
#628 = VECTOR('',#629,1.);
#629 = DIRECTION('',(1.110223024625E-16,-1.,0.));
#630 = PCURVE('',#44,#631);
#631 = DEFINITIONAL_REPRESENTATION('',(#632),#636);
#632 = LINE('',#633,#634);
#633 = CARTESIAN_POINT('',(0.,0.));
#634 = VECTOR('',#635,1.);
#635 = DIRECTION('',(1.,0.));
#636 = ( GEOMETRIC_REPRESENTATION_CONTEXT(2) 
PARAMETRIC_REPRESENTATION_CONTEXT() REPRESENTATION_CONTEXT('2D SPACE',''
  ) );
#637 = PCURVE('',#638,#643);
#638 = PLANE('',#639);
#639 = AXIS2_PLACEMENT_3D('',#640,#641,#642);
#640 = CARTESIAN_POINT('',(-1.15,71.85,24.8));
#641 = DIRECTION('',(1.,1.110223024625E-16,0.));
#642 = DIRECTION('',(0.,0.,1.));
#643 = DEFINITIONAL_REPRESENTATION('',(#644),#648);
#644 = LINE('',#645,#646);
#645 = CARTESIAN_POINT('',(3.,0.));
#646 = VECTOR('',#647,1.);
#647 = DIRECTION('',(0.,1.));
#648 = ( GEOMETRIC_REPRESENTATION_CONTEXT(2) 
PARAMETRIC_REPRESENTATION_CONTEXT() REPRESENTATION_CONTEXT('2D SPACE',''
  ) );
#649 = ORIENTED_EDGE('',*,*,#650,.F.);
#650 = EDGE_CURVE('',#651,#623,#653,.T.);
#651 = VERTEX_POINT('',#652);
#652 = CARTESIAN_POINT('',(3.,-1.15,27.8));
#653 = SURFACE_CURVE('',#654,(#659,#670),.PCURVE_S1.);
#654 = CIRCLE('',#655,4.15);
#655 = AXIS2_PLACEMENT_3D('',#656,#657,#658);
#656 = CARTESIAN_POINT('',(3.,3.,27.8));
#657 = DIRECTION('',(-0.,0.,-1.));
#658 = DIRECTION('',(-1.,-1.110223024625E-16,0.));
#659 = PCURVE('',#44,#660);
#660 = DEFINITIONAL_REPRESENTATION('',(#661),#669);
#661 = ( BOUNDED_CURVE() B_SPLINE_CURVE(2,(#662,#663,#664,#665,#666,#667
,#668),.UNSPECIFIED.,.T.,.F.) B_SPLINE_CURVE_WITH_KNOTS((1,2,2,2,2,1),(
    -2.094395102393,0.,2.094395102393,4.188790204786,6.28318530718,
8.377580409573),.UNSPECIFIED.) CURVE() GEOMETRIC_REPRESENTATION_ITEM() 
RATIONAL_B_SPLINE_CURVE((1.,0.5,1.,0.5,1.,0.5,1.)) REPRESENTATION_ITEM(
  '') );
#662 = CARTESIAN_POINT('',(68.85,-8.881784197001E-16));
#663 = CARTESIAN_POINT('',(61.661989148589,-8.881784197001E-16));
#664 = CARTESIAN_POINT('',(65.255994574295,6.225));
#665 = CARTESIAN_POINT('',(68.85,12.45));
#666 = CARTESIAN_POINT('',(72.444005425705,6.225));
#667 = CARTESIAN_POINT('',(76.038010851411,5.329070518201E-15));
#668 = CARTESIAN_POINT('',(68.85,-8.881784197001E-16));
#669 = ( GEOMETRIC_REPRESENTATION_CONTEXT(2) 
PARAMETRIC_REPRESENTATION_CONTEXT() REPRESENTATION_CONTEXT('2D SPACE',''
  ) );
#670 = PCURVE('',#671,#676);
#671 = CYLINDRICAL_SURFACE('',#672,4.15);
#672 = AXIS2_PLACEMENT_3D('',#673,#674,#675);
#673 = CARTESIAN_POINT('',(3.,3.,24.8));
#674 = DIRECTION('',(0.,0.,1.));
#675 = DIRECTION('',(1.110223024625E-16,-1.,0.));
#676 = DEFINITIONAL_REPRESENTATION('',(#677),#681);
#677 = LINE('',#678,#679);
#678 = CARTESIAN_POINT('',(4.712388980385,3.));
#679 = VECTOR('',#680,1.);
#680 = DIRECTION('',(-1.,0.));
#681 = ( GEOMETRIC_REPRESENTATION_CONTEXT(2) 
PARAMETRIC_REPRESENTATION_CONTEXT() REPRESENTATION_CONTEXT('2D SPACE',''
  ) );
#682 = ORIENTED_EDGE('',*,*,#683,.T.);
#683 = EDGE_CURVE('',#651,#684,#686,.T.);
#684 = VERTEX_POINT('',#685);
#685 = CARTESIAN_POINT('',(123.9,-1.15,27.8));
#686 = SURFACE_CURVE('',#687,(#691,#698),.PCURVE_S1.);
#687 = LINE('',#688,#689);
#688 = CARTESIAN_POINT('',(-1.15,-1.15,27.8));
#689 = VECTOR('',#690,1.);
#690 = DIRECTION('',(1.,1.110223024625E-16,0.));
#691 = PCURVE('',#44,#692);
#692 = DEFINITIONAL_REPRESENTATION('',(#693),#697);
#693 = LINE('',#694,#695);
#694 = CARTESIAN_POINT('',(73.,1.110223024625E-16));
#695 = VECTOR('',#696,1.);
#696 = DIRECTION('',(0.,1.));
#697 = ( GEOMETRIC_REPRESENTATION_CONTEXT(2) 
PARAMETRIC_REPRESENTATION_CONTEXT() REPRESENTATION_CONTEXT('2D SPACE',''
  ) );
#698 = PCURVE('',#699,#704);
#699 = PLANE('',#700);
#700 = AXIS2_PLACEMENT_3D('',#701,#702,#703);
#701 = CARTESIAN_POINT('',(-1.15,-1.15,24.8));
#702 = DIRECTION('',(1.110223024625E-16,-1.,0.));
#703 = DIRECTION('',(0.,0.,1.));
#704 = DEFINITIONAL_REPRESENTATION('',(#705),#709);
#705 = LINE('',#706,#707);
#706 = CARTESIAN_POINT('',(3.,0.));
#707 = VECTOR('',#708,1.);
#708 = DIRECTION('',(0.,-1.));
#709 = ( GEOMETRIC_REPRESENTATION_CONTEXT(2) 
PARAMETRIC_REPRESENTATION_CONTEXT() REPRESENTATION_CONTEXT('2D SPACE',''
  ) );
#710 = ORIENTED_EDGE('',*,*,#711,.T.);
#711 = EDGE_CURVE('',#684,#712,#714,.T.);
#712 = VERTEX_POINT('',#713);
#713 = CARTESIAN_POINT('',(128.05,3.,27.8));
#714 = SURFACE_CURVE('',#715,(#720,#727),.PCURVE_S1.);
#715 = CIRCLE('',#716,4.15);
#716 = AXIS2_PLACEMENT_3D('',#717,#718,#719);
#717 = CARTESIAN_POINT('',(123.9,3.,27.8));
#718 = DIRECTION('',(0.,0.,1.));
#719 = DIRECTION('',(-1.,-1.110223024625E-16,0.));
#720 = PCURVE('',#44,#721);
#721 = DEFINITIONAL_REPRESENTATION('',(#722),#726);
#722 = CIRCLE('',#723,4.15);
#723 = AXIS2_PLACEMENT_2D('',#724,#725);
#724 = CARTESIAN_POINT('',(68.85,125.05));
#725 = DIRECTION('',(0.,-1.));
#726 = ( GEOMETRIC_REPRESENTATION_CONTEXT(2) 
PARAMETRIC_REPRESENTATION_CONTEXT() REPRESENTATION_CONTEXT('2D SPACE',''
  ) );
#727 = PCURVE('',#728,#733);
#728 = CYLINDRICAL_SURFACE('',#729,4.15);
#729 = AXIS2_PLACEMENT_3D('',#730,#731,#732);
#730 = CARTESIAN_POINT('',(123.9,3.,24.8));
#731 = DIRECTION('',(0.,0.,1.));
#732 = DIRECTION('',(1.110223024625E-16,-1.,0.));
#733 = DEFINITIONAL_REPRESENTATION('',(#734),#738);
#734 = LINE('',#735,#736);
#735 = CARTESIAN_POINT('',(-1.570796326795,3.));
#736 = VECTOR('',#737,1.);
#737 = DIRECTION('',(1.,0.));
#738 = ( GEOMETRIC_REPRESENTATION_CONTEXT(2) 
PARAMETRIC_REPRESENTATION_CONTEXT() REPRESENTATION_CONTEXT('2D SPACE',''
  ) );
#739 = ORIENTED_EDGE('',*,*,#740,.T.);
#740 = EDGE_CURVE('',#712,#741,#743,.T.);
#741 = VERTEX_POINT('',#742);
#742 = CARTESIAN_POINT('',(128.05,67.7,27.8));
#743 = SURFACE_CURVE('',#744,(#748,#755),.PCURVE_S1.);
#744 = LINE('',#745,#746);
#745 = CARTESIAN_POINT('',(128.05,3.,27.8));
#746 = VECTOR('',#747,1.);
#747 = DIRECTION('',(-1.110223024625E-16,1.,0.));
#748 = PCURVE('',#44,#749);
#749 = DEFINITIONAL_REPRESENTATION('',(#750),#754);
#750 = LINE('',#751,#752);
#751 = CARTESIAN_POINT('',(68.85,129.2));
#752 = VECTOR('',#753,1.);
#753 = DIRECTION('',(-1.,0.));
#754 = ( GEOMETRIC_REPRESENTATION_CONTEXT(2) 
PARAMETRIC_REPRESENTATION_CONTEXT() REPRESENTATION_CONTEXT('2D SPACE',''
  ) );
#755 = PCURVE('',#756,#761);
#756 = PLANE('',#757);
#757 = AXIS2_PLACEMENT_3D('',#758,#759,#760);
#758 = CARTESIAN_POINT('',(128.05,71.85,24.8));
#759 = DIRECTION('',(1.,1.110223024625E-16,0.));
#760 = DIRECTION('',(0.,0.,1.));
#761 = DEFINITIONAL_REPRESENTATION('',(#762),#766);
#762 = LINE('',#763,#764);
#763 = CARTESIAN_POINT('',(3.,68.85));
#764 = VECTOR('',#765,1.);
#765 = DIRECTION('',(0.,-1.));
#766 = ( GEOMETRIC_REPRESENTATION_CONTEXT(2) 
PARAMETRIC_REPRESENTATION_CONTEXT() REPRESENTATION_CONTEXT('2D SPACE',''
  ) );
#767 = ORIENTED_EDGE('',*,*,#768,.F.);
#768 = EDGE_CURVE('',#24,#741,#769,.T.);
#769 = SURFACE_CURVE('',#770,(#775,#786),.PCURVE_S1.);
#770 = CIRCLE('',#771,4.15);
#771 = AXIS2_PLACEMENT_3D('',#772,#773,#774);
#772 = CARTESIAN_POINT('',(123.9,67.7,27.8));
#773 = DIRECTION('',(-0.,0.,-1.));
#774 = DIRECTION('',(-1.,-1.110223024625E-16,0.));
#775 = PCURVE('',#44,#776);
#776 = DEFINITIONAL_REPRESENTATION('',(#777),#785);
#777 = ( BOUNDED_CURVE() B_SPLINE_CURVE(2,(#778,#779,#780,#781,#782,#783
,#784),.UNSPECIFIED.,.T.,.F.) B_SPLINE_CURVE_WITH_KNOTS((1,2,2,2,2,1),(
    -2.094395102393,0.,2.094395102393,4.188790204786,6.28318530718,
8.377580409573),.UNSPECIFIED.) CURVE() GEOMETRIC_REPRESENTATION_ITEM() 
RATIONAL_B_SPLINE_CURVE((1.,0.5,1.,0.5,1.,0.5,1.)) REPRESENTATION_ITEM(
  '') );
#778 = CARTESIAN_POINT('',(4.15,120.9));
#779 = CARTESIAN_POINT('',(-3.038010851411,120.9));
#780 = CARTESIAN_POINT('',(0.555994574295,127.125));
#781 = CARTESIAN_POINT('',(4.15,133.35));
#782 = CARTESIAN_POINT('',(7.744005425705,127.125));
#783 = CARTESIAN_POINT('',(11.338010851411,120.9));
#784 = CARTESIAN_POINT('',(4.15,120.9));
#785 = ( GEOMETRIC_REPRESENTATION_CONTEXT(2) 
PARAMETRIC_REPRESENTATION_CONTEXT() REPRESENTATION_CONTEXT('2D SPACE',''
  ) );
#786 = PCURVE('',#126,#787);
#787 = DEFINITIONAL_REPRESENTATION('',(#788),#792);
#788 = LINE('',#789,#790);
#789 = CARTESIAN_POINT('',(1.570796326795,3.));
#790 = VECTOR('',#791,1.);
#791 = DIRECTION('',(-1.,0.));
#792 = ( GEOMETRIC_REPRESENTATION_CONTEXT(2) 
PARAMETRIC_REPRESENTATION_CONTEXT() REPRESENTATION_CONTEXT('2D SPACE',''
  ) );
#793 = FACE_BOUND('',#794,.T.);
#794 = EDGE_LOOP('',(#795,#826,#854,#883,#911,#940,#968,#997));
#795 = ORIENTED_EDGE('',*,*,#796,.F.);
#796 = EDGE_CURVE('',#797,#799,#801,.T.);
#797 = VERTEX_POINT('',#798);
#798 = CARTESIAN_POINT('',(15.025,37.45,27.8));
#799 = VERTEX_POINT('',#800);
#800 = CARTESIAN_POINT('',(12.935,35.36,27.8));
#801 = SURFACE_CURVE('',#802,(#807,#814),.PCURVE_S1.);
#802 = CIRCLE('',#803,2.09);
#803 = AXIS2_PLACEMENT_3D('',#804,#805,#806);
#804 = CARTESIAN_POINT('',(15.025,35.36,27.8));
#805 = DIRECTION('',(0.,0.,1.));
#806 = DIRECTION('',(-1.110223024625E-16,1.,0.));
#807 = PCURVE('',#44,#808);
#808 = DEFINITIONAL_REPRESENTATION('',(#809),#813);
#809 = CIRCLE('',#810,2.09);
#810 = AXIS2_PLACEMENT_2D('',#811,#812);
#811 = CARTESIAN_POINT('',(36.49,16.175));
#812 = DIRECTION('',(-1.,0.));
#813 = ( GEOMETRIC_REPRESENTATION_CONTEXT(2) 
PARAMETRIC_REPRESENTATION_CONTEXT() REPRESENTATION_CONTEXT('2D SPACE',''
  ) );
#814 = PCURVE('',#815,#820);
#815 = CYLINDRICAL_SURFACE('',#816,2.09);
#816 = AXIS2_PLACEMENT_3D('',#817,#818,#819);
#817 = CARTESIAN_POINT('',(15.025,35.36,24.7));
#818 = DIRECTION('',(0.,0.,1.));
#819 = DIRECTION('',(-1.110223024625E-16,1.,0.));
#820 = DEFINITIONAL_REPRESENTATION('',(#821),#825);
#821 = LINE('',#822,#823);
#822 = CARTESIAN_POINT('',(0.,3.1));
#823 = VECTOR('',#824,1.);
#824 = DIRECTION('',(1.,0.));
#825 = ( GEOMETRIC_REPRESENTATION_CONTEXT(2) 
PARAMETRIC_REPRESENTATION_CONTEXT() REPRESENTATION_CONTEXT('2D SPACE',''
  ) );
#826 = ORIENTED_EDGE('',*,*,#827,.T.);
#827 = EDGE_CURVE('',#797,#828,#830,.T.);
#828 = VERTEX_POINT('',#829);
#829 = CARTESIAN_POINT('',(21.79,37.45,27.8));
#830 = SURFACE_CURVE('',#831,(#835,#842),.PCURVE_S1.);
#831 = LINE('',#832,#833);
#832 = CARTESIAN_POINT('',(5.8925,37.45,27.8));
#833 = VECTOR('',#834,1.);
#834 = DIRECTION('',(1.,1.110223024625E-16,0.));
#835 = PCURVE('',#44,#836);
#836 = DEFINITIONAL_REPRESENTATION('',(#837),#841);
#837 = LINE('',#838,#839);
#838 = CARTESIAN_POINT('',(34.4,7.0425));
#839 = VECTOR('',#840,1.);
#840 = DIRECTION('',(0.,1.));
#841 = ( GEOMETRIC_REPRESENTATION_CONTEXT(2) 
PARAMETRIC_REPRESENTATION_CONTEXT() REPRESENTATION_CONTEXT('2D SPACE',''
  ) );
#842 = PCURVE('',#843,#848);
#843 = PLANE('',#844);
#844 = AXIS2_PLACEMENT_3D('',#845,#846,#847);
#845 = CARTESIAN_POINT('',(12.935,37.45,24.7));
#846 = DIRECTION('',(1.110223024625E-16,-1.,0.));
#847 = DIRECTION('',(0.,0.,1.));
#848 = DEFINITIONAL_REPRESENTATION('',(#849),#853);
#849 = LINE('',#850,#851);
#850 = CARTESIAN_POINT('',(3.1,7.0425));
#851 = VECTOR('',#852,1.);
#852 = DIRECTION('',(0.,-1.));
#853 = ( GEOMETRIC_REPRESENTATION_CONTEXT(2) 
PARAMETRIC_REPRESENTATION_CONTEXT() REPRESENTATION_CONTEXT('2D SPACE',''
  ) );
#854 = ORIENTED_EDGE('',*,*,#855,.F.);
#855 = EDGE_CURVE('',#856,#828,#858,.T.);
#856 = VERTEX_POINT('',#857);
#857 = CARTESIAN_POINT('',(23.88,35.36,27.8));
#858 = SURFACE_CURVE('',#859,(#864,#871),.PCURVE_S1.);
#859 = CIRCLE('',#860,2.09);
#860 = AXIS2_PLACEMENT_3D('',#861,#862,#863);
#861 = CARTESIAN_POINT('',(21.79,35.36,27.8));
#862 = DIRECTION('',(0.,0.,1.));
#863 = DIRECTION('',(-1.110223024625E-16,1.,0.));
#864 = PCURVE('',#44,#865);
#865 = DEFINITIONAL_REPRESENTATION('',(#866),#870);
#866 = CIRCLE('',#867,2.09);
#867 = AXIS2_PLACEMENT_2D('',#868,#869);
#868 = CARTESIAN_POINT('',(36.49,22.94));
#869 = DIRECTION('',(-1.,0.));
#870 = ( GEOMETRIC_REPRESENTATION_CONTEXT(2) 
PARAMETRIC_REPRESENTATION_CONTEXT() REPRESENTATION_CONTEXT('2D SPACE',''
  ) );
#871 = PCURVE('',#872,#877);
#872 = CYLINDRICAL_SURFACE('',#873,2.09);
#873 = AXIS2_PLACEMENT_3D('',#874,#875,#876);
#874 = CARTESIAN_POINT('',(21.79,35.36,24.7));
#875 = DIRECTION('',(0.,0.,1.));
#876 = DIRECTION('',(-1.110223024625E-16,1.,0.));
#877 = DEFINITIONAL_REPRESENTATION('',(#878),#882);
#878 = LINE('',#879,#880);
#879 = CARTESIAN_POINT('',(-6.28318530718,3.1));
#880 = VECTOR('',#881,1.);
#881 = DIRECTION('',(1.,-0.));
#882 = ( GEOMETRIC_REPRESENTATION_CONTEXT(2) 
PARAMETRIC_REPRESENTATION_CONTEXT() REPRESENTATION_CONTEXT('2D SPACE',''
  ) );
#883 = ORIENTED_EDGE('',*,*,#884,.F.);
#884 = EDGE_CURVE('',#885,#856,#887,.T.);
#885 = VERTEX_POINT('',#886);
#886 = CARTESIAN_POINT('',(23.88,35.34,27.8));
#887 = SURFACE_CURVE('',#888,(#892,#899),.PCURVE_S1.);
#888 = LINE('',#889,#890);
#889 = CARTESIAN_POINT('',(23.88,54.65,27.8));
#890 = VECTOR('',#891,1.);
#891 = DIRECTION('',(-1.110223024625E-16,1.,0.));
#892 = PCURVE('',#44,#893);
#893 = DEFINITIONAL_REPRESENTATION('',(#894),#898);
#894 = LINE('',#895,#896);
#895 = CARTESIAN_POINT('',(17.2,25.03));
#896 = VECTOR('',#897,1.);
#897 = DIRECTION('',(-1.,0.));
#898 = ( GEOMETRIC_REPRESENTATION_CONTEXT(2) 
PARAMETRIC_REPRESENTATION_CONTEXT() REPRESENTATION_CONTEXT('2D SPACE',''
  ) );
#899 = PCURVE('',#900,#905);
#900 = PLANE('',#901);
#901 = AXIS2_PLACEMENT_3D('',#902,#903,#904);
#902 = CARTESIAN_POINT('',(23.88,37.45,24.7));
#903 = DIRECTION('',(1.,1.110223024625E-16,0.));
#904 = DIRECTION('',(0.,0.,1.));
#905 = DEFINITIONAL_REPRESENTATION('',(#906),#910);
#906 = LINE('',#907,#908);
#907 = CARTESIAN_POINT('',(3.1,-17.2));
#908 = VECTOR('',#909,1.);
#909 = DIRECTION('',(0.,-1.));
#910 = ( GEOMETRIC_REPRESENTATION_CONTEXT(2) 
PARAMETRIC_REPRESENTATION_CONTEXT() REPRESENTATION_CONTEXT('2D SPACE',''
  ) );
#911 = ORIENTED_EDGE('',*,*,#912,.F.);
#912 = EDGE_CURVE('',#913,#885,#915,.T.);
#913 = VERTEX_POINT('',#914);
#914 = CARTESIAN_POINT('',(21.79,33.25,27.8));
#915 = SURFACE_CURVE('',#916,(#921,#928),.PCURVE_S1.);
#916 = CIRCLE('',#917,2.09);
#917 = AXIS2_PLACEMENT_3D('',#918,#919,#920);
#918 = CARTESIAN_POINT('',(21.79,35.34,27.8));
#919 = DIRECTION('',(-0.,0.,1.));
#920 = DIRECTION('',(1.110223024625E-16,-1.,0.));
#921 = PCURVE('',#44,#922);
#922 = DEFINITIONAL_REPRESENTATION('',(#923),#927);
#923 = CIRCLE('',#924,2.09);
#924 = AXIS2_PLACEMENT_2D('',#925,#926);
#925 = CARTESIAN_POINT('',(36.51,22.94));
#926 = DIRECTION('',(1.,0.));
#927 = ( GEOMETRIC_REPRESENTATION_CONTEXT(2) 
PARAMETRIC_REPRESENTATION_CONTEXT() REPRESENTATION_CONTEXT('2D SPACE',''
  ) );
#928 = PCURVE('',#929,#934);
#929 = CYLINDRICAL_SURFACE('',#930,2.09);
#930 = AXIS2_PLACEMENT_3D('',#931,#932,#933);
#931 = CARTESIAN_POINT('',(21.79,35.34,24.7));
#932 = DIRECTION('',(0.,0.,1.));
#933 = DIRECTION('',(1.110223024625E-16,-1.,0.));
#934 = DEFINITIONAL_REPRESENTATION('',(#935),#939);
#935 = LINE('',#936,#937);
#936 = CARTESIAN_POINT('',(0.,3.1));
#937 = VECTOR('',#938,1.);
#938 = DIRECTION('',(1.,0.));
#939 = ( GEOMETRIC_REPRESENTATION_CONTEXT(2) 
PARAMETRIC_REPRESENTATION_CONTEXT() REPRESENTATION_CONTEXT('2D SPACE',''
  ) );
#940 = ORIENTED_EDGE('',*,*,#941,.F.);
#941 = EDGE_CURVE('',#942,#913,#944,.T.);
#942 = VERTEX_POINT('',#943);
#943 = CARTESIAN_POINT('',(15.025,33.25,27.8));
#944 = SURFACE_CURVE('',#945,(#949,#956),.PCURVE_S1.);
#945 = LINE('',#946,#947);
#946 = CARTESIAN_POINT('',(5.8925,33.25,27.8));
#947 = VECTOR('',#948,1.);
#948 = DIRECTION('',(1.,1.110223024625E-16,0.));
#949 = PCURVE('',#44,#950);
#950 = DEFINITIONAL_REPRESENTATION('',(#951),#955);
#951 = LINE('',#952,#953);
#952 = CARTESIAN_POINT('',(38.6,7.0425));
#953 = VECTOR('',#954,1.);
#954 = DIRECTION('',(0.,1.));
#955 = ( GEOMETRIC_REPRESENTATION_CONTEXT(2) 
PARAMETRIC_REPRESENTATION_CONTEXT() REPRESENTATION_CONTEXT('2D SPACE',''
  ) );
#956 = PCURVE('',#957,#962);
#957 = PLANE('',#958);
#958 = AXIS2_PLACEMENT_3D('',#959,#960,#961);
#959 = CARTESIAN_POINT('',(12.935,33.25,24.7));
#960 = DIRECTION('',(1.110223024625E-16,-1.,0.));
#961 = DIRECTION('',(0.,0.,1.));
#962 = DEFINITIONAL_REPRESENTATION('',(#963),#967);
#963 = LINE('',#964,#965);
#964 = CARTESIAN_POINT('',(3.1,7.0425));
#965 = VECTOR('',#966,1.);
#966 = DIRECTION('',(0.,-1.));
#967 = ( GEOMETRIC_REPRESENTATION_CONTEXT(2) 
PARAMETRIC_REPRESENTATION_CONTEXT() REPRESENTATION_CONTEXT('2D SPACE',''
  ) );
#968 = ORIENTED_EDGE('',*,*,#969,.F.);
#969 = EDGE_CURVE('',#970,#942,#972,.T.);
#970 = VERTEX_POINT('',#971);
#971 = CARTESIAN_POINT('',(12.935,35.34,27.8));
#972 = SURFACE_CURVE('',#973,(#978,#985),.PCURVE_S1.);
#973 = CIRCLE('',#974,2.09);
#974 = AXIS2_PLACEMENT_3D('',#975,#976,#977);
#975 = CARTESIAN_POINT('',(15.025,35.34,27.8));
#976 = DIRECTION('',(-0.,0.,1.));
#977 = DIRECTION('',(1.110223024625E-16,-1.,0.));
#978 = PCURVE('',#44,#979);
#979 = DEFINITIONAL_REPRESENTATION('',(#980),#984);
#980 = CIRCLE('',#981,2.09);
#981 = AXIS2_PLACEMENT_2D('',#982,#983);
#982 = CARTESIAN_POINT('',(36.51,16.175));
#983 = DIRECTION('',(1.,0.));
#984 = ( GEOMETRIC_REPRESENTATION_CONTEXT(2) 
PARAMETRIC_REPRESENTATION_CONTEXT() REPRESENTATION_CONTEXT('2D SPACE',''
  ) );
#985 = PCURVE('',#986,#991);
#986 = CYLINDRICAL_SURFACE('',#987,2.09);
#987 = AXIS2_PLACEMENT_3D('',#988,#989,#990);
#988 = CARTESIAN_POINT('',(15.025,35.34,24.7));
#989 = DIRECTION('',(0.,0.,1.));
#990 = DIRECTION('',(1.110223024625E-16,-1.,0.));
#991 = DEFINITIONAL_REPRESENTATION('',(#992),#996);
#992 = LINE('',#993,#994);
#993 = CARTESIAN_POINT('',(-6.28318530718,3.1));
#994 = VECTOR('',#995,1.);
#995 = DIRECTION('',(1.,-0.));
#996 = ( GEOMETRIC_REPRESENTATION_CONTEXT(2) 
PARAMETRIC_REPRESENTATION_CONTEXT() REPRESENTATION_CONTEXT('2D SPACE',''
  ) );
#997 = ORIENTED_EDGE('',*,*,#998,.T.);
#998 = EDGE_CURVE('',#970,#799,#999,.T.);
#999 = SURFACE_CURVE('',#1000,(#1004,#1011),.PCURVE_S1.);
#1000 = LINE('',#1001,#1002);
#1001 = CARTESIAN_POINT('',(12.935,54.65,27.8));
#1002 = VECTOR('',#1003,1.);
#1003 = DIRECTION('',(-1.110223024625E-16,1.,0.));
#1004 = PCURVE('',#44,#1005);
#1005 = DEFINITIONAL_REPRESENTATION('',(#1006),#1010);
#1006 = LINE('',#1007,#1008);
#1007 = CARTESIAN_POINT('',(17.2,14.085));
#1008 = VECTOR('',#1009,1.);
#1009 = DIRECTION('',(-1.,0.));
#1010 = ( GEOMETRIC_REPRESENTATION_CONTEXT(2) 
PARAMETRIC_REPRESENTATION_CONTEXT() REPRESENTATION_CONTEXT('2D SPACE',''
  ) );
#1011 = PCURVE('',#1012,#1017);
#1012 = PLANE('',#1013);
#1013 = AXIS2_PLACEMENT_3D('',#1014,#1015,#1016);
#1014 = CARTESIAN_POINT('',(12.935,37.45,24.7));
#1015 = DIRECTION('',(1.,1.110223024625E-16,0.));
#1016 = DIRECTION('',(0.,0.,1.));
#1017 = DEFINITIONAL_REPRESENTATION('',(#1018),#1022);
#1018 = LINE('',#1019,#1020);
#1019 = CARTESIAN_POINT('',(3.1,-17.2));
#1020 = VECTOR('',#1021,1.);
#1021 = DIRECTION('',(0.,-1.));
#1022 = ( GEOMETRIC_REPRESENTATION_CONTEXT(2) 
PARAMETRIC_REPRESENTATION_CONTEXT() REPRESENTATION_CONTEXT('2D SPACE',''
  ) );
#1023 = FACE_BOUND('',#1024,.T.);
#1024 = EDGE_LOOP('',(#1025,#1056,#1084,#1113,#1141,#1170,#1198,#1227));
#1025 = ORIENTED_EDGE('',*,*,#1026,.F.);
#1026 = EDGE_CURVE('',#1027,#1029,#1031,.T.);
#1027 = VERTEX_POINT('',#1028);
#1028 = CARTESIAN_POINT('',(30.6,4.3,27.8));
#1029 = VERTEX_POINT('',#1030);
#1030 = CARTESIAN_POINT('',(30.,3.7,27.8));
#1031 = SURFACE_CURVE('',#1032,(#1037,#1044),.PCURVE_S1.);
#1032 = CIRCLE('',#1033,0.6);
#1033 = AXIS2_PLACEMENT_3D('',#1034,#1035,#1036);
#1034 = CARTESIAN_POINT('',(30.6,3.7,27.8));
#1035 = DIRECTION('',(0.,0.,1.));
#1036 = DIRECTION('',(-1.110223024625E-16,1.,0.));
#1037 = PCURVE('',#44,#1038);
#1038 = DEFINITIONAL_REPRESENTATION('',(#1039),#1043);
#1039 = CIRCLE('',#1040,0.6);
#1040 = AXIS2_PLACEMENT_2D('',#1041,#1042);
#1041 = CARTESIAN_POINT('',(68.15,31.75));
#1042 = DIRECTION('',(-1.,0.));
#1043 = ( GEOMETRIC_REPRESENTATION_CONTEXT(2) 
PARAMETRIC_REPRESENTATION_CONTEXT() REPRESENTATION_CONTEXT('2D SPACE',''
  ) );
#1044 = PCURVE('',#1045,#1050);
#1045 = CYLINDRICAL_SURFACE('',#1046,0.6);
#1046 = AXIS2_PLACEMENT_3D('',#1047,#1048,#1049);
#1047 = CARTESIAN_POINT('',(30.6,3.7,24.7));
#1048 = DIRECTION('',(0.,0.,1.));
#1049 = DIRECTION('',(-1.110223024625E-16,1.,0.));
#1050 = DEFINITIONAL_REPRESENTATION('',(#1051),#1055);
#1051 = LINE('',#1052,#1053);
#1052 = CARTESIAN_POINT('',(0.,3.1));
#1053 = VECTOR('',#1054,1.);
#1054 = DIRECTION('',(1.,0.));
#1055 = ( GEOMETRIC_REPRESENTATION_CONTEXT(2) 
PARAMETRIC_REPRESENTATION_CONTEXT() REPRESENTATION_CONTEXT('2D SPACE',''
  ) );
#1056 = ORIENTED_EDGE('',*,*,#1057,.T.);
#1057 = EDGE_CURVE('',#1027,#1058,#1060,.T.);
#1058 = VERTEX_POINT('',#1059);
#1059 = CARTESIAN_POINT('',(36.4,4.3,27.8));
#1060 = SURFACE_CURVE('',#1061,(#1065,#1072),.PCURVE_S1.);
#1061 = LINE('',#1062,#1063);
#1062 = CARTESIAN_POINT('',(14.425,4.3,27.8));
#1063 = VECTOR('',#1064,1.);
#1064 = DIRECTION('',(1.,1.110223024625E-16,0.));
#1065 = PCURVE('',#44,#1066);
#1066 = DEFINITIONAL_REPRESENTATION('',(#1067),#1071);
#1067 = LINE('',#1068,#1069);
#1068 = CARTESIAN_POINT('',(67.55,15.575));
#1069 = VECTOR('',#1070,1.);
#1070 = DIRECTION('',(0.,1.));
#1071 = ( GEOMETRIC_REPRESENTATION_CONTEXT(2) 
PARAMETRIC_REPRESENTATION_CONTEXT() REPRESENTATION_CONTEXT('2D SPACE',''
  ) );
#1072 = PCURVE('',#1073,#1078);
#1073 = PLANE('',#1074);
#1074 = AXIS2_PLACEMENT_3D('',#1075,#1076,#1077);
#1075 = CARTESIAN_POINT('',(30.,4.3,24.7));
#1076 = DIRECTION('',(1.110223024625E-16,-1.,0.));
#1077 = DIRECTION('',(0.,0.,1.));
#1078 = DEFINITIONAL_REPRESENTATION('',(#1079),#1083);
#1079 = LINE('',#1080,#1081);
#1080 = CARTESIAN_POINT('',(3.1,15.575));
#1081 = VECTOR('',#1082,1.);
#1082 = DIRECTION('',(0.,-1.));
#1083 = ( GEOMETRIC_REPRESENTATION_CONTEXT(2) 
PARAMETRIC_REPRESENTATION_CONTEXT() REPRESENTATION_CONTEXT('2D SPACE',''
  ) );
#1084 = ORIENTED_EDGE('',*,*,#1085,.F.);
#1085 = EDGE_CURVE('',#1086,#1058,#1088,.T.);
#1086 = VERTEX_POINT('',#1087);
#1087 = CARTESIAN_POINT('',(37.,3.7,27.8));
#1088 = SURFACE_CURVE('',#1089,(#1094,#1101),.PCURVE_S1.);
#1089 = CIRCLE('',#1090,0.6);
#1090 = AXIS2_PLACEMENT_3D('',#1091,#1092,#1093);
#1091 = CARTESIAN_POINT('',(36.4,3.7,27.8));
#1092 = DIRECTION('',(0.,0.,1.));
#1093 = DIRECTION('',(-1.110223024625E-16,1.,0.));
#1094 = PCURVE('',#44,#1095);
#1095 = DEFINITIONAL_REPRESENTATION('',(#1096),#1100);
#1096 = CIRCLE('',#1097,0.6);
#1097 = AXIS2_PLACEMENT_2D('',#1098,#1099);
#1098 = CARTESIAN_POINT('',(68.15,37.55));
#1099 = DIRECTION('',(-1.,0.));
#1100 = ( GEOMETRIC_REPRESENTATION_CONTEXT(2) 
PARAMETRIC_REPRESENTATION_CONTEXT() REPRESENTATION_CONTEXT('2D SPACE',''
  ) );
#1101 = PCURVE('',#1102,#1107);
#1102 = CYLINDRICAL_SURFACE('',#1103,0.6);
#1103 = AXIS2_PLACEMENT_3D('',#1104,#1105,#1106);
#1104 = CARTESIAN_POINT('',(36.4,3.7,24.7));
#1105 = DIRECTION('',(0.,0.,1.));
#1106 = DIRECTION('',(-1.110223024625E-16,1.,0.));
#1107 = DEFINITIONAL_REPRESENTATION('',(#1108),#1112);
#1108 = LINE('',#1109,#1110);
#1109 = CARTESIAN_POINT('',(-6.28318530718,3.1));
#1110 = VECTOR('',#1111,1.);
#1111 = DIRECTION('',(1.,-0.));
#1112 = ( GEOMETRIC_REPRESENTATION_CONTEXT(2) 
PARAMETRIC_REPRESENTATION_CONTEXT() REPRESENTATION_CONTEXT('2D SPACE',''
  ) );
#1113 = ORIENTED_EDGE('',*,*,#1114,.F.);
#1114 = EDGE_CURVE('',#1115,#1086,#1117,.T.);
#1115 = VERTEX_POINT('',#1116);
#1116 = CARTESIAN_POINT('',(37.,3.5,27.8));
#1117 = SURFACE_CURVE('',#1118,(#1122,#1129),.PCURVE_S1.);
#1118 = LINE('',#1119,#1120);
#1119 = CARTESIAN_POINT('',(37.,38.075,27.8));
#1120 = VECTOR('',#1121,1.);
#1121 = DIRECTION('',(-1.110223024625E-16,1.,0.));
#1122 = PCURVE('',#44,#1123);
#1123 = DEFINITIONAL_REPRESENTATION('',(#1124),#1128);
#1124 = LINE('',#1125,#1126);
#1125 = CARTESIAN_POINT('',(33.775,38.15));
#1126 = VECTOR('',#1127,1.);
#1127 = DIRECTION('',(-1.,0.));
#1128 = ( GEOMETRIC_REPRESENTATION_CONTEXT(2) 
PARAMETRIC_REPRESENTATION_CONTEXT() REPRESENTATION_CONTEXT('2D SPACE',''
  ) );
#1129 = PCURVE('',#1130,#1135);
#1130 = PLANE('',#1131);
#1131 = AXIS2_PLACEMENT_3D('',#1132,#1133,#1134);
#1132 = CARTESIAN_POINT('',(37.,4.3,24.7));
#1133 = DIRECTION('',(1.,1.110223024625E-16,0.));
#1134 = DIRECTION('',(0.,0.,1.));
#1135 = DEFINITIONAL_REPRESENTATION('',(#1136),#1140);
#1136 = LINE('',#1137,#1138);
#1137 = CARTESIAN_POINT('',(3.1,-33.775));
#1138 = VECTOR('',#1139,1.);
#1139 = DIRECTION('',(0.,-1.));
#1140 = ( GEOMETRIC_REPRESENTATION_CONTEXT(2) 
PARAMETRIC_REPRESENTATION_CONTEXT() REPRESENTATION_CONTEXT('2D SPACE',''
  ) );
#1141 = ORIENTED_EDGE('',*,*,#1142,.F.);
#1142 = EDGE_CURVE('',#1143,#1115,#1145,.T.);
#1143 = VERTEX_POINT('',#1144);
#1144 = CARTESIAN_POINT('',(36.4,2.9,27.8));
#1145 = SURFACE_CURVE('',#1146,(#1151,#1158),.PCURVE_S1.);
#1146 = CIRCLE('',#1147,0.6);
#1147 = AXIS2_PLACEMENT_3D('',#1148,#1149,#1150);
#1148 = CARTESIAN_POINT('',(36.4,3.5,27.8));
#1149 = DIRECTION('',(-0.,0.,1.));
#1150 = DIRECTION('',(1.110223024625E-16,-1.,0.));
#1151 = PCURVE('',#44,#1152);
#1152 = DEFINITIONAL_REPRESENTATION('',(#1153),#1157);
#1153 = CIRCLE('',#1154,0.6);
#1154 = AXIS2_PLACEMENT_2D('',#1155,#1156);
#1155 = CARTESIAN_POINT('',(68.35,37.55));
#1156 = DIRECTION('',(1.,0.));
#1157 = ( GEOMETRIC_REPRESENTATION_CONTEXT(2) 
PARAMETRIC_REPRESENTATION_CONTEXT() REPRESENTATION_CONTEXT('2D SPACE',''
  ) );
#1158 = PCURVE('',#1159,#1164);
#1159 = CYLINDRICAL_SURFACE('',#1160,0.6);
#1160 = AXIS2_PLACEMENT_3D('',#1161,#1162,#1163);
#1161 = CARTESIAN_POINT('',(36.4,3.5,24.7));
#1162 = DIRECTION('',(0.,0.,1.));
#1163 = DIRECTION('',(1.110223024625E-16,-1.,0.));
#1164 = DEFINITIONAL_REPRESENTATION('',(#1165),#1169);
#1165 = LINE('',#1166,#1167);
#1166 = CARTESIAN_POINT('',(0.,3.1));
#1167 = VECTOR('',#1168,1.);
#1168 = DIRECTION('',(1.,0.));
#1169 = ( GEOMETRIC_REPRESENTATION_CONTEXT(2) 
PARAMETRIC_REPRESENTATION_CONTEXT() REPRESENTATION_CONTEXT('2D SPACE',''
  ) );
#1170 = ORIENTED_EDGE('',*,*,#1171,.F.);
#1171 = EDGE_CURVE('',#1172,#1143,#1174,.T.);
#1172 = VERTEX_POINT('',#1173);
#1173 = CARTESIAN_POINT('',(30.6,2.9,27.8));
#1174 = SURFACE_CURVE('',#1175,(#1179,#1186),.PCURVE_S1.);
#1175 = LINE('',#1176,#1177);
#1176 = CARTESIAN_POINT('',(14.425,2.9,27.8));
#1177 = VECTOR('',#1178,1.);
#1178 = DIRECTION('',(1.,1.110223024625E-16,0.));
#1179 = PCURVE('',#44,#1180);
#1180 = DEFINITIONAL_REPRESENTATION('',(#1181),#1185);
#1181 = LINE('',#1182,#1183);
#1182 = CARTESIAN_POINT('',(68.95,15.575));
#1183 = VECTOR('',#1184,1.);
#1184 = DIRECTION('',(0.,1.));
#1185 = ( GEOMETRIC_REPRESENTATION_CONTEXT(2) 
PARAMETRIC_REPRESENTATION_CONTEXT() REPRESENTATION_CONTEXT('2D SPACE',''
  ) );
#1186 = PCURVE('',#1187,#1192);
#1187 = PLANE('',#1188);
#1188 = AXIS2_PLACEMENT_3D('',#1189,#1190,#1191);
#1189 = CARTESIAN_POINT('',(30.,2.9,24.7));
#1190 = DIRECTION('',(1.110223024625E-16,-1.,0.));
#1191 = DIRECTION('',(0.,0.,1.));
#1192 = DEFINITIONAL_REPRESENTATION('',(#1193),#1197);
#1193 = LINE('',#1194,#1195);
#1194 = CARTESIAN_POINT('',(3.1,15.575));
#1195 = VECTOR('',#1196,1.);
#1196 = DIRECTION('',(0.,-1.));
#1197 = ( GEOMETRIC_REPRESENTATION_CONTEXT(2) 
PARAMETRIC_REPRESENTATION_CONTEXT() REPRESENTATION_CONTEXT('2D SPACE',''
  ) );
#1198 = ORIENTED_EDGE('',*,*,#1199,.F.);
#1199 = EDGE_CURVE('',#1200,#1172,#1202,.T.);
#1200 = VERTEX_POINT('',#1201);
#1201 = CARTESIAN_POINT('',(30.,3.5,27.8));
#1202 = SURFACE_CURVE('',#1203,(#1208,#1215),.PCURVE_S1.);
#1203 = CIRCLE('',#1204,0.6);
#1204 = AXIS2_PLACEMENT_3D('',#1205,#1206,#1207);
#1205 = CARTESIAN_POINT('',(30.6,3.5,27.8));
#1206 = DIRECTION('',(-0.,0.,1.));
#1207 = DIRECTION('',(1.110223024625E-16,-1.,0.));
#1208 = PCURVE('',#44,#1209);
#1209 = DEFINITIONAL_REPRESENTATION('',(#1210),#1214);
#1210 = CIRCLE('',#1211,0.6);
#1211 = AXIS2_PLACEMENT_2D('',#1212,#1213);
#1212 = CARTESIAN_POINT('',(68.35,31.75));
#1213 = DIRECTION('',(1.,0.));
#1214 = ( GEOMETRIC_REPRESENTATION_CONTEXT(2) 
PARAMETRIC_REPRESENTATION_CONTEXT() REPRESENTATION_CONTEXT('2D SPACE',''
  ) );
#1215 = PCURVE('',#1216,#1221);
#1216 = CYLINDRICAL_SURFACE('',#1217,0.6);
#1217 = AXIS2_PLACEMENT_3D('',#1218,#1219,#1220);
#1218 = CARTESIAN_POINT('',(30.6,3.5,24.7));
#1219 = DIRECTION('',(0.,0.,1.));
#1220 = DIRECTION('',(1.110223024625E-16,-1.,0.));
#1221 = DEFINITIONAL_REPRESENTATION('',(#1222),#1226);
#1222 = LINE('',#1223,#1224);
#1223 = CARTESIAN_POINT('',(-6.28318530718,3.1));
#1224 = VECTOR('',#1225,1.);
#1225 = DIRECTION('',(1.,-0.));
#1226 = ( GEOMETRIC_REPRESENTATION_CONTEXT(2) 
PARAMETRIC_REPRESENTATION_CONTEXT() REPRESENTATION_CONTEXT('2D SPACE',''
  ) );
#1227 = ORIENTED_EDGE('',*,*,#1228,.T.);
#1228 = EDGE_CURVE('',#1200,#1029,#1229,.T.);
#1229 = SURFACE_CURVE('',#1230,(#1234,#1241),.PCURVE_S1.);
#1230 = LINE('',#1231,#1232);
#1231 = CARTESIAN_POINT('',(30.,38.075,27.8));
#1232 = VECTOR('',#1233,1.);
#1233 = DIRECTION('',(-1.110223024625E-16,1.,0.));
#1234 = PCURVE('',#44,#1235);
#1235 = DEFINITIONAL_REPRESENTATION('',(#1236),#1240);
#1236 = LINE('',#1237,#1238);
#1237 = CARTESIAN_POINT('',(33.775,31.15));
#1238 = VECTOR('',#1239,1.);
#1239 = DIRECTION('',(-1.,0.));
#1240 = ( GEOMETRIC_REPRESENTATION_CONTEXT(2) 
PARAMETRIC_REPRESENTATION_CONTEXT() REPRESENTATION_CONTEXT('2D SPACE',''
  ) );
#1241 = PCURVE('',#1242,#1247);
#1242 = PLANE('',#1243);
#1243 = AXIS2_PLACEMENT_3D('',#1244,#1245,#1246);
#1244 = CARTESIAN_POINT('',(30.,4.3,24.7));
#1245 = DIRECTION('',(1.,1.110223024625E-16,0.));
#1246 = DIRECTION('',(0.,0.,1.));
#1247 = DEFINITIONAL_REPRESENTATION('',(#1248),#1252);
#1248 = LINE('',#1249,#1250);
#1249 = CARTESIAN_POINT('',(3.1,-33.775));
#1250 = VECTOR('',#1251,1.);
#1251 = DIRECTION('',(0.,-1.));
#1252 = ( GEOMETRIC_REPRESENTATION_CONTEXT(2) 
PARAMETRIC_REPRESENTATION_CONTEXT() REPRESENTATION_CONTEXT('2D SPACE',''
  ) );
#1253 = FACE_BOUND('',#1254,.T.);
#1254 = EDGE_LOOP('',(#1255,#1286,#1314,#1343,#1371,#1400,#1428,#1457));
#1255 = ORIENTED_EDGE('',*,*,#1256,.F.);
#1256 = EDGE_CURVE('',#1257,#1259,#1261,.T.);
#1257 = VERTEX_POINT('',#1258);
#1258 = CARTESIAN_POINT('',(30.6,1.5,27.8));
#1259 = VERTEX_POINT('',#1260);
#1260 = CARTESIAN_POINT('',(30.,0.9,27.8));
#1261 = SURFACE_CURVE('',#1262,(#1267,#1274),.PCURVE_S1.);
#1262 = CIRCLE('',#1263,0.6);
#1263 = AXIS2_PLACEMENT_3D('',#1264,#1265,#1266);
#1264 = CARTESIAN_POINT('',(30.6,0.9,27.8));
#1265 = DIRECTION('',(0.,0.,1.));
#1266 = DIRECTION('',(-1.110223024625E-16,1.,0.));
#1267 = PCURVE('',#44,#1268);
#1268 = DEFINITIONAL_REPRESENTATION('',(#1269),#1273);
#1269 = CIRCLE('',#1270,0.6);
#1270 = AXIS2_PLACEMENT_2D('',#1271,#1272);
#1271 = CARTESIAN_POINT('',(70.95,31.75));
#1272 = DIRECTION('',(-1.,0.));
#1273 = ( GEOMETRIC_REPRESENTATION_CONTEXT(2) 
PARAMETRIC_REPRESENTATION_CONTEXT() REPRESENTATION_CONTEXT('2D SPACE',''
  ) );
#1274 = PCURVE('',#1275,#1280);
#1275 = CYLINDRICAL_SURFACE('',#1276,0.6);
#1276 = AXIS2_PLACEMENT_3D('',#1277,#1278,#1279);
#1277 = CARTESIAN_POINT('',(30.6,0.9,24.7));
#1278 = DIRECTION('',(0.,0.,1.));
#1279 = DIRECTION('',(-1.110223024625E-16,1.,0.));
#1280 = DEFINITIONAL_REPRESENTATION('',(#1281),#1285);
#1281 = LINE('',#1282,#1283);
#1282 = CARTESIAN_POINT('',(0.,3.1));
#1283 = VECTOR('',#1284,1.);
#1284 = DIRECTION('',(1.,0.));
#1285 = ( GEOMETRIC_REPRESENTATION_CONTEXT(2) 
PARAMETRIC_REPRESENTATION_CONTEXT() REPRESENTATION_CONTEXT('2D SPACE',''
  ) );
#1286 = ORIENTED_EDGE('',*,*,#1287,.T.);
#1287 = EDGE_CURVE('',#1257,#1288,#1290,.T.);
#1288 = VERTEX_POINT('',#1289);
#1289 = CARTESIAN_POINT('',(36.4,1.5,27.8));
#1290 = SURFACE_CURVE('',#1291,(#1295,#1302),.PCURVE_S1.);
#1291 = LINE('',#1292,#1293);
#1292 = CARTESIAN_POINT('',(14.425,1.5,27.8));
#1293 = VECTOR('',#1294,1.);
#1294 = DIRECTION('',(1.,1.110223024625E-16,0.));
#1295 = PCURVE('',#44,#1296);
#1296 = DEFINITIONAL_REPRESENTATION('',(#1297),#1301);
#1297 = LINE('',#1298,#1299);
#1298 = CARTESIAN_POINT('',(70.35,15.575));
#1299 = VECTOR('',#1300,1.);
#1300 = DIRECTION('',(0.,1.));
#1301 = ( GEOMETRIC_REPRESENTATION_CONTEXT(2) 
PARAMETRIC_REPRESENTATION_CONTEXT() REPRESENTATION_CONTEXT('2D SPACE',''
  ) );
#1302 = PCURVE('',#1303,#1308);
#1303 = PLANE('',#1304);
#1304 = AXIS2_PLACEMENT_3D('',#1305,#1306,#1307);
#1305 = CARTESIAN_POINT('',(30.,1.5,24.7));
#1306 = DIRECTION('',(1.110223024625E-16,-1.,0.));
#1307 = DIRECTION('',(0.,0.,1.));
#1308 = DEFINITIONAL_REPRESENTATION('',(#1309),#1313);
#1309 = LINE('',#1310,#1311);
#1310 = CARTESIAN_POINT('',(3.1,15.575));
#1311 = VECTOR('',#1312,1.);
#1312 = DIRECTION('',(0.,-1.));
#1313 = ( GEOMETRIC_REPRESENTATION_CONTEXT(2) 
PARAMETRIC_REPRESENTATION_CONTEXT() REPRESENTATION_CONTEXT('2D SPACE',''
  ) );
#1314 = ORIENTED_EDGE('',*,*,#1315,.F.);
#1315 = EDGE_CURVE('',#1316,#1288,#1318,.T.);
#1316 = VERTEX_POINT('',#1317);
#1317 = CARTESIAN_POINT('',(37.,0.9,27.8));
#1318 = SURFACE_CURVE('',#1319,(#1324,#1331),.PCURVE_S1.);
#1319 = CIRCLE('',#1320,0.6);
#1320 = AXIS2_PLACEMENT_3D('',#1321,#1322,#1323);
#1321 = CARTESIAN_POINT('',(36.4,0.9,27.8));
#1322 = DIRECTION('',(0.,0.,1.));
#1323 = DIRECTION('',(-1.110223024625E-16,1.,0.));
#1324 = PCURVE('',#44,#1325);
#1325 = DEFINITIONAL_REPRESENTATION('',(#1326),#1330);
#1326 = CIRCLE('',#1327,0.6);
#1327 = AXIS2_PLACEMENT_2D('',#1328,#1329);
#1328 = CARTESIAN_POINT('',(70.95,37.55));
#1329 = DIRECTION('',(-1.,0.));
#1330 = ( GEOMETRIC_REPRESENTATION_CONTEXT(2) 
PARAMETRIC_REPRESENTATION_CONTEXT() REPRESENTATION_CONTEXT('2D SPACE',''
  ) );
#1331 = PCURVE('',#1332,#1337);
#1332 = CYLINDRICAL_SURFACE('',#1333,0.6);
#1333 = AXIS2_PLACEMENT_3D('',#1334,#1335,#1336);
#1334 = CARTESIAN_POINT('',(36.4,0.9,24.7));
#1335 = DIRECTION('',(0.,0.,1.));
#1336 = DIRECTION('',(-1.110223024625E-16,1.,0.));
#1337 = DEFINITIONAL_REPRESENTATION('',(#1338),#1342);
#1338 = LINE('',#1339,#1340);
#1339 = CARTESIAN_POINT('',(-6.28318530718,3.1));
#1340 = VECTOR('',#1341,1.);
#1341 = DIRECTION('',(1.,-0.));
#1342 = ( GEOMETRIC_REPRESENTATION_CONTEXT(2) 
PARAMETRIC_REPRESENTATION_CONTEXT() REPRESENTATION_CONTEXT('2D SPACE',''
  ) );
#1343 = ORIENTED_EDGE('',*,*,#1344,.F.);
#1344 = EDGE_CURVE('',#1345,#1316,#1347,.T.);
#1345 = VERTEX_POINT('',#1346);
#1346 = CARTESIAN_POINT('',(37.,0.7,27.8));
#1347 = SURFACE_CURVE('',#1348,(#1352,#1359),.PCURVE_S1.);
#1348 = LINE('',#1349,#1350);
#1349 = CARTESIAN_POINT('',(37.,36.675,27.8));
#1350 = VECTOR('',#1351,1.);
#1351 = DIRECTION('',(-1.110223024625E-16,1.,0.));
#1352 = PCURVE('',#44,#1353);
#1353 = DEFINITIONAL_REPRESENTATION('',(#1354),#1358);
#1354 = LINE('',#1355,#1356);
#1355 = CARTESIAN_POINT('',(35.175,38.15));
#1356 = VECTOR('',#1357,1.);
#1357 = DIRECTION('',(-1.,0.));
#1358 = ( GEOMETRIC_REPRESENTATION_CONTEXT(2) 
PARAMETRIC_REPRESENTATION_CONTEXT() REPRESENTATION_CONTEXT('2D SPACE',''
  ) );
#1359 = PCURVE('',#1360,#1365);
#1360 = PLANE('',#1361);
#1361 = AXIS2_PLACEMENT_3D('',#1362,#1363,#1364);
#1362 = CARTESIAN_POINT('',(37.,1.5,24.7));
#1363 = DIRECTION('',(1.,1.110223024625E-16,0.));
#1364 = DIRECTION('',(0.,0.,1.));
#1365 = DEFINITIONAL_REPRESENTATION('',(#1366),#1370);
#1366 = LINE('',#1367,#1368);
#1367 = CARTESIAN_POINT('',(3.1,-35.175));
#1368 = VECTOR('',#1369,1.);
#1369 = DIRECTION('',(0.,-1.));
#1370 = ( GEOMETRIC_REPRESENTATION_CONTEXT(2) 
PARAMETRIC_REPRESENTATION_CONTEXT() REPRESENTATION_CONTEXT('2D SPACE',''
  ) );
#1371 = ORIENTED_EDGE('',*,*,#1372,.F.);
#1372 = EDGE_CURVE('',#1373,#1345,#1375,.T.);
#1373 = VERTEX_POINT('',#1374);
#1374 = CARTESIAN_POINT('',(36.4,1.E-01,27.8));
#1375 = SURFACE_CURVE('',#1376,(#1381,#1388),.PCURVE_S1.);
#1376 = CIRCLE('',#1377,0.6);
#1377 = AXIS2_PLACEMENT_3D('',#1378,#1379,#1380);
#1378 = CARTESIAN_POINT('',(36.4,0.7,27.8));
#1379 = DIRECTION('',(-0.,0.,1.));
#1380 = DIRECTION('',(1.110223024625E-16,-1.,0.));
#1381 = PCURVE('',#44,#1382);
#1382 = DEFINITIONAL_REPRESENTATION('',(#1383),#1387);
#1383 = CIRCLE('',#1384,0.6);
#1384 = AXIS2_PLACEMENT_2D('',#1385,#1386);
#1385 = CARTESIAN_POINT('',(71.15,37.55));
#1386 = DIRECTION('',(1.,0.));
#1387 = ( GEOMETRIC_REPRESENTATION_CONTEXT(2) 
PARAMETRIC_REPRESENTATION_CONTEXT() REPRESENTATION_CONTEXT('2D SPACE',''
  ) );
#1388 = PCURVE('',#1389,#1394);
#1389 = CYLINDRICAL_SURFACE('',#1390,0.6);
#1390 = AXIS2_PLACEMENT_3D('',#1391,#1392,#1393);
#1391 = CARTESIAN_POINT('',(36.4,0.7,24.7));
#1392 = DIRECTION('',(0.,0.,1.));
#1393 = DIRECTION('',(1.110223024625E-16,-1.,0.));
#1394 = DEFINITIONAL_REPRESENTATION('',(#1395),#1399);
#1395 = LINE('',#1396,#1397);
#1396 = CARTESIAN_POINT('',(0.,3.1));
#1397 = VECTOR('',#1398,1.);
#1398 = DIRECTION('',(1.,0.));
#1399 = ( GEOMETRIC_REPRESENTATION_CONTEXT(2) 
PARAMETRIC_REPRESENTATION_CONTEXT() REPRESENTATION_CONTEXT('2D SPACE',''
  ) );
#1400 = ORIENTED_EDGE('',*,*,#1401,.F.);
#1401 = EDGE_CURVE('',#1402,#1373,#1404,.T.);
#1402 = VERTEX_POINT('',#1403);
#1403 = CARTESIAN_POINT('',(30.6,1.E-01,27.8));
#1404 = SURFACE_CURVE('',#1405,(#1409,#1416),.PCURVE_S1.);
#1405 = LINE('',#1406,#1407);
#1406 = CARTESIAN_POINT('',(14.425,1.E-01,27.8));
#1407 = VECTOR('',#1408,1.);
#1408 = DIRECTION('',(1.,1.110223024625E-16,0.));
#1409 = PCURVE('',#44,#1410);
#1410 = DEFINITIONAL_REPRESENTATION('',(#1411),#1415);
#1411 = LINE('',#1412,#1413);
#1412 = CARTESIAN_POINT('',(71.75,15.575));
#1413 = VECTOR('',#1414,1.);
#1414 = DIRECTION('',(0.,1.));
#1415 = ( GEOMETRIC_REPRESENTATION_CONTEXT(2) 
PARAMETRIC_REPRESENTATION_CONTEXT() REPRESENTATION_CONTEXT('2D SPACE',''
  ) );
#1416 = PCURVE('',#1417,#1422);
#1417 = PLANE('',#1418);
#1418 = AXIS2_PLACEMENT_3D('',#1419,#1420,#1421);
#1419 = CARTESIAN_POINT('',(30.,1.E-01,24.7));
#1420 = DIRECTION('',(1.110223024625E-16,-1.,0.));
#1421 = DIRECTION('',(0.,0.,1.));
#1422 = DEFINITIONAL_REPRESENTATION('',(#1423),#1427);
#1423 = LINE('',#1424,#1425);
#1424 = CARTESIAN_POINT('',(3.1,15.575));
#1425 = VECTOR('',#1426,1.);
#1426 = DIRECTION('',(0.,-1.));
#1427 = ( GEOMETRIC_REPRESENTATION_CONTEXT(2) 
PARAMETRIC_REPRESENTATION_CONTEXT() REPRESENTATION_CONTEXT('2D SPACE',''
  ) );
#1428 = ORIENTED_EDGE('',*,*,#1429,.F.);
#1429 = EDGE_CURVE('',#1430,#1402,#1432,.T.);
#1430 = VERTEX_POINT('',#1431);
#1431 = CARTESIAN_POINT('',(30.,0.7,27.8));
#1432 = SURFACE_CURVE('',#1433,(#1438,#1445),.PCURVE_S1.);
#1433 = CIRCLE('',#1434,0.6);
#1434 = AXIS2_PLACEMENT_3D('',#1435,#1436,#1437);
#1435 = CARTESIAN_POINT('',(30.6,0.7,27.8));
#1436 = DIRECTION('',(-0.,0.,1.));
#1437 = DIRECTION('',(1.110223024625E-16,-1.,0.));
#1438 = PCURVE('',#44,#1439);
#1439 = DEFINITIONAL_REPRESENTATION('',(#1440),#1444);
#1440 = CIRCLE('',#1441,0.6);
#1441 = AXIS2_PLACEMENT_2D('',#1442,#1443);
#1442 = CARTESIAN_POINT('',(71.15,31.75));
#1443 = DIRECTION('',(1.,0.));
#1444 = ( GEOMETRIC_REPRESENTATION_CONTEXT(2) 
PARAMETRIC_REPRESENTATION_CONTEXT() REPRESENTATION_CONTEXT('2D SPACE',''
  ) );
#1445 = PCURVE('',#1446,#1451);
#1446 = CYLINDRICAL_SURFACE('',#1447,0.6);
#1447 = AXIS2_PLACEMENT_3D('',#1448,#1449,#1450);
#1448 = CARTESIAN_POINT('',(30.6,0.7,24.7));
#1449 = DIRECTION('',(0.,0.,1.));
#1450 = DIRECTION('',(1.110223024625E-16,-1.,0.));
#1451 = DEFINITIONAL_REPRESENTATION('',(#1452),#1456);
#1452 = LINE('',#1453,#1454);
#1453 = CARTESIAN_POINT('',(-6.28318530718,3.1));
#1454 = VECTOR('',#1455,1.);
#1455 = DIRECTION('',(1.,-0.));
#1456 = ( GEOMETRIC_REPRESENTATION_CONTEXT(2) 
PARAMETRIC_REPRESENTATION_CONTEXT() REPRESENTATION_CONTEXT('2D SPACE',''
  ) );
#1457 = ORIENTED_EDGE('',*,*,#1458,.T.);
#1458 = EDGE_CURVE('',#1430,#1259,#1459,.T.);
#1459 = SURFACE_CURVE('',#1460,(#1464,#1471),.PCURVE_S1.);
#1460 = LINE('',#1461,#1462);
#1461 = CARTESIAN_POINT('',(30.,36.675,27.8));
#1462 = VECTOR('',#1463,1.);
#1463 = DIRECTION('',(-1.110223024625E-16,1.,0.));
#1464 = PCURVE('',#44,#1465);
#1465 = DEFINITIONAL_REPRESENTATION('',(#1466),#1470);
#1466 = LINE('',#1467,#1468);
#1467 = CARTESIAN_POINT('',(35.175,31.15));
#1468 = VECTOR('',#1469,1.);
#1469 = DIRECTION('',(-1.,0.));
#1470 = ( GEOMETRIC_REPRESENTATION_CONTEXT(2) 
PARAMETRIC_REPRESENTATION_CONTEXT() REPRESENTATION_CONTEXT('2D SPACE',''
  ) );
#1471 = PCURVE('',#1472,#1477);
#1472 = PLANE('',#1473);
#1473 = AXIS2_PLACEMENT_3D('',#1474,#1475,#1476);
#1474 = CARTESIAN_POINT('',(30.,1.5,24.7));
#1475 = DIRECTION('',(1.,1.110223024625E-16,0.));
#1476 = DIRECTION('',(0.,0.,1.));
#1477 = DEFINITIONAL_REPRESENTATION('',(#1478),#1482);
#1478 = LINE('',#1479,#1480);
#1479 = CARTESIAN_POINT('',(3.1,-35.175));
#1480 = VECTOR('',#1481,1.);
#1481 = DIRECTION('',(0.,-1.));
#1482 = ( GEOMETRIC_REPRESENTATION_CONTEXT(2) 
PARAMETRIC_REPRESENTATION_CONTEXT() REPRESENTATION_CONTEXT('2D SPACE',''
  ) );
#1483 = FACE_BOUND('',#1484,.T.);
#1484 = EDGE_LOOP('',(#1485,#1516,#1544,#1573,#1601,#1630,#1658,#1687));
#1485 = ORIENTED_EDGE('',*,*,#1486,.F.);
#1486 = EDGE_CURVE('',#1487,#1489,#1491,.T.);
#1487 = VERTEX_POINT('',#1488);
#1488 = CARTESIAN_POINT('',(48.6,4.3,27.8));
#1489 = VERTEX_POINT('',#1490);
#1490 = CARTESIAN_POINT('',(48.,3.7,27.8));
#1491 = SURFACE_CURVE('',#1492,(#1497,#1504),.PCURVE_S1.);
#1492 = CIRCLE('',#1493,0.6);
#1493 = AXIS2_PLACEMENT_3D('',#1494,#1495,#1496);
#1494 = CARTESIAN_POINT('',(48.6,3.7,27.8));
#1495 = DIRECTION('',(0.,0.,1.));
#1496 = DIRECTION('',(-1.110223024625E-16,1.,0.));
#1497 = PCURVE('',#44,#1498);
#1498 = DEFINITIONAL_REPRESENTATION('',(#1499),#1503);
#1499 = CIRCLE('',#1500,0.6);
#1500 = AXIS2_PLACEMENT_2D('',#1501,#1502);
#1501 = CARTESIAN_POINT('',(68.15,49.75));
#1502 = DIRECTION('',(-1.,0.));
#1503 = ( GEOMETRIC_REPRESENTATION_CONTEXT(2) 
PARAMETRIC_REPRESENTATION_CONTEXT() REPRESENTATION_CONTEXT('2D SPACE',''
  ) );
#1504 = PCURVE('',#1505,#1510);
#1505 = CYLINDRICAL_SURFACE('',#1506,0.6);
#1506 = AXIS2_PLACEMENT_3D('',#1507,#1508,#1509);
#1507 = CARTESIAN_POINT('',(48.6,3.7,24.7));
#1508 = DIRECTION('',(0.,0.,1.));
#1509 = DIRECTION('',(-1.110223024625E-16,1.,0.));
#1510 = DEFINITIONAL_REPRESENTATION('',(#1511),#1515);
#1511 = LINE('',#1512,#1513);
#1512 = CARTESIAN_POINT('',(0.,3.1));
#1513 = VECTOR('',#1514,1.);
#1514 = DIRECTION('',(1.,0.));
#1515 = ( GEOMETRIC_REPRESENTATION_CONTEXT(2) 
PARAMETRIC_REPRESENTATION_CONTEXT() REPRESENTATION_CONTEXT('2D SPACE',''
  ) );
#1516 = ORIENTED_EDGE('',*,*,#1517,.T.);
#1517 = EDGE_CURVE('',#1487,#1518,#1520,.T.);
#1518 = VERTEX_POINT('',#1519);
#1519 = CARTESIAN_POINT('',(54.4,4.3,27.8));
#1520 = SURFACE_CURVE('',#1521,(#1525,#1532),.PCURVE_S1.);
#1521 = LINE('',#1522,#1523);
#1522 = CARTESIAN_POINT('',(23.425,4.3,27.8));
#1523 = VECTOR('',#1524,1.);
#1524 = DIRECTION('',(1.,1.110223024625E-16,0.));
#1525 = PCURVE('',#44,#1526);
#1526 = DEFINITIONAL_REPRESENTATION('',(#1527),#1531);
#1527 = LINE('',#1528,#1529);
#1528 = CARTESIAN_POINT('',(67.55,24.575));
#1529 = VECTOR('',#1530,1.);
#1530 = DIRECTION('',(0.,1.));
#1531 = ( GEOMETRIC_REPRESENTATION_CONTEXT(2) 
PARAMETRIC_REPRESENTATION_CONTEXT() REPRESENTATION_CONTEXT('2D SPACE',''
  ) );
#1532 = PCURVE('',#1533,#1538);
#1533 = PLANE('',#1534);
#1534 = AXIS2_PLACEMENT_3D('',#1535,#1536,#1537);
#1535 = CARTESIAN_POINT('',(48.,4.3,24.7));
#1536 = DIRECTION('',(1.110223024625E-16,-1.,0.));
#1537 = DIRECTION('',(0.,0.,1.));
#1538 = DEFINITIONAL_REPRESENTATION('',(#1539),#1543);
#1539 = LINE('',#1540,#1541);
#1540 = CARTESIAN_POINT('',(3.1,24.575));
#1541 = VECTOR('',#1542,1.);
#1542 = DIRECTION('',(0.,-1.));
#1543 = ( GEOMETRIC_REPRESENTATION_CONTEXT(2) 
PARAMETRIC_REPRESENTATION_CONTEXT() REPRESENTATION_CONTEXT('2D SPACE',''
  ) );
#1544 = ORIENTED_EDGE('',*,*,#1545,.F.);
#1545 = EDGE_CURVE('',#1546,#1518,#1548,.T.);
#1546 = VERTEX_POINT('',#1547);
#1547 = CARTESIAN_POINT('',(55.,3.7,27.8));
#1548 = SURFACE_CURVE('',#1549,(#1554,#1561),.PCURVE_S1.);
#1549 = CIRCLE('',#1550,0.6);
#1550 = AXIS2_PLACEMENT_3D('',#1551,#1552,#1553);
#1551 = CARTESIAN_POINT('',(54.4,3.7,27.8));
#1552 = DIRECTION('',(0.,0.,1.));
#1553 = DIRECTION('',(-1.110223024625E-16,1.,0.));
#1554 = PCURVE('',#44,#1555);
#1555 = DEFINITIONAL_REPRESENTATION('',(#1556),#1560);
#1556 = CIRCLE('',#1557,0.6);
#1557 = AXIS2_PLACEMENT_2D('',#1558,#1559);
#1558 = CARTESIAN_POINT('',(68.15,55.55));
#1559 = DIRECTION('',(-1.,0.));
#1560 = ( GEOMETRIC_REPRESENTATION_CONTEXT(2) 
PARAMETRIC_REPRESENTATION_CONTEXT() REPRESENTATION_CONTEXT('2D SPACE',''
  ) );
#1561 = PCURVE('',#1562,#1567);
#1562 = CYLINDRICAL_SURFACE('',#1563,0.6);
#1563 = AXIS2_PLACEMENT_3D('',#1564,#1565,#1566);
#1564 = CARTESIAN_POINT('',(54.4,3.7,24.7));
#1565 = DIRECTION('',(0.,0.,1.));
#1566 = DIRECTION('',(-1.110223024625E-16,1.,0.));
#1567 = DEFINITIONAL_REPRESENTATION('',(#1568),#1572);
#1568 = LINE('',#1569,#1570);
#1569 = CARTESIAN_POINT('',(-6.28318530718,3.1));
#1570 = VECTOR('',#1571,1.);
#1571 = DIRECTION('',(1.,-0.));
#1572 = ( GEOMETRIC_REPRESENTATION_CONTEXT(2) 
PARAMETRIC_REPRESENTATION_CONTEXT() REPRESENTATION_CONTEXT('2D SPACE',''
  ) );
#1573 = ORIENTED_EDGE('',*,*,#1574,.F.);
#1574 = EDGE_CURVE('',#1575,#1546,#1577,.T.);
#1575 = VERTEX_POINT('',#1576);
#1576 = CARTESIAN_POINT('',(55.,3.5,27.8));
#1577 = SURFACE_CURVE('',#1578,(#1582,#1589),.PCURVE_S1.);
#1578 = LINE('',#1579,#1580);
#1579 = CARTESIAN_POINT('',(55.,38.075,27.8));
#1580 = VECTOR('',#1581,1.);
#1581 = DIRECTION('',(-1.110223024625E-16,1.,0.));
#1582 = PCURVE('',#44,#1583);
#1583 = DEFINITIONAL_REPRESENTATION('',(#1584),#1588);
#1584 = LINE('',#1585,#1586);
#1585 = CARTESIAN_POINT('',(33.775,56.15));
#1586 = VECTOR('',#1587,1.);
#1587 = DIRECTION('',(-1.,0.));
#1588 = ( GEOMETRIC_REPRESENTATION_CONTEXT(2) 
PARAMETRIC_REPRESENTATION_CONTEXT() REPRESENTATION_CONTEXT('2D SPACE',''
  ) );
#1589 = PCURVE('',#1590,#1595);
#1590 = PLANE('',#1591);
#1591 = AXIS2_PLACEMENT_3D('',#1592,#1593,#1594);
#1592 = CARTESIAN_POINT('',(55.,4.3,24.7));
#1593 = DIRECTION('',(1.,1.110223024625E-16,0.));
#1594 = DIRECTION('',(0.,0.,1.));
#1595 = DEFINITIONAL_REPRESENTATION('',(#1596),#1600);
#1596 = LINE('',#1597,#1598);
#1597 = CARTESIAN_POINT('',(3.1,-33.775));
#1598 = VECTOR('',#1599,1.);
#1599 = DIRECTION('',(0.,-1.));
#1600 = ( GEOMETRIC_REPRESENTATION_CONTEXT(2) 
PARAMETRIC_REPRESENTATION_CONTEXT() REPRESENTATION_CONTEXT('2D SPACE',''
  ) );
#1601 = ORIENTED_EDGE('',*,*,#1602,.F.);
#1602 = EDGE_CURVE('',#1603,#1575,#1605,.T.);
#1603 = VERTEX_POINT('',#1604);
#1604 = CARTESIAN_POINT('',(54.4,2.9,27.8));
#1605 = SURFACE_CURVE('',#1606,(#1611,#1618),.PCURVE_S1.);
#1606 = CIRCLE('',#1607,0.6);
#1607 = AXIS2_PLACEMENT_3D('',#1608,#1609,#1610);
#1608 = CARTESIAN_POINT('',(54.4,3.5,27.8));
#1609 = DIRECTION('',(-0.,0.,1.));
#1610 = DIRECTION('',(1.110223024625E-16,-1.,0.));
#1611 = PCURVE('',#44,#1612);
#1612 = DEFINITIONAL_REPRESENTATION('',(#1613),#1617);
#1613 = CIRCLE('',#1614,0.6);
#1614 = AXIS2_PLACEMENT_2D('',#1615,#1616);
#1615 = CARTESIAN_POINT('',(68.35,55.55));
#1616 = DIRECTION('',(1.,0.));
#1617 = ( GEOMETRIC_REPRESENTATION_CONTEXT(2) 
PARAMETRIC_REPRESENTATION_CONTEXT() REPRESENTATION_CONTEXT('2D SPACE',''
  ) );
#1618 = PCURVE('',#1619,#1624);
#1619 = CYLINDRICAL_SURFACE('',#1620,0.6);
#1620 = AXIS2_PLACEMENT_3D('',#1621,#1622,#1623);
#1621 = CARTESIAN_POINT('',(54.4,3.5,24.7));
#1622 = DIRECTION('',(0.,0.,1.));
#1623 = DIRECTION('',(1.110223024625E-16,-1.,0.));
#1624 = DEFINITIONAL_REPRESENTATION('',(#1625),#1629);
#1625 = LINE('',#1626,#1627);
#1626 = CARTESIAN_POINT('',(0.,3.1));
#1627 = VECTOR('',#1628,1.);
#1628 = DIRECTION('',(1.,0.));
#1629 = ( GEOMETRIC_REPRESENTATION_CONTEXT(2) 
PARAMETRIC_REPRESENTATION_CONTEXT() REPRESENTATION_CONTEXT('2D SPACE',''
  ) );
#1630 = ORIENTED_EDGE('',*,*,#1631,.F.);
#1631 = EDGE_CURVE('',#1632,#1603,#1634,.T.);
#1632 = VERTEX_POINT('',#1633);
#1633 = CARTESIAN_POINT('',(48.6,2.9,27.8));
#1634 = SURFACE_CURVE('',#1635,(#1639,#1646),.PCURVE_S1.);
#1635 = LINE('',#1636,#1637);
#1636 = CARTESIAN_POINT('',(23.425,2.9,27.8));
#1637 = VECTOR('',#1638,1.);
#1638 = DIRECTION('',(1.,1.110223024625E-16,0.));
#1639 = PCURVE('',#44,#1640);
#1640 = DEFINITIONAL_REPRESENTATION('',(#1641),#1645);
#1641 = LINE('',#1642,#1643);
#1642 = CARTESIAN_POINT('',(68.95,24.575));
#1643 = VECTOR('',#1644,1.);
#1644 = DIRECTION('',(0.,1.));
#1645 = ( GEOMETRIC_REPRESENTATION_CONTEXT(2) 
PARAMETRIC_REPRESENTATION_CONTEXT() REPRESENTATION_CONTEXT('2D SPACE',''
  ) );
#1646 = PCURVE('',#1647,#1652);
#1647 = PLANE('',#1648);
#1648 = AXIS2_PLACEMENT_3D('',#1649,#1650,#1651);
#1649 = CARTESIAN_POINT('',(48.,2.9,24.7));
#1650 = DIRECTION('',(1.110223024625E-16,-1.,0.));
#1651 = DIRECTION('',(0.,0.,1.));
#1652 = DEFINITIONAL_REPRESENTATION('',(#1653),#1657);
#1653 = LINE('',#1654,#1655);
#1654 = CARTESIAN_POINT('',(3.1,24.575));
#1655 = VECTOR('',#1656,1.);
#1656 = DIRECTION('',(0.,-1.));
#1657 = ( GEOMETRIC_REPRESENTATION_CONTEXT(2) 
PARAMETRIC_REPRESENTATION_CONTEXT() REPRESENTATION_CONTEXT('2D SPACE',''
  ) );
#1658 = ORIENTED_EDGE('',*,*,#1659,.F.);
#1659 = EDGE_CURVE('',#1660,#1632,#1662,.T.);
#1660 = VERTEX_POINT('',#1661);
#1661 = CARTESIAN_POINT('',(48.,3.5,27.8));
#1662 = SURFACE_CURVE('',#1663,(#1668,#1675),.PCURVE_S1.);
#1663 = CIRCLE('',#1664,0.6);
#1664 = AXIS2_PLACEMENT_3D('',#1665,#1666,#1667);
#1665 = CARTESIAN_POINT('',(48.6,3.5,27.8));
#1666 = DIRECTION('',(-0.,0.,1.));
#1667 = DIRECTION('',(1.110223024625E-16,-1.,0.));
#1668 = PCURVE('',#44,#1669);
#1669 = DEFINITIONAL_REPRESENTATION('',(#1670),#1674);
#1670 = CIRCLE('',#1671,0.6);
#1671 = AXIS2_PLACEMENT_2D('',#1672,#1673);
#1672 = CARTESIAN_POINT('',(68.35,49.75));
#1673 = DIRECTION('',(1.,0.));
#1674 = ( GEOMETRIC_REPRESENTATION_CONTEXT(2) 
PARAMETRIC_REPRESENTATION_CONTEXT() REPRESENTATION_CONTEXT('2D SPACE',''
  ) );
#1675 = PCURVE('',#1676,#1681);
#1676 = CYLINDRICAL_SURFACE('',#1677,0.6);
#1677 = AXIS2_PLACEMENT_3D('',#1678,#1679,#1680);
#1678 = CARTESIAN_POINT('',(48.6,3.5,24.7));
#1679 = DIRECTION('',(0.,0.,1.));
#1680 = DIRECTION('',(1.110223024625E-16,-1.,0.));
#1681 = DEFINITIONAL_REPRESENTATION('',(#1682),#1686);
#1682 = LINE('',#1683,#1684);
#1683 = CARTESIAN_POINT('',(-6.28318530718,3.1));
#1684 = VECTOR('',#1685,1.);
#1685 = DIRECTION('',(1.,-0.));
#1686 = ( GEOMETRIC_REPRESENTATION_CONTEXT(2) 
PARAMETRIC_REPRESENTATION_CONTEXT() REPRESENTATION_CONTEXT('2D SPACE',''
  ) );
#1687 = ORIENTED_EDGE('',*,*,#1688,.T.);
#1688 = EDGE_CURVE('',#1660,#1489,#1689,.T.);
#1689 = SURFACE_CURVE('',#1690,(#1694,#1701),.PCURVE_S1.);
#1690 = LINE('',#1691,#1692);
#1691 = CARTESIAN_POINT('',(48.,38.075,27.8));
#1692 = VECTOR('',#1693,1.);
#1693 = DIRECTION('',(-1.110223024625E-16,1.,0.));
#1694 = PCURVE('',#44,#1695);
#1695 = DEFINITIONAL_REPRESENTATION('',(#1696),#1700);
#1696 = LINE('',#1697,#1698);
#1697 = CARTESIAN_POINT('',(33.775,49.15));
#1698 = VECTOR('',#1699,1.);
#1699 = DIRECTION('',(-1.,0.));
#1700 = ( GEOMETRIC_REPRESENTATION_CONTEXT(2) 
PARAMETRIC_REPRESENTATION_CONTEXT() REPRESENTATION_CONTEXT('2D SPACE',''
  ) );
#1701 = PCURVE('',#1702,#1707);
#1702 = PLANE('',#1703);
#1703 = AXIS2_PLACEMENT_3D('',#1704,#1705,#1706);
#1704 = CARTESIAN_POINT('',(48.,4.3,24.7));
#1705 = DIRECTION('',(1.,1.110223024625E-16,0.));
#1706 = DIRECTION('',(0.,0.,1.));
#1707 = DEFINITIONAL_REPRESENTATION('',(#1708),#1712);
#1708 = LINE('',#1709,#1710);
#1709 = CARTESIAN_POINT('',(3.1,-33.775));
#1710 = VECTOR('',#1711,1.);
#1711 = DIRECTION('',(0.,-1.));
#1712 = ( GEOMETRIC_REPRESENTATION_CONTEXT(2) 
PARAMETRIC_REPRESENTATION_CONTEXT() REPRESENTATION_CONTEXT('2D SPACE',''
  ) );
#1713 = FACE_BOUND('',#1714,.T.);
#1714 = EDGE_LOOP('',(#1715,#1746,#1774,#1803,#1831,#1860,#1888,#1917));
#1715 = ORIENTED_EDGE('',*,*,#1716,.F.);
#1716 = EDGE_CURVE('',#1717,#1719,#1721,.T.);
#1717 = VERTEX_POINT('',#1718);
#1718 = CARTESIAN_POINT('',(48.6,1.5,27.8));
#1719 = VERTEX_POINT('',#1720);
#1720 = CARTESIAN_POINT('',(48.,0.9,27.8));
#1721 = SURFACE_CURVE('',#1722,(#1727,#1734),.PCURVE_S1.);
#1722 = CIRCLE('',#1723,0.6);
#1723 = AXIS2_PLACEMENT_3D('',#1724,#1725,#1726);
#1724 = CARTESIAN_POINT('',(48.6,0.9,27.8));
#1725 = DIRECTION('',(0.,0.,1.));
#1726 = DIRECTION('',(-1.110223024625E-16,1.,0.));
#1727 = PCURVE('',#44,#1728);
#1728 = DEFINITIONAL_REPRESENTATION('',(#1729),#1733);
#1729 = CIRCLE('',#1730,0.6);
#1730 = AXIS2_PLACEMENT_2D('',#1731,#1732);
#1731 = CARTESIAN_POINT('',(70.95,49.75));
#1732 = DIRECTION('',(-1.,0.));
#1733 = ( GEOMETRIC_REPRESENTATION_CONTEXT(2) 
PARAMETRIC_REPRESENTATION_CONTEXT() REPRESENTATION_CONTEXT('2D SPACE',''
  ) );
#1734 = PCURVE('',#1735,#1740);
#1735 = CYLINDRICAL_SURFACE('',#1736,0.6);
#1736 = AXIS2_PLACEMENT_3D('',#1737,#1738,#1739);
#1737 = CARTESIAN_POINT('',(48.6,0.9,24.7));
#1738 = DIRECTION('',(0.,0.,1.));
#1739 = DIRECTION('',(-1.110223024625E-16,1.,0.));
#1740 = DEFINITIONAL_REPRESENTATION('',(#1741),#1745);
#1741 = LINE('',#1742,#1743);
#1742 = CARTESIAN_POINT('',(0.,3.1));
#1743 = VECTOR('',#1744,1.);
#1744 = DIRECTION('',(1.,0.));
#1745 = ( GEOMETRIC_REPRESENTATION_CONTEXT(2) 
PARAMETRIC_REPRESENTATION_CONTEXT() REPRESENTATION_CONTEXT('2D SPACE',''
  ) );
#1746 = ORIENTED_EDGE('',*,*,#1747,.T.);
#1747 = EDGE_CURVE('',#1717,#1748,#1750,.T.);
#1748 = VERTEX_POINT('',#1749);
#1749 = CARTESIAN_POINT('',(54.4,1.5,27.8));
#1750 = SURFACE_CURVE('',#1751,(#1755,#1762),.PCURVE_S1.);
#1751 = LINE('',#1752,#1753);
#1752 = CARTESIAN_POINT('',(23.425,1.5,27.8));
#1753 = VECTOR('',#1754,1.);
#1754 = DIRECTION('',(1.,1.110223024625E-16,0.));
#1755 = PCURVE('',#44,#1756);
#1756 = DEFINITIONAL_REPRESENTATION('',(#1757),#1761);
#1757 = LINE('',#1758,#1759);
#1758 = CARTESIAN_POINT('',(70.35,24.575));
#1759 = VECTOR('',#1760,1.);
#1760 = DIRECTION('',(0.,1.));
#1761 = ( GEOMETRIC_REPRESENTATION_CONTEXT(2) 
PARAMETRIC_REPRESENTATION_CONTEXT() REPRESENTATION_CONTEXT('2D SPACE',''
  ) );
#1762 = PCURVE('',#1763,#1768);
#1763 = PLANE('',#1764);
#1764 = AXIS2_PLACEMENT_3D('',#1765,#1766,#1767);
#1765 = CARTESIAN_POINT('',(48.,1.5,24.7));
#1766 = DIRECTION('',(1.110223024625E-16,-1.,0.));
#1767 = DIRECTION('',(0.,0.,1.));
#1768 = DEFINITIONAL_REPRESENTATION('',(#1769),#1773);
#1769 = LINE('',#1770,#1771);
#1770 = CARTESIAN_POINT('',(3.1,24.575));
#1771 = VECTOR('',#1772,1.);
#1772 = DIRECTION('',(0.,-1.));
#1773 = ( GEOMETRIC_REPRESENTATION_CONTEXT(2) 
PARAMETRIC_REPRESENTATION_CONTEXT() REPRESENTATION_CONTEXT('2D SPACE',''
  ) );
#1774 = ORIENTED_EDGE('',*,*,#1775,.F.);
#1775 = EDGE_CURVE('',#1776,#1748,#1778,.T.);
#1776 = VERTEX_POINT('',#1777);
#1777 = CARTESIAN_POINT('',(55.,0.9,27.8));
#1778 = SURFACE_CURVE('',#1779,(#1784,#1791),.PCURVE_S1.);
#1779 = CIRCLE('',#1780,0.6);
#1780 = AXIS2_PLACEMENT_3D('',#1781,#1782,#1783);
#1781 = CARTESIAN_POINT('',(54.4,0.9,27.8));
#1782 = DIRECTION('',(0.,0.,1.));
#1783 = DIRECTION('',(-1.110223024625E-16,1.,0.));
#1784 = PCURVE('',#44,#1785);
#1785 = DEFINITIONAL_REPRESENTATION('',(#1786),#1790);
#1786 = CIRCLE('',#1787,0.6);
#1787 = AXIS2_PLACEMENT_2D('',#1788,#1789);
#1788 = CARTESIAN_POINT('',(70.95,55.55));
#1789 = DIRECTION('',(-1.,0.));
#1790 = ( GEOMETRIC_REPRESENTATION_CONTEXT(2) 
PARAMETRIC_REPRESENTATION_CONTEXT() REPRESENTATION_CONTEXT('2D SPACE',''
  ) );
#1791 = PCURVE('',#1792,#1797);
#1792 = CYLINDRICAL_SURFACE('',#1793,0.6);
#1793 = AXIS2_PLACEMENT_3D('',#1794,#1795,#1796);
#1794 = CARTESIAN_POINT('',(54.4,0.9,24.7));
#1795 = DIRECTION('',(0.,0.,1.));
#1796 = DIRECTION('',(-1.110223024625E-16,1.,0.));
#1797 = DEFINITIONAL_REPRESENTATION('',(#1798),#1802);
#1798 = LINE('',#1799,#1800);
#1799 = CARTESIAN_POINT('',(-6.28318530718,3.1));
#1800 = VECTOR('',#1801,1.);
#1801 = DIRECTION('',(1.,-0.));
#1802 = ( GEOMETRIC_REPRESENTATION_CONTEXT(2) 
PARAMETRIC_REPRESENTATION_CONTEXT() REPRESENTATION_CONTEXT('2D SPACE',''
  ) );
#1803 = ORIENTED_EDGE('',*,*,#1804,.F.);
#1804 = EDGE_CURVE('',#1805,#1776,#1807,.T.);
#1805 = VERTEX_POINT('',#1806);
#1806 = CARTESIAN_POINT('',(55.,0.7,27.8));
#1807 = SURFACE_CURVE('',#1808,(#1812,#1819),.PCURVE_S1.);
#1808 = LINE('',#1809,#1810);
#1809 = CARTESIAN_POINT('',(55.,36.675,27.8));
#1810 = VECTOR('',#1811,1.);
#1811 = DIRECTION('',(-1.110223024625E-16,1.,0.));
#1812 = PCURVE('',#44,#1813);
#1813 = DEFINITIONAL_REPRESENTATION('',(#1814),#1818);
#1814 = LINE('',#1815,#1816);
#1815 = CARTESIAN_POINT('',(35.175,56.15));
#1816 = VECTOR('',#1817,1.);
#1817 = DIRECTION('',(-1.,0.));
#1818 = ( GEOMETRIC_REPRESENTATION_CONTEXT(2) 
PARAMETRIC_REPRESENTATION_CONTEXT() REPRESENTATION_CONTEXT('2D SPACE',''
  ) );
#1819 = PCURVE('',#1820,#1825);
#1820 = PLANE('',#1821);
#1821 = AXIS2_PLACEMENT_3D('',#1822,#1823,#1824);
#1822 = CARTESIAN_POINT('',(55.,1.5,24.7));
#1823 = DIRECTION('',(1.,1.110223024625E-16,0.));
#1824 = DIRECTION('',(0.,0.,1.));
#1825 = DEFINITIONAL_REPRESENTATION('',(#1826),#1830);
#1826 = LINE('',#1827,#1828);
#1827 = CARTESIAN_POINT('',(3.1,-35.175));
#1828 = VECTOR('',#1829,1.);
#1829 = DIRECTION('',(0.,-1.));
#1830 = ( GEOMETRIC_REPRESENTATION_CONTEXT(2) 
PARAMETRIC_REPRESENTATION_CONTEXT() REPRESENTATION_CONTEXT('2D SPACE',''
  ) );
#1831 = ORIENTED_EDGE('',*,*,#1832,.F.);
#1832 = EDGE_CURVE('',#1833,#1805,#1835,.T.);
#1833 = VERTEX_POINT('',#1834);
#1834 = CARTESIAN_POINT('',(54.4,0.1,27.8));
#1835 = SURFACE_CURVE('',#1836,(#1841,#1848),.PCURVE_S1.);
#1836 = CIRCLE('',#1837,0.6);
#1837 = AXIS2_PLACEMENT_3D('',#1838,#1839,#1840);
#1838 = CARTESIAN_POINT('',(54.4,0.7,27.8));
#1839 = DIRECTION('',(-0.,0.,1.));
#1840 = DIRECTION('',(1.110223024625E-16,-1.,0.));
#1841 = PCURVE('',#44,#1842);
#1842 = DEFINITIONAL_REPRESENTATION('',(#1843),#1847);
#1843 = CIRCLE('',#1844,0.6);
#1844 = AXIS2_PLACEMENT_2D('',#1845,#1846);
#1845 = CARTESIAN_POINT('',(71.15,55.55));
#1846 = DIRECTION('',(1.,0.));
#1847 = ( GEOMETRIC_REPRESENTATION_CONTEXT(2) 
PARAMETRIC_REPRESENTATION_CONTEXT() REPRESENTATION_CONTEXT('2D SPACE',''
  ) );
#1848 = PCURVE('',#1849,#1854);
#1849 = CYLINDRICAL_SURFACE('',#1850,0.6);
#1850 = AXIS2_PLACEMENT_3D('',#1851,#1852,#1853);
#1851 = CARTESIAN_POINT('',(54.4,0.7,24.7));
#1852 = DIRECTION('',(0.,0.,1.));
#1853 = DIRECTION('',(1.110223024625E-16,-1.,0.));
#1854 = DEFINITIONAL_REPRESENTATION('',(#1855),#1859);
#1855 = LINE('',#1856,#1857);
#1856 = CARTESIAN_POINT('',(0.,3.1));
#1857 = VECTOR('',#1858,1.);
#1858 = DIRECTION('',(1.,0.));
#1859 = ( GEOMETRIC_REPRESENTATION_CONTEXT(2) 
PARAMETRIC_REPRESENTATION_CONTEXT() REPRESENTATION_CONTEXT('2D SPACE',''
  ) );
#1860 = ORIENTED_EDGE('',*,*,#1861,.F.);
#1861 = EDGE_CURVE('',#1862,#1833,#1864,.T.);
#1862 = VERTEX_POINT('',#1863);
#1863 = CARTESIAN_POINT('',(48.6,1.E-01,27.8));
#1864 = SURFACE_CURVE('',#1865,(#1869,#1876),.PCURVE_S1.);
#1865 = LINE('',#1866,#1867);
#1866 = CARTESIAN_POINT('',(23.425,1.E-01,27.8));
#1867 = VECTOR('',#1868,1.);
#1868 = DIRECTION('',(1.,1.110223024625E-16,0.));
#1869 = PCURVE('',#44,#1870);
#1870 = DEFINITIONAL_REPRESENTATION('',(#1871),#1875);
#1871 = LINE('',#1872,#1873);
#1872 = CARTESIAN_POINT('',(71.75,24.575));
#1873 = VECTOR('',#1874,1.);
#1874 = DIRECTION('',(0.,1.));
#1875 = ( GEOMETRIC_REPRESENTATION_CONTEXT(2) 
PARAMETRIC_REPRESENTATION_CONTEXT() REPRESENTATION_CONTEXT('2D SPACE',''
  ) );
#1876 = PCURVE('',#1877,#1882);
#1877 = PLANE('',#1878);
#1878 = AXIS2_PLACEMENT_3D('',#1879,#1880,#1881);
#1879 = CARTESIAN_POINT('',(48.,1.E-01,24.7));
#1880 = DIRECTION('',(1.110223024625E-16,-1.,0.));
#1881 = DIRECTION('',(0.,0.,1.));
#1882 = DEFINITIONAL_REPRESENTATION('',(#1883),#1887);
#1883 = LINE('',#1884,#1885);
#1884 = CARTESIAN_POINT('',(3.1,24.575));
#1885 = VECTOR('',#1886,1.);
#1886 = DIRECTION('',(0.,-1.));
#1887 = ( GEOMETRIC_REPRESENTATION_CONTEXT(2) 
PARAMETRIC_REPRESENTATION_CONTEXT() REPRESENTATION_CONTEXT('2D SPACE',''
  ) );
#1888 = ORIENTED_EDGE('',*,*,#1889,.F.);
#1889 = EDGE_CURVE('',#1890,#1862,#1892,.T.);
#1890 = VERTEX_POINT('',#1891);
#1891 = CARTESIAN_POINT('',(48.,0.7,27.8));
#1892 = SURFACE_CURVE('',#1893,(#1898,#1905),.PCURVE_S1.);
#1893 = CIRCLE('',#1894,0.6);
#1894 = AXIS2_PLACEMENT_3D('',#1895,#1896,#1897);
#1895 = CARTESIAN_POINT('',(48.6,0.7,27.8));
#1896 = DIRECTION('',(-0.,0.,1.));
#1897 = DIRECTION('',(1.110223024625E-16,-1.,0.));
#1898 = PCURVE('',#44,#1899);
#1899 = DEFINITIONAL_REPRESENTATION('',(#1900),#1904);
#1900 = CIRCLE('',#1901,0.6);
#1901 = AXIS2_PLACEMENT_2D('',#1902,#1903);
#1902 = CARTESIAN_POINT('',(71.15,49.75));
#1903 = DIRECTION('',(1.,0.));
#1904 = ( GEOMETRIC_REPRESENTATION_CONTEXT(2) 
PARAMETRIC_REPRESENTATION_CONTEXT() REPRESENTATION_CONTEXT('2D SPACE',''
  ) );
#1905 = PCURVE('',#1906,#1911);
#1906 = CYLINDRICAL_SURFACE('',#1907,0.6);
#1907 = AXIS2_PLACEMENT_3D('',#1908,#1909,#1910);
#1908 = CARTESIAN_POINT('',(48.6,0.7,24.7));
#1909 = DIRECTION('',(0.,0.,1.));
#1910 = DIRECTION('',(1.110223024625E-16,-1.,0.));
#1911 = DEFINITIONAL_REPRESENTATION('',(#1912),#1916);
#1912 = LINE('',#1913,#1914);
#1913 = CARTESIAN_POINT('',(-6.28318530718,3.1));
#1914 = VECTOR('',#1915,1.);
#1915 = DIRECTION('',(1.,-0.));
#1916 = ( GEOMETRIC_REPRESENTATION_CONTEXT(2) 
PARAMETRIC_REPRESENTATION_CONTEXT() REPRESENTATION_CONTEXT('2D SPACE',''
  ) );
#1917 = ORIENTED_EDGE('',*,*,#1918,.T.);
#1918 = EDGE_CURVE('',#1890,#1719,#1919,.T.);
#1919 = SURFACE_CURVE('',#1920,(#1924,#1931),.PCURVE_S1.);
#1920 = LINE('',#1921,#1922);
#1921 = CARTESIAN_POINT('',(48.,36.675,27.8));
#1922 = VECTOR('',#1923,1.);
#1923 = DIRECTION('',(-1.110223024625E-16,1.,0.));
#1924 = PCURVE('',#44,#1925);
#1925 = DEFINITIONAL_REPRESENTATION('',(#1926),#1930);
#1926 = LINE('',#1927,#1928);
#1927 = CARTESIAN_POINT('',(35.175,49.15));
#1928 = VECTOR('',#1929,1.);
#1929 = DIRECTION('',(-1.,0.));
#1930 = ( GEOMETRIC_REPRESENTATION_CONTEXT(2) 
PARAMETRIC_REPRESENTATION_CONTEXT() REPRESENTATION_CONTEXT('2D SPACE',''
  ) );
#1931 = PCURVE('',#1932,#1937);
#1932 = PLANE('',#1933);
#1933 = AXIS2_PLACEMENT_3D('',#1934,#1935,#1936);
#1934 = CARTESIAN_POINT('',(48.,1.5,24.7));
#1935 = DIRECTION('',(1.,1.110223024625E-16,0.));
#1936 = DIRECTION('',(0.,0.,1.));
#1937 = DEFINITIONAL_REPRESENTATION('',(#1938),#1942);
#1938 = LINE('',#1939,#1940);
#1939 = CARTESIAN_POINT('',(3.1,-35.175));
#1940 = VECTOR('',#1941,1.);
#1941 = DIRECTION('',(0.,-1.));
#1942 = ( GEOMETRIC_REPRESENTATION_CONTEXT(2) 
PARAMETRIC_REPRESENTATION_CONTEXT() REPRESENTATION_CONTEXT('2D SPACE',''
  ) );
#1943 = FACE_BOUND('',#1944,.T.);
#1944 = EDGE_LOOP('',(#1945,#1976,#2004,#2033,#2061,#2090,#2118,#2147));
#1945 = ORIENTED_EDGE('',*,*,#1946,.F.);
#1946 = EDGE_CURVE('',#1947,#1949,#1951,.T.);
#1947 = VERTEX_POINT('',#1948);
#1948 = CARTESIAN_POINT('',(31.45,52.55,27.8));
#1949 = VERTEX_POINT('',#1950);
#1950 = CARTESIAN_POINT('',(29.45,50.55,27.8));
#1951 = SURFACE_CURVE('',#1952,(#1957,#1964),.PCURVE_S1.);
#1952 = CIRCLE('',#1953,2.);
#1953 = AXIS2_PLACEMENT_3D('',#1954,#1955,#1956);
#1954 = CARTESIAN_POINT('',(31.45,50.55,27.8));
#1955 = DIRECTION('',(0.,0.,1.));
#1956 = DIRECTION('',(-1.110223024625E-16,1.,0.));
#1957 = PCURVE('',#44,#1958);
#1958 = DEFINITIONAL_REPRESENTATION('',(#1959),#1963);
#1959 = CIRCLE('',#1960,2.);
#1960 = AXIS2_PLACEMENT_2D('',#1961,#1962);
#1961 = CARTESIAN_POINT('',(21.3,32.6));
#1962 = DIRECTION('',(-1.,0.));
#1963 = ( GEOMETRIC_REPRESENTATION_CONTEXT(2) 
PARAMETRIC_REPRESENTATION_CONTEXT() REPRESENTATION_CONTEXT('2D SPACE',''
  ) );
#1964 = PCURVE('',#1965,#1970);
#1965 = CYLINDRICAL_SURFACE('',#1966,2.);
#1966 = AXIS2_PLACEMENT_3D('',#1967,#1968,#1969);
#1967 = CARTESIAN_POINT('',(31.45,50.55,24.7));
#1968 = DIRECTION('',(0.,0.,1.));
#1969 = DIRECTION('',(-1.110223024625E-16,1.,0.));
#1970 = DEFINITIONAL_REPRESENTATION('',(#1971),#1975);
#1971 = LINE('',#1972,#1973);
#1972 = CARTESIAN_POINT('',(0.,3.1));
#1973 = VECTOR('',#1974,1.);
#1974 = DIRECTION('',(1.,0.));
#1975 = ( GEOMETRIC_REPRESENTATION_CONTEXT(2) 
PARAMETRIC_REPRESENTATION_CONTEXT() REPRESENTATION_CONTEXT('2D SPACE',''
  ) );
#1976 = ORIENTED_EDGE('',*,*,#1977,.T.);
#1977 = EDGE_CURVE('',#1947,#1978,#1980,.T.);
#1978 = VERTEX_POINT('',#1979);
#1979 = CARTESIAN_POINT('',(95.45,52.55,27.8));
#1980 = SURFACE_CURVE('',#1981,(#1985,#1992),.PCURVE_S1.);
#1981 = LINE('',#1982,#1983);
#1982 = CARTESIAN_POINT('',(14.15,52.55,27.8));
#1983 = VECTOR('',#1984,1.);
#1984 = DIRECTION('',(1.,1.110223024625E-16,0.));
#1985 = PCURVE('',#44,#1986);
#1986 = DEFINITIONAL_REPRESENTATION('',(#1987),#1991);
#1987 = LINE('',#1988,#1989);
#1988 = CARTESIAN_POINT('',(19.3,15.3));
#1989 = VECTOR('',#1990,1.);
#1990 = DIRECTION('',(0.,1.));
#1991 = ( GEOMETRIC_REPRESENTATION_CONTEXT(2) 
PARAMETRIC_REPRESENTATION_CONTEXT() REPRESENTATION_CONTEXT('2D SPACE',''
  ) );
#1992 = PCURVE('',#1993,#1998);
#1993 = PLANE('',#1994);
#1994 = AXIS2_PLACEMENT_3D('',#1995,#1996,#1997);
#1995 = CARTESIAN_POINT('',(29.45,52.55,24.7));
#1996 = DIRECTION('',(1.110223024625E-16,-1.,0.));
#1997 = DIRECTION('',(0.,0.,1.));
#1998 = DEFINITIONAL_REPRESENTATION('',(#1999),#2003);
#1999 = LINE('',#2000,#2001);
#2000 = CARTESIAN_POINT('',(3.1,15.3));
#2001 = VECTOR('',#2002,1.);
#2002 = DIRECTION('',(0.,-1.));
#2003 = ( GEOMETRIC_REPRESENTATION_CONTEXT(2) 
PARAMETRIC_REPRESENTATION_CONTEXT() REPRESENTATION_CONTEXT('2D SPACE',''
  ) );
#2004 = ORIENTED_EDGE('',*,*,#2005,.F.);
#2005 = EDGE_CURVE('',#2006,#1978,#2008,.T.);
#2006 = VERTEX_POINT('',#2007);
#2007 = CARTESIAN_POINT('',(97.45,50.55,27.8));
#2008 = SURFACE_CURVE('',#2009,(#2014,#2021),.PCURVE_S1.);
#2009 = CIRCLE('',#2010,2.);
#2010 = AXIS2_PLACEMENT_3D('',#2011,#2012,#2013);
#2011 = CARTESIAN_POINT('',(95.45,50.55,27.8));
#2012 = DIRECTION('',(0.,0.,1.));
#2013 = DIRECTION('',(-1.110223024625E-16,1.,0.));
#2014 = PCURVE('',#44,#2015);
#2015 = DEFINITIONAL_REPRESENTATION('',(#2016),#2020);
#2016 = CIRCLE('',#2017,2.);
#2017 = AXIS2_PLACEMENT_2D('',#2018,#2019);
#2018 = CARTESIAN_POINT('',(21.3,96.6));
#2019 = DIRECTION('',(-1.,0.));
#2020 = ( GEOMETRIC_REPRESENTATION_CONTEXT(2) 
PARAMETRIC_REPRESENTATION_CONTEXT() REPRESENTATION_CONTEXT('2D SPACE',''
  ) );
#2021 = PCURVE('',#2022,#2027);
#2022 = CYLINDRICAL_SURFACE('',#2023,2.);
#2023 = AXIS2_PLACEMENT_3D('',#2024,#2025,#2026);
#2024 = CARTESIAN_POINT('',(95.45,50.55,24.7));
#2025 = DIRECTION('',(0.,0.,1.));
#2026 = DIRECTION('',(-1.110223024625E-16,1.,0.));
#2027 = DEFINITIONAL_REPRESENTATION('',(#2028),#2032);
#2028 = LINE('',#2029,#2030);
#2029 = CARTESIAN_POINT('',(-6.28318530718,3.1));
#2030 = VECTOR('',#2031,1.);
#2031 = DIRECTION('',(1.,-0.));
#2032 = ( GEOMETRIC_REPRESENTATION_CONTEXT(2) 
PARAMETRIC_REPRESENTATION_CONTEXT() REPRESENTATION_CONTEXT('2D SPACE',''
  ) );
#2033 = ORIENTED_EDGE('',*,*,#2034,.F.);
#2034 = EDGE_CURVE('',#2035,#2006,#2037,.T.);
#2035 = VERTEX_POINT('',#2036);
#2036 = CARTESIAN_POINT('',(97.45,20.15,27.8));
#2037 = SURFACE_CURVE('',#2038,(#2042,#2049),.PCURVE_S1.);
#2038 = LINE('',#2039,#2040);
#2039 = CARTESIAN_POINT('',(97.45,62.2,27.8));
#2040 = VECTOR('',#2041,1.);
#2041 = DIRECTION('',(-1.110223024625E-16,1.,0.));
#2042 = PCURVE('',#44,#2043);
#2043 = DEFINITIONAL_REPRESENTATION('',(#2044),#2048);
#2044 = LINE('',#2045,#2046);
#2045 = CARTESIAN_POINT('',(9.65,98.6));
#2046 = VECTOR('',#2047,1.);
#2047 = DIRECTION('',(-1.,0.));
#2048 = ( GEOMETRIC_REPRESENTATION_CONTEXT(2) 
PARAMETRIC_REPRESENTATION_CONTEXT() REPRESENTATION_CONTEXT('2D SPACE',''
  ) );
#2049 = PCURVE('',#2050,#2055);
#2050 = PLANE('',#2051);
#2051 = AXIS2_PLACEMENT_3D('',#2052,#2053,#2054);
#2052 = CARTESIAN_POINT('',(97.45,52.55,24.7));
#2053 = DIRECTION('',(1.,1.110223024625E-16,0.));
#2054 = DIRECTION('',(0.,0.,1.));
#2055 = DEFINITIONAL_REPRESENTATION('',(#2056),#2060);
#2056 = LINE('',#2057,#2058);
#2057 = CARTESIAN_POINT('',(3.1,-9.65));
#2058 = VECTOR('',#2059,1.);
#2059 = DIRECTION('',(0.,-1.));
#2060 = ( GEOMETRIC_REPRESENTATION_CONTEXT(2) 
PARAMETRIC_REPRESENTATION_CONTEXT() REPRESENTATION_CONTEXT('2D SPACE',''
  ) );
#2061 = ORIENTED_EDGE('',*,*,#2062,.F.);
#2062 = EDGE_CURVE('',#2063,#2035,#2065,.T.);
#2063 = VERTEX_POINT('',#2064);
#2064 = CARTESIAN_POINT('',(95.45,18.15,27.8));
#2065 = SURFACE_CURVE('',#2066,(#2071,#2078),.PCURVE_S1.);
#2066 = CIRCLE('',#2067,2.);
#2067 = AXIS2_PLACEMENT_3D('',#2068,#2069,#2070);
#2068 = CARTESIAN_POINT('',(95.45,20.15,27.8));
#2069 = DIRECTION('',(-0.,0.,1.));
#2070 = DIRECTION('',(1.110223024625E-16,-1.,0.));
#2071 = PCURVE('',#44,#2072);
#2072 = DEFINITIONAL_REPRESENTATION('',(#2073),#2077);
#2073 = CIRCLE('',#2074,2.);
#2074 = AXIS2_PLACEMENT_2D('',#2075,#2076);
#2075 = CARTESIAN_POINT('',(51.7,96.6));
#2076 = DIRECTION('',(1.,0.));
#2077 = ( GEOMETRIC_REPRESENTATION_CONTEXT(2) 
PARAMETRIC_REPRESENTATION_CONTEXT() REPRESENTATION_CONTEXT('2D SPACE',''
  ) );
#2078 = PCURVE('',#2079,#2084);
#2079 = CYLINDRICAL_SURFACE('',#2080,2.);
#2080 = AXIS2_PLACEMENT_3D('',#2081,#2082,#2083);
#2081 = CARTESIAN_POINT('',(95.45,20.15,24.7));
#2082 = DIRECTION('',(0.,0.,1.));
#2083 = DIRECTION('',(1.110223024625E-16,-1.,0.));
#2084 = DEFINITIONAL_REPRESENTATION('',(#2085),#2089);
#2085 = LINE('',#2086,#2087);
#2086 = CARTESIAN_POINT('',(0.,3.1));
#2087 = VECTOR('',#2088,1.);
#2088 = DIRECTION('',(1.,0.));
#2089 = ( GEOMETRIC_REPRESENTATION_CONTEXT(2) 
PARAMETRIC_REPRESENTATION_CONTEXT() REPRESENTATION_CONTEXT('2D SPACE',''
  ) );
#2090 = ORIENTED_EDGE('',*,*,#2091,.F.);
#2091 = EDGE_CURVE('',#2092,#2063,#2094,.T.);
#2092 = VERTEX_POINT('',#2093);
#2093 = CARTESIAN_POINT('',(31.45,18.15,27.8));
#2094 = SURFACE_CURVE('',#2095,(#2099,#2106),.PCURVE_S1.);
#2095 = LINE('',#2096,#2097);
#2096 = CARTESIAN_POINT('',(14.15,18.15,27.8));
#2097 = VECTOR('',#2098,1.);
#2098 = DIRECTION('',(1.,1.110223024625E-16,0.));
#2099 = PCURVE('',#44,#2100);
#2100 = DEFINITIONAL_REPRESENTATION('',(#2101),#2105);
#2101 = LINE('',#2102,#2103);
#2102 = CARTESIAN_POINT('',(53.7,15.3));
#2103 = VECTOR('',#2104,1.);
#2104 = DIRECTION('',(0.,1.));
#2105 = ( GEOMETRIC_REPRESENTATION_CONTEXT(2) 
PARAMETRIC_REPRESENTATION_CONTEXT() REPRESENTATION_CONTEXT('2D SPACE',''
  ) );
#2106 = PCURVE('',#2107,#2112);
#2107 = PLANE('',#2108);
#2108 = AXIS2_PLACEMENT_3D('',#2109,#2110,#2111);
#2109 = CARTESIAN_POINT('',(29.45,18.15,24.7));
#2110 = DIRECTION('',(1.110223024625E-16,-1.,0.));
#2111 = DIRECTION('',(0.,0.,1.));
#2112 = DEFINITIONAL_REPRESENTATION('',(#2113),#2117);
#2113 = LINE('',#2114,#2115);
#2114 = CARTESIAN_POINT('',(3.1,15.3));
#2115 = VECTOR('',#2116,1.);
#2116 = DIRECTION('',(0.,-1.));
#2117 = ( GEOMETRIC_REPRESENTATION_CONTEXT(2) 
PARAMETRIC_REPRESENTATION_CONTEXT() REPRESENTATION_CONTEXT('2D SPACE',''
  ) );
#2118 = ORIENTED_EDGE('',*,*,#2119,.F.);
#2119 = EDGE_CURVE('',#2120,#2092,#2122,.T.);
#2120 = VERTEX_POINT('',#2121);
#2121 = CARTESIAN_POINT('',(29.45,20.15,27.8));
#2122 = SURFACE_CURVE('',#2123,(#2128,#2135),.PCURVE_S1.);
#2123 = CIRCLE('',#2124,2.);
#2124 = AXIS2_PLACEMENT_3D('',#2125,#2126,#2127);
#2125 = CARTESIAN_POINT('',(31.45,20.15,27.8));
#2126 = DIRECTION('',(-0.,0.,1.));
#2127 = DIRECTION('',(1.110223024625E-16,-1.,0.));
#2128 = PCURVE('',#44,#2129);
#2129 = DEFINITIONAL_REPRESENTATION('',(#2130),#2134);
#2130 = CIRCLE('',#2131,2.);
#2131 = AXIS2_PLACEMENT_2D('',#2132,#2133);
#2132 = CARTESIAN_POINT('',(51.7,32.6));
#2133 = DIRECTION('',(1.,0.));
#2134 = ( GEOMETRIC_REPRESENTATION_CONTEXT(2) 
PARAMETRIC_REPRESENTATION_CONTEXT() REPRESENTATION_CONTEXT('2D SPACE',''
  ) );
#2135 = PCURVE('',#2136,#2141);
#2136 = CYLINDRICAL_SURFACE('',#2137,2.);
#2137 = AXIS2_PLACEMENT_3D('',#2138,#2139,#2140);
#2138 = CARTESIAN_POINT('',(31.45,20.15,24.7));
#2139 = DIRECTION('',(0.,0.,1.));
#2140 = DIRECTION('',(1.110223024625E-16,-1.,0.));
#2141 = DEFINITIONAL_REPRESENTATION('',(#2142),#2146);
#2142 = LINE('',#2143,#2144);
#2143 = CARTESIAN_POINT('',(-6.28318530718,3.1));
#2144 = VECTOR('',#2145,1.);
#2145 = DIRECTION('',(1.,-0.));
#2146 = ( GEOMETRIC_REPRESENTATION_CONTEXT(2) 
PARAMETRIC_REPRESENTATION_CONTEXT() REPRESENTATION_CONTEXT('2D SPACE',''
  ) );
#2147 = ORIENTED_EDGE('',*,*,#2148,.T.);
#2148 = EDGE_CURVE('',#2120,#1949,#2149,.T.);
#2149 = SURFACE_CURVE('',#2150,(#2154,#2161),.PCURVE_S1.);
#2150 = LINE('',#2151,#2152);
#2151 = CARTESIAN_POINT('',(29.45,62.2,27.8));
#2152 = VECTOR('',#2153,1.);
#2153 = DIRECTION('',(-1.110223024625E-16,1.,0.));
#2154 = PCURVE('',#44,#2155);
#2155 = DEFINITIONAL_REPRESENTATION('',(#2156),#2160);
#2156 = LINE('',#2157,#2158);
#2157 = CARTESIAN_POINT('',(9.65,30.6));
#2158 = VECTOR('',#2159,1.);
#2159 = DIRECTION('',(-1.,0.));
#2160 = ( GEOMETRIC_REPRESENTATION_CONTEXT(2) 
PARAMETRIC_REPRESENTATION_CONTEXT() REPRESENTATION_CONTEXT('2D SPACE',''
  ) );
#2161 = PCURVE('',#2162,#2167);
#2162 = PLANE('',#2163);
#2163 = AXIS2_PLACEMENT_3D('',#2164,#2165,#2166);
#2164 = CARTESIAN_POINT('',(29.45,52.55,24.7));
#2165 = DIRECTION('',(1.,1.110223024625E-16,0.));
#2166 = DIRECTION('',(0.,0.,1.));
#2167 = DEFINITIONAL_REPRESENTATION('',(#2168),#2172);
#2168 = LINE('',#2169,#2170);
#2169 = CARTESIAN_POINT('',(3.1,-9.65));
#2170 = VECTOR('',#2171,1.);
#2171 = DIRECTION('',(0.,-1.));
#2172 = ( GEOMETRIC_REPRESENTATION_CONTEXT(2) 
PARAMETRIC_REPRESENTATION_CONTEXT() REPRESENTATION_CONTEXT('2D SPACE',''
  ) );
#2173 = FACE_BOUND('',#2174,.T.);
#2174 = EDGE_LOOP('',(#2175,#2206,#2234,#2263,#2291,#2320,#2348,#2377));
#2175 = ORIENTED_EDGE('',*,*,#2176,.F.);
#2176 = EDGE_CURVE('',#2177,#2179,#2181,.T.);
#2177 = VERTEX_POINT('',#2178);
#2178 = CARTESIAN_POINT('',(105.11,37.45,27.8));
#2179 = VERTEX_POINT('',#2180);
#2180 = CARTESIAN_POINT('',(103.02,35.36,27.8));
#2181 = SURFACE_CURVE('',#2182,(#2187,#2194),.PCURVE_S1.);
#2182 = CIRCLE('',#2183,2.09);
#2183 = AXIS2_PLACEMENT_3D('',#2184,#2185,#2186);
#2184 = CARTESIAN_POINT('',(105.11,35.36,27.8));
#2185 = DIRECTION('',(0.,0.,1.));
#2186 = DIRECTION('',(-1.110223024625E-16,1.,0.));
#2187 = PCURVE('',#44,#2188);
#2188 = DEFINITIONAL_REPRESENTATION('',(#2189),#2193);
#2189 = CIRCLE('',#2190,2.09);
#2190 = AXIS2_PLACEMENT_2D('',#2191,#2192);
#2191 = CARTESIAN_POINT('',(36.49,106.26));
#2192 = DIRECTION('',(-1.,0.));
#2193 = ( GEOMETRIC_REPRESENTATION_CONTEXT(2) 
PARAMETRIC_REPRESENTATION_CONTEXT() REPRESENTATION_CONTEXT('2D SPACE',''
  ) );
#2194 = PCURVE('',#2195,#2200);
#2195 = CYLINDRICAL_SURFACE('',#2196,2.09);
#2196 = AXIS2_PLACEMENT_3D('',#2197,#2198,#2199);
#2197 = CARTESIAN_POINT('',(105.11,35.36,24.7));
#2198 = DIRECTION('',(0.,0.,1.));
#2199 = DIRECTION('',(-1.110223024625E-16,1.,0.));
#2200 = DEFINITIONAL_REPRESENTATION('',(#2201),#2205);
#2201 = LINE('',#2202,#2203);
#2202 = CARTESIAN_POINT('',(0.,3.1));
#2203 = VECTOR('',#2204,1.);
#2204 = DIRECTION('',(1.,0.));
#2205 = ( GEOMETRIC_REPRESENTATION_CONTEXT(2) 
PARAMETRIC_REPRESENTATION_CONTEXT() REPRESENTATION_CONTEXT('2D SPACE',''
  ) );
#2206 = ORIENTED_EDGE('',*,*,#2207,.T.);
#2207 = EDGE_CURVE('',#2177,#2208,#2210,.T.);
#2208 = VERTEX_POINT('',#2209);
#2209 = CARTESIAN_POINT('',(111.875,37.45,27.8));
#2210 = SURFACE_CURVE('',#2211,(#2215,#2222),.PCURVE_S1.);
#2211 = LINE('',#2212,#2213);
#2212 = CARTESIAN_POINT('',(50.935,37.45,27.8));
#2213 = VECTOR('',#2214,1.);
#2214 = DIRECTION('',(1.,1.110223024625E-16,0.));
#2215 = PCURVE('',#44,#2216);
#2216 = DEFINITIONAL_REPRESENTATION('',(#2217),#2221);
#2217 = LINE('',#2218,#2219);
#2218 = CARTESIAN_POINT('',(34.4,52.085));
#2219 = VECTOR('',#2220,1.);
#2220 = DIRECTION('',(0.,1.));
#2221 = ( GEOMETRIC_REPRESENTATION_CONTEXT(2) 
PARAMETRIC_REPRESENTATION_CONTEXT() REPRESENTATION_CONTEXT('2D SPACE',''
  ) );
#2222 = PCURVE('',#2223,#2228);
#2223 = PLANE('',#2224);
#2224 = AXIS2_PLACEMENT_3D('',#2225,#2226,#2227);
#2225 = CARTESIAN_POINT('',(103.02,37.45,24.7));
#2226 = DIRECTION('',(1.110223024625E-16,-1.,0.));
#2227 = DIRECTION('',(0.,0.,1.));
#2228 = DEFINITIONAL_REPRESENTATION('',(#2229),#2233);
#2229 = LINE('',#2230,#2231);
#2230 = CARTESIAN_POINT('',(3.1,52.085));
#2231 = VECTOR('',#2232,1.);
#2232 = DIRECTION('',(0.,-1.));
#2233 = ( GEOMETRIC_REPRESENTATION_CONTEXT(2) 
PARAMETRIC_REPRESENTATION_CONTEXT() REPRESENTATION_CONTEXT('2D SPACE',''
  ) );
#2234 = ORIENTED_EDGE('',*,*,#2235,.F.);
#2235 = EDGE_CURVE('',#2236,#2208,#2238,.T.);
#2236 = VERTEX_POINT('',#2237);
#2237 = CARTESIAN_POINT('',(113.965,35.36,27.8));
#2238 = SURFACE_CURVE('',#2239,(#2244,#2251),.PCURVE_S1.);
#2239 = CIRCLE('',#2240,2.09);
#2240 = AXIS2_PLACEMENT_3D('',#2241,#2242,#2243);
#2241 = CARTESIAN_POINT('',(111.875,35.36,27.8));
#2242 = DIRECTION('',(0.,0.,1.));
#2243 = DIRECTION('',(-1.110223024625E-16,1.,0.));
#2244 = PCURVE('',#44,#2245);
#2245 = DEFINITIONAL_REPRESENTATION('',(#2246),#2250);
#2246 = CIRCLE('',#2247,2.09);
#2247 = AXIS2_PLACEMENT_2D('',#2248,#2249);
#2248 = CARTESIAN_POINT('',(36.49,113.025));
#2249 = DIRECTION('',(-1.,0.));
#2250 = ( GEOMETRIC_REPRESENTATION_CONTEXT(2) 
PARAMETRIC_REPRESENTATION_CONTEXT() REPRESENTATION_CONTEXT('2D SPACE',''
  ) );
#2251 = PCURVE('',#2252,#2257);
#2252 = CYLINDRICAL_SURFACE('',#2253,2.09);
#2253 = AXIS2_PLACEMENT_3D('',#2254,#2255,#2256);
#2254 = CARTESIAN_POINT('',(111.875,35.36,24.7));
#2255 = DIRECTION('',(0.,0.,1.));
#2256 = DIRECTION('',(-1.110223024625E-16,1.,0.));
#2257 = DEFINITIONAL_REPRESENTATION('',(#2258),#2262);
#2258 = LINE('',#2259,#2260);
#2259 = CARTESIAN_POINT('',(-6.28318530718,3.1));
#2260 = VECTOR('',#2261,1.);
#2261 = DIRECTION('',(1.,-0.));
#2262 = ( GEOMETRIC_REPRESENTATION_CONTEXT(2) 
PARAMETRIC_REPRESENTATION_CONTEXT() REPRESENTATION_CONTEXT('2D SPACE',''
  ) );
#2263 = ORIENTED_EDGE('',*,*,#2264,.F.);
#2264 = EDGE_CURVE('',#2265,#2236,#2267,.T.);
#2265 = VERTEX_POINT('',#2266);
#2266 = CARTESIAN_POINT('',(113.965,35.34,27.8));
#2267 = SURFACE_CURVE('',#2268,(#2272,#2279),.PCURVE_S1.);
#2268 = LINE('',#2269,#2270);
#2269 = CARTESIAN_POINT('',(113.965,54.65,27.8));
#2270 = VECTOR('',#2271,1.);
#2271 = DIRECTION('',(-1.110223024625E-16,1.,0.));
#2272 = PCURVE('',#44,#2273);
#2273 = DEFINITIONAL_REPRESENTATION('',(#2274),#2278);
#2274 = LINE('',#2275,#2276);
#2275 = CARTESIAN_POINT('',(17.2,115.115));
#2276 = VECTOR('',#2277,1.);
#2277 = DIRECTION('',(-1.,0.));
#2278 = ( GEOMETRIC_REPRESENTATION_CONTEXT(2) 
PARAMETRIC_REPRESENTATION_CONTEXT() REPRESENTATION_CONTEXT('2D SPACE',''
  ) );
#2279 = PCURVE('',#2280,#2285);
#2280 = PLANE('',#2281);
#2281 = AXIS2_PLACEMENT_3D('',#2282,#2283,#2284);
#2282 = CARTESIAN_POINT('',(113.965,37.45,24.7));
#2283 = DIRECTION('',(1.,1.110223024625E-16,0.));
#2284 = DIRECTION('',(0.,0.,1.));
#2285 = DEFINITIONAL_REPRESENTATION('',(#2286),#2290);
#2286 = LINE('',#2287,#2288);
#2287 = CARTESIAN_POINT('',(3.1,-17.2));
#2288 = VECTOR('',#2289,1.);
#2289 = DIRECTION('',(0.,-1.));
#2290 = ( GEOMETRIC_REPRESENTATION_CONTEXT(2) 
PARAMETRIC_REPRESENTATION_CONTEXT() REPRESENTATION_CONTEXT('2D SPACE',''
  ) );
#2291 = ORIENTED_EDGE('',*,*,#2292,.F.);
#2292 = EDGE_CURVE('',#2293,#2265,#2295,.T.);
#2293 = VERTEX_POINT('',#2294);
#2294 = CARTESIAN_POINT('',(111.875,33.25,27.8));
#2295 = SURFACE_CURVE('',#2296,(#2301,#2308),.PCURVE_S1.);
#2296 = CIRCLE('',#2297,2.09);
#2297 = AXIS2_PLACEMENT_3D('',#2298,#2299,#2300);
#2298 = CARTESIAN_POINT('',(111.875,35.34,27.8));
#2299 = DIRECTION('',(-0.,0.,1.));
#2300 = DIRECTION('',(1.110223024625E-16,-1.,0.));
#2301 = PCURVE('',#44,#2302);
#2302 = DEFINITIONAL_REPRESENTATION('',(#2303),#2307);
#2303 = CIRCLE('',#2304,2.09);
#2304 = AXIS2_PLACEMENT_2D('',#2305,#2306);
#2305 = CARTESIAN_POINT('',(36.51,113.025));
#2306 = DIRECTION('',(1.,0.));
#2307 = ( GEOMETRIC_REPRESENTATION_CONTEXT(2) 
PARAMETRIC_REPRESENTATION_CONTEXT() REPRESENTATION_CONTEXT('2D SPACE',''
  ) );
#2308 = PCURVE('',#2309,#2314);
#2309 = CYLINDRICAL_SURFACE('',#2310,2.09);
#2310 = AXIS2_PLACEMENT_3D('',#2311,#2312,#2313);
#2311 = CARTESIAN_POINT('',(111.875,35.34,24.7));
#2312 = DIRECTION('',(0.,0.,1.));
#2313 = DIRECTION('',(1.110223024625E-16,-1.,0.));
#2314 = DEFINITIONAL_REPRESENTATION('',(#2315),#2319);
#2315 = LINE('',#2316,#2317);
#2316 = CARTESIAN_POINT('',(0.,3.1));
#2317 = VECTOR('',#2318,1.);
#2318 = DIRECTION('',(1.,0.));
#2319 = ( GEOMETRIC_REPRESENTATION_CONTEXT(2) 
PARAMETRIC_REPRESENTATION_CONTEXT() REPRESENTATION_CONTEXT('2D SPACE',''
  ) );
#2320 = ORIENTED_EDGE('',*,*,#2321,.F.);
#2321 = EDGE_CURVE('',#2322,#2293,#2324,.T.);
#2322 = VERTEX_POINT('',#2323);
#2323 = CARTESIAN_POINT('',(105.11,33.25,27.8));
#2324 = SURFACE_CURVE('',#2325,(#2329,#2336),.PCURVE_S1.);
#2325 = LINE('',#2326,#2327);
#2326 = CARTESIAN_POINT('',(50.935,33.25,27.8));
#2327 = VECTOR('',#2328,1.);
#2328 = DIRECTION('',(1.,1.110223024625E-16,0.));
#2329 = PCURVE('',#44,#2330);
#2330 = DEFINITIONAL_REPRESENTATION('',(#2331),#2335);
#2331 = LINE('',#2332,#2333);
#2332 = CARTESIAN_POINT('',(38.6,52.085));
#2333 = VECTOR('',#2334,1.);
#2334 = DIRECTION('',(0.,1.));
#2335 = ( GEOMETRIC_REPRESENTATION_CONTEXT(2) 
PARAMETRIC_REPRESENTATION_CONTEXT() REPRESENTATION_CONTEXT('2D SPACE',''
  ) );
#2336 = PCURVE('',#2337,#2342);
#2337 = PLANE('',#2338);
#2338 = AXIS2_PLACEMENT_3D('',#2339,#2340,#2341);
#2339 = CARTESIAN_POINT('',(103.02,33.25,24.7));
#2340 = DIRECTION('',(1.110223024625E-16,-1.,0.));
#2341 = DIRECTION('',(0.,0.,1.));
#2342 = DEFINITIONAL_REPRESENTATION('',(#2343),#2347);
#2343 = LINE('',#2344,#2345);
#2344 = CARTESIAN_POINT('',(3.1,52.085));
#2345 = VECTOR('',#2346,1.);
#2346 = DIRECTION('',(0.,-1.));
#2347 = ( GEOMETRIC_REPRESENTATION_CONTEXT(2) 
PARAMETRIC_REPRESENTATION_CONTEXT() REPRESENTATION_CONTEXT('2D SPACE',''
  ) );
#2348 = ORIENTED_EDGE('',*,*,#2349,.F.);
#2349 = EDGE_CURVE('',#2350,#2322,#2352,.T.);
#2350 = VERTEX_POINT('',#2351);
#2351 = CARTESIAN_POINT('',(103.02,35.34,27.8));
#2352 = SURFACE_CURVE('',#2353,(#2358,#2365),.PCURVE_S1.);
#2353 = CIRCLE('',#2354,2.09);
#2354 = AXIS2_PLACEMENT_3D('',#2355,#2356,#2357);
#2355 = CARTESIAN_POINT('',(105.11,35.34,27.8));
#2356 = DIRECTION('',(-0.,0.,1.));
#2357 = DIRECTION('',(1.110223024625E-16,-1.,0.));
#2358 = PCURVE('',#44,#2359);
#2359 = DEFINITIONAL_REPRESENTATION('',(#2360),#2364);
#2360 = CIRCLE('',#2361,2.09);
#2361 = AXIS2_PLACEMENT_2D('',#2362,#2363);
#2362 = CARTESIAN_POINT('',(36.51,106.26));
#2363 = DIRECTION('',(1.,0.));
#2364 = ( GEOMETRIC_REPRESENTATION_CONTEXT(2) 
PARAMETRIC_REPRESENTATION_CONTEXT() REPRESENTATION_CONTEXT('2D SPACE',''
  ) );
#2365 = PCURVE('',#2366,#2371);
#2366 = CYLINDRICAL_SURFACE('',#2367,2.09);
#2367 = AXIS2_PLACEMENT_3D('',#2368,#2369,#2370);
#2368 = CARTESIAN_POINT('',(105.11,35.34,24.7));
#2369 = DIRECTION('',(0.,0.,1.));
#2370 = DIRECTION('',(1.110223024625E-16,-1.,0.));
#2371 = DEFINITIONAL_REPRESENTATION('',(#2372),#2376);
#2372 = LINE('',#2373,#2374);
#2373 = CARTESIAN_POINT('',(-6.28318530718,3.1));
#2374 = VECTOR('',#2375,1.);
#2375 = DIRECTION('',(1.,-0.));
#2376 = ( GEOMETRIC_REPRESENTATION_CONTEXT(2) 
PARAMETRIC_REPRESENTATION_CONTEXT() REPRESENTATION_CONTEXT('2D SPACE',''
  ) );
#2377 = ORIENTED_EDGE('',*,*,#2378,.T.);
#2378 = EDGE_CURVE('',#2350,#2179,#2379,.T.);
#2379 = SURFACE_CURVE('',#2380,(#2384,#2391),.PCURVE_S1.);
#2380 = LINE('',#2381,#2382);
#2381 = CARTESIAN_POINT('',(103.02,54.65,27.8));
#2382 = VECTOR('',#2383,1.);
#2383 = DIRECTION('',(-1.110223024625E-16,1.,0.));
#2384 = PCURVE('',#44,#2385);
#2385 = DEFINITIONAL_REPRESENTATION('',(#2386),#2390);
#2386 = LINE('',#2387,#2388);
#2387 = CARTESIAN_POINT('',(17.2,104.17));
#2388 = VECTOR('',#2389,1.);
#2389 = DIRECTION('',(-1.,0.));
#2390 = ( GEOMETRIC_REPRESENTATION_CONTEXT(2) 
PARAMETRIC_REPRESENTATION_CONTEXT() REPRESENTATION_CONTEXT('2D SPACE',''
  ) );
#2391 = PCURVE('',#2392,#2397);
#2392 = PLANE('',#2393);
#2393 = AXIS2_PLACEMENT_3D('',#2394,#2395,#2396);
#2394 = CARTESIAN_POINT('',(103.02,37.45,24.7));
#2395 = DIRECTION('',(1.,1.110223024625E-16,0.));
#2396 = DIRECTION('',(0.,0.,1.));
#2397 = DEFINITIONAL_REPRESENTATION('',(#2398),#2402);
#2398 = LINE('',#2399,#2400);
#2399 = CARTESIAN_POINT('',(3.1,-17.2));
#2400 = VECTOR('',#2401,1.);
#2401 = DIRECTION('',(0.,-1.));
#2402 = ( GEOMETRIC_REPRESENTATION_CONTEXT(2) 
PARAMETRIC_REPRESENTATION_CONTEXT() REPRESENTATION_CONTEXT('2D SPACE',''
  ) );
#2403 = ADVANCED_FACE('',(#2404),#72,.T.);
#2404 = FACE_BOUND('',#2405,.T.);
#2405 = EDGE_LOOP('',(#2406,#2407,#2431,#2452));
#2406 = ORIENTED_EDGE('',*,*,#56,.F.);
#2407 = ORIENTED_EDGE('',*,*,#2408,.T.);
#2408 = EDGE_CURVE('',#57,#2409,#2411,.T.);
#2409 = VERTEX_POINT('',#2410);
#2410 = CARTESIAN_POINT('',(-1.15,67.7,16.6));
#2411 = SURFACE_CURVE('',#2412,(#2417,#2424),.PCURVE_S1.);
#2412 = CIRCLE('',#2413,4.15);
#2413 = AXIS2_PLACEMENT_3D('',#2414,#2415,#2416);
#2414 = CARTESIAN_POINT('',(3.,67.7,16.6));
#2415 = DIRECTION('',(0.,0.,1.));
#2416 = DIRECTION('',(-1.,-1.110223024625E-16,0.));
#2417 = PCURVE('',#72,#2418);
#2418 = DEFINITIONAL_REPRESENTATION('',(#2419),#2423);
#2419 = LINE('',#2420,#2421);
#2420 = CARTESIAN_POINT('',(-4.712388980385,-8.2));
#2421 = VECTOR('',#2422,1.);
#2422 = DIRECTION('',(1.,0.));
#2423 = ( GEOMETRIC_REPRESENTATION_CONTEXT(2) 
PARAMETRIC_REPRESENTATION_CONTEXT() REPRESENTATION_CONTEXT('2D SPACE',''
  ) );
#2424 = PCURVE('',#100,#2425);
#2425 = DEFINITIONAL_REPRESENTATION('',(#2426),#2430);
#2426 = CIRCLE('',#2427,4.15);
#2427 = AXIS2_PLACEMENT_2D('',#2428,#2429);
#2428 = CARTESIAN_POINT('',(4.15,4.15));
#2429 = DIRECTION('',(0.,-1.));
#2430 = ( GEOMETRIC_REPRESENTATION_CONTEXT(2) 
PARAMETRIC_REPRESENTATION_CONTEXT() REPRESENTATION_CONTEXT('2D SPACE',''
  ) );
#2431 = ORIENTED_EDGE('',*,*,#2432,.T.);
#2432 = EDGE_CURVE('',#2409,#599,#2433,.T.);
#2433 = SURFACE_CURVE('',#2434,(#2438,#2445),.PCURVE_S1.);
#2434 = LINE('',#2435,#2436);
#2435 = CARTESIAN_POINT('',(-1.15,67.7,16.6));
#2436 = VECTOR('',#2437,1.);
#2437 = DIRECTION('',(0.,0.,1.));
#2438 = PCURVE('',#72,#2439);
#2439 = DEFINITIONAL_REPRESENTATION('',(#2440),#2444);
#2440 = LINE('',#2441,#2442);
#2441 = CARTESIAN_POINT('',(1.570796326795,-8.2));
#2442 = VECTOR('',#2443,1.);
#2443 = DIRECTION('',(0.,1.));
#2444 = ( GEOMETRIC_REPRESENTATION_CONTEXT(2) 
PARAMETRIC_REPRESENTATION_CONTEXT() REPRESENTATION_CONTEXT('2D SPACE',''
  ) );
#2445 = PCURVE('',#638,#2446);
#2446 = DEFINITIONAL_REPRESENTATION('',(#2447),#2451);
#2447 = LINE('',#2448,#2449);
#2448 = CARTESIAN_POINT('',(-8.2,4.15));
#2449 = VECTOR('',#2450,1.);
#2450 = DIRECTION('',(1.,0.));
#2451 = ( GEOMETRIC_REPRESENTATION_CONTEXT(2) 
PARAMETRIC_REPRESENTATION_CONTEXT() REPRESENTATION_CONTEXT('2D SPACE',''
  ) );
#2452 = ORIENTED_EDGE('',*,*,#598,.F.);
#2453 = ADVANCED_FACE('',(#2454),#126,.T.);
#2454 = FACE_BOUND('',#2455,.F.);
#2455 = EDGE_LOOP('',(#2456,#2457,#2485,#2506));
#2456 = ORIENTED_EDGE('',*,*,#112,.T.);
#2457 = ORIENTED_EDGE('',*,*,#2458,.T.);
#2458 = EDGE_CURVE('',#85,#2459,#2461,.T.);
#2459 = VERTEX_POINT('',#2460);
#2460 = CARTESIAN_POINT('',(128.05,67.7,16.6));
#2461 = SURFACE_CURVE('',#2462,(#2467,#2474),.PCURVE_S1.);
#2462 = CIRCLE('',#2463,4.15);
#2463 = AXIS2_PLACEMENT_3D('',#2464,#2465,#2466);
#2464 = CARTESIAN_POINT('',(123.9,67.7,16.6));
#2465 = DIRECTION('',(-0.,0.,-1.));
#2466 = DIRECTION('',(-1.,-1.110223024625E-16,0.));
#2467 = PCURVE('',#126,#2468);
#2468 = DEFINITIONAL_REPRESENTATION('',(#2469),#2473);
#2469 = LINE('',#2470,#2471);
#2470 = CARTESIAN_POINT('',(1.570796326795,-8.2));
#2471 = VECTOR('',#2472,1.);
#2472 = DIRECTION('',(-1.,0.));
#2473 = ( GEOMETRIC_REPRESENTATION_CONTEXT(2) 
PARAMETRIC_REPRESENTATION_CONTEXT() REPRESENTATION_CONTEXT('2D SPACE',''
  ) );
#2474 = PCURVE('',#100,#2475);
#2475 = DEFINITIONAL_REPRESENTATION('',(#2476),#2484);
#2476 = ( BOUNDED_CURVE() B_SPLINE_CURVE(2,(#2477,#2478,#2479,#2480,
#2481,#2482,#2483),.UNSPECIFIED.,.T.,.F.) B_SPLINE_CURVE_WITH_KNOTS((1,2
    ,2,2,2,1),(-2.094395102393,0.,2.094395102393,4.188790204786,
6.28318530718,8.377580409573),.UNSPECIFIED.) CURVE() 
GEOMETRIC_REPRESENTATION_ITEM() RATIONAL_B_SPLINE_CURVE((1.,0.5,1.,0.5,
1.,0.5,1.)) REPRESENTATION_ITEM('') );
#2477 = CARTESIAN_POINT('',(4.15,120.9));
#2478 = CARTESIAN_POINT('',(-3.038010851411,120.9));
#2479 = CARTESIAN_POINT('',(0.555994574295,127.125));
#2480 = CARTESIAN_POINT('',(4.15,133.35));
#2481 = CARTESIAN_POINT('',(7.744005425705,127.125));
#2482 = CARTESIAN_POINT('',(11.338010851411,120.9));
#2483 = CARTESIAN_POINT('',(4.15,120.9));
#2484 = ( GEOMETRIC_REPRESENTATION_CONTEXT(2) 
PARAMETRIC_REPRESENTATION_CONTEXT() REPRESENTATION_CONTEXT('2D SPACE',''
  ) );
#2485 = ORIENTED_EDGE('',*,*,#2486,.F.);
#2486 = EDGE_CURVE('',#741,#2459,#2487,.T.);
#2487 = SURFACE_CURVE('',#2488,(#2492,#2499),.PCURVE_S1.);
#2488 = LINE('',#2489,#2490);
#2489 = CARTESIAN_POINT('',(128.05,67.7,27.8));
#2490 = VECTOR('',#2491,1.);
#2491 = DIRECTION('',(0.,0.,-1.));
#2492 = PCURVE('',#126,#2493);
#2493 = DEFINITIONAL_REPRESENTATION('',(#2494),#2498);
#2494 = LINE('',#2495,#2496);
#2495 = CARTESIAN_POINT('',(-1.570796326795,3.));
#2496 = VECTOR('',#2497,1.);
#2497 = DIRECTION('',(-0.,-1.));
#2498 = ( GEOMETRIC_REPRESENTATION_CONTEXT(2) 
PARAMETRIC_REPRESENTATION_CONTEXT() REPRESENTATION_CONTEXT('2D SPACE',''
  ) );
#2499 = PCURVE('',#756,#2500);
#2500 = DEFINITIONAL_REPRESENTATION('',(#2501),#2505);
#2501 = LINE('',#2502,#2503);
#2502 = CARTESIAN_POINT('',(3.,4.15));
#2503 = VECTOR('',#2504,1.);
#2504 = DIRECTION('',(-1.,0.));
#2505 = ( GEOMETRIC_REPRESENTATION_CONTEXT(2) 
PARAMETRIC_REPRESENTATION_CONTEXT() REPRESENTATION_CONTEXT('2D SPACE',''
  ) );
#2506 = ORIENTED_EDGE('',*,*,#768,.F.);
#2507 = ADVANCED_FACE('',(#2508),#100,.F.);
#2508 = FACE_BOUND('',#2509,.F.);
#2509 = EDGE_LOOP('',(#2510,#2511,#2512,#2535,#2563,#2586,#2614,#2642,
    #2671,#2699,#2728,#2756,#2784,#2812,#2840,#2868,#2896,#2924,#2952,
    #2981,#3009,#3037,#3065,#3093,#3121,#3150,#3178,#3206,#3235,#3258,
    #3286,#3309,#3333,#3354));
#2510 = ORIENTED_EDGE('',*,*,#84,.F.);
#2511 = ORIENTED_EDGE('',*,*,#2408,.T.);
#2512 = ORIENTED_EDGE('',*,*,#2513,.T.);
#2513 = EDGE_CURVE('',#2409,#2514,#2516,.T.);
#2514 = VERTEX_POINT('',#2515);
#2515 = CARTESIAN_POINT('',(-1.15,3.,16.6));
#2516 = SURFACE_CURVE('',#2517,(#2521,#2528),.PCURVE_S1.);
#2517 = LINE('',#2518,#2519);
#2518 = CARTESIAN_POINT('',(-1.15,71.85,16.6));
#2519 = VECTOR('',#2520,1.);
#2520 = DIRECTION('',(1.110223024625E-16,-1.,0.));
#2521 = PCURVE('',#100,#2522);
#2522 = DEFINITIONAL_REPRESENTATION('',(#2523),#2527);
#2523 = LINE('',#2524,#2525);
#2524 = CARTESIAN_POINT('',(0.,0.));
#2525 = VECTOR('',#2526,1.);
#2526 = DIRECTION('',(1.,0.));
#2527 = ( GEOMETRIC_REPRESENTATION_CONTEXT(2) 
PARAMETRIC_REPRESENTATION_CONTEXT() REPRESENTATION_CONTEXT('2D SPACE',''
  ) );
#2528 = PCURVE('',#638,#2529);
#2529 = DEFINITIONAL_REPRESENTATION('',(#2530),#2534);
#2530 = LINE('',#2531,#2532);
#2531 = CARTESIAN_POINT('',(-8.2,0.));
#2532 = VECTOR('',#2533,1.);
#2533 = DIRECTION('',(0.,1.));
#2534 = ( GEOMETRIC_REPRESENTATION_CONTEXT(2) 
PARAMETRIC_REPRESENTATION_CONTEXT() REPRESENTATION_CONTEXT('2D SPACE',''
  ) );
#2535 = ORIENTED_EDGE('',*,*,#2536,.F.);
#2536 = EDGE_CURVE('',#2537,#2514,#2539,.T.);
#2537 = VERTEX_POINT('',#2538);
#2538 = CARTESIAN_POINT('',(3.,-1.15,16.6));
#2539 = SURFACE_CURVE('',#2540,(#2545,#2556),.PCURVE_S1.);
#2540 = CIRCLE('',#2541,4.15);
#2541 = AXIS2_PLACEMENT_3D('',#2542,#2543,#2544);
#2542 = CARTESIAN_POINT('',(3.,3.,16.6));
#2543 = DIRECTION('',(-0.,0.,-1.));
#2544 = DIRECTION('',(-1.,-1.110223024625E-16,0.));
#2545 = PCURVE('',#100,#2546);
#2546 = DEFINITIONAL_REPRESENTATION('',(#2547),#2555);
#2547 = ( BOUNDED_CURVE() B_SPLINE_CURVE(2,(#2548,#2549,#2550,#2551,
#2552,#2553,#2554),.UNSPECIFIED.,.T.,.F.) B_SPLINE_CURVE_WITH_KNOTS((1,2
    ,2,2,2,1),(-2.094395102393,0.,2.094395102393,4.188790204786,
6.28318530718,8.377580409573),.UNSPECIFIED.) CURVE() 
GEOMETRIC_REPRESENTATION_ITEM() RATIONAL_B_SPLINE_CURVE((1.,0.5,1.,0.5,
1.,0.5,1.)) REPRESENTATION_ITEM('') );
#2548 = CARTESIAN_POINT('',(68.85,-8.881784197001E-16));
#2549 = CARTESIAN_POINT('',(61.661989148589,-8.881784197001E-16));
#2550 = CARTESIAN_POINT('',(65.255994574295,6.225));
#2551 = CARTESIAN_POINT('',(68.85,12.45));
#2552 = CARTESIAN_POINT('',(72.444005425705,6.225));
#2553 = CARTESIAN_POINT('',(76.038010851411,5.329070518201E-15));
#2554 = CARTESIAN_POINT('',(68.85,-8.881784197001E-16));
#2555 = ( GEOMETRIC_REPRESENTATION_CONTEXT(2) 
PARAMETRIC_REPRESENTATION_CONTEXT() REPRESENTATION_CONTEXT('2D SPACE',''
  ) );
#2556 = PCURVE('',#671,#2557);
#2557 = DEFINITIONAL_REPRESENTATION('',(#2558),#2562);
#2558 = LINE('',#2559,#2560);
#2559 = CARTESIAN_POINT('',(4.712388980385,-8.2));
#2560 = VECTOR('',#2561,1.);
#2561 = DIRECTION('',(-1.,0.));
#2562 = ( GEOMETRIC_REPRESENTATION_CONTEXT(2) 
PARAMETRIC_REPRESENTATION_CONTEXT() REPRESENTATION_CONTEXT('2D SPACE',''
  ) );
#2563 = ORIENTED_EDGE('',*,*,#2564,.T.);
#2564 = EDGE_CURVE('',#2537,#2565,#2567,.T.);
#2565 = VERTEX_POINT('',#2566);
#2566 = CARTESIAN_POINT('',(48.,-1.15,16.6));
#2567 = SURFACE_CURVE('',#2568,(#2572,#2579),.PCURVE_S1.);
#2568 = LINE('',#2569,#2570);
#2569 = CARTESIAN_POINT('',(-1.15,-1.15,16.6));
#2570 = VECTOR('',#2571,1.);
#2571 = DIRECTION('',(1.,1.110223024625E-16,0.));
#2572 = PCURVE('',#100,#2573);
#2573 = DEFINITIONAL_REPRESENTATION('',(#2574),#2578);
#2574 = LINE('',#2575,#2576);
#2575 = CARTESIAN_POINT('',(73.,1.110223024625E-16));
#2576 = VECTOR('',#2577,1.);
#2577 = DIRECTION('',(0.,1.));
#2578 = ( GEOMETRIC_REPRESENTATION_CONTEXT(2) 
PARAMETRIC_REPRESENTATION_CONTEXT() REPRESENTATION_CONTEXT('2D SPACE',''
  ) );
#2579 = PCURVE('',#699,#2580);
#2580 = DEFINITIONAL_REPRESENTATION('',(#2581),#2585);
#2581 = LINE('',#2582,#2583);
#2582 = CARTESIAN_POINT('',(-8.2,-0.));
#2583 = VECTOR('',#2584,1.);
#2584 = DIRECTION('',(0.,-1.));
#2585 = ( GEOMETRIC_REPRESENTATION_CONTEXT(2) 
PARAMETRIC_REPRESENTATION_CONTEXT() REPRESENTATION_CONTEXT('2D SPACE',''
  ) );
#2586 = ORIENTED_EDGE('',*,*,#2587,.T.);
#2587 = EDGE_CURVE('',#2565,#2588,#2590,.T.);
#2588 = VERTEX_POINT('',#2589);
#2589 = CARTESIAN_POINT('',(48.,0.65,16.6));
#2590 = SURFACE_CURVE('',#2591,(#2595,#2602),.PCURVE_S1.);
#2591 = LINE('',#2592,#2593);
#2592 = CARTESIAN_POINT('',(48.,-2.,16.6));
#2593 = VECTOR('',#2594,1.);
#2594 = DIRECTION('',(-1.110223024625E-16,1.,0.));
#2595 = PCURVE('',#100,#2596);
#2596 = DEFINITIONAL_REPRESENTATION('',(#2597),#2601);
#2597 = LINE('',#2598,#2599);
#2598 = CARTESIAN_POINT('',(73.85,49.15));
#2599 = VECTOR('',#2600,1.);
#2600 = DIRECTION('',(-1.,0.));
#2601 = ( GEOMETRIC_REPRESENTATION_CONTEXT(2) 
PARAMETRIC_REPRESENTATION_CONTEXT() REPRESENTATION_CONTEXT('2D SPACE',''
  ) );
#2602 = PCURVE('',#2603,#2608);
#2603 = PLANE('',#2604);
#2604 = AXIS2_PLACEMENT_3D('',#2605,#2606,#2607);
#2605 = CARTESIAN_POINT('',(48.,-2.,16.6));
#2606 = DIRECTION('',(1.,1.110223024625E-16,0.));
#2607 = DIRECTION('',(0.,-0.,-1.));
#2608 = DEFINITIONAL_REPRESENTATION('',(#2609),#2613);
#2609 = LINE('',#2610,#2611);
#2610 = CARTESIAN_POINT('',(-0.,0.));
#2611 = VECTOR('',#2612,1.);
#2612 = DIRECTION('',(-0.,1.));
#2613 = ( GEOMETRIC_REPRESENTATION_CONTEXT(2) 
PARAMETRIC_REPRESENTATION_CONTEXT() REPRESENTATION_CONTEXT('2D SPACE',''
  ) );
#2614 = ORIENTED_EDGE('',*,*,#2615,.F.);
#2615 = EDGE_CURVE('',#2616,#2588,#2618,.T.);
#2616 = VERTEX_POINT('',#2617);
#2617 = CARTESIAN_POINT('',(3.,0.65,16.6));
#2618 = SURFACE_CURVE('',#2619,(#2623,#2630),.PCURVE_S1.);
#2619 = LINE('',#2620,#2621);
#2620 = CARTESIAN_POINT('',(-0.25,0.65,16.6));
#2621 = VECTOR('',#2622,1.);
#2622 = DIRECTION('',(1.,1.110223024625E-16,0.));
#2623 = PCURVE('',#100,#2624);
#2624 = DEFINITIONAL_REPRESENTATION('',(#2625),#2629);
#2625 = LINE('',#2626,#2627);
#2626 = CARTESIAN_POINT('',(71.2,0.9));
#2627 = VECTOR('',#2628,1.);
#2628 = DIRECTION('',(0.,1.));
#2629 = ( GEOMETRIC_REPRESENTATION_CONTEXT(2) 
PARAMETRIC_REPRESENTATION_CONTEXT() REPRESENTATION_CONTEXT('2D SPACE',''
  ) );
#2630 = PCURVE('',#2631,#2636);
#2631 = PLANE('',#2632);
#2632 = AXIS2_PLACEMENT_3D('',#2633,#2634,#2635);
#2633 = CARTESIAN_POINT('',(0.65,0.65,16.5));
#2634 = DIRECTION('',(1.110223024625E-16,-1.,0.));
#2635 = DIRECTION('',(0.,0.,1.));
#2636 = DEFINITIONAL_REPRESENTATION('',(#2637),#2641);
#2637 = LINE('',#2638,#2639);
#2638 = CARTESIAN_POINT('',(0.1,0.9));
#2639 = VECTOR('',#2640,1.);
#2640 = DIRECTION('',(0.,-1.));
#2641 = ( GEOMETRIC_REPRESENTATION_CONTEXT(2) 
PARAMETRIC_REPRESENTATION_CONTEXT() REPRESENTATION_CONTEXT('2D SPACE',''
  ) );
#2642 = ORIENTED_EDGE('',*,*,#2643,.F.);
#2643 = EDGE_CURVE('',#2644,#2616,#2646,.T.);
#2644 = VERTEX_POINT('',#2645);
#2645 = CARTESIAN_POINT('',(0.65,3.,16.6));
#2646 = SURFACE_CURVE('',#2647,(#2652,#2659),.PCURVE_S1.);
#2647 = CIRCLE('',#2648,2.35);
#2648 = AXIS2_PLACEMENT_3D('',#2649,#2650,#2651);
#2649 = CARTESIAN_POINT('',(3.,3.,16.6));
#2650 = DIRECTION('',(-0.,0.,1.));
#2651 = DIRECTION('',(1.110223024625E-16,-1.,0.));
#2652 = PCURVE('',#100,#2653);
#2653 = DEFINITIONAL_REPRESENTATION('',(#2654),#2658);
#2654 = CIRCLE('',#2655,2.35);
#2655 = AXIS2_PLACEMENT_2D('',#2656,#2657);
#2656 = CARTESIAN_POINT('',(68.85,4.15));
#2657 = DIRECTION('',(1.,0.));
#2658 = ( GEOMETRIC_REPRESENTATION_CONTEXT(2) 
PARAMETRIC_REPRESENTATION_CONTEXT() REPRESENTATION_CONTEXT('2D SPACE',''
  ) );
#2659 = PCURVE('',#2660,#2665);
#2660 = CYLINDRICAL_SURFACE('',#2661,2.35);
#2661 = AXIS2_PLACEMENT_3D('',#2662,#2663,#2664);
#2662 = CARTESIAN_POINT('',(3.,3.,16.5));
#2663 = DIRECTION('',(0.,0.,1.));
#2664 = DIRECTION('',(1.110223024625E-16,-1.,0.));
#2665 = DEFINITIONAL_REPRESENTATION('',(#2666),#2670);
#2666 = LINE('',#2667,#2668);
#2667 = CARTESIAN_POINT('',(-6.28318530718,0.1));
#2668 = VECTOR('',#2669,1.);
#2669 = DIRECTION('',(1.,-0.));
#2670 = ( GEOMETRIC_REPRESENTATION_CONTEXT(2) 
PARAMETRIC_REPRESENTATION_CONTEXT() REPRESENTATION_CONTEXT('2D SPACE',''
  ) );
#2671 = ORIENTED_EDGE('',*,*,#2672,.T.);
#2672 = EDGE_CURVE('',#2644,#2673,#2675,.T.);
#2673 = VERTEX_POINT('',#2674);
#2674 = CARTESIAN_POINT('',(0.65,67.7,16.6));
#2675 = SURFACE_CURVE('',#2676,(#2680,#2687),.PCURVE_S1.);
#2676 = LINE('',#2677,#2678);
#2677 = CARTESIAN_POINT('',(0.65,70.95,16.6));
#2678 = VECTOR('',#2679,1.);
#2679 = DIRECTION('',(-1.110223024625E-16,1.,0.));
#2680 = PCURVE('',#100,#2681);
#2681 = DEFINITIONAL_REPRESENTATION('',(#2682),#2686);
#2682 = LINE('',#2683,#2684);
#2683 = CARTESIAN_POINT('',(0.9,1.8));
#2684 = VECTOR('',#2685,1.);
#2685 = DIRECTION('',(-1.,0.));
#2686 = ( GEOMETRIC_REPRESENTATION_CONTEXT(2) 
PARAMETRIC_REPRESENTATION_CONTEXT() REPRESENTATION_CONTEXT('2D SPACE',''
  ) );
#2687 = PCURVE('',#2688,#2693);
#2688 = PLANE('',#2689);
#2689 = AXIS2_PLACEMENT_3D('',#2690,#2691,#2692);
#2690 = CARTESIAN_POINT('',(0.65,70.05,16.5));
#2691 = DIRECTION('',(1.,1.110223024625E-16,0.));
#2692 = DIRECTION('',(0.,0.,1.));
#2693 = DEFINITIONAL_REPRESENTATION('',(#2694),#2698);
#2694 = LINE('',#2695,#2696);
#2695 = CARTESIAN_POINT('',(0.1,-0.9));
#2696 = VECTOR('',#2697,1.);
#2697 = DIRECTION('',(0.,-1.));
#2698 = ( GEOMETRIC_REPRESENTATION_CONTEXT(2) 
PARAMETRIC_REPRESENTATION_CONTEXT() REPRESENTATION_CONTEXT('2D SPACE',''
  ) );
#2699 = ORIENTED_EDGE('',*,*,#2700,.F.);
#2700 = EDGE_CURVE('',#2701,#2673,#2703,.T.);
#2701 = VERTEX_POINT('',#2702);
#2702 = CARTESIAN_POINT('',(3.,70.05,16.6));
#2703 = SURFACE_CURVE('',#2704,(#2709,#2716),.PCURVE_S1.);
#2704 = CIRCLE('',#2705,2.35);
#2705 = AXIS2_PLACEMENT_3D('',#2706,#2707,#2708);
#2706 = CARTESIAN_POINT('',(3.,67.7,16.6));
#2707 = DIRECTION('',(0.,0.,1.));
#2708 = DIRECTION('',(-1.110223024625E-16,1.,0.));
#2709 = PCURVE('',#100,#2710);
#2710 = DEFINITIONAL_REPRESENTATION('',(#2711),#2715);
#2711 = CIRCLE('',#2712,2.35);
#2712 = AXIS2_PLACEMENT_2D('',#2713,#2714);
#2713 = CARTESIAN_POINT('',(4.15,4.15));
#2714 = DIRECTION('',(-1.,0.));
#2715 = ( GEOMETRIC_REPRESENTATION_CONTEXT(2) 
PARAMETRIC_REPRESENTATION_CONTEXT() REPRESENTATION_CONTEXT('2D SPACE',''
  ) );
#2716 = PCURVE('',#2717,#2722);
#2717 = CYLINDRICAL_SURFACE('',#2718,2.35);
#2718 = AXIS2_PLACEMENT_3D('',#2719,#2720,#2721);
#2719 = CARTESIAN_POINT('',(3.,67.7,16.5));
#2720 = DIRECTION('',(0.,0.,1.));
#2721 = DIRECTION('',(-1.110223024625E-16,1.,0.));
#2722 = DEFINITIONAL_REPRESENTATION('',(#2723),#2727);
#2723 = LINE('',#2724,#2725);
#2724 = CARTESIAN_POINT('',(0.,0.1));
#2725 = VECTOR('',#2726,1.);
#2726 = DIRECTION('',(1.,0.));
#2727 = ( GEOMETRIC_REPRESENTATION_CONTEXT(2) 
PARAMETRIC_REPRESENTATION_CONTEXT() REPRESENTATION_CONTEXT('2D SPACE',''
  ) );
#2728 = ORIENTED_EDGE('',*,*,#2729,.T.);
#2729 = EDGE_CURVE('',#2701,#2730,#2732,.T.);
#2730 = VERTEX_POINT('',#2731);
#2731 = CARTESIAN_POINT('',(58.,70.05,16.6));
#2732 = SURFACE_CURVE('',#2733,(#2737,#2744),.PCURVE_S1.);
#2733 = LINE('',#2734,#2735);
#2734 = CARTESIAN_POINT('',(-0.25,70.05,16.6));
#2735 = VECTOR('',#2736,1.);
#2736 = DIRECTION('',(1.,1.110223024625E-16,0.));
#2737 = PCURVE('',#100,#2738);
#2738 = DEFINITIONAL_REPRESENTATION('',(#2739),#2743);
#2739 = LINE('',#2740,#2741);
#2740 = CARTESIAN_POINT('',(1.8,0.9));
#2741 = VECTOR('',#2742,1.);
#2742 = DIRECTION('',(0.,1.));
#2743 = ( GEOMETRIC_REPRESENTATION_CONTEXT(2) 
PARAMETRIC_REPRESENTATION_CONTEXT() REPRESENTATION_CONTEXT('2D SPACE',''
  ) );
#2744 = PCURVE('',#2745,#2750);
#2745 = PLANE('',#2746);
#2746 = AXIS2_PLACEMENT_3D('',#2747,#2748,#2749);
#2747 = CARTESIAN_POINT('',(0.65,70.05,16.5));
#2748 = DIRECTION('',(1.110223024625E-16,-1.,0.));
#2749 = DIRECTION('',(0.,0.,1.));
#2750 = DEFINITIONAL_REPRESENTATION('',(#2751),#2755);
#2751 = LINE('',#2752,#2753);
#2752 = CARTESIAN_POINT('',(0.1,0.9));
#2753 = VECTOR('',#2754,1.);
#2754 = DIRECTION('',(0.,-1.));
#2755 = ( GEOMETRIC_REPRESENTATION_CONTEXT(2) 
PARAMETRIC_REPRESENTATION_CONTEXT() REPRESENTATION_CONTEXT('2D SPACE',''
  ) );
#2756 = ORIENTED_EDGE('',*,*,#2757,.T.);
#2757 = EDGE_CURVE('',#2730,#2758,#2760,.T.);
#2758 = VERTEX_POINT('',#2759);
#2759 = CARTESIAN_POINT('',(58.,70.9,16.6));
#2760 = SURFACE_CURVE('',#2761,(#2765,#2772),.PCURVE_S1.);
#2761 = LINE('',#2762,#2763);
#2762 = CARTESIAN_POINT('',(58.,71.375,16.6));
#2763 = VECTOR('',#2764,1.);
#2764 = DIRECTION('',(-1.110223024625E-16,1.,0.));
#2765 = PCURVE('',#100,#2766);
#2766 = DEFINITIONAL_REPRESENTATION('',(#2767),#2771);
#2767 = LINE('',#2768,#2769);
#2768 = CARTESIAN_POINT('',(0.475,59.15));
#2769 = VECTOR('',#2770,1.);
#2770 = DIRECTION('',(-1.,0.));
#2771 = ( GEOMETRIC_REPRESENTATION_CONTEXT(2) 
PARAMETRIC_REPRESENTATION_CONTEXT() REPRESENTATION_CONTEXT('2D SPACE',''
  ) );
#2772 = PCURVE('',#2773,#2778);
#2773 = PLANE('',#2774);
#2774 = AXIS2_PLACEMENT_3D('',#2775,#2776,#2777);
#2775 = CARTESIAN_POINT('',(58.,70.9,16.3));
#2776 = DIRECTION('',(1.,1.110223024625E-16,0.));
#2777 = DIRECTION('',(0.,0.,1.));
#2778 = DEFINITIONAL_REPRESENTATION('',(#2779),#2783);
#2779 = LINE('',#2780,#2781);
#2780 = CARTESIAN_POINT('',(0.3,-0.475));
#2781 = VECTOR('',#2782,1.);
#2782 = DIRECTION('',(0.,-1.));
#2783 = ( GEOMETRIC_REPRESENTATION_CONTEXT(2) 
PARAMETRIC_REPRESENTATION_CONTEXT() REPRESENTATION_CONTEXT('2D SPACE',''
  ) );
#2784 = ORIENTED_EDGE('',*,*,#2785,.T.);
#2785 = EDGE_CURVE('',#2758,#2786,#2788,.T.);
#2786 = VERTEX_POINT('',#2787);
#2787 = CARTESIAN_POINT('',(65.,70.9,16.6));
#2788 = SURFACE_CURVE('',#2789,(#2793,#2800),.PCURVE_S1.);
#2789 = LINE('',#2790,#2791);
#2790 = CARTESIAN_POINT('',(28.425,70.9,16.6));
#2791 = VECTOR('',#2792,1.);
#2792 = DIRECTION('',(1.,1.110223024625E-16,0.));
#2793 = PCURVE('',#100,#2794);
#2794 = DEFINITIONAL_REPRESENTATION('',(#2795),#2799);
#2795 = LINE('',#2796,#2797);
#2796 = CARTESIAN_POINT('',(0.95,29.575));
#2797 = VECTOR('',#2798,1.);
#2798 = DIRECTION('',(0.,1.));
#2799 = ( GEOMETRIC_REPRESENTATION_CONTEXT(2) 
PARAMETRIC_REPRESENTATION_CONTEXT() REPRESENTATION_CONTEXT('2D SPACE',''
  ) );
#2800 = PCURVE('',#2801,#2806);
#2801 = PLANE('',#2802);
#2802 = AXIS2_PLACEMENT_3D('',#2803,#2804,#2805);
#2803 = CARTESIAN_POINT('',(58.,70.9,16.3));
#2804 = DIRECTION('',(1.110223024625E-16,-1.,0.));
#2805 = DIRECTION('',(0.,0.,1.));
#2806 = DEFINITIONAL_REPRESENTATION('',(#2807),#2811);
#2807 = LINE('',#2808,#2809);
#2808 = CARTESIAN_POINT('',(0.3,29.575));
#2809 = VECTOR('',#2810,1.);
#2810 = DIRECTION('',(0.,-1.));
#2811 = ( GEOMETRIC_REPRESENTATION_CONTEXT(2) 
PARAMETRIC_REPRESENTATION_CONTEXT() REPRESENTATION_CONTEXT('2D SPACE',''
  ) );
#2812 = ORIENTED_EDGE('',*,*,#2813,.F.);
#2813 = EDGE_CURVE('',#2814,#2786,#2816,.T.);
#2814 = VERTEX_POINT('',#2815);
#2815 = CARTESIAN_POINT('',(65.,70.05,16.6));
#2816 = SURFACE_CURVE('',#2817,(#2821,#2828),.PCURVE_S1.);
#2817 = LINE('',#2818,#2819);
#2818 = CARTESIAN_POINT('',(65.,71.375,16.6));
#2819 = VECTOR('',#2820,1.);
#2820 = DIRECTION('',(-1.110223024625E-16,1.,0.));
#2821 = PCURVE('',#100,#2822);
#2822 = DEFINITIONAL_REPRESENTATION('',(#2823),#2827);
#2823 = LINE('',#2824,#2825);
#2824 = CARTESIAN_POINT('',(0.475,66.15));
#2825 = VECTOR('',#2826,1.);
#2826 = DIRECTION('',(-1.,0.));
#2827 = ( GEOMETRIC_REPRESENTATION_CONTEXT(2) 
PARAMETRIC_REPRESENTATION_CONTEXT() REPRESENTATION_CONTEXT('2D SPACE',''
  ) );
#2828 = PCURVE('',#2829,#2834);
#2829 = PLANE('',#2830);
#2830 = AXIS2_PLACEMENT_3D('',#2831,#2832,#2833);
#2831 = CARTESIAN_POINT('',(65.,70.9,16.3));
#2832 = DIRECTION('',(1.,1.110223024625E-16,0.));
#2833 = DIRECTION('',(0.,0.,1.));
#2834 = DEFINITIONAL_REPRESENTATION('',(#2835),#2839);
#2835 = LINE('',#2836,#2837);
#2836 = CARTESIAN_POINT('',(0.3,-0.475));
#2837 = VECTOR('',#2838,1.);
#2838 = DIRECTION('',(0.,-1.));
#2839 = ( GEOMETRIC_REPRESENTATION_CONTEXT(2) 
PARAMETRIC_REPRESENTATION_CONTEXT() REPRESENTATION_CONTEXT('2D SPACE',''
  ) );
#2840 = ORIENTED_EDGE('',*,*,#2841,.T.);
#2841 = EDGE_CURVE('',#2814,#2842,#2844,.T.);
#2842 = VERTEX_POINT('',#2843);
#2843 = CARTESIAN_POINT('',(119.,70.05,16.6));
#2844 = SURFACE_CURVE('',#2845,(#2849,#2856),.PCURVE_S1.);
#2845 = LINE('',#2846,#2847);
#2846 = CARTESIAN_POINT('',(-0.25,70.05,16.6));
#2847 = VECTOR('',#2848,1.);
#2848 = DIRECTION('',(1.,1.110223024625E-16,0.));
#2849 = PCURVE('',#100,#2850);
#2850 = DEFINITIONAL_REPRESENTATION('',(#2851),#2855);
#2851 = LINE('',#2852,#2853);
#2852 = CARTESIAN_POINT('',(1.8,0.9));
#2853 = VECTOR('',#2854,1.);
#2854 = DIRECTION('',(0.,1.));
#2855 = ( GEOMETRIC_REPRESENTATION_CONTEXT(2) 
PARAMETRIC_REPRESENTATION_CONTEXT() REPRESENTATION_CONTEXT('2D SPACE',''
  ) );
#2856 = PCURVE('',#2857,#2862);
#2857 = PLANE('',#2858);
#2858 = AXIS2_PLACEMENT_3D('',#2859,#2860,#2861);
#2859 = CARTESIAN_POINT('',(0.65,70.05,16.5));
#2860 = DIRECTION('',(1.110223024625E-16,-1.,0.));
#2861 = DIRECTION('',(0.,0.,1.));
#2862 = DEFINITIONAL_REPRESENTATION('',(#2863),#2867);
#2863 = LINE('',#2864,#2865);
#2864 = CARTESIAN_POINT('',(0.1,0.9));
#2865 = VECTOR('',#2866,1.);
#2866 = DIRECTION('',(0.,-1.));
#2867 = ( GEOMETRIC_REPRESENTATION_CONTEXT(2) 
PARAMETRIC_REPRESENTATION_CONTEXT() REPRESENTATION_CONTEXT('2D SPACE',''
  ) );
#2868 = ORIENTED_EDGE('',*,*,#2869,.T.);
#2869 = EDGE_CURVE('',#2842,#2870,#2872,.T.);
#2870 = VERTEX_POINT('',#2871);
#2871 = CARTESIAN_POINT('',(119.,70.9,16.6));
#2872 = SURFACE_CURVE('',#2873,(#2877,#2884),.PCURVE_S1.);
#2873 = LINE('',#2874,#2875);
#2874 = CARTESIAN_POINT('',(119.,71.375,16.6));
#2875 = VECTOR('',#2876,1.);
#2876 = DIRECTION('',(-1.110223024625E-16,1.,0.));
#2877 = PCURVE('',#100,#2878);
#2878 = DEFINITIONAL_REPRESENTATION('',(#2879),#2883);
#2879 = LINE('',#2880,#2881);
#2880 = CARTESIAN_POINT('',(0.475,120.15));
#2881 = VECTOR('',#2882,1.);
#2882 = DIRECTION('',(-1.,0.));
#2883 = ( GEOMETRIC_REPRESENTATION_CONTEXT(2) 
PARAMETRIC_REPRESENTATION_CONTEXT() REPRESENTATION_CONTEXT('2D SPACE',''
  ) );
#2884 = PCURVE('',#2885,#2890);
#2885 = PLANE('',#2886);
#2886 = AXIS2_PLACEMENT_3D('',#2887,#2888,#2889);
#2887 = CARTESIAN_POINT('',(119.,70.9,16.3));
#2888 = DIRECTION('',(1.,1.110223024625E-16,0.));
#2889 = DIRECTION('',(0.,0.,1.));
#2890 = DEFINITIONAL_REPRESENTATION('',(#2891),#2895);
#2891 = LINE('',#2892,#2893);
#2892 = CARTESIAN_POINT('',(0.3,-0.475));
#2893 = VECTOR('',#2894,1.);
#2894 = DIRECTION('',(0.,-1.));
#2895 = ( GEOMETRIC_REPRESENTATION_CONTEXT(2) 
PARAMETRIC_REPRESENTATION_CONTEXT() REPRESENTATION_CONTEXT('2D SPACE',''
  ) );
#2896 = ORIENTED_EDGE('',*,*,#2897,.T.);
#2897 = EDGE_CURVE('',#2870,#2898,#2900,.T.);
#2898 = VERTEX_POINT('',#2899);
#2899 = CARTESIAN_POINT('',(126.,70.9,16.6));
#2900 = SURFACE_CURVE('',#2901,(#2905,#2912),.PCURVE_S1.);
#2901 = LINE('',#2902,#2903);
#2902 = CARTESIAN_POINT('',(58.925,70.9,16.6));
#2903 = VECTOR('',#2904,1.);
#2904 = DIRECTION('',(1.,1.110223024625E-16,0.));
#2905 = PCURVE('',#100,#2906);
#2906 = DEFINITIONAL_REPRESENTATION('',(#2907),#2911);
#2907 = LINE('',#2908,#2909);
#2908 = CARTESIAN_POINT('',(0.95,60.075));
#2909 = VECTOR('',#2910,1.);
#2910 = DIRECTION('',(0.,1.));
#2911 = ( GEOMETRIC_REPRESENTATION_CONTEXT(2) 
PARAMETRIC_REPRESENTATION_CONTEXT() REPRESENTATION_CONTEXT('2D SPACE',''
  ) );
#2912 = PCURVE('',#2913,#2918);
#2913 = PLANE('',#2914);
#2914 = AXIS2_PLACEMENT_3D('',#2915,#2916,#2917);
#2915 = CARTESIAN_POINT('',(119.,70.9,16.3));
#2916 = DIRECTION('',(1.110223024625E-16,-1.,0.));
#2917 = DIRECTION('',(0.,0.,1.));
#2918 = DEFINITIONAL_REPRESENTATION('',(#2919),#2923);
#2919 = LINE('',#2920,#2921);
#2920 = CARTESIAN_POINT('',(0.3,60.075));
#2921 = VECTOR('',#2922,1.);
#2922 = DIRECTION('',(0.,-1.));
#2923 = ( GEOMETRIC_REPRESENTATION_CONTEXT(2) 
PARAMETRIC_REPRESENTATION_CONTEXT() REPRESENTATION_CONTEXT('2D SPACE',''
  ) );
#2924 = ORIENTED_EDGE('',*,*,#2925,.F.);
#2925 = EDGE_CURVE('',#2926,#2898,#2928,.T.);
#2926 = VERTEX_POINT('',#2927);
#2927 = CARTESIAN_POINT('',(126.,68.754751155487,16.6));
#2928 = SURFACE_CURVE('',#2929,(#2933,#2940),.PCURVE_S1.);
#2929 = LINE('',#2930,#2931);
#2930 = CARTESIAN_POINT('',(126.,71.375,16.6));
#2931 = VECTOR('',#2932,1.);
#2932 = DIRECTION('',(-1.110223024625E-16,1.,0.));
#2933 = PCURVE('',#100,#2934);
#2934 = DEFINITIONAL_REPRESENTATION('',(#2935),#2939);
#2935 = LINE('',#2936,#2937);
#2936 = CARTESIAN_POINT('',(0.475,127.15));
#2937 = VECTOR('',#2938,1.);
#2938 = DIRECTION('',(-1.,0.));
#2939 = ( GEOMETRIC_REPRESENTATION_CONTEXT(2) 
PARAMETRIC_REPRESENTATION_CONTEXT() REPRESENTATION_CONTEXT('2D SPACE',''
  ) );
#2940 = PCURVE('',#2941,#2946);
#2941 = PLANE('',#2942);
#2942 = AXIS2_PLACEMENT_3D('',#2943,#2944,#2945);
#2943 = CARTESIAN_POINT('',(126.,70.9,16.3));
#2944 = DIRECTION('',(1.,1.110223024625E-16,0.));
#2945 = DIRECTION('',(0.,0.,1.));
#2946 = DEFINITIONAL_REPRESENTATION('',(#2947),#2951);
#2947 = LINE('',#2948,#2949);
#2948 = CARTESIAN_POINT('',(0.3,-0.475));
#2949 = VECTOR('',#2950,1.);
#2950 = DIRECTION('',(0.,-1.));
#2951 = ( GEOMETRIC_REPRESENTATION_CONTEXT(2) 
PARAMETRIC_REPRESENTATION_CONTEXT() REPRESENTATION_CONTEXT('2D SPACE',''
  ) );
#2952 = ORIENTED_EDGE('',*,*,#2953,.F.);
#2953 = EDGE_CURVE('',#2954,#2926,#2956,.T.);
#2954 = VERTEX_POINT('',#2955);
#2955 = CARTESIAN_POINT('',(126.25,67.7,16.6));
#2956 = SURFACE_CURVE('',#2957,(#2962,#2969),.PCURVE_S1.);
#2957 = CIRCLE('',#2958,2.35);
#2958 = AXIS2_PLACEMENT_3D('',#2959,#2960,#2961);
#2959 = CARTESIAN_POINT('',(123.9,67.7,16.6));
#2960 = DIRECTION('',(0.,0.,1.));
#2961 = DIRECTION('',(-1.110223024625E-16,1.,0.));
#2962 = PCURVE('',#100,#2963);
#2963 = DEFINITIONAL_REPRESENTATION('',(#2964),#2968);
#2964 = CIRCLE('',#2965,2.35);
#2965 = AXIS2_PLACEMENT_2D('',#2966,#2967);
#2966 = CARTESIAN_POINT('',(4.15,125.05));
#2967 = DIRECTION('',(-1.,0.));
#2968 = ( GEOMETRIC_REPRESENTATION_CONTEXT(2) 
PARAMETRIC_REPRESENTATION_CONTEXT() REPRESENTATION_CONTEXT('2D SPACE',''
  ) );
#2969 = PCURVE('',#2970,#2975);
#2970 = CYLINDRICAL_SURFACE('',#2971,2.35);
#2971 = AXIS2_PLACEMENT_3D('',#2972,#2973,#2974);
#2972 = CARTESIAN_POINT('',(123.9,67.7,16.5));
#2973 = DIRECTION('',(0.,0.,1.));
#2974 = DIRECTION('',(-1.110223024625E-16,1.,0.));
#2975 = DEFINITIONAL_REPRESENTATION('',(#2976),#2980);
#2976 = LINE('',#2977,#2978);
#2977 = CARTESIAN_POINT('',(-6.28318530718,0.1));
#2978 = VECTOR('',#2979,1.);
#2979 = DIRECTION('',(1.,-0.));
#2980 = ( GEOMETRIC_REPRESENTATION_CONTEXT(2) 
PARAMETRIC_REPRESENTATION_CONTEXT() REPRESENTATION_CONTEXT('2D SPACE',''
  ) );
#2981 = ORIENTED_EDGE('',*,*,#2982,.F.);
#2982 = EDGE_CURVE('',#2983,#2954,#2985,.T.);
#2983 = VERTEX_POINT('',#2984);
#2984 = CARTESIAN_POINT('',(126.25,37.55,16.6));
#2985 = SURFACE_CURVE('',#2986,(#2990,#2997),.PCURVE_S1.);
#2986 = LINE('',#2987,#2988);
#2987 = CARTESIAN_POINT('',(126.25,70.95,16.6));
#2988 = VECTOR('',#2989,1.);
#2989 = DIRECTION('',(-1.110223024625E-16,1.,0.));
#2990 = PCURVE('',#100,#2991);
#2991 = DEFINITIONAL_REPRESENTATION('',(#2992),#2996);
#2992 = LINE('',#2993,#2994);
#2993 = CARTESIAN_POINT('',(0.9,127.4));
#2994 = VECTOR('',#2995,1.);
#2995 = DIRECTION('',(-1.,0.));
#2996 = ( GEOMETRIC_REPRESENTATION_CONTEXT(2) 
PARAMETRIC_REPRESENTATION_CONTEXT() REPRESENTATION_CONTEXT('2D SPACE',''
  ) );
#2997 = PCURVE('',#2998,#3003);
#2998 = PLANE('',#2999);
#2999 = AXIS2_PLACEMENT_3D('',#3000,#3001,#3002);
#3000 = CARTESIAN_POINT('',(126.25,70.05,16.5));
#3001 = DIRECTION('',(1.,1.110223024625E-16,0.));
#3002 = DIRECTION('',(0.,0.,1.));
#3003 = DEFINITIONAL_REPRESENTATION('',(#3004),#3008);
#3004 = LINE('',#3005,#3006);
#3005 = CARTESIAN_POINT('',(0.1,-0.9));
#3006 = VECTOR('',#3007,1.);
#3007 = DIRECTION('',(0.,-1.));
#3008 = ( GEOMETRIC_REPRESENTATION_CONTEXT(2) 
PARAMETRIC_REPRESENTATION_CONTEXT() REPRESENTATION_CONTEXT('2D SPACE',''
  ) );
#3009 = ORIENTED_EDGE('',*,*,#3010,.T.);
#3010 = EDGE_CURVE('',#2983,#3011,#3013,.T.);
#3011 = VERTEX_POINT('',#3012);
#3012 = CARTESIAN_POINT('',(126.6,37.55,16.6));
#3013 = SURFACE_CURVE('',#3014,(#3018,#3025),.PCURVE_S1.);
#3014 = LINE('',#3015,#3016);
#3015 = CARTESIAN_POINT('',(61.125,37.55,16.6));
#3016 = VECTOR('',#3017,1.);
#3017 = DIRECTION('',(1.,1.110223024625E-16,0.));
#3018 = PCURVE('',#100,#3019);
#3019 = DEFINITIONAL_REPRESENTATION('',(#3020),#3024);
#3020 = LINE('',#3021,#3022);
#3021 = CARTESIAN_POINT('',(34.3,62.275));
#3022 = VECTOR('',#3023,1.);
#3023 = DIRECTION('',(0.,1.));
#3024 = ( GEOMETRIC_REPRESENTATION_CONTEXT(2) 
PARAMETRIC_REPRESENTATION_CONTEXT() REPRESENTATION_CONTEXT('2D SPACE',''
  ) );
#3025 = PCURVE('',#3026,#3031);
#3026 = PLANE('',#3027);
#3027 = AXIS2_PLACEMENT_3D('',#3028,#3029,#3030);
#3028 = CARTESIAN_POINT('',(123.4,37.55,14.2));
#3029 = DIRECTION('',(1.110223024625E-16,-1.,0.));
#3030 = DIRECTION('',(0.,0.,1.));
#3031 = DEFINITIONAL_REPRESENTATION('',(#3032),#3036);
#3032 = LINE('',#3033,#3034);
#3033 = CARTESIAN_POINT('',(2.4,62.275));
#3034 = VECTOR('',#3035,1.);
#3035 = DIRECTION('',(0.,-1.));
#3036 = ( GEOMETRIC_REPRESENTATION_CONTEXT(2) 
PARAMETRIC_REPRESENTATION_CONTEXT() REPRESENTATION_CONTEXT('2D SPACE',''
  ) );
#3037 = ORIENTED_EDGE('',*,*,#3038,.F.);
#3038 = EDGE_CURVE('',#3039,#3011,#3041,.T.);
#3039 = VERTEX_POINT('',#3040);
#3040 = CARTESIAN_POINT('',(126.6,33.15,16.6));
#3041 = SURFACE_CURVE('',#3042,(#3046,#3053),.PCURVE_S1.);
#3042 = LINE('',#3043,#3044);
#3043 = CARTESIAN_POINT('',(126.6,55.7,16.6));
#3044 = VECTOR('',#3045,1.);
#3045 = DIRECTION('',(-1.110223024625E-16,1.,0.));
#3046 = PCURVE('',#100,#3047);
#3047 = DEFINITIONAL_REPRESENTATION('',(#3048),#3052);
#3048 = LINE('',#3049,#3050);
#3049 = CARTESIAN_POINT('',(16.15,127.75));
#3050 = VECTOR('',#3051,1.);
#3051 = DIRECTION('',(-1.,0.));
#3052 = ( GEOMETRIC_REPRESENTATION_CONTEXT(2) 
PARAMETRIC_REPRESENTATION_CONTEXT() REPRESENTATION_CONTEXT('2D SPACE',''
  ) );
#3053 = PCURVE('',#3054,#3059);
#3054 = PLANE('',#3055);
#3055 = AXIS2_PLACEMENT_3D('',#3056,#3057,#3058);
#3056 = CARTESIAN_POINT('',(126.6,39.55,12.2));
#3057 = DIRECTION('',(1.,1.110223024625E-16,0.));
#3058 = DIRECTION('',(0.,0.,1.));
#3059 = DEFINITIONAL_REPRESENTATION('',(#3060),#3064);
#3060 = LINE('',#3061,#3062);
#3061 = CARTESIAN_POINT('',(4.4,-16.15));
#3062 = VECTOR('',#3063,1.);
#3063 = DIRECTION('',(0.,-1.));
#3064 = ( GEOMETRIC_REPRESENTATION_CONTEXT(2) 
PARAMETRIC_REPRESENTATION_CONTEXT() REPRESENTATION_CONTEXT('2D SPACE',''
  ) );
#3065 = ORIENTED_EDGE('',*,*,#3066,.F.);
#3066 = EDGE_CURVE('',#3067,#3039,#3069,.T.);
#3067 = VERTEX_POINT('',#3068);
#3068 = CARTESIAN_POINT('',(126.25,33.15,16.6));
#3069 = SURFACE_CURVE('',#3070,(#3074,#3081),.PCURVE_S1.);
#3070 = LINE('',#3071,#3072);
#3071 = CARTESIAN_POINT('',(61.125,33.15,16.6));
#3072 = VECTOR('',#3073,1.);
#3073 = DIRECTION('',(1.,1.110223024625E-16,0.));
#3074 = PCURVE('',#100,#3075);
#3075 = DEFINITIONAL_REPRESENTATION('',(#3076),#3080);
#3076 = LINE('',#3077,#3078);
#3077 = CARTESIAN_POINT('',(38.7,62.275));
#3078 = VECTOR('',#3079,1.);
#3079 = DIRECTION('',(0.,1.));
#3080 = ( GEOMETRIC_REPRESENTATION_CONTEXT(2) 
PARAMETRIC_REPRESENTATION_CONTEXT() REPRESENTATION_CONTEXT('2D SPACE',''
  ) );
#3081 = PCURVE('',#3082,#3087);
#3082 = PLANE('',#3083);
#3083 = AXIS2_PLACEMENT_3D('',#3084,#3085,#3086);
#3084 = CARTESIAN_POINT('',(123.4,33.15,14.2));
#3085 = DIRECTION('',(1.110223024625E-16,-1.,0.));
#3086 = DIRECTION('',(0.,0.,1.));
#3087 = DEFINITIONAL_REPRESENTATION('',(#3088),#3092);
#3088 = LINE('',#3089,#3090);
#3089 = CARTESIAN_POINT('',(2.4,62.275));
#3090 = VECTOR('',#3091,1.);
#3091 = DIRECTION('',(0.,-1.));
#3092 = ( GEOMETRIC_REPRESENTATION_CONTEXT(2) 
PARAMETRIC_REPRESENTATION_CONTEXT() REPRESENTATION_CONTEXT('2D SPACE',''
  ) );
#3093 = ORIENTED_EDGE('',*,*,#3094,.F.);
#3094 = EDGE_CURVE('',#3095,#3067,#3097,.T.);
#3095 = VERTEX_POINT('',#3096);
#3096 = CARTESIAN_POINT('',(126.25,3.,16.6));
#3097 = SURFACE_CURVE('',#3098,(#3102,#3109),.PCURVE_S1.);
#3098 = LINE('',#3099,#3100);
#3099 = CARTESIAN_POINT('',(126.25,70.95,16.6));
#3100 = VECTOR('',#3101,1.);
#3101 = DIRECTION('',(-1.110223024625E-16,1.,0.));
#3102 = PCURVE('',#100,#3103);
#3103 = DEFINITIONAL_REPRESENTATION('',(#3104),#3108);
#3104 = LINE('',#3105,#3106);
#3105 = CARTESIAN_POINT('',(0.9,127.4));
#3106 = VECTOR('',#3107,1.);
#3107 = DIRECTION('',(-1.,0.));
#3108 = ( GEOMETRIC_REPRESENTATION_CONTEXT(2) 
PARAMETRIC_REPRESENTATION_CONTEXT() REPRESENTATION_CONTEXT('2D SPACE',''
  ) );
#3109 = PCURVE('',#3110,#3115);
#3110 = PLANE('',#3111);
#3111 = AXIS2_PLACEMENT_3D('',#3112,#3113,#3114);
#3112 = CARTESIAN_POINT('',(126.25,70.05,16.5));
#3113 = DIRECTION('',(1.,1.110223024625E-16,0.));
#3114 = DIRECTION('',(0.,0.,1.));
#3115 = DEFINITIONAL_REPRESENTATION('',(#3116),#3120);
#3116 = LINE('',#3117,#3118);
#3117 = CARTESIAN_POINT('',(0.1,-0.9));
#3118 = VECTOR('',#3119,1.);
#3119 = DIRECTION('',(0.,-1.));
#3120 = ( GEOMETRIC_REPRESENTATION_CONTEXT(2) 
PARAMETRIC_REPRESENTATION_CONTEXT() REPRESENTATION_CONTEXT('2D SPACE',''
  ) );
#3121 = ORIENTED_EDGE('',*,*,#3122,.F.);
#3122 = EDGE_CURVE('',#3123,#3095,#3125,.T.);
#3123 = VERTEX_POINT('',#3124);
#3124 = CARTESIAN_POINT('',(126.,1.945248844513,16.6));
#3125 = SURFACE_CURVE('',#3126,(#3131,#3138),.PCURVE_S1.);
#3126 = CIRCLE('',#3127,2.35);
#3127 = AXIS2_PLACEMENT_3D('',#3128,#3129,#3130);
#3128 = CARTESIAN_POINT('',(123.9,3.,16.6));
#3129 = DIRECTION('',(-0.,0.,1.));
#3130 = DIRECTION('',(1.110223024625E-16,-1.,0.));
#3131 = PCURVE('',#100,#3132);
#3132 = DEFINITIONAL_REPRESENTATION('',(#3133),#3137);
#3133 = CIRCLE('',#3134,2.35);
#3134 = AXIS2_PLACEMENT_2D('',#3135,#3136);
#3135 = CARTESIAN_POINT('',(68.85,125.05));
#3136 = DIRECTION('',(1.,0.));
#3137 = ( GEOMETRIC_REPRESENTATION_CONTEXT(2) 
PARAMETRIC_REPRESENTATION_CONTEXT() REPRESENTATION_CONTEXT('2D SPACE',''
  ) );
#3138 = PCURVE('',#3139,#3144);
#3139 = CYLINDRICAL_SURFACE('',#3140,2.35);
#3140 = AXIS2_PLACEMENT_3D('',#3141,#3142,#3143);
#3141 = CARTESIAN_POINT('',(123.9,3.,16.5));
#3142 = DIRECTION('',(0.,0.,1.));
#3143 = DIRECTION('',(1.110223024625E-16,-1.,0.));
#3144 = DEFINITIONAL_REPRESENTATION('',(#3145),#3149);
#3145 = LINE('',#3146,#3147);
#3146 = CARTESIAN_POINT('',(0.,0.1));
#3147 = VECTOR('',#3148,1.);
#3148 = DIRECTION('',(1.,0.));
#3149 = ( GEOMETRIC_REPRESENTATION_CONTEXT(2) 
PARAMETRIC_REPRESENTATION_CONTEXT() REPRESENTATION_CONTEXT('2D SPACE',''
  ) );
#3150 = ORIENTED_EDGE('',*,*,#3151,.F.);
#3151 = EDGE_CURVE('',#3152,#3123,#3154,.T.);
#3152 = VERTEX_POINT('',#3153);
#3153 = CARTESIAN_POINT('',(126.,0.8,16.6));
#3154 = SURFACE_CURVE('',#3155,(#3159,#3166),.PCURVE_S1.);
#3155 = LINE('',#3156,#3157);
#3156 = CARTESIAN_POINT('',(126.,37.725,16.6));
#3157 = VECTOR('',#3158,1.);
#3158 = DIRECTION('',(-1.110223024625E-16,1.,0.));
#3159 = PCURVE('',#100,#3160);
#3160 = DEFINITIONAL_REPRESENTATION('',(#3161),#3165);
#3161 = LINE('',#3162,#3163);
#3162 = CARTESIAN_POINT('',(34.125,127.15));
#3163 = VECTOR('',#3164,1.);
#3164 = DIRECTION('',(-1.,0.));
#3165 = ( GEOMETRIC_REPRESENTATION_CONTEXT(2) 
PARAMETRIC_REPRESENTATION_CONTEXT() REPRESENTATION_CONTEXT('2D SPACE',''
  ) );
#3166 = PCURVE('',#3167,#3172);
#3167 = PLANE('',#3168);
#3168 = AXIS2_PLACEMENT_3D('',#3169,#3170,#3171);
#3169 = CARTESIAN_POINT('',(126.,3.6,16.3));
#3170 = DIRECTION('',(1.,1.110223024625E-16,0.));
#3171 = DIRECTION('',(0.,0.,1.));
#3172 = DEFINITIONAL_REPRESENTATION('',(#3173),#3177);
#3173 = LINE('',#3174,#3175);
#3174 = CARTESIAN_POINT('',(0.3,-34.125));
#3175 = VECTOR('',#3176,1.);
#3176 = DIRECTION('',(0.,-1.));
#3177 = ( GEOMETRIC_REPRESENTATION_CONTEXT(2) 
PARAMETRIC_REPRESENTATION_CONTEXT() REPRESENTATION_CONTEXT('2D SPACE',''
  ) );
#3178 = ORIENTED_EDGE('',*,*,#3179,.F.);
#3179 = EDGE_CURVE('',#3180,#3152,#3182,.T.);
#3180 = VERTEX_POINT('',#3181);
#3181 = CARTESIAN_POINT('',(124.72613558209,0.8,16.6));
#3182 = SURFACE_CURVE('',#3183,(#3187,#3194),.PCURVE_S1.);
#3183 = LINE('',#3184,#3185);
#3184 = CARTESIAN_POINT('',(58.925,0.8,16.6));
#3185 = VECTOR('',#3186,1.);
#3186 = DIRECTION('',(1.,1.110223024625E-16,0.));
#3187 = PCURVE('',#100,#3188);
#3188 = DEFINITIONAL_REPRESENTATION('',(#3189),#3193);
#3189 = LINE('',#3190,#3191);
#3190 = CARTESIAN_POINT('',(71.05,60.075));
#3191 = VECTOR('',#3192,1.);
#3192 = DIRECTION('',(0.,1.));
#3193 = ( GEOMETRIC_REPRESENTATION_CONTEXT(2) 
PARAMETRIC_REPRESENTATION_CONTEXT() REPRESENTATION_CONTEXT('2D SPACE',''
  ) );
#3194 = PCURVE('',#3195,#3200);
#3195 = PLANE('',#3196);
#3196 = AXIS2_PLACEMENT_3D('',#3197,#3198,#3199);
#3197 = CARTESIAN_POINT('',(119.,0.8,16.3));
#3198 = DIRECTION('',(1.110223024625E-16,-1.,0.));
#3199 = DIRECTION('',(0.,0.,1.));
#3200 = DEFINITIONAL_REPRESENTATION('',(#3201),#3205);
#3201 = LINE('',#3202,#3203);
#3202 = CARTESIAN_POINT('',(0.3,60.075));
#3203 = VECTOR('',#3204,1.);
#3204 = DIRECTION('',(0.,-1.));
#3205 = ( GEOMETRIC_REPRESENTATION_CONTEXT(2) 
PARAMETRIC_REPRESENTATION_CONTEXT() REPRESENTATION_CONTEXT('2D SPACE',''
  ) );
#3206 = ORIENTED_EDGE('',*,*,#3207,.F.);
#3207 = EDGE_CURVE('',#3208,#3180,#3210,.T.);
#3208 = VERTEX_POINT('',#3209);
#3209 = CARTESIAN_POINT('',(123.9,0.65,16.6));
#3210 = SURFACE_CURVE('',#3211,(#3216,#3223),.PCURVE_S1.);
#3211 = CIRCLE('',#3212,2.35);
#3212 = AXIS2_PLACEMENT_3D('',#3213,#3214,#3215);
#3213 = CARTESIAN_POINT('',(123.9,3.,16.6));
#3214 = DIRECTION('',(-0.,0.,1.));
#3215 = DIRECTION('',(1.110223024625E-16,-1.,0.));
#3216 = PCURVE('',#100,#3217);
#3217 = DEFINITIONAL_REPRESENTATION('',(#3218),#3222);
#3218 = CIRCLE('',#3219,2.35);
#3219 = AXIS2_PLACEMENT_2D('',#3220,#3221);
#3220 = CARTESIAN_POINT('',(68.85,125.05));
#3221 = DIRECTION('',(1.,0.));
#3222 = ( GEOMETRIC_REPRESENTATION_CONTEXT(2) 
PARAMETRIC_REPRESENTATION_CONTEXT() REPRESENTATION_CONTEXT('2D SPACE',''
  ) );
#3223 = PCURVE('',#3224,#3229);
#3224 = CYLINDRICAL_SURFACE('',#3225,2.35);
#3225 = AXIS2_PLACEMENT_3D('',#3226,#3227,#3228);
#3226 = CARTESIAN_POINT('',(123.9,3.,16.5));
#3227 = DIRECTION('',(0.,0.,1.));
#3228 = DIRECTION('',(1.110223024625E-16,-1.,0.));
#3229 = DEFINITIONAL_REPRESENTATION('',(#3230),#3234);
#3230 = LINE('',#3231,#3232);
#3231 = CARTESIAN_POINT('',(0.,0.1));
#3232 = VECTOR('',#3233,1.);
#3233 = DIRECTION('',(1.,0.));
#3234 = ( GEOMETRIC_REPRESENTATION_CONTEXT(2) 
PARAMETRIC_REPRESENTATION_CONTEXT() REPRESENTATION_CONTEXT('2D SPACE',''
  ) );
#3235 = ORIENTED_EDGE('',*,*,#3236,.F.);
#3236 = EDGE_CURVE('',#3237,#3208,#3239,.T.);
#3237 = VERTEX_POINT('',#3238);
#3238 = CARTESIAN_POINT('',(54.,0.65,16.6));
#3239 = SURFACE_CURVE('',#3240,(#3244,#3251),.PCURVE_S1.);
#3240 = LINE('',#3241,#3242);
#3241 = CARTESIAN_POINT('',(-0.25,0.65,16.6));
#3242 = VECTOR('',#3243,1.);
#3243 = DIRECTION('',(1.,1.110223024625E-16,0.));
#3244 = PCURVE('',#100,#3245);
#3245 = DEFINITIONAL_REPRESENTATION('',(#3246),#3250);
#3246 = LINE('',#3247,#3248);
#3247 = CARTESIAN_POINT('',(71.2,0.9));
#3248 = VECTOR('',#3249,1.);
#3249 = DIRECTION('',(0.,1.));
#3250 = ( GEOMETRIC_REPRESENTATION_CONTEXT(2) 
PARAMETRIC_REPRESENTATION_CONTEXT() REPRESENTATION_CONTEXT('2D SPACE',''
  ) );
#3251 = PCURVE('',#2631,#3252);
#3252 = DEFINITIONAL_REPRESENTATION('',(#3253),#3257);
#3253 = LINE('',#3254,#3255);
#3254 = CARTESIAN_POINT('',(0.1,0.9));
#3255 = VECTOR('',#3256,1.);
#3256 = DIRECTION('',(0.,-1.));
#3257 = ( GEOMETRIC_REPRESENTATION_CONTEXT(2) 
PARAMETRIC_REPRESENTATION_CONTEXT() REPRESENTATION_CONTEXT('2D SPACE',''
  ) );
#3258 = ORIENTED_EDGE('',*,*,#3259,.F.);
#3259 = EDGE_CURVE('',#3260,#3237,#3262,.T.);
#3260 = VERTEX_POINT('',#3261);
#3261 = CARTESIAN_POINT('',(54.,-1.15,16.6));
#3262 = SURFACE_CURVE('',#3263,(#3267,#3274),.PCURVE_S1.);
#3263 = LINE('',#3264,#3265);
#3264 = CARTESIAN_POINT('',(54.,-2.,16.6));
#3265 = VECTOR('',#3266,1.);
#3266 = DIRECTION('',(-1.110223024625E-16,1.,0.));
#3267 = PCURVE('',#100,#3268);
#3268 = DEFINITIONAL_REPRESENTATION('',(#3269),#3273);
#3269 = LINE('',#3270,#3271);
#3270 = CARTESIAN_POINT('',(73.85,55.15));
#3271 = VECTOR('',#3272,1.);
#3272 = DIRECTION('',(-1.,0.));
#3273 = ( GEOMETRIC_REPRESENTATION_CONTEXT(2) 
PARAMETRIC_REPRESENTATION_CONTEXT() REPRESENTATION_CONTEXT('2D SPACE',''
  ) );
#3274 = PCURVE('',#3275,#3280);
#3275 = PLANE('',#3276);
#3276 = AXIS2_PLACEMENT_3D('',#3277,#3278,#3279);
#3277 = CARTESIAN_POINT('',(54.,-2.,16.6));
#3278 = DIRECTION('',(1.,1.110223024625E-16,0.));
#3279 = DIRECTION('',(0.,-0.,-1.));
#3280 = DEFINITIONAL_REPRESENTATION('',(#3281),#3285);
#3281 = LINE('',#3282,#3283);
#3282 = CARTESIAN_POINT('',(-0.,0.));
#3283 = VECTOR('',#3284,1.);
#3284 = DIRECTION('',(-0.,1.));
#3285 = ( GEOMETRIC_REPRESENTATION_CONTEXT(2) 
PARAMETRIC_REPRESENTATION_CONTEXT() REPRESENTATION_CONTEXT('2D SPACE',''
  ) );
#3286 = ORIENTED_EDGE('',*,*,#3287,.T.);
#3287 = EDGE_CURVE('',#3260,#3288,#3290,.T.);
#3288 = VERTEX_POINT('',#3289);
#3289 = CARTESIAN_POINT('',(123.9,-1.15,16.6));
#3290 = SURFACE_CURVE('',#3291,(#3295,#3302),.PCURVE_S1.);
#3291 = LINE('',#3292,#3293);
#3292 = CARTESIAN_POINT('',(-1.15,-1.15,16.6));
#3293 = VECTOR('',#3294,1.);
#3294 = DIRECTION('',(1.,1.110223024625E-16,0.));
#3295 = PCURVE('',#100,#3296);
#3296 = DEFINITIONAL_REPRESENTATION('',(#3297),#3301);
#3297 = LINE('',#3298,#3299);
#3298 = CARTESIAN_POINT('',(73.,1.110223024625E-16));
#3299 = VECTOR('',#3300,1.);
#3300 = DIRECTION('',(0.,1.));
#3301 = ( GEOMETRIC_REPRESENTATION_CONTEXT(2) 
PARAMETRIC_REPRESENTATION_CONTEXT() REPRESENTATION_CONTEXT('2D SPACE',''
  ) );
#3302 = PCURVE('',#699,#3303);
#3303 = DEFINITIONAL_REPRESENTATION('',(#3304),#3308);
#3304 = LINE('',#3305,#3306);
#3305 = CARTESIAN_POINT('',(-8.2,-0.));
#3306 = VECTOR('',#3307,1.);
#3307 = DIRECTION('',(0.,-1.));
#3308 = ( GEOMETRIC_REPRESENTATION_CONTEXT(2) 
PARAMETRIC_REPRESENTATION_CONTEXT() REPRESENTATION_CONTEXT('2D SPACE',''
  ) );
#3309 = ORIENTED_EDGE('',*,*,#3310,.T.);
#3310 = EDGE_CURVE('',#3288,#3311,#3313,.T.);
#3311 = VERTEX_POINT('',#3312);
#3312 = CARTESIAN_POINT('',(128.05,3.,16.6));
#3313 = SURFACE_CURVE('',#3314,(#3319,#3326),.PCURVE_S1.);
#3314 = CIRCLE('',#3315,4.15);
#3315 = AXIS2_PLACEMENT_3D('',#3316,#3317,#3318);
#3316 = CARTESIAN_POINT('',(123.9,3.,16.6));
#3317 = DIRECTION('',(0.,0.,1.));
#3318 = DIRECTION('',(-1.,-1.110223024625E-16,0.));
#3319 = PCURVE('',#100,#3320);
#3320 = DEFINITIONAL_REPRESENTATION('',(#3321),#3325);
#3321 = CIRCLE('',#3322,4.15);
#3322 = AXIS2_PLACEMENT_2D('',#3323,#3324);
#3323 = CARTESIAN_POINT('',(68.85,125.05));
#3324 = DIRECTION('',(0.,-1.));
#3325 = ( GEOMETRIC_REPRESENTATION_CONTEXT(2) 
PARAMETRIC_REPRESENTATION_CONTEXT() REPRESENTATION_CONTEXT('2D SPACE',''
  ) );
#3326 = PCURVE('',#728,#3327);
#3327 = DEFINITIONAL_REPRESENTATION('',(#3328),#3332);
#3328 = LINE('',#3329,#3330);
#3329 = CARTESIAN_POINT('',(-1.570796326795,-8.2));
#3330 = VECTOR('',#3331,1.);
#3331 = DIRECTION('',(1.,0.));
#3332 = ( GEOMETRIC_REPRESENTATION_CONTEXT(2) 
PARAMETRIC_REPRESENTATION_CONTEXT() REPRESENTATION_CONTEXT('2D SPACE',''
  ) );
#3333 = ORIENTED_EDGE('',*,*,#3334,.F.);
#3334 = EDGE_CURVE('',#2459,#3311,#3335,.T.);
#3335 = SURFACE_CURVE('',#3336,(#3340,#3347),.PCURVE_S1.);
#3336 = LINE('',#3337,#3338);
#3337 = CARTESIAN_POINT('',(128.05,71.85,16.6));
#3338 = VECTOR('',#3339,1.);
#3339 = DIRECTION('',(1.110223024625E-16,-1.,0.));
#3340 = PCURVE('',#100,#3341);
#3341 = DEFINITIONAL_REPRESENTATION('',(#3342),#3346);
#3342 = LINE('',#3343,#3344);
#3343 = CARTESIAN_POINT('',(1.33226762955E-16,129.2));
#3344 = VECTOR('',#3345,1.);
#3345 = DIRECTION('',(1.,0.));
#3346 = ( GEOMETRIC_REPRESENTATION_CONTEXT(2) 
PARAMETRIC_REPRESENTATION_CONTEXT() REPRESENTATION_CONTEXT('2D SPACE',''
  ) );
#3347 = PCURVE('',#756,#3348);
#3348 = DEFINITIONAL_REPRESENTATION('',(#3349),#3353);
#3349 = LINE('',#3350,#3351);
#3350 = CARTESIAN_POINT('',(-8.2,0.));
#3351 = VECTOR('',#3352,1.);
#3352 = DIRECTION('',(0.,1.));
#3353 = ( GEOMETRIC_REPRESENTATION_CONTEXT(2) 
PARAMETRIC_REPRESENTATION_CONTEXT() REPRESENTATION_CONTEXT('2D SPACE',''
  ) );
#3354 = ORIENTED_EDGE('',*,*,#2458,.F.);
#3355 = ADVANCED_FACE('',(#3356),#158,.T.);
#3356 = FACE_BOUND('',#3357,.T.);
#3357 = EDGE_LOOP('',(#3358,#3381,#3382,#3405));
#3358 = ORIENTED_EDGE('',*,*,#3359,.F.);
#3359 = EDGE_CURVE('',#141,#3360,#3362,.T.);
#3360 = VERTEX_POINT('',#3361);
#3361 = CARTESIAN_POINT('',(95.,70.05,19.3));
#3362 = SURFACE_CURVE('',#3363,(#3367,#3374),.PCURVE_S1.);
#3363 = LINE('',#3364,#3365);
#3364 = CARTESIAN_POINT('',(95.,72.7,19.3));
#3365 = VECTOR('',#3366,1.);
#3366 = DIRECTION('',(1.110223024625E-16,-1.,0.));
#3367 = PCURVE('',#158,#3368);
#3368 = DEFINITIONAL_REPRESENTATION('',(#3369),#3373);
#3369 = LINE('',#3370,#3371);
#3370 = CARTESIAN_POINT('',(3.330669073875E-16,3.));
#3371 = VECTOR('',#3372,1.);
#3372 = DIRECTION('',(1.,0.));
#3373 = ( GEOMETRIC_REPRESENTATION_CONTEXT(2) 
PARAMETRIC_REPRESENTATION_CONTEXT() REPRESENTATION_CONTEXT('2D SPACE',''
  ) );
#3374 = PCURVE('',#240,#3375);
#3375 = DEFINITIONAL_REPRESENTATION('',(#3376),#3380);
#3376 = LINE('',#3377,#3378);
#3377 = CARTESIAN_POINT('',(0.,0.));
#3378 = VECTOR('',#3379,1.);
#3379 = DIRECTION('',(0.,1.));
#3380 = ( GEOMETRIC_REPRESENTATION_CONTEXT(2) 
PARAMETRIC_REPRESENTATION_CONTEXT() REPRESENTATION_CONTEXT('2D SPACE',''
  ) );
#3381 = ORIENTED_EDGE('',*,*,#140,.T.);
#3382 = ORIENTED_EDGE('',*,*,#3383,.T.);
#3383 = EDGE_CURVE('',#143,#3384,#3386,.T.);
#3384 = VERTEX_POINT('',#3385);
#3385 = CARTESIAN_POINT('',(92.,70.05,19.3));
#3386 = SURFACE_CURVE('',#3387,(#3391,#3398),.PCURVE_S1.);
#3387 = LINE('',#3388,#3389);
#3388 = CARTESIAN_POINT('',(92.,72.7,19.3));
#3389 = VECTOR('',#3390,1.);
#3390 = DIRECTION('',(1.110223024625E-16,-1.,0.));
#3391 = PCURVE('',#158,#3392);
#3392 = DEFINITIONAL_REPRESENTATION('',(#3393),#3397);
#3393 = LINE('',#3394,#3395);
#3394 = CARTESIAN_POINT('',(0.,0.));
#3395 = VECTOR('',#3396,1.);
#3396 = DIRECTION('',(1.,0.));
#3397 = ( GEOMETRIC_REPRESENTATION_CONTEXT(2) 
PARAMETRIC_REPRESENTATION_CONTEXT() REPRESENTATION_CONTEXT('2D SPACE',''
  ) );
#3398 = PCURVE('',#186,#3399);
#3399 = DEFINITIONAL_REPRESENTATION('',(#3400),#3404);
#3400 = LINE('',#3401,#3402);
#3401 = CARTESIAN_POINT('',(0.,0.));
#3402 = VECTOR('',#3403,1.);
#3403 = DIRECTION('',(0.,1.));
#3404 = ( GEOMETRIC_REPRESENTATION_CONTEXT(2) 
PARAMETRIC_REPRESENTATION_CONTEXT() REPRESENTATION_CONTEXT('2D SPACE',''
  ) );
#3405 = ORIENTED_EDGE('',*,*,#3406,.F.);
#3406 = EDGE_CURVE('',#3360,#3384,#3407,.T.);
#3407 = SURFACE_CURVE('',#3408,(#3412,#3419),.PCURVE_S1.);
#3408 = LINE('',#3409,#3410);
#3409 = CARTESIAN_POINT('',(46.325,70.05,19.3));
#3410 = VECTOR('',#3411,1.);
#3411 = DIRECTION('',(-1.,-1.110223024625E-16,0.));
#3412 = PCURVE('',#158,#3413);
#3413 = DEFINITIONAL_REPRESENTATION('',(#3414),#3418);
#3414 = LINE('',#3415,#3416);
#3415 = CARTESIAN_POINT('',(2.65,-45.675));
#3416 = VECTOR('',#3417,1.);
#3417 = DIRECTION('',(0.,-1.));
#3418 = ( GEOMETRIC_REPRESENTATION_CONTEXT(2) 
PARAMETRIC_REPRESENTATION_CONTEXT() REPRESENTATION_CONTEXT('2D SPACE',''
  ) );
#3419 = PCURVE('',#2857,#3420);
#3420 = DEFINITIONAL_REPRESENTATION('',(#3421),#3425);
#3421 = LINE('',#3422,#3423);
#3422 = CARTESIAN_POINT('',(2.8,-45.675));
#3423 = VECTOR('',#3424,1.);
#3424 = DIRECTION('',(0.,1.));
#3425 = ( GEOMETRIC_REPRESENTATION_CONTEXT(2) 
PARAMETRIC_REPRESENTATION_CONTEXT() REPRESENTATION_CONTEXT('2D SPACE',''
  ) );
#3426 = ADVANCED_FACE('',(#3427),#240,.F.);
#3427 = FACE_BOUND('',#3428,.F.);
#3428 = EDGE_LOOP('',(#3429,#3430,#3431,#3454));
#3429 = ORIENTED_EDGE('',*,*,#3359,.F.);
#3430 = ORIENTED_EDGE('',*,*,#226,.T.);
#3431 = ORIENTED_EDGE('',*,*,#3432,.T.);
#3432 = EDGE_CURVE('',#199,#3433,#3435,.T.);
#3433 = VERTEX_POINT('',#3434);
#3434 = CARTESIAN_POINT('',(95.,70.05,23.3));
#3435 = SURFACE_CURVE('',#3436,(#3440,#3447),.PCURVE_S1.);
#3436 = LINE('',#3437,#3438);
#3437 = CARTESIAN_POINT('',(95.,72.7,23.3));
#3438 = VECTOR('',#3439,1.);
#3439 = DIRECTION('',(1.110223024625E-16,-1.,0.));
#3440 = PCURVE('',#240,#3441);
#3441 = DEFINITIONAL_REPRESENTATION('',(#3442),#3446);
#3442 = LINE('',#3443,#3444);
#3443 = CARTESIAN_POINT('',(4.,0.));
#3444 = VECTOR('',#3445,1.);
#3445 = DIRECTION('',(0.,1.));
#3446 = ( GEOMETRIC_REPRESENTATION_CONTEXT(2) 
PARAMETRIC_REPRESENTATION_CONTEXT() REPRESENTATION_CONTEXT('2D SPACE',''
  ) );
#3447 = PCURVE('',#214,#3448);
#3448 = DEFINITIONAL_REPRESENTATION('',(#3449),#3453);
#3449 = LINE('',#3450,#3451);
#3450 = CARTESIAN_POINT('',(3.330669073875E-16,3.));
#3451 = VECTOR('',#3452,1.);
#3452 = DIRECTION('',(1.,0.));
#3453 = ( GEOMETRIC_REPRESENTATION_CONTEXT(2) 
PARAMETRIC_REPRESENTATION_CONTEXT() REPRESENTATION_CONTEXT('2D SPACE',''
  ) );
#3454 = ORIENTED_EDGE('',*,*,#3455,.F.);
#3455 = EDGE_CURVE('',#3360,#3433,#3456,.T.);
#3456 = SURFACE_CURVE('',#3457,(#3461,#3468),.PCURVE_S1.);
#3457 = LINE('',#3458,#3459);
#3458 = CARTESIAN_POINT('',(95.,70.05,17.9));
#3459 = VECTOR('',#3460,1.);
#3460 = DIRECTION('',(0.,0.,1.));
#3461 = PCURVE('',#240,#3462);
#3462 = DEFINITIONAL_REPRESENTATION('',(#3463),#3467);
#3463 = LINE('',#3464,#3465);
#3464 = CARTESIAN_POINT('',(-1.4,2.65));
#3465 = VECTOR('',#3466,1.);
#3466 = DIRECTION('',(1.,0.));
#3467 = ( GEOMETRIC_REPRESENTATION_CONTEXT(2) 
PARAMETRIC_REPRESENTATION_CONTEXT() REPRESENTATION_CONTEXT('2D SPACE',''
  ) );
#3468 = PCURVE('',#2857,#3469);
#3469 = DEFINITIONAL_REPRESENTATION('',(#3470),#3474);
#3470 = LINE('',#3471,#3472);
#3471 = CARTESIAN_POINT('',(1.4,-94.35));
#3472 = VECTOR('',#3473,1.);
#3473 = DIRECTION('',(1.,0.));
#3474 = ( GEOMETRIC_REPRESENTATION_CONTEXT(2) 
PARAMETRIC_REPRESENTATION_CONTEXT() REPRESENTATION_CONTEXT('2D SPACE',''
  ) );
#3475 = ADVANCED_FACE('',(#3476),#214,.F.);
#3476 = FACE_BOUND('',#3477,.F.);
#3477 = EDGE_LOOP('',(#3478,#3479,#3480,#3503));
#3478 = ORIENTED_EDGE('',*,*,#3432,.F.);
#3479 = ORIENTED_EDGE('',*,*,#198,.T.);
#3480 = ORIENTED_EDGE('',*,*,#3481,.T.);
#3481 = EDGE_CURVE('',#171,#3482,#3484,.T.);
#3482 = VERTEX_POINT('',#3483);
#3483 = CARTESIAN_POINT('',(92.,70.05,23.3));
#3484 = SURFACE_CURVE('',#3485,(#3489,#3496),.PCURVE_S1.);
#3485 = LINE('',#3486,#3487);
#3486 = CARTESIAN_POINT('',(92.,72.7,23.3));
#3487 = VECTOR('',#3488,1.);
#3488 = DIRECTION('',(1.110223024625E-16,-1.,0.));
#3489 = PCURVE('',#214,#3490);
#3490 = DEFINITIONAL_REPRESENTATION('',(#3491),#3495);
#3491 = LINE('',#3492,#3493);
#3492 = CARTESIAN_POINT('',(0.,0.));
#3493 = VECTOR('',#3494,1.);
#3494 = DIRECTION('',(1.,0.));
#3495 = ( GEOMETRIC_REPRESENTATION_CONTEXT(2) 
PARAMETRIC_REPRESENTATION_CONTEXT() REPRESENTATION_CONTEXT('2D SPACE',''
  ) );
#3496 = PCURVE('',#186,#3497);
#3497 = DEFINITIONAL_REPRESENTATION('',(#3498),#3502);
#3498 = LINE('',#3499,#3500);
#3499 = CARTESIAN_POINT('',(4.,0.));
#3500 = VECTOR('',#3501,1.);
#3501 = DIRECTION('',(0.,1.));
#3502 = ( GEOMETRIC_REPRESENTATION_CONTEXT(2) 
PARAMETRIC_REPRESENTATION_CONTEXT() REPRESENTATION_CONTEXT('2D SPACE',''
  ) );
#3503 = ORIENTED_EDGE('',*,*,#3504,.F.);
#3504 = EDGE_CURVE('',#3433,#3482,#3505,.T.);
#3505 = SURFACE_CURVE('',#3506,(#3510,#3517),.PCURVE_S1.);
#3506 = LINE('',#3507,#3508);
#3507 = CARTESIAN_POINT('',(46.325,70.05,23.3));
#3508 = VECTOR('',#3509,1.);
#3509 = DIRECTION('',(-1.,-1.110223024625E-16,0.));
#3510 = PCURVE('',#214,#3511);
#3511 = DEFINITIONAL_REPRESENTATION('',(#3512),#3516);
#3512 = LINE('',#3513,#3514);
#3513 = CARTESIAN_POINT('',(2.65,-45.675));
#3514 = VECTOR('',#3515,1.);
#3515 = DIRECTION('',(0.,-1.));
#3516 = ( GEOMETRIC_REPRESENTATION_CONTEXT(2) 
PARAMETRIC_REPRESENTATION_CONTEXT() REPRESENTATION_CONTEXT('2D SPACE',''
  ) );
#3517 = PCURVE('',#2857,#3518);
#3518 = DEFINITIONAL_REPRESENTATION('',(#3519),#3523);
#3519 = LINE('',#3520,#3521);
#3520 = CARTESIAN_POINT('',(6.8,-45.675));
#3521 = VECTOR('',#3522,1.);
#3522 = DIRECTION('',(0.,1.));
#3523 = ( GEOMETRIC_REPRESENTATION_CONTEXT(2) 
PARAMETRIC_REPRESENTATION_CONTEXT() REPRESENTATION_CONTEXT('2D SPACE',''
  ) );
#3524 = ADVANCED_FACE('',(#3525),#186,.T.);
#3525 = FACE_BOUND('',#3526,.T.);
#3526 = EDGE_LOOP('',(#3527,#3528,#3529,#3530));
#3527 = ORIENTED_EDGE('',*,*,#3383,.F.);
#3528 = ORIENTED_EDGE('',*,*,#170,.T.);
#3529 = ORIENTED_EDGE('',*,*,#3481,.T.);
#3530 = ORIENTED_EDGE('',*,*,#3531,.F.);
#3531 = EDGE_CURVE('',#3384,#3482,#3532,.T.);
#3532 = SURFACE_CURVE('',#3533,(#3537,#3544),.PCURVE_S1.);
#3533 = LINE('',#3534,#3535);
#3534 = CARTESIAN_POINT('',(92.,70.05,17.9));
#3535 = VECTOR('',#3536,1.);
#3536 = DIRECTION('',(0.,0.,1.));
#3537 = PCURVE('',#186,#3538);
#3538 = DEFINITIONAL_REPRESENTATION('',(#3539),#3543);
#3539 = LINE('',#3540,#3541);
#3540 = CARTESIAN_POINT('',(-1.4,2.65));
#3541 = VECTOR('',#3542,1.);
#3542 = DIRECTION('',(1.,0.));
#3543 = ( GEOMETRIC_REPRESENTATION_CONTEXT(2) 
PARAMETRIC_REPRESENTATION_CONTEXT() REPRESENTATION_CONTEXT('2D SPACE',''
  ) );
#3544 = PCURVE('',#2857,#3545);
#3545 = DEFINITIONAL_REPRESENTATION('',(#3546),#3550);
#3546 = LINE('',#3547,#3548);
#3547 = CARTESIAN_POINT('',(1.4,-91.35));
#3548 = VECTOR('',#3549,1.);
#3549 = DIRECTION('',(1.,0.));
#3550 = ( GEOMETRIC_REPRESENTATION_CONTEXT(2) 
PARAMETRIC_REPRESENTATION_CONTEXT() REPRESENTATION_CONTEXT('2D SPACE',''
  ) );
#3551 = ADVANCED_FACE('',(#3552),#272,.T.);
#3552 = FACE_BOUND('',#3553,.T.);
#3553 = EDGE_LOOP('',(#3554,#3577,#3578,#3601));
#3554 = ORIENTED_EDGE('',*,*,#3555,.F.);
#3555 = EDGE_CURVE('',#255,#3556,#3558,.T.);
#3556 = VERTEX_POINT('',#3557);
#3557 = CARTESIAN_POINT('',(88.,70.05,19.3));
#3558 = SURFACE_CURVE('',#3559,(#3563,#3570),.PCURVE_S1.);
#3559 = LINE('',#3560,#3561);
#3560 = CARTESIAN_POINT('',(88.,72.7,19.3));
#3561 = VECTOR('',#3562,1.);
#3562 = DIRECTION('',(1.110223024625E-16,-1.,0.));
#3563 = PCURVE('',#272,#3564);
#3564 = DEFINITIONAL_REPRESENTATION('',(#3565),#3569);
#3565 = LINE('',#3566,#3567);
#3566 = CARTESIAN_POINT('',(3.330669073875E-16,3.));
#3567 = VECTOR('',#3568,1.);
#3568 = DIRECTION('',(1.,0.));
#3569 = ( GEOMETRIC_REPRESENTATION_CONTEXT(2) 
PARAMETRIC_REPRESENTATION_CONTEXT() REPRESENTATION_CONTEXT('2D SPACE',''
  ) );
#3570 = PCURVE('',#354,#3571);
#3571 = DEFINITIONAL_REPRESENTATION('',(#3572),#3576);
#3572 = LINE('',#3573,#3574);
#3573 = CARTESIAN_POINT('',(0.,0.));
#3574 = VECTOR('',#3575,1.);
#3575 = DIRECTION('',(0.,1.));
#3576 = ( GEOMETRIC_REPRESENTATION_CONTEXT(2) 
PARAMETRIC_REPRESENTATION_CONTEXT() REPRESENTATION_CONTEXT('2D SPACE',''
  ) );
#3577 = ORIENTED_EDGE('',*,*,#254,.T.);
#3578 = ORIENTED_EDGE('',*,*,#3579,.T.);
#3579 = EDGE_CURVE('',#257,#3580,#3582,.T.);
#3580 = VERTEX_POINT('',#3581);
#3581 = CARTESIAN_POINT('',(85.,70.05,19.3));
#3582 = SURFACE_CURVE('',#3583,(#3587,#3594),.PCURVE_S1.);
#3583 = LINE('',#3584,#3585);
#3584 = CARTESIAN_POINT('',(85.,72.7,19.3));
#3585 = VECTOR('',#3586,1.);
#3586 = DIRECTION('',(1.110223024625E-16,-1.,0.));
#3587 = PCURVE('',#272,#3588);
#3588 = DEFINITIONAL_REPRESENTATION('',(#3589),#3593);
#3589 = LINE('',#3590,#3591);
#3590 = CARTESIAN_POINT('',(0.,0.));
#3591 = VECTOR('',#3592,1.);
#3592 = DIRECTION('',(1.,0.));
#3593 = ( GEOMETRIC_REPRESENTATION_CONTEXT(2) 
PARAMETRIC_REPRESENTATION_CONTEXT() REPRESENTATION_CONTEXT('2D SPACE',''
  ) );
#3594 = PCURVE('',#300,#3595);
#3595 = DEFINITIONAL_REPRESENTATION('',(#3596),#3600);
#3596 = LINE('',#3597,#3598);
#3597 = CARTESIAN_POINT('',(0.,0.));
#3598 = VECTOR('',#3599,1.);
#3599 = DIRECTION('',(0.,1.));
#3600 = ( GEOMETRIC_REPRESENTATION_CONTEXT(2) 
PARAMETRIC_REPRESENTATION_CONTEXT() REPRESENTATION_CONTEXT('2D SPACE',''
  ) );
#3601 = ORIENTED_EDGE('',*,*,#3602,.F.);
#3602 = EDGE_CURVE('',#3556,#3580,#3603,.T.);
#3603 = SURFACE_CURVE('',#3604,(#3608,#3615),.PCURVE_S1.);
#3604 = LINE('',#3605,#3606);
#3605 = CARTESIAN_POINT('',(42.825,70.05,19.3));
#3606 = VECTOR('',#3607,1.);
#3607 = DIRECTION('',(-1.,-1.110223024625E-16,0.));
#3608 = PCURVE('',#272,#3609);
#3609 = DEFINITIONAL_REPRESENTATION('',(#3610),#3614);
#3610 = LINE('',#3611,#3612);
#3611 = CARTESIAN_POINT('',(2.65,-42.175));
#3612 = VECTOR('',#3613,1.);
#3613 = DIRECTION('',(0.,-1.));
#3614 = ( GEOMETRIC_REPRESENTATION_CONTEXT(2) 
PARAMETRIC_REPRESENTATION_CONTEXT() REPRESENTATION_CONTEXT('2D SPACE',''
  ) );
#3615 = PCURVE('',#2857,#3616);
#3616 = DEFINITIONAL_REPRESENTATION('',(#3617),#3621);
#3617 = LINE('',#3618,#3619);
#3618 = CARTESIAN_POINT('',(2.8,-42.175));
#3619 = VECTOR('',#3620,1.);
#3620 = DIRECTION('',(0.,1.));
#3621 = ( GEOMETRIC_REPRESENTATION_CONTEXT(2) 
PARAMETRIC_REPRESENTATION_CONTEXT() REPRESENTATION_CONTEXT('2D SPACE',''
  ) );
#3622 = ADVANCED_FACE('',(#3623),#354,.F.);
#3623 = FACE_BOUND('',#3624,.F.);
#3624 = EDGE_LOOP('',(#3625,#3626,#3627,#3650));
#3625 = ORIENTED_EDGE('',*,*,#3555,.F.);
#3626 = ORIENTED_EDGE('',*,*,#340,.T.);
#3627 = ORIENTED_EDGE('',*,*,#3628,.T.);
#3628 = EDGE_CURVE('',#313,#3629,#3631,.T.);
#3629 = VERTEX_POINT('',#3630);
#3630 = CARTESIAN_POINT('',(88.,70.05,23.3));
#3631 = SURFACE_CURVE('',#3632,(#3636,#3643),.PCURVE_S1.);
#3632 = LINE('',#3633,#3634);
#3633 = CARTESIAN_POINT('',(88.,72.7,23.3));
#3634 = VECTOR('',#3635,1.);
#3635 = DIRECTION('',(1.110223024625E-16,-1.,0.));
#3636 = PCURVE('',#354,#3637);
#3637 = DEFINITIONAL_REPRESENTATION('',(#3638),#3642);
#3638 = LINE('',#3639,#3640);
#3639 = CARTESIAN_POINT('',(4.,0.));
#3640 = VECTOR('',#3641,1.);
#3641 = DIRECTION('',(0.,1.));
#3642 = ( GEOMETRIC_REPRESENTATION_CONTEXT(2) 
PARAMETRIC_REPRESENTATION_CONTEXT() REPRESENTATION_CONTEXT('2D SPACE',''
  ) );
#3643 = PCURVE('',#328,#3644);
#3644 = DEFINITIONAL_REPRESENTATION('',(#3645),#3649);
#3645 = LINE('',#3646,#3647);
#3646 = CARTESIAN_POINT('',(3.330669073875E-16,3.));
#3647 = VECTOR('',#3648,1.);
#3648 = DIRECTION('',(1.,0.));
#3649 = ( GEOMETRIC_REPRESENTATION_CONTEXT(2) 
PARAMETRIC_REPRESENTATION_CONTEXT() REPRESENTATION_CONTEXT('2D SPACE',''
  ) );
#3650 = ORIENTED_EDGE('',*,*,#3651,.F.);
#3651 = EDGE_CURVE('',#3556,#3629,#3652,.T.);
#3652 = SURFACE_CURVE('',#3653,(#3657,#3664),.PCURVE_S1.);
#3653 = LINE('',#3654,#3655);
#3654 = CARTESIAN_POINT('',(88.,70.05,17.9));
#3655 = VECTOR('',#3656,1.);
#3656 = DIRECTION('',(0.,0.,1.));
#3657 = PCURVE('',#354,#3658);
#3658 = DEFINITIONAL_REPRESENTATION('',(#3659),#3663);
#3659 = LINE('',#3660,#3661);
#3660 = CARTESIAN_POINT('',(-1.4,2.65));
#3661 = VECTOR('',#3662,1.);
#3662 = DIRECTION('',(1.,0.));
#3663 = ( GEOMETRIC_REPRESENTATION_CONTEXT(2) 
PARAMETRIC_REPRESENTATION_CONTEXT() REPRESENTATION_CONTEXT('2D SPACE',''
  ) );
#3664 = PCURVE('',#2857,#3665);
#3665 = DEFINITIONAL_REPRESENTATION('',(#3666),#3670);
#3666 = LINE('',#3667,#3668);
#3667 = CARTESIAN_POINT('',(1.4,-87.35));
#3668 = VECTOR('',#3669,1.);
#3669 = DIRECTION('',(1.,0.));
#3670 = ( GEOMETRIC_REPRESENTATION_CONTEXT(2) 
PARAMETRIC_REPRESENTATION_CONTEXT() REPRESENTATION_CONTEXT('2D SPACE',''
  ) );
#3671 = ADVANCED_FACE('',(#3672),#300,.T.);
#3672 = FACE_BOUND('',#3673,.T.);
#3673 = EDGE_LOOP('',(#3674,#3675,#3676,#3699));
#3674 = ORIENTED_EDGE('',*,*,#3579,.F.);
#3675 = ORIENTED_EDGE('',*,*,#284,.T.);
#3676 = ORIENTED_EDGE('',*,*,#3677,.T.);
#3677 = EDGE_CURVE('',#285,#3678,#3680,.T.);
#3678 = VERTEX_POINT('',#3679);
#3679 = CARTESIAN_POINT('',(85.,70.05,23.3));
#3680 = SURFACE_CURVE('',#3681,(#3685,#3692),.PCURVE_S1.);
#3681 = LINE('',#3682,#3683);
#3682 = CARTESIAN_POINT('',(85.,72.7,23.3));
#3683 = VECTOR('',#3684,1.);
#3684 = DIRECTION('',(1.110223024625E-16,-1.,0.));
#3685 = PCURVE('',#300,#3686);
#3686 = DEFINITIONAL_REPRESENTATION('',(#3687),#3691);
#3687 = LINE('',#3688,#3689);
#3688 = CARTESIAN_POINT('',(4.,0.));
#3689 = VECTOR('',#3690,1.);
#3690 = DIRECTION('',(0.,1.));
#3691 = ( GEOMETRIC_REPRESENTATION_CONTEXT(2) 
PARAMETRIC_REPRESENTATION_CONTEXT() REPRESENTATION_CONTEXT('2D SPACE',''
  ) );
#3692 = PCURVE('',#328,#3693);
#3693 = DEFINITIONAL_REPRESENTATION('',(#3694),#3698);
#3694 = LINE('',#3695,#3696);
#3695 = CARTESIAN_POINT('',(0.,0.));
#3696 = VECTOR('',#3697,1.);
#3697 = DIRECTION('',(1.,0.));
#3698 = ( GEOMETRIC_REPRESENTATION_CONTEXT(2) 
PARAMETRIC_REPRESENTATION_CONTEXT() REPRESENTATION_CONTEXT('2D SPACE',''
  ) );
#3699 = ORIENTED_EDGE('',*,*,#3700,.F.);
#3700 = EDGE_CURVE('',#3580,#3678,#3701,.T.);
#3701 = SURFACE_CURVE('',#3702,(#3706,#3713),.PCURVE_S1.);
#3702 = LINE('',#3703,#3704);
#3703 = CARTESIAN_POINT('',(85.,70.05,17.9));
#3704 = VECTOR('',#3705,1.);
#3705 = DIRECTION('',(0.,0.,1.));
#3706 = PCURVE('',#300,#3707);
#3707 = DEFINITIONAL_REPRESENTATION('',(#3708),#3712);
#3708 = LINE('',#3709,#3710);
#3709 = CARTESIAN_POINT('',(-1.4,2.65));
#3710 = VECTOR('',#3711,1.);
#3711 = DIRECTION('',(1.,0.));
#3712 = ( GEOMETRIC_REPRESENTATION_CONTEXT(2) 
PARAMETRIC_REPRESENTATION_CONTEXT() REPRESENTATION_CONTEXT('2D SPACE',''
  ) );
#3713 = PCURVE('',#2857,#3714);
#3714 = DEFINITIONAL_REPRESENTATION('',(#3715),#3719);
#3715 = LINE('',#3716,#3717);
#3716 = CARTESIAN_POINT('',(1.4,-84.35));
#3717 = VECTOR('',#3718,1.);
#3718 = DIRECTION('',(1.,0.));
#3719 = ( GEOMETRIC_REPRESENTATION_CONTEXT(2) 
PARAMETRIC_REPRESENTATION_CONTEXT() REPRESENTATION_CONTEXT('2D SPACE',''
  ) );
#3720 = ADVANCED_FACE('',(#3721),#328,.F.);
#3721 = FACE_BOUND('',#3722,.F.);
#3722 = EDGE_LOOP('',(#3723,#3724,#3725,#3726));
#3723 = ORIENTED_EDGE('',*,*,#3628,.F.);
#3724 = ORIENTED_EDGE('',*,*,#312,.T.);
#3725 = ORIENTED_EDGE('',*,*,#3677,.T.);
#3726 = ORIENTED_EDGE('',*,*,#3727,.F.);
#3727 = EDGE_CURVE('',#3629,#3678,#3728,.T.);
#3728 = SURFACE_CURVE('',#3729,(#3733,#3740),.PCURVE_S1.);
#3729 = LINE('',#3730,#3731);
#3730 = CARTESIAN_POINT('',(42.825,70.05,23.3));
#3731 = VECTOR('',#3732,1.);
#3732 = DIRECTION('',(-1.,-1.110223024625E-16,0.));
#3733 = PCURVE('',#328,#3734);
#3734 = DEFINITIONAL_REPRESENTATION('',(#3735),#3739);
#3735 = LINE('',#3736,#3737);
#3736 = CARTESIAN_POINT('',(2.65,-42.175));
#3737 = VECTOR('',#3738,1.);
#3738 = DIRECTION('',(0.,-1.));
#3739 = ( GEOMETRIC_REPRESENTATION_CONTEXT(2) 
PARAMETRIC_REPRESENTATION_CONTEXT() REPRESENTATION_CONTEXT('2D SPACE',''
  ) );
#3740 = PCURVE('',#2857,#3741);
#3741 = DEFINITIONAL_REPRESENTATION('',(#3742),#3746);
#3742 = LINE('',#3743,#3744);
#3743 = CARTESIAN_POINT('',(6.8,-42.175));
#3744 = VECTOR('',#3745,1.);
#3745 = DIRECTION('',(0.,1.));
#3746 = ( GEOMETRIC_REPRESENTATION_CONTEXT(2) 
PARAMETRIC_REPRESENTATION_CONTEXT() REPRESENTATION_CONTEXT('2D SPACE',''
  ) );
#3747 = ADVANCED_FACE('',(#3748),#386,.T.);
#3748 = FACE_BOUND('',#3749,.T.);
#3749 = EDGE_LOOP('',(#3750,#3773,#3774,#3797));
#3750 = ORIENTED_EDGE('',*,*,#3751,.F.);
#3751 = EDGE_CURVE('',#369,#3752,#3754,.T.);
#3752 = VERTEX_POINT('',#3753);
#3753 = CARTESIAN_POINT('',(81.,70.05,19.3));
#3754 = SURFACE_CURVE('',#3755,(#3759,#3766),.PCURVE_S1.);
#3755 = LINE('',#3756,#3757);
#3756 = CARTESIAN_POINT('',(81.,72.7,19.3));
#3757 = VECTOR('',#3758,1.);
#3758 = DIRECTION('',(1.110223024625E-16,-1.,0.));
#3759 = PCURVE('',#386,#3760);
#3760 = DEFINITIONAL_REPRESENTATION('',(#3761),#3765);
#3761 = LINE('',#3762,#3763);
#3762 = CARTESIAN_POINT('',(3.330669073875E-16,3.));
#3763 = VECTOR('',#3764,1.);
#3764 = DIRECTION('',(1.,0.));
#3765 = ( GEOMETRIC_REPRESENTATION_CONTEXT(2) 
PARAMETRIC_REPRESENTATION_CONTEXT() REPRESENTATION_CONTEXT('2D SPACE',''
  ) );
#3766 = PCURVE('',#468,#3767);
#3767 = DEFINITIONAL_REPRESENTATION('',(#3768),#3772);
#3768 = LINE('',#3769,#3770);
#3769 = CARTESIAN_POINT('',(0.,0.));
#3770 = VECTOR('',#3771,1.);
#3771 = DIRECTION('',(0.,1.));
#3772 = ( GEOMETRIC_REPRESENTATION_CONTEXT(2) 
PARAMETRIC_REPRESENTATION_CONTEXT() REPRESENTATION_CONTEXT('2D SPACE',''
  ) );
#3773 = ORIENTED_EDGE('',*,*,#368,.T.);
#3774 = ORIENTED_EDGE('',*,*,#3775,.T.);
#3775 = EDGE_CURVE('',#371,#3776,#3778,.T.);
#3776 = VERTEX_POINT('',#3777);
#3777 = CARTESIAN_POINT('',(78.,70.05,19.3));
#3778 = SURFACE_CURVE('',#3779,(#3783,#3790),.PCURVE_S1.);
#3779 = LINE('',#3780,#3781);
#3780 = CARTESIAN_POINT('',(78.,72.7,19.3));
#3781 = VECTOR('',#3782,1.);
#3782 = DIRECTION('',(1.110223024625E-16,-1.,0.));
#3783 = PCURVE('',#386,#3784);
#3784 = DEFINITIONAL_REPRESENTATION('',(#3785),#3789);
#3785 = LINE('',#3786,#3787);
#3786 = CARTESIAN_POINT('',(0.,0.));
#3787 = VECTOR('',#3788,1.);
#3788 = DIRECTION('',(1.,0.));
#3789 = ( GEOMETRIC_REPRESENTATION_CONTEXT(2) 
PARAMETRIC_REPRESENTATION_CONTEXT() REPRESENTATION_CONTEXT('2D SPACE',''
  ) );
#3790 = PCURVE('',#414,#3791);
#3791 = DEFINITIONAL_REPRESENTATION('',(#3792),#3796);
#3792 = LINE('',#3793,#3794);
#3793 = CARTESIAN_POINT('',(0.,0.));
#3794 = VECTOR('',#3795,1.);
#3795 = DIRECTION('',(0.,1.));
#3796 = ( GEOMETRIC_REPRESENTATION_CONTEXT(2) 
PARAMETRIC_REPRESENTATION_CONTEXT() REPRESENTATION_CONTEXT('2D SPACE',''
  ) );
#3797 = ORIENTED_EDGE('',*,*,#3798,.F.);
#3798 = EDGE_CURVE('',#3752,#3776,#3799,.T.);
#3799 = SURFACE_CURVE('',#3800,(#3804,#3811),.PCURVE_S1.);
#3800 = LINE('',#3801,#3802);
#3801 = CARTESIAN_POINT('',(39.325,70.05,19.3));
#3802 = VECTOR('',#3803,1.);
#3803 = DIRECTION('',(-1.,-1.110223024625E-16,0.));
#3804 = PCURVE('',#386,#3805);
#3805 = DEFINITIONAL_REPRESENTATION('',(#3806),#3810);
#3806 = LINE('',#3807,#3808);
#3807 = CARTESIAN_POINT('',(2.65,-38.675));
#3808 = VECTOR('',#3809,1.);
#3809 = DIRECTION('',(0.,-1.));
#3810 = ( GEOMETRIC_REPRESENTATION_CONTEXT(2) 
PARAMETRIC_REPRESENTATION_CONTEXT() REPRESENTATION_CONTEXT('2D SPACE',''
  ) );
#3811 = PCURVE('',#2857,#3812);
#3812 = DEFINITIONAL_REPRESENTATION('',(#3813),#3817);
#3813 = LINE('',#3814,#3815);
#3814 = CARTESIAN_POINT('',(2.8,-38.675));
#3815 = VECTOR('',#3816,1.);
#3816 = DIRECTION('',(0.,1.));
#3817 = ( GEOMETRIC_REPRESENTATION_CONTEXT(2) 
PARAMETRIC_REPRESENTATION_CONTEXT() REPRESENTATION_CONTEXT('2D SPACE',''
  ) );
#3818 = ADVANCED_FACE('',(#3819),#468,.F.);
#3819 = FACE_BOUND('',#3820,.F.);
#3820 = EDGE_LOOP('',(#3821,#3822,#3823,#3846));
#3821 = ORIENTED_EDGE('',*,*,#3751,.F.);
#3822 = ORIENTED_EDGE('',*,*,#454,.T.);
#3823 = ORIENTED_EDGE('',*,*,#3824,.T.);
#3824 = EDGE_CURVE('',#427,#3825,#3827,.T.);
#3825 = VERTEX_POINT('',#3826);
#3826 = CARTESIAN_POINT('',(81.,70.05,23.3));
#3827 = SURFACE_CURVE('',#3828,(#3832,#3839),.PCURVE_S1.);
#3828 = LINE('',#3829,#3830);
#3829 = CARTESIAN_POINT('',(81.,72.7,23.3));
#3830 = VECTOR('',#3831,1.);
#3831 = DIRECTION('',(1.110223024625E-16,-1.,0.));
#3832 = PCURVE('',#468,#3833);
#3833 = DEFINITIONAL_REPRESENTATION('',(#3834),#3838);
#3834 = LINE('',#3835,#3836);
#3835 = CARTESIAN_POINT('',(4.,0.));
#3836 = VECTOR('',#3837,1.);
#3837 = DIRECTION('',(0.,1.));
#3838 = ( GEOMETRIC_REPRESENTATION_CONTEXT(2) 
PARAMETRIC_REPRESENTATION_CONTEXT() REPRESENTATION_CONTEXT('2D SPACE',''
  ) );
#3839 = PCURVE('',#442,#3840);
#3840 = DEFINITIONAL_REPRESENTATION('',(#3841),#3845);
#3841 = LINE('',#3842,#3843);
#3842 = CARTESIAN_POINT('',(3.330669073875E-16,3.));
#3843 = VECTOR('',#3844,1.);
#3844 = DIRECTION('',(1.,0.));
#3845 = ( GEOMETRIC_REPRESENTATION_CONTEXT(2) 
PARAMETRIC_REPRESENTATION_CONTEXT() REPRESENTATION_CONTEXT('2D SPACE',''
  ) );
#3846 = ORIENTED_EDGE('',*,*,#3847,.F.);
#3847 = EDGE_CURVE('',#3752,#3825,#3848,.T.);
#3848 = SURFACE_CURVE('',#3849,(#3853,#3860),.PCURVE_S1.);
#3849 = LINE('',#3850,#3851);
#3850 = CARTESIAN_POINT('',(81.,70.05,17.9));
#3851 = VECTOR('',#3852,1.);
#3852 = DIRECTION('',(0.,0.,1.));
#3853 = PCURVE('',#468,#3854);
#3854 = DEFINITIONAL_REPRESENTATION('',(#3855),#3859);
#3855 = LINE('',#3856,#3857);
#3856 = CARTESIAN_POINT('',(-1.4,2.65));
#3857 = VECTOR('',#3858,1.);
#3858 = DIRECTION('',(1.,0.));
#3859 = ( GEOMETRIC_REPRESENTATION_CONTEXT(2) 
PARAMETRIC_REPRESENTATION_CONTEXT() REPRESENTATION_CONTEXT('2D SPACE',''
  ) );
#3860 = PCURVE('',#2857,#3861);
#3861 = DEFINITIONAL_REPRESENTATION('',(#3862),#3866);
#3862 = LINE('',#3863,#3864);
#3863 = CARTESIAN_POINT('',(1.4,-80.35));
#3864 = VECTOR('',#3865,1.);
#3865 = DIRECTION('',(1.,0.));
#3866 = ( GEOMETRIC_REPRESENTATION_CONTEXT(2) 
PARAMETRIC_REPRESENTATION_CONTEXT() REPRESENTATION_CONTEXT('2D SPACE',''
  ) );
#3867 = ADVANCED_FACE('',(#3868),#414,.T.);
#3868 = FACE_BOUND('',#3869,.T.);
#3869 = EDGE_LOOP('',(#3870,#3871,#3872,#3895));
#3870 = ORIENTED_EDGE('',*,*,#3775,.F.);
#3871 = ORIENTED_EDGE('',*,*,#398,.T.);
#3872 = ORIENTED_EDGE('',*,*,#3873,.T.);
#3873 = EDGE_CURVE('',#399,#3874,#3876,.T.);
#3874 = VERTEX_POINT('',#3875);
#3875 = CARTESIAN_POINT('',(78.,70.05,23.3));
#3876 = SURFACE_CURVE('',#3877,(#3881,#3888),.PCURVE_S1.);
#3877 = LINE('',#3878,#3879);
#3878 = CARTESIAN_POINT('',(78.,72.7,23.3));
#3879 = VECTOR('',#3880,1.);
#3880 = DIRECTION('',(1.110223024625E-16,-1.,0.));
#3881 = PCURVE('',#414,#3882);
#3882 = DEFINITIONAL_REPRESENTATION('',(#3883),#3887);
#3883 = LINE('',#3884,#3885);
#3884 = CARTESIAN_POINT('',(4.,0.));
#3885 = VECTOR('',#3886,1.);
#3886 = DIRECTION('',(0.,1.));
#3887 = ( GEOMETRIC_REPRESENTATION_CONTEXT(2) 
PARAMETRIC_REPRESENTATION_CONTEXT() REPRESENTATION_CONTEXT('2D SPACE',''
  ) );
#3888 = PCURVE('',#442,#3889);
#3889 = DEFINITIONAL_REPRESENTATION('',(#3890),#3894);
#3890 = LINE('',#3891,#3892);
#3891 = CARTESIAN_POINT('',(0.,0.));
#3892 = VECTOR('',#3893,1.);
#3893 = DIRECTION('',(1.,0.));
#3894 = ( GEOMETRIC_REPRESENTATION_CONTEXT(2) 
PARAMETRIC_REPRESENTATION_CONTEXT() REPRESENTATION_CONTEXT('2D SPACE',''
  ) );
#3895 = ORIENTED_EDGE('',*,*,#3896,.F.);
#3896 = EDGE_CURVE('',#3776,#3874,#3897,.T.);
#3897 = SURFACE_CURVE('',#3898,(#3902,#3909),.PCURVE_S1.);
#3898 = LINE('',#3899,#3900);
#3899 = CARTESIAN_POINT('',(78.,70.05,17.9));
#3900 = VECTOR('',#3901,1.);
#3901 = DIRECTION('',(0.,0.,1.));
#3902 = PCURVE('',#414,#3903);
#3903 = DEFINITIONAL_REPRESENTATION('',(#3904),#3908);
#3904 = LINE('',#3905,#3906);
#3905 = CARTESIAN_POINT('',(-1.4,2.65));
#3906 = VECTOR('',#3907,1.);
#3907 = DIRECTION('',(1.,0.));
#3908 = ( GEOMETRIC_REPRESENTATION_CONTEXT(2) 
PARAMETRIC_REPRESENTATION_CONTEXT() REPRESENTATION_CONTEXT('2D SPACE',''
  ) );
#3909 = PCURVE('',#2857,#3910);
#3910 = DEFINITIONAL_REPRESENTATION('',(#3911),#3915);
#3911 = LINE('',#3912,#3913);
#3912 = CARTESIAN_POINT('',(1.4,-77.35));
#3913 = VECTOR('',#3914,1.);
#3914 = DIRECTION('',(1.,0.));
#3915 = ( GEOMETRIC_REPRESENTATION_CONTEXT(2) 
PARAMETRIC_REPRESENTATION_CONTEXT() REPRESENTATION_CONTEXT('2D SPACE',''
  ) );
#3916 = ADVANCED_FACE('',(#3917),#442,.F.);
#3917 = FACE_BOUND('',#3918,.F.);
#3918 = EDGE_LOOP('',(#3919,#3920,#3921,#3922));
#3919 = ORIENTED_EDGE('',*,*,#3824,.F.);
#3920 = ORIENTED_EDGE('',*,*,#426,.T.);
#3921 = ORIENTED_EDGE('',*,*,#3873,.T.);
#3922 = ORIENTED_EDGE('',*,*,#3923,.F.);
#3923 = EDGE_CURVE('',#3825,#3874,#3924,.T.);
#3924 = SURFACE_CURVE('',#3925,(#3929,#3936),.PCURVE_S1.);
#3925 = LINE('',#3926,#3927);
#3926 = CARTESIAN_POINT('',(39.325,70.05,23.3));
#3927 = VECTOR('',#3928,1.);
#3928 = DIRECTION('',(-1.,-1.110223024625E-16,0.));
#3929 = PCURVE('',#442,#3930);
#3930 = DEFINITIONAL_REPRESENTATION('',(#3931),#3935);
#3931 = LINE('',#3932,#3933);
#3932 = CARTESIAN_POINT('',(2.65,-38.675));
#3933 = VECTOR('',#3934,1.);
#3934 = DIRECTION('',(0.,-1.));
#3935 = ( GEOMETRIC_REPRESENTATION_CONTEXT(2) 
PARAMETRIC_REPRESENTATION_CONTEXT() REPRESENTATION_CONTEXT('2D SPACE',''
  ) );
#3936 = PCURVE('',#2857,#3937);
#3937 = DEFINITIONAL_REPRESENTATION('',(#3938),#3942);
#3938 = LINE('',#3939,#3940);
#3939 = CARTESIAN_POINT('',(6.8,-38.675));
#3940 = VECTOR('',#3941,1.);
#3941 = DIRECTION('',(0.,1.));
#3942 = ( GEOMETRIC_REPRESENTATION_CONTEXT(2) 
PARAMETRIC_REPRESENTATION_CONTEXT() REPRESENTATION_CONTEXT('2D SPACE',''
  ) );
#3943 = ADVANCED_FACE('',(#3944),#500,.T.);
#3944 = FACE_BOUND('',#3945,.T.);
#3945 = EDGE_LOOP('',(#3946,#3969,#3970,#3993));
#3946 = ORIENTED_EDGE('',*,*,#3947,.F.);
#3947 = EDGE_CURVE('',#483,#3948,#3950,.T.);
#3948 = VERTEX_POINT('',#3949);
#3949 = CARTESIAN_POINT('',(74.,70.05,19.3));
#3950 = SURFACE_CURVE('',#3951,(#3955,#3962),.PCURVE_S1.);
#3951 = LINE('',#3952,#3953);
#3952 = CARTESIAN_POINT('',(74.,72.7,19.3));
#3953 = VECTOR('',#3954,1.);
#3954 = DIRECTION('',(1.110223024625E-16,-1.,0.));
#3955 = PCURVE('',#500,#3956);
#3956 = DEFINITIONAL_REPRESENTATION('',(#3957),#3961);
#3957 = LINE('',#3958,#3959);
#3958 = CARTESIAN_POINT('',(3.330669073875E-16,3.));
#3959 = VECTOR('',#3960,1.);
#3960 = DIRECTION('',(1.,0.));
#3961 = ( GEOMETRIC_REPRESENTATION_CONTEXT(2) 
PARAMETRIC_REPRESENTATION_CONTEXT() REPRESENTATION_CONTEXT('2D SPACE',''
  ) );
#3962 = PCURVE('',#582,#3963);
#3963 = DEFINITIONAL_REPRESENTATION('',(#3964),#3968);
#3964 = LINE('',#3965,#3966);
#3965 = CARTESIAN_POINT('',(0.,0.));
#3966 = VECTOR('',#3967,1.);
#3967 = DIRECTION('',(0.,1.));
#3968 = ( GEOMETRIC_REPRESENTATION_CONTEXT(2) 
PARAMETRIC_REPRESENTATION_CONTEXT() REPRESENTATION_CONTEXT('2D SPACE',''
  ) );
#3969 = ORIENTED_EDGE('',*,*,#482,.T.);
#3970 = ORIENTED_EDGE('',*,*,#3971,.T.);
#3971 = EDGE_CURVE('',#485,#3972,#3974,.T.);
#3972 = VERTEX_POINT('',#3973);
#3973 = CARTESIAN_POINT('',(71.,70.05,19.3));
#3974 = SURFACE_CURVE('',#3975,(#3979,#3986),.PCURVE_S1.);
#3975 = LINE('',#3976,#3977);
#3976 = CARTESIAN_POINT('',(71.,72.7,19.3));
#3977 = VECTOR('',#3978,1.);
#3978 = DIRECTION('',(1.110223024625E-16,-1.,0.));
#3979 = PCURVE('',#500,#3980);
#3980 = DEFINITIONAL_REPRESENTATION('',(#3981),#3985);
#3981 = LINE('',#3982,#3983);
#3982 = CARTESIAN_POINT('',(0.,0.));
#3983 = VECTOR('',#3984,1.);
#3984 = DIRECTION('',(1.,0.));
#3985 = ( GEOMETRIC_REPRESENTATION_CONTEXT(2) 
PARAMETRIC_REPRESENTATION_CONTEXT() REPRESENTATION_CONTEXT('2D SPACE',''
  ) );
#3986 = PCURVE('',#528,#3987);
#3987 = DEFINITIONAL_REPRESENTATION('',(#3988),#3992);
#3988 = LINE('',#3989,#3990);
#3989 = CARTESIAN_POINT('',(0.,0.));
#3990 = VECTOR('',#3991,1.);
#3991 = DIRECTION('',(0.,1.));
#3992 = ( GEOMETRIC_REPRESENTATION_CONTEXT(2) 
PARAMETRIC_REPRESENTATION_CONTEXT() REPRESENTATION_CONTEXT('2D SPACE',''
  ) );
#3993 = ORIENTED_EDGE('',*,*,#3994,.F.);
#3994 = EDGE_CURVE('',#3948,#3972,#3995,.T.);
#3995 = SURFACE_CURVE('',#3996,(#4000,#4007),.PCURVE_S1.);
#3996 = LINE('',#3997,#3998);
#3997 = CARTESIAN_POINT('',(35.825,70.05,19.3));
#3998 = VECTOR('',#3999,1.);
#3999 = DIRECTION('',(-1.,-1.110223024625E-16,0.));
#4000 = PCURVE('',#500,#4001);
#4001 = DEFINITIONAL_REPRESENTATION('',(#4002),#4006);
#4002 = LINE('',#4003,#4004);
#4003 = CARTESIAN_POINT('',(2.65,-35.175));
#4004 = VECTOR('',#4005,1.);
#4005 = DIRECTION('',(0.,-1.));
#4006 = ( GEOMETRIC_REPRESENTATION_CONTEXT(2) 
PARAMETRIC_REPRESENTATION_CONTEXT() REPRESENTATION_CONTEXT('2D SPACE',''
  ) );
#4007 = PCURVE('',#2857,#4008);
#4008 = DEFINITIONAL_REPRESENTATION('',(#4009),#4013);
#4009 = LINE('',#4010,#4011);
#4010 = CARTESIAN_POINT('',(2.8,-35.175));
#4011 = VECTOR('',#4012,1.);
#4012 = DIRECTION('',(0.,1.));
#4013 = ( GEOMETRIC_REPRESENTATION_CONTEXT(2) 
PARAMETRIC_REPRESENTATION_CONTEXT() REPRESENTATION_CONTEXT('2D SPACE',''
  ) );
#4014 = ADVANCED_FACE('',(#4015),#582,.F.);
#4015 = FACE_BOUND('',#4016,.F.);
#4016 = EDGE_LOOP('',(#4017,#4018,#4019,#4042));
#4017 = ORIENTED_EDGE('',*,*,#3947,.F.);
#4018 = ORIENTED_EDGE('',*,*,#568,.T.);
#4019 = ORIENTED_EDGE('',*,*,#4020,.T.);
#4020 = EDGE_CURVE('',#541,#4021,#4023,.T.);
#4021 = VERTEX_POINT('',#4022);
#4022 = CARTESIAN_POINT('',(74.,70.05,23.3));
#4023 = SURFACE_CURVE('',#4024,(#4028,#4035),.PCURVE_S1.);
#4024 = LINE('',#4025,#4026);
#4025 = CARTESIAN_POINT('',(74.,72.7,23.3));
#4026 = VECTOR('',#4027,1.);
#4027 = DIRECTION('',(1.110223024625E-16,-1.,0.));
#4028 = PCURVE('',#582,#4029);
#4029 = DEFINITIONAL_REPRESENTATION('',(#4030),#4034);
#4030 = LINE('',#4031,#4032);
#4031 = CARTESIAN_POINT('',(4.,0.));
#4032 = VECTOR('',#4033,1.);
#4033 = DIRECTION('',(0.,1.));
#4034 = ( GEOMETRIC_REPRESENTATION_CONTEXT(2) 
PARAMETRIC_REPRESENTATION_CONTEXT() REPRESENTATION_CONTEXT('2D SPACE',''
  ) );
#4035 = PCURVE('',#556,#4036);
#4036 = DEFINITIONAL_REPRESENTATION('',(#4037),#4041);
#4037 = LINE('',#4038,#4039);
#4038 = CARTESIAN_POINT('',(3.330669073875E-16,3.));
#4039 = VECTOR('',#4040,1.);
#4040 = DIRECTION('',(1.,0.));
#4041 = ( GEOMETRIC_REPRESENTATION_CONTEXT(2) 
PARAMETRIC_REPRESENTATION_CONTEXT() REPRESENTATION_CONTEXT('2D SPACE',''
  ) );
#4042 = ORIENTED_EDGE('',*,*,#4043,.F.);
#4043 = EDGE_CURVE('',#3948,#4021,#4044,.T.);
#4044 = SURFACE_CURVE('',#4045,(#4049,#4056),.PCURVE_S1.);
#4045 = LINE('',#4046,#4047);
#4046 = CARTESIAN_POINT('',(74.,70.05,17.9));
#4047 = VECTOR('',#4048,1.);
#4048 = DIRECTION('',(0.,0.,1.));
#4049 = PCURVE('',#582,#4050);
#4050 = DEFINITIONAL_REPRESENTATION('',(#4051),#4055);
#4051 = LINE('',#4052,#4053);
#4052 = CARTESIAN_POINT('',(-1.4,2.65));
#4053 = VECTOR('',#4054,1.);
#4054 = DIRECTION('',(1.,0.));
#4055 = ( GEOMETRIC_REPRESENTATION_CONTEXT(2) 
PARAMETRIC_REPRESENTATION_CONTEXT() REPRESENTATION_CONTEXT('2D SPACE',''
  ) );
#4056 = PCURVE('',#2857,#4057);
#4057 = DEFINITIONAL_REPRESENTATION('',(#4058),#4062);
#4058 = LINE('',#4059,#4060);
#4059 = CARTESIAN_POINT('',(1.4,-73.35));
#4060 = VECTOR('',#4061,1.);
#4061 = DIRECTION('',(1.,0.));
#4062 = ( GEOMETRIC_REPRESENTATION_CONTEXT(2) 
PARAMETRIC_REPRESENTATION_CONTEXT() REPRESENTATION_CONTEXT('2D SPACE',''
  ) );
#4063 = ADVANCED_FACE('',(#4064),#528,.T.);
#4064 = FACE_BOUND('',#4065,.T.);
#4065 = EDGE_LOOP('',(#4066,#4067,#4068,#4091));
#4066 = ORIENTED_EDGE('',*,*,#3971,.F.);
#4067 = ORIENTED_EDGE('',*,*,#512,.T.);
#4068 = ORIENTED_EDGE('',*,*,#4069,.T.);
#4069 = EDGE_CURVE('',#513,#4070,#4072,.T.);
#4070 = VERTEX_POINT('',#4071);
#4071 = CARTESIAN_POINT('',(71.,70.05,23.3));
#4072 = SURFACE_CURVE('',#4073,(#4077,#4084),.PCURVE_S1.);
#4073 = LINE('',#4074,#4075);
#4074 = CARTESIAN_POINT('',(71.,72.7,23.3));
#4075 = VECTOR('',#4076,1.);
#4076 = DIRECTION('',(1.110223024625E-16,-1.,0.));
#4077 = PCURVE('',#528,#4078);
#4078 = DEFINITIONAL_REPRESENTATION('',(#4079),#4083);
#4079 = LINE('',#4080,#4081);
#4080 = CARTESIAN_POINT('',(4.,0.));
#4081 = VECTOR('',#4082,1.);
#4082 = DIRECTION('',(0.,1.));
#4083 = ( GEOMETRIC_REPRESENTATION_CONTEXT(2) 
PARAMETRIC_REPRESENTATION_CONTEXT() REPRESENTATION_CONTEXT('2D SPACE',''
  ) );
#4084 = PCURVE('',#556,#4085);
#4085 = DEFINITIONAL_REPRESENTATION('',(#4086),#4090);
#4086 = LINE('',#4087,#4088);
#4087 = CARTESIAN_POINT('',(0.,0.));
#4088 = VECTOR('',#4089,1.);
#4089 = DIRECTION('',(1.,0.));
#4090 = ( GEOMETRIC_REPRESENTATION_CONTEXT(2) 
PARAMETRIC_REPRESENTATION_CONTEXT() REPRESENTATION_CONTEXT('2D SPACE',''
  ) );
#4091 = ORIENTED_EDGE('',*,*,#4092,.F.);
#4092 = EDGE_CURVE('',#3972,#4070,#4093,.T.);
#4093 = SURFACE_CURVE('',#4094,(#4098,#4105),.PCURVE_S1.);
#4094 = LINE('',#4095,#4096);
#4095 = CARTESIAN_POINT('',(71.,70.05,17.9));
#4096 = VECTOR('',#4097,1.);
#4097 = DIRECTION('',(0.,0.,1.));
#4098 = PCURVE('',#528,#4099);
#4099 = DEFINITIONAL_REPRESENTATION('',(#4100),#4104);
#4100 = LINE('',#4101,#4102);
#4101 = CARTESIAN_POINT('',(-1.4,2.65));
#4102 = VECTOR('',#4103,1.);
#4103 = DIRECTION('',(1.,0.));
#4104 = ( GEOMETRIC_REPRESENTATION_CONTEXT(2) 
PARAMETRIC_REPRESENTATION_CONTEXT() REPRESENTATION_CONTEXT('2D SPACE',''
  ) );
#4105 = PCURVE('',#2857,#4106);
#4106 = DEFINITIONAL_REPRESENTATION('',(#4107),#4111);
#4107 = LINE('',#4108,#4109);
#4108 = CARTESIAN_POINT('',(1.4,-70.35));
#4109 = VECTOR('',#4110,1.);
#4110 = DIRECTION('',(1.,0.));
#4111 = ( GEOMETRIC_REPRESENTATION_CONTEXT(2) 
PARAMETRIC_REPRESENTATION_CONTEXT() REPRESENTATION_CONTEXT('2D SPACE',''
  ) );
#4112 = ADVANCED_FACE('',(#4113),#556,.F.);
#4113 = FACE_BOUND('',#4114,.F.);
#4114 = EDGE_LOOP('',(#4115,#4116,#4117,#4118));
#4115 = ORIENTED_EDGE('',*,*,#4020,.F.);
#4116 = ORIENTED_EDGE('',*,*,#540,.T.);
#4117 = ORIENTED_EDGE('',*,*,#4069,.T.);
#4118 = ORIENTED_EDGE('',*,*,#4119,.F.);
#4119 = EDGE_CURVE('',#4021,#4070,#4120,.T.);
#4120 = SURFACE_CURVE('',#4121,(#4125,#4132),.PCURVE_S1.);
#4121 = LINE('',#4122,#4123);
#4122 = CARTESIAN_POINT('',(35.825,70.05,23.3));
#4123 = VECTOR('',#4124,1.);
#4124 = DIRECTION('',(-1.,-1.110223024625E-16,0.));
#4125 = PCURVE('',#556,#4126);
#4126 = DEFINITIONAL_REPRESENTATION('',(#4127),#4131);
#4127 = LINE('',#4128,#4129);
#4128 = CARTESIAN_POINT('',(2.65,-35.175));
#4129 = VECTOR('',#4130,1.);
#4130 = DIRECTION('',(0.,-1.));
#4131 = ( GEOMETRIC_REPRESENTATION_CONTEXT(2) 
PARAMETRIC_REPRESENTATION_CONTEXT() REPRESENTATION_CONTEXT('2D SPACE',''
  ) );
#4132 = PCURVE('',#2857,#4133);
#4133 = DEFINITIONAL_REPRESENTATION('',(#4134),#4138);
#4134 = LINE('',#4135,#4136);
#4135 = CARTESIAN_POINT('',(6.8,-35.175));
#4136 = VECTOR('',#4137,1.);
#4137 = DIRECTION('',(0.,1.));
#4138 = ( GEOMETRIC_REPRESENTATION_CONTEXT(2) 
PARAMETRIC_REPRESENTATION_CONTEXT() REPRESENTATION_CONTEXT('2D SPACE',''
  ) );
#4139 = ADVANCED_FACE('',(#4140),#638,.F.);
#4140 = FACE_BOUND('',#4141,.F.);
#4141 = EDGE_LOOP('',(#4142,#4143,#4164,#4165));
#4142 = ORIENTED_EDGE('',*,*,#622,.T.);
#4143 = ORIENTED_EDGE('',*,*,#4144,.F.);
#4144 = EDGE_CURVE('',#2514,#623,#4145,.T.);
#4145 = SURFACE_CURVE('',#4146,(#4150,#4157),.PCURVE_S1.);
#4146 = LINE('',#4147,#4148);
#4147 = CARTESIAN_POINT('',(-1.15,3.,16.6));
#4148 = VECTOR('',#4149,1.);
#4149 = DIRECTION('',(0.,0.,1.));
#4150 = PCURVE('',#638,#4151);
#4151 = DEFINITIONAL_REPRESENTATION('',(#4152),#4156);
#4152 = LINE('',#4153,#4154);
#4153 = CARTESIAN_POINT('',(-8.2,68.85));
#4154 = VECTOR('',#4155,1.);
#4155 = DIRECTION('',(1.,0.));
#4156 = ( GEOMETRIC_REPRESENTATION_CONTEXT(2) 
PARAMETRIC_REPRESENTATION_CONTEXT() REPRESENTATION_CONTEXT('2D SPACE',''
  ) );
#4157 = PCURVE('',#671,#4158);
#4158 = DEFINITIONAL_REPRESENTATION('',(#4159),#4163);
#4159 = LINE('',#4160,#4161);
#4160 = CARTESIAN_POINT('',(-1.570796326795,-8.2));
#4161 = VECTOR('',#4162,1.);
#4162 = DIRECTION('',(-0.,1.));
#4163 = ( GEOMETRIC_REPRESENTATION_CONTEXT(2) 
PARAMETRIC_REPRESENTATION_CONTEXT() REPRESENTATION_CONTEXT('2D SPACE',''
  ) );
#4164 = ORIENTED_EDGE('',*,*,#2513,.F.);
#4165 = ORIENTED_EDGE('',*,*,#2432,.T.);
#4166 = ADVANCED_FACE('',(#4167),#756,.T.);
#4167 = FACE_BOUND('',#4168,.T.);
#4168 = EDGE_LOOP('',(#4169,#4170,#4171,#4192));
#4169 = ORIENTED_EDGE('',*,*,#2486,.F.);
#4170 = ORIENTED_EDGE('',*,*,#740,.F.);
#4171 = ORIENTED_EDGE('',*,*,#4172,.T.);
#4172 = EDGE_CURVE('',#712,#3311,#4173,.T.);
#4173 = SURFACE_CURVE('',#4174,(#4178,#4185),.PCURVE_S1.);
#4174 = LINE('',#4175,#4176);
#4175 = CARTESIAN_POINT('',(128.05,3.,27.8));
#4176 = VECTOR('',#4177,1.);
#4177 = DIRECTION('',(0.,0.,-1.));
#4178 = PCURVE('',#756,#4179);
#4179 = DEFINITIONAL_REPRESENTATION('',(#4180),#4184);
#4180 = LINE('',#4181,#4182);
#4181 = CARTESIAN_POINT('',(3.,68.85));
#4182 = VECTOR('',#4183,1.);
#4183 = DIRECTION('',(-1.,0.));
#4184 = ( GEOMETRIC_REPRESENTATION_CONTEXT(2) 
PARAMETRIC_REPRESENTATION_CONTEXT() REPRESENTATION_CONTEXT('2D SPACE',''
  ) );
#4185 = PCURVE('',#728,#4186);
#4186 = DEFINITIONAL_REPRESENTATION('',(#4187),#4191);
#4187 = LINE('',#4188,#4189);
#4188 = CARTESIAN_POINT('',(1.570796326795,3.));
#4189 = VECTOR('',#4190,1.);
#4190 = DIRECTION('',(-0.,-1.));
#4191 = ( GEOMETRIC_REPRESENTATION_CONTEXT(2) 
PARAMETRIC_REPRESENTATION_CONTEXT() REPRESENTATION_CONTEXT('2D SPACE',''
  ) );
#4192 = ORIENTED_EDGE('',*,*,#3334,.F.);
#4193 = ADVANCED_FACE('',(#4194),#671,.T.);
#4194 = FACE_BOUND('',#4195,.F.);
#4195 = EDGE_LOOP('',(#4196,#4217,#4218,#4219));
#4196 = ORIENTED_EDGE('',*,*,#4197,.F.);
#4197 = EDGE_CURVE('',#2537,#651,#4198,.T.);
#4198 = SURFACE_CURVE('',#4199,(#4203,#4210),.PCURVE_S1.);
#4199 = LINE('',#4200,#4201);
#4200 = CARTESIAN_POINT('',(3.,-1.15,16.6));
#4201 = VECTOR('',#4202,1.);
#4202 = DIRECTION('',(0.,0.,1.));
#4203 = PCURVE('',#671,#4204);
#4204 = DEFINITIONAL_REPRESENTATION('',(#4205),#4209);
#4205 = LINE('',#4206,#4207);
#4206 = CARTESIAN_POINT('',(-0.,-8.2));
#4207 = VECTOR('',#4208,1.);
#4208 = DIRECTION('',(-0.,1.));
#4209 = ( GEOMETRIC_REPRESENTATION_CONTEXT(2) 
PARAMETRIC_REPRESENTATION_CONTEXT() REPRESENTATION_CONTEXT('2D SPACE',''
  ) );
#4210 = PCURVE('',#699,#4211);
#4211 = DEFINITIONAL_REPRESENTATION('',(#4212),#4216);
#4212 = LINE('',#4213,#4214);
#4213 = CARTESIAN_POINT('',(-8.2,-4.15));
#4214 = VECTOR('',#4215,1.);
#4215 = DIRECTION('',(1.,0.));
#4216 = ( GEOMETRIC_REPRESENTATION_CONTEXT(2) 
PARAMETRIC_REPRESENTATION_CONTEXT() REPRESENTATION_CONTEXT('2D SPACE',''
  ) );
#4217 = ORIENTED_EDGE('',*,*,#2536,.T.);
#4218 = ORIENTED_EDGE('',*,*,#4144,.T.);
#4219 = ORIENTED_EDGE('',*,*,#650,.F.);
#4220 = ADVANCED_FACE('',(#4221),#728,.T.);
#4221 = FACE_BOUND('',#4222,.T.);
#4222 = EDGE_LOOP('',(#4223,#4244,#4245,#4246));
#4223 = ORIENTED_EDGE('',*,*,#4224,.T.);
#4224 = EDGE_CURVE('',#684,#3288,#4225,.T.);
#4225 = SURFACE_CURVE('',#4226,(#4230,#4237),.PCURVE_S1.);
#4226 = LINE('',#4227,#4228);
#4227 = CARTESIAN_POINT('',(123.9,-1.15,27.8));
#4228 = VECTOR('',#4229,1.);
#4229 = DIRECTION('',(0.,0.,-1.));
#4230 = PCURVE('',#728,#4231);
#4231 = DEFINITIONAL_REPRESENTATION('',(#4232),#4236);
#4232 = LINE('',#4233,#4234);
#4233 = CARTESIAN_POINT('',(0.,3.));
#4234 = VECTOR('',#4235,1.);
#4235 = DIRECTION('',(-0.,-1.));
#4236 = ( GEOMETRIC_REPRESENTATION_CONTEXT(2) 
PARAMETRIC_REPRESENTATION_CONTEXT() REPRESENTATION_CONTEXT('2D SPACE',''
  ) );
#4237 = PCURVE('',#699,#4238);
#4238 = DEFINITIONAL_REPRESENTATION('',(#4239),#4243);
#4239 = LINE('',#4240,#4241);
#4240 = CARTESIAN_POINT('',(3.,-125.05));
#4241 = VECTOR('',#4242,1.);
#4242 = DIRECTION('',(-1.,-0.));
#4243 = ( GEOMETRIC_REPRESENTATION_CONTEXT(2) 
PARAMETRIC_REPRESENTATION_CONTEXT() REPRESENTATION_CONTEXT('2D SPACE',''
  ) );
#4244 = ORIENTED_EDGE('',*,*,#3310,.T.);
#4245 = ORIENTED_EDGE('',*,*,#4172,.F.);
#4246 = ORIENTED_EDGE('',*,*,#711,.F.);
#4247 = ADVANCED_FACE('',(#4248),#699,.T.);
#4248 = FACE_BOUND('',#4249,.T.);
#4249 = EDGE_LOOP('',(#4250,#4251,#4252,#4253,#4276,#4304,#4325,#4326));
#4250 = ORIENTED_EDGE('',*,*,#683,.F.);
#4251 = ORIENTED_EDGE('',*,*,#4197,.F.);
#4252 = ORIENTED_EDGE('',*,*,#2564,.T.);
#4253 = ORIENTED_EDGE('',*,*,#4254,.F.);
#4254 = EDGE_CURVE('',#4255,#2565,#4257,.T.);
#4255 = VERTEX_POINT('',#4256);
#4256 = CARTESIAN_POINT('',(48.,-1.15,21.6));
#4257 = SURFACE_CURVE('',#4258,(#4262,#4269),.PCURVE_S1.);
#4258 = LINE('',#4259,#4260);
#4259 = CARTESIAN_POINT('',(48.,-1.15,20.7));
#4260 = VECTOR('',#4261,1.);
#4261 = DIRECTION('',(0.,0.,-1.));
#4262 = PCURVE('',#699,#4263);
#4263 = DEFINITIONAL_REPRESENTATION('',(#4264),#4268);
#4264 = LINE('',#4265,#4266);
#4265 = CARTESIAN_POINT('',(-4.1,-49.15));
#4266 = VECTOR('',#4267,1.);
#4267 = DIRECTION('',(-1.,-0.));
#4268 = ( GEOMETRIC_REPRESENTATION_CONTEXT(2) 
PARAMETRIC_REPRESENTATION_CONTEXT() REPRESENTATION_CONTEXT('2D SPACE',''
  ) );
#4269 = PCURVE('',#2603,#4270);
#4270 = DEFINITIONAL_REPRESENTATION('',(#4271),#4275);
#4271 = LINE('',#4272,#4273);
#4272 = CARTESIAN_POINT('',(-4.1,0.85));
#4273 = VECTOR('',#4274,1.);
#4274 = DIRECTION('',(1.,-0.));
#4275 = ( GEOMETRIC_REPRESENTATION_CONTEXT(2) 
PARAMETRIC_REPRESENTATION_CONTEXT() REPRESENTATION_CONTEXT('2D SPACE',''
  ) );
#4276 = ORIENTED_EDGE('',*,*,#4277,.T.);
#4277 = EDGE_CURVE('',#4255,#4278,#4280,.T.);
#4278 = VERTEX_POINT('',#4279);
#4279 = CARTESIAN_POINT('',(54.,-1.15,21.6));
#4280 = SURFACE_CURVE('',#4281,(#4285,#4292),.PCURVE_S1.);
#4281 = LINE('',#4282,#4283);
#4282 = CARTESIAN_POINT('',(23.425,-1.15,21.6));
#4283 = VECTOR('',#4284,1.);
#4284 = DIRECTION('',(1.,1.110223024625E-16,0.));
#4285 = PCURVE('',#699,#4286);
#4286 = DEFINITIONAL_REPRESENTATION('',(#4287),#4291);
#4287 = LINE('',#4288,#4289);
#4288 = CARTESIAN_POINT('',(-3.2,-24.575));
#4289 = VECTOR('',#4290,1.);
#4290 = DIRECTION('',(0.,-1.));
#4291 = ( GEOMETRIC_REPRESENTATION_CONTEXT(2) 
PARAMETRIC_REPRESENTATION_CONTEXT() REPRESENTATION_CONTEXT('2D SPACE',''
  ) );
#4292 = PCURVE('',#4293,#4298);
#4293 = PLANE('',#4294);
#4294 = AXIS2_PLACEMENT_3D('',#4295,#4296,#4297);
#4295 = CARTESIAN_POINT('',(48.,-2.,21.6));
#4296 = DIRECTION('',(0.,0.,1.));
#4297 = DIRECTION('',(1.110223024625E-16,-1.,0.));
#4298 = DEFINITIONAL_REPRESENTATION('',(#4299),#4303);
#4299 = LINE('',#4300,#4301);
#4300 = CARTESIAN_POINT('',(-0.85,-24.575));
#4301 = VECTOR('',#4302,1.);
#4302 = DIRECTION('',(-0.,1.));
#4303 = ( GEOMETRIC_REPRESENTATION_CONTEXT(2) 
PARAMETRIC_REPRESENTATION_CONTEXT() REPRESENTATION_CONTEXT('2D SPACE',''
  ) );
#4304 = ORIENTED_EDGE('',*,*,#4305,.T.);
#4305 = EDGE_CURVE('',#4278,#3260,#4306,.T.);
#4306 = SURFACE_CURVE('',#4307,(#4311,#4318),.PCURVE_S1.);
#4307 = LINE('',#4308,#4309);
#4308 = CARTESIAN_POINT('',(54.,-1.15,20.7));
#4309 = VECTOR('',#4310,1.);
#4310 = DIRECTION('',(0.,0.,-1.));
#4311 = PCURVE('',#699,#4312);
#4312 = DEFINITIONAL_REPRESENTATION('',(#4313),#4317);
#4313 = LINE('',#4314,#4315);
#4314 = CARTESIAN_POINT('',(-4.1,-55.15));
#4315 = VECTOR('',#4316,1.);
#4316 = DIRECTION('',(-1.,-0.));
#4317 = ( GEOMETRIC_REPRESENTATION_CONTEXT(2) 
PARAMETRIC_REPRESENTATION_CONTEXT() REPRESENTATION_CONTEXT('2D SPACE',''
  ) );
#4318 = PCURVE('',#3275,#4319);
#4319 = DEFINITIONAL_REPRESENTATION('',(#4320),#4324);
#4320 = LINE('',#4321,#4322);
#4321 = CARTESIAN_POINT('',(-4.1,0.85));
#4322 = VECTOR('',#4323,1.);
#4323 = DIRECTION('',(1.,-0.));
#4324 = ( GEOMETRIC_REPRESENTATION_CONTEXT(2) 
PARAMETRIC_REPRESENTATION_CONTEXT() REPRESENTATION_CONTEXT('2D SPACE',''
  ) );
#4325 = ORIENTED_EDGE('',*,*,#3287,.T.);
#4326 = ORIENTED_EDGE('',*,*,#4224,.F.);
#4327 = ADVANCED_FACE('',(#4328),#815,.F.);
#4328 = FACE_BOUND('',#4329,.F.);
#4329 = EDGE_LOOP('',(#4330,#4353,#4382,#4403));
#4330 = ORIENTED_EDGE('',*,*,#4331,.F.);
#4331 = EDGE_CURVE('',#4332,#797,#4334,.T.);
#4332 = VERTEX_POINT('',#4333);
#4333 = CARTESIAN_POINT('',(15.025,37.45,26.));
#4334 = SURFACE_CURVE('',#4335,(#4339,#4346),.PCURVE_S1.);
#4335 = LINE('',#4336,#4337);
#4336 = CARTESIAN_POINT('',(15.025,37.45,24.7));
#4337 = VECTOR('',#4338,1.);
#4338 = DIRECTION('',(0.,0.,1.));
#4339 = PCURVE('',#815,#4340);
#4340 = DEFINITIONAL_REPRESENTATION('',(#4341),#4345);
#4341 = LINE('',#4342,#4343);
#4342 = CARTESIAN_POINT('',(0.,0.));
#4343 = VECTOR('',#4344,1.);
#4344 = DIRECTION('',(0.,1.));
#4345 = ( GEOMETRIC_REPRESENTATION_CONTEXT(2) 
PARAMETRIC_REPRESENTATION_CONTEXT() REPRESENTATION_CONTEXT('2D SPACE',''
  ) );
#4346 = PCURVE('',#843,#4347);
#4347 = DEFINITIONAL_REPRESENTATION('',(#4348),#4352);
#4348 = LINE('',#4349,#4350);
#4349 = CARTESIAN_POINT('',(0.,-2.09));
#4350 = VECTOR('',#4351,1.);
#4351 = DIRECTION('',(1.,0.));
#4352 = ( GEOMETRIC_REPRESENTATION_CONTEXT(2) 
PARAMETRIC_REPRESENTATION_CONTEXT() REPRESENTATION_CONTEXT('2D SPACE',''
  ) );
#4353 = ORIENTED_EDGE('',*,*,#4354,.T.);
#4354 = EDGE_CURVE('',#4332,#4355,#4357,.T.);
#4355 = VERTEX_POINT('',#4356);
#4356 = CARTESIAN_POINT('',(12.935,35.36,26.));
#4357 = SURFACE_CURVE('',#4358,(#4363,#4370),.PCURVE_S1.);
#4358 = CIRCLE('',#4359,2.09);
#4359 = AXIS2_PLACEMENT_3D('',#4360,#4361,#4362);
#4360 = CARTESIAN_POINT('',(15.025,35.36,26.));
#4361 = DIRECTION('',(0.,0.,1.));
#4362 = DIRECTION('',(-1.110223024625E-16,1.,0.));
#4363 = PCURVE('',#815,#4364);
#4364 = DEFINITIONAL_REPRESENTATION('',(#4365),#4369);
#4365 = LINE('',#4366,#4367);
#4366 = CARTESIAN_POINT('',(0.,1.3));
#4367 = VECTOR('',#4368,1.);
#4368 = DIRECTION('',(1.,0.));
#4369 = ( GEOMETRIC_REPRESENTATION_CONTEXT(2) 
PARAMETRIC_REPRESENTATION_CONTEXT() REPRESENTATION_CONTEXT('2D SPACE',''
  ) );
#4370 = PCURVE('',#4371,#4376);
#4371 = PLANE('',#4372);
#4372 = AXIS2_PLACEMENT_3D('',#4373,#4374,#4375);
#4373 = CARTESIAN_POINT('',(10.835,39.55,26.));
#4374 = DIRECTION('',(0.,0.,1.));
#4375 = DIRECTION('',(1.110223024625E-16,-1.,0.));
#4376 = DEFINITIONAL_REPRESENTATION('',(#4377),#4381);
#4377 = CIRCLE('',#4378,2.09);
#4378 = AXIS2_PLACEMENT_2D('',#4379,#4380);
#4379 = CARTESIAN_POINT('',(4.19,4.19));
#4380 = DIRECTION('',(-1.,0.));
#4381 = ( GEOMETRIC_REPRESENTATION_CONTEXT(2) 
PARAMETRIC_REPRESENTATION_CONTEXT() REPRESENTATION_CONTEXT('2D SPACE',''
  ) );
#4382 = ORIENTED_EDGE('',*,*,#4383,.T.);
#4383 = EDGE_CURVE('',#4355,#799,#4384,.T.);
#4384 = SURFACE_CURVE('',#4385,(#4389,#4396),.PCURVE_S1.);
#4385 = LINE('',#4386,#4387);
#4386 = CARTESIAN_POINT('',(12.935,35.36,24.7));
#4387 = VECTOR('',#4388,1.);
#4388 = DIRECTION('',(0.,0.,1.));
#4389 = PCURVE('',#815,#4390);
#4390 = DEFINITIONAL_REPRESENTATION('',(#4391),#4395);
#4391 = LINE('',#4392,#4393);
#4392 = CARTESIAN_POINT('',(1.570796326795,0.));
#4393 = VECTOR('',#4394,1.);
#4394 = DIRECTION('',(0.,1.));
#4395 = ( GEOMETRIC_REPRESENTATION_CONTEXT(2) 
PARAMETRIC_REPRESENTATION_CONTEXT() REPRESENTATION_CONTEXT('2D SPACE',''
  ) );
#4396 = PCURVE('',#1012,#4397);
#4397 = DEFINITIONAL_REPRESENTATION('',(#4398),#4402);
#4398 = LINE('',#4399,#4400);
#4399 = CARTESIAN_POINT('',(0.,2.09));
#4400 = VECTOR('',#4401,1.);
#4401 = DIRECTION('',(1.,0.));
#4402 = ( GEOMETRIC_REPRESENTATION_CONTEXT(2) 
PARAMETRIC_REPRESENTATION_CONTEXT() REPRESENTATION_CONTEXT('2D SPACE',''
  ) );
#4403 = ORIENTED_EDGE('',*,*,#796,.F.);
#4404 = ADVANCED_FACE('',(#4405),#843,.T.);
#4405 = FACE_BOUND('',#4406,.T.);
#4406 = EDGE_LOOP('',(#4407,#4408,#4409,#4432));
#4407 = ORIENTED_EDGE('',*,*,#827,.F.);
#4408 = ORIENTED_EDGE('',*,*,#4331,.F.);
#4409 = ORIENTED_EDGE('',*,*,#4410,.F.);
#4410 = EDGE_CURVE('',#4411,#4332,#4413,.T.);
#4411 = VERTEX_POINT('',#4412);
#4412 = CARTESIAN_POINT('',(21.79,37.45,26.));
#4413 = SURFACE_CURVE('',#4414,(#4418,#4425),.PCURVE_S1.);
#4414 = LINE('',#4415,#4416);
#4415 = CARTESIAN_POINT('',(11.885,37.45,26.));
#4416 = VECTOR('',#4417,1.);
#4417 = DIRECTION('',(-1.,-1.110223024625E-16,0.));
#4418 = PCURVE('',#843,#4419);
#4419 = DEFINITIONAL_REPRESENTATION('',(#4420),#4424);
#4420 = LINE('',#4421,#4422);
#4421 = CARTESIAN_POINT('',(1.3,1.05));
#4422 = VECTOR('',#4423,1.);
#4423 = DIRECTION('',(0.,1.));
#4424 = ( GEOMETRIC_REPRESENTATION_CONTEXT(2) 
PARAMETRIC_REPRESENTATION_CONTEXT() REPRESENTATION_CONTEXT('2D SPACE',''
  ) );
#4425 = PCURVE('',#4371,#4426);
#4426 = DEFINITIONAL_REPRESENTATION('',(#4427),#4431);
#4427 = LINE('',#4428,#4429);
#4428 = CARTESIAN_POINT('',(2.1,1.05));
#4429 = VECTOR('',#4430,1.);
#4430 = DIRECTION('',(0.,-1.));
#4431 = ( GEOMETRIC_REPRESENTATION_CONTEXT(2) 
PARAMETRIC_REPRESENTATION_CONTEXT() REPRESENTATION_CONTEXT('2D SPACE',''
  ) );
#4432 = ORIENTED_EDGE('',*,*,#4433,.T.);
#4433 = EDGE_CURVE('',#4411,#828,#4434,.T.);
#4434 = SURFACE_CURVE('',#4435,(#4439,#4446),.PCURVE_S1.);
#4435 = LINE('',#4436,#4437);
#4436 = CARTESIAN_POINT('',(21.79,37.45,24.7));
#4437 = VECTOR('',#4438,1.);
#4438 = DIRECTION('',(0.,0.,1.));
#4439 = PCURVE('',#843,#4440);
#4440 = DEFINITIONAL_REPRESENTATION('',(#4441),#4445);
#4441 = LINE('',#4442,#4443);
#4442 = CARTESIAN_POINT('',(0.,-8.855));
#4443 = VECTOR('',#4444,1.);
#4444 = DIRECTION('',(1.,0.));
#4445 = ( GEOMETRIC_REPRESENTATION_CONTEXT(2) 
PARAMETRIC_REPRESENTATION_CONTEXT() REPRESENTATION_CONTEXT('2D SPACE',''
  ) );
#4446 = PCURVE('',#872,#4447);
#4447 = DEFINITIONAL_REPRESENTATION('',(#4448),#4452);
#4448 = LINE('',#4449,#4450);
#4449 = CARTESIAN_POINT('',(-0.,0.));
#4450 = VECTOR('',#4451,1.);
#4451 = DIRECTION('',(-0.,1.));
#4452 = ( GEOMETRIC_REPRESENTATION_CONTEXT(2) 
PARAMETRIC_REPRESENTATION_CONTEXT() REPRESENTATION_CONTEXT('2D SPACE',''
  ) );
#4453 = ADVANCED_FACE('',(#4454),#1012,.T.);
#4454 = FACE_BOUND('',#4455,.T.);
#4455 = EDGE_LOOP('',(#4456,#4479,#4500,#4501));
#4456 = ORIENTED_EDGE('',*,*,#4457,.F.);
#4457 = EDGE_CURVE('',#4458,#970,#4460,.T.);
#4458 = VERTEX_POINT('',#4459);
#4459 = CARTESIAN_POINT('',(12.935,35.34,26.));
#4460 = SURFACE_CURVE('',#4461,(#4465,#4472),.PCURVE_S1.);
#4461 = LINE('',#4462,#4463);
#4462 = CARTESIAN_POINT('',(12.935,35.34,24.7));
#4463 = VECTOR('',#4464,1.);
#4464 = DIRECTION('',(0.,0.,1.));
#4465 = PCURVE('',#1012,#4466);
#4466 = DEFINITIONAL_REPRESENTATION('',(#4467),#4471);
#4467 = LINE('',#4468,#4469);
#4468 = CARTESIAN_POINT('',(0.,2.11));
#4469 = VECTOR('',#4470,1.);
#4470 = DIRECTION('',(1.,0.));
#4471 = ( GEOMETRIC_REPRESENTATION_CONTEXT(2) 
PARAMETRIC_REPRESENTATION_CONTEXT() REPRESENTATION_CONTEXT('2D SPACE',''
  ) );
#4472 = PCURVE('',#986,#4473);
#4473 = DEFINITIONAL_REPRESENTATION('',(#4474),#4478);
#4474 = LINE('',#4475,#4476);
#4475 = CARTESIAN_POINT('',(-1.570796326795,0.));
#4476 = VECTOR('',#4477,1.);
#4477 = DIRECTION('',(-0.,1.));
#4478 = ( GEOMETRIC_REPRESENTATION_CONTEXT(2) 
PARAMETRIC_REPRESENTATION_CONTEXT() REPRESENTATION_CONTEXT('2D SPACE',''
  ) );
#4479 = ORIENTED_EDGE('',*,*,#4480,.F.);
#4480 = EDGE_CURVE('',#4355,#4458,#4481,.T.);
#4481 = SURFACE_CURVE('',#4482,(#4486,#4493),.PCURVE_S1.);
#4482 = LINE('',#4483,#4484);
#4483 = CARTESIAN_POINT('',(12.935,38.5,26.));
#4484 = VECTOR('',#4485,1.);
#4485 = DIRECTION('',(1.110223024625E-16,-1.,0.));
#4486 = PCURVE('',#1012,#4487);
#4487 = DEFINITIONAL_REPRESENTATION('',(#4488),#4492);
#4488 = LINE('',#4489,#4490);
#4489 = CARTESIAN_POINT('',(1.3,-1.05));
#4490 = VECTOR('',#4491,1.);
#4491 = DIRECTION('',(0.,1.));
#4492 = ( GEOMETRIC_REPRESENTATION_CONTEXT(2) 
PARAMETRIC_REPRESENTATION_CONTEXT() REPRESENTATION_CONTEXT('2D SPACE',''
  ) );
#4493 = PCURVE('',#4371,#4494);
#4494 = DEFINITIONAL_REPRESENTATION('',(#4495),#4499);
#4495 = LINE('',#4496,#4497);
#4496 = CARTESIAN_POINT('',(1.05,2.1));
#4497 = VECTOR('',#4498,1.);
#4498 = DIRECTION('',(1.,0.));
#4499 = ( GEOMETRIC_REPRESENTATION_CONTEXT(2) 
PARAMETRIC_REPRESENTATION_CONTEXT() REPRESENTATION_CONTEXT('2D SPACE',''
  ) );
#4500 = ORIENTED_EDGE('',*,*,#4383,.T.);
#4501 = ORIENTED_EDGE('',*,*,#998,.F.);
#4502 = ADVANCED_FACE('',(#4503),#872,.F.);
#4503 = FACE_BOUND('',#4504,.T.);
#4504 = EDGE_LOOP('',(#4505,#4506,#4530,#4551));
#4505 = ORIENTED_EDGE('',*,*,#4433,.F.);
#4506 = ORIENTED_EDGE('',*,*,#4507,.F.);
#4507 = EDGE_CURVE('',#4508,#4411,#4510,.T.);
#4508 = VERTEX_POINT('',#4509);
#4509 = CARTESIAN_POINT('',(23.88,35.36,26.));
#4510 = SURFACE_CURVE('',#4511,(#4516,#4523),.PCURVE_S1.);
#4511 = CIRCLE('',#4512,2.09);
#4512 = AXIS2_PLACEMENT_3D('',#4513,#4514,#4515);
#4513 = CARTESIAN_POINT('',(21.79,35.36,26.));
#4514 = DIRECTION('',(0.,0.,1.));
#4515 = DIRECTION('',(-1.110223024625E-16,1.,0.));
#4516 = PCURVE('',#872,#4517);
#4517 = DEFINITIONAL_REPRESENTATION('',(#4518),#4522);
#4518 = LINE('',#4519,#4520);
#4519 = CARTESIAN_POINT('',(-6.28318530718,1.3));
#4520 = VECTOR('',#4521,1.);
#4521 = DIRECTION('',(1.,-0.));
#4522 = ( GEOMETRIC_REPRESENTATION_CONTEXT(2) 
PARAMETRIC_REPRESENTATION_CONTEXT() REPRESENTATION_CONTEXT('2D SPACE',''
  ) );
#4523 = PCURVE('',#4371,#4524);
#4524 = DEFINITIONAL_REPRESENTATION('',(#4525),#4529);
#4525 = CIRCLE('',#4526,2.09);
#4526 = AXIS2_PLACEMENT_2D('',#4527,#4528);
#4527 = CARTESIAN_POINT('',(4.19,10.955));
#4528 = DIRECTION('',(-1.,0.));
#4529 = ( GEOMETRIC_REPRESENTATION_CONTEXT(2) 
PARAMETRIC_REPRESENTATION_CONTEXT() REPRESENTATION_CONTEXT('2D SPACE',''
  ) );
#4530 = ORIENTED_EDGE('',*,*,#4531,.T.);
#4531 = EDGE_CURVE('',#4508,#856,#4532,.T.);
#4532 = SURFACE_CURVE('',#4533,(#4537,#4544),.PCURVE_S1.);
#4533 = LINE('',#4534,#4535);
#4534 = CARTESIAN_POINT('',(23.88,35.36,24.7));
#4535 = VECTOR('',#4536,1.);
#4536 = DIRECTION('',(0.,0.,1.));
#4537 = PCURVE('',#872,#4538);
#4538 = DEFINITIONAL_REPRESENTATION('',(#4539),#4543);
#4539 = LINE('',#4540,#4541);
#4540 = CARTESIAN_POINT('',(-1.570796326795,0.));
#4541 = VECTOR('',#4542,1.);
#4542 = DIRECTION('',(-0.,1.));
#4543 = ( GEOMETRIC_REPRESENTATION_CONTEXT(2) 
PARAMETRIC_REPRESENTATION_CONTEXT() REPRESENTATION_CONTEXT('2D SPACE',''
  ) );
#4544 = PCURVE('',#900,#4545);
#4545 = DEFINITIONAL_REPRESENTATION('',(#4546),#4550);
#4546 = LINE('',#4547,#4548);
#4547 = CARTESIAN_POINT('',(0.,2.09));
#4548 = VECTOR('',#4549,1.);
#4549 = DIRECTION('',(1.,0.));
#4550 = ( GEOMETRIC_REPRESENTATION_CONTEXT(2) 
PARAMETRIC_REPRESENTATION_CONTEXT() REPRESENTATION_CONTEXT('2D SPACE',''
  ) );
#4551 = ORIENTED_EDGE('',*,*,#855,.T.);
#4552 = ADVANCED_FACE('',(#4553),#986,.F.);
#4553 = FACE_BOUND('',#4554,.T.);
#4554 = EDGE_LOOP('',(#4555,#4578,#4600,#4601));
#4555 = ORIENTED_EDGE('',*,*,#4556,.F.);
#4556 = EDGE_CURVE('',#4557,#942,#4559,.T.);
#4557 = VERTEX_POINT('',#4558);
#4558 = CARTESIAN_POINT('',(15.025,33.25,26.));
#4559 = SURFACE_CURVE('',#4560,(#4564,#4571),.PCURVE_S1.);
#4560 = LINE('',#4561,#4562);
#4561 = CARTESIAN_POINT('',(15.025,33.25,24.7));
#4562 = VECTOR('',#4563,1.);
#4563 = DIRECTION('',(0.,0.,1.));
#4564 = PCURVE('',#986,#4565);
#4565 = DEFINITIONAL_REPRESENTATION('',(#4566),#4570);
#4566 = LINE('',#4567,#4568);
#4567 = CARTESIAN_POINT('',(-0.,0.));
#4568 = VECTOR('',#4569,1.);
#4569 = DIRECTION('',(-0.,1.));
#4570 = ( GEOMETRIC_REPRESENTATION_CONTEXT(2) 
PARAMETRIC_REPRESENTATION_CONTEXT() REPRESENTATION_CONTEXT('2D SPACE',''
  ) );
#4571 = PCURVE('',#957,#4572);
#4572 = DEFINITIONAL_REPRESENTATION('',(#4573),#4577);
#4573 = LINE('',#4574,#4575);
#4574 = CARTESIAN_POINT('',(0.,-2.09));
#4575 = VECTOR('',#4576,1.);
#4576 = DIRECTION('',(1.,0.));
#4577 = ( GEOMETRIC_REPRESENTATION_CONTEXT(2) 
PARAMETRIC_REPRESENTATION_CONTEXT() REPRESENTATION_CONTEXT('2D SPACE',''
  ) );
#4578 = ORIENTED_EDGE('',*,*,#4579,.F.);
#4579 = EDGE_CURVE('',#4458,#4557,#4580,.T.);
#4580 = SURFACE_CURVE('',#4581,(#4586,#4593),.PCURVE_S1.);
#4581 = CIRCLE('',#4582,2.09);
#4582 = AXIS2_PLACEMENT_3D('',#4583,#4584,#4585);
#4583 = CARTESIAN_POINT('',(15.025,35.34,26.));
#4584 = DIRECTION('',(-0.,0.,1.));
#4585 = DIRECTION('',(1.110223024625E-16,-1.,0.));
#4586 = PCURVE('',#986,#4587);
#4587 = DEFINITIONAL_REPRESENTATION('',(#4588),#4592);
#4588 = LINE('',#4589,#4590);
#4589 = CARTESIAN_POINT('',(-6.28318530718,1.3));
#4590 = VECTOR('',#4591,1.);
#4591 = DIRECTION('',(1.,-0.));
#4592 = ( GEOMETRIC_REPRESENTATION_CONTEXT(2) 
PARAMETRIC_REPRESENTATION_CONTEXT() REPRESENTATION_CONTEXT('2D SPACE',''
  ) );
#4593 = PCURVE('',#4371,#4594);
#4594 = DEFINITIONAL_REPRESENTATION('',(#4595),#4599);
#4595 = CIRCLE('',#4596,2.09);
#4596 = AXIS2_PLACEMENT_2D('',#4597,#4598);
#4597 = CARTESIAN_POINT('',(4.21,4.19));
#4598 = DIRECTION('',(1.,0.));
#4599 = ( GEOMETRIC_REPRESENTATION_CONTEXT(2) 
PARAMETRIC_REPRESENTATION_CONTEXT() REPRESENTATION_CONTEXT('2D SPACE',''
  ) );
#4600 = ORIENTED_EDGE('',*,*,#4457,.T.);
#4601 = ORIENTED_EDGE('',*,*,#969,.T.);
#4602 = ADVANCED_FACE('',(#4603),#900,.F.);
#4603 = FACE_BOUND('',#4604,.F.);
#4604 = EDGE_LOOP('',(#4605,#4628,#4649,#4650));
#4605 = ORIENTED_EDGE('',*,*,#4606,.F.);
#4606 = EDGE_CURVE('',#4607,#885,#4609,.T.);
#4607 = VERTEX_POINT('',#4608);
#4608 = CARTESIAN_POINT('',(23.88,35.34,26.));
#4609 = SURFACE_CURVE('',#4610,(#4614,#4621),.PCURVE_S1.);
#4610 = LINE('',#4611,#4612);
#4611 = CARTESIAN_POINT('',(23.88,35.34,24.7));
#4612 = VECTOR('',#4613,1.);
#4613 = DIRECTION('',(0.,0.,1.));
#4614 = PCURVE('',#900,#4615);
#4615 = DEFINITIONAL_REPRESENTATION('',(#4616),#4620);
#4616 = LINE('',#4617,#4618);
#4617 = CARTESIAN_POINT('',(0.,2.11));
#4618 = VECTOR('',#4619,1.);
#4619 = DIRECTION('',(1.,0.));
#4620 = ( GEOMETRIC_REPRESENTATION_CONTEXT(2) 
PARAMETRIC_REPRESENTATION_CONTEXT() REPRESENTATION_CONTEXT('2D SPACE',''
  ) );
#4621 = PCURVE('',#929,#4622);
#4622 = DEFINITIONAL_REPRESENTATION('',(#4623),#4627);
#4623 = LINE('',#4624,#4625);
#4624 = CARTESIAN_POINT('',(1.570796326795,0.));
#4625 = VECTOR('',#4626,1.);
#4626 = DIRECTION('',(0.,1.));
#4627 = ( GEOMETRIC_REPRESENTATION_CONTEXT(2) 
PARAMETRIC_REPRESENTATION_CONTEXT() REPRESENTATION_CONTEXT('2D SPACE',''
  ) );
#4628 = ORIENTED_EDGE('',*,*,#4629,.F.);
#4629 = EDGE_CURVE('',#4508,#4607,#4630,.T.);
#4630 = SURFACE_CURVE('',#4631,(#4635,#4642),.PCURVE_S1.);
#4631 = LINE('',#4632,#4633);
#4632 = CARTESIAN_POINT('',(23.88,38.5,26.));
#4633 = VECTOR('',#4634,1.);
#4634 = DIRECTION('',(1.110223024625E-16,-1.,0.));
#4635 = PCURVE('',#900,#4636);
#4636 = DEFINITIONAL_REPRESENTATION('',(#4637),#4641);
#4637 = LINE('',#4638,#4639);
#4638 = CARTESIAN_POINT('',(1.3,-1.05));
#4639 = VECTOR('',#4640,1.);
#4640 = DIRECTION('',(0.,1.));
#4641 = ( GEOMETRIC_REPRESENTATION_CONTEXT(2) 
PARAMETRIC_REPRESENTATION_CONTEXT() REPRESENTATION_CONTEXT('2D SPACE',''
  ) );
#4642 = PCURVE('',#4371,#4643);
#4643 = DEFINITIONAL_REPRESENTATION('',(#4644),#4648);
#4644 = LINE('',#4645,#4646);
#4645 = CARTESIAN_POINT('',(1.05,13.045));
#4646 = VECTOR('',#4647,1.);
#4647 = DIRECTION('',(1.,0.));
#4648 = ( GEOMETRIC_REPRESENTATION_CONTEXT(2) 
PARAMETRIC_REPRESENTATION_CONTEXT() REPRESENTATION_CONTEXT('2D SPACE',''
  ) );
#4649 = ORIENTED_EDGE('',*,*,#4531,.T.);
#4650 = ORIENTED_EDGE('',*,*,#884,.F.);
#4651 = ADVANCED_FACE('',(#4652),#957,.F.);
#4652 = FACE_BOUND('',#4653,.F.);
#4653 = EDGE_LOOP('',(#4654,#4655,#4656,#4679));
#4654 = ORIENTED_EDGE('',*,*,#941,.F.);
#4655 = ORIENTED_EDGE('',*,*,#4556,.F.);
#4656 = ORIENTED_EDGE('',*,*,#4657,.F.);
#4657 = EDGE_CURVE('',#4658,#4557,#4660,.T.);
#4658 = VERTEX_POINT('',#4659);
#4659 = CARTESIAN_POINT('',(21.79,33.25,26.));
#4660 = SURFACE_CURVE('',#4661,(#4665,#4672),.PCURVE_S1.);
#4661 = LINE('',#4662,#4663);
#4662 = CARTESIAN_POINT('',(11.885,33.25,26.));
#4663 = VECTOR('',#4664,1.);
#4664 = DIRECTION('',(-1.,-1.110223024625E-16,0.));
#4665 = PCURVE('',#957,#4666);
#4666 = DEFINITIONAL_REPRESENTATION('',(#4667),#4671);
#4667 = LINE('',#4668,#4669);
#4668 = CARTESIAN_POINT('',(1.3,1.05));
#4669 = VECTOR('',#4670,1.);
#4670 = DIRECTION('',(0.,1.));
#4671 = ( GEOMETRIC_REPRESENTATION_CONTEXT(2) 
PARAMETRIC_REPRESENTATION_CONTEXT() REPRESENTATION_CONTEXT('2D SPACE',''
  ) );
#4672 = PCURVE('',#4371,#4673);
#4673 = DEFINITIONAL_REPRESENTATION('',(#4674),#4678);
#4674 = LINE('',#4675,#4676);
#4675 = CARTESIAN_POINT('',(6.3,1.05));
#4676 = VECTOR('',#4677,1.);
#4677 = DIRECTION('',(0.,-1.));
#4678 = ( GEOMETRIC_REPRESENTATION_CONTEXT(2) 
PARAMETRIC_REPRESENTATION_CONTEXT() REPRESENTATION_CONTEXT('2D SPACE',''
  ) );
#4679 = ORIENTED_EDGE('',*,*,#4680,.T.);
#4680 = EDGE_CURVE('',#4658,#913,#4681,.T.);
#4681 = SURFACE_CURVE('',#4682,(#4686,#4693),.PCURVE_S1.);
#4682 = LINE('',#4683,#4684);
#4683 = CARTESIAN_POINT('',(21.79,33.25,24.7));
#4684 = VECTOR('',#4685,1.);
#4685 = DIRECTION('',(0.,0.,1.));
#4686 = PCURVE('',#957,#4687);
#4687 = DEFINITIONAL_REPRESENTATION('',(#4688),#4692);
#4688 = LINE('',#4689,#4690);
#4689 = CARTESIAN_POINT('',(0.,-8.855));
#4690 = VECTOR('',#4691,1.);
#4691 = DIRECTION('',(1.,0.));
#4692 = ( GEOMETRIC_REPRESENTATION_CONTEXT(2) 
PARAMETRIC_REPRESENTATION_CONTEXT() REPRESENTATION_CONTEXT('2D SPACE',''
  ) );
#4693 = PCURVE('',#929,#4694);
#4694 = DEFINITIONAL_REPRESENTATION('',(#4695),#4699);
#4695 = LINE('',#4696,#4697);
#4696 = CARTESIAN_POINT('',(0.,0.));
#4697 = VECTOR('',#4698,1.);
#4698 = DIRECTION('',(0.,1.));
#4699 = ( GEOMETRIC_REPRESENTATION_CONTEXT(2) 
PARAMETRIC_REPRESENTATION_CONTEXT() REPRESENTATION_CONTEXT('2D SPACE',''
  ) );
#4700 = ADVANCED_FACE('',(#4701),#929,.F.);
#4701 = FACE_BOUND('',#4702,.F.);
#4702 = EDGE_LOOP('',(#4703,#4704,#4726,#4727));
#4703 = ORIENTED_EDGE('',*,*,#4680,.F.);
#4704 = ORIENTED_EDGE('',*,*,#4705,.T.);
#4705 = EDGE_CURVE('',#4658,#4607,#4706,.T.);
#4706 = SURFACE_CURVE('',#4707,(#4712,#4719),.PCURVE_S1.);
#4707 = CIRCLE('',#4708,2.09);
#4708 = AXIS2_PLACEMENT_3D('',#4709,#4710,#4711);
#4709 = CARTESIAN_POINT('',(21.79,35.34,26.));
#4710 = DIRECTION('',(-0.,0.,1.));
#4711 = DIRECTION('',(1.110223024625E-16,-1.,0.));
#4712 = PCURVE('',#929,#4713);
#4713 = DEFINITIONAL_REPRESENTATION('',(#4714),#4718);
#4714 = LINE('',#4715,#4716);
#4715 = CARTESIAN_POINT('',(0.,1.3));
#4716 = VECTOR('',#4717,1.);
#4717 = DIRECTION('',(1.,0.));
#4718 = ( GEOMETRIC_REPRESENTATION_CONTEXT(2) 
PARAMETRIC_REPRESENTATION_CONTEXT() REPRESENTATION_CONTEXT('2D SPACE',''
  ) );
#4719 = PCURVE('',#4371,#4720);
#4720 = DEFINITIONAL_REPRESENTATION('',(#4721),#4725);
#4721 = CIRCLE('',#4722,2.09);
#4722 = AXIS2_PLACEMENT_2D('',#4723,#4724);
#4723 = CARTESIAN_POINT('',(4.21,10.955));
#4724 = DIRECTION('',(1.,0.));
#4725 = ( GEOMETRIC_REPRESENTATION_CONTEXT(2) 
PARAMETRIC_REPRESENTATION_CONTEXT() REPRESENTATION_CONTEXT('2D SPACE',''
  ) );
#4726 = ORIENTED_EDGE('',*,*,#4606,.T.);
#4727 = ORIENTED_EDGE('',*,*,#912,.F.);
#4728 = ADVANCED_FACE('',(#4729),#1045,.F.);
#4729 = FACE_BOUND('',#4730,.F.);
#4730 = EDGE_LOOP('',(#4731,#4754,#4783,#4804));
#4731 = ORIENTED_EDGE('',*,*,#4732,.F.);
#4732 = EDGE_CURVE('',#4733,#1027,#4735,.T.);
#4733 = VERTEX_POINT('',#4734);
#4734 = CARTESIAN_POINT('',(30.6,4.3,24.8));
#4735 = SURFACE_CURVE('',#4736,(#4740,#4747),.PCURVE_S1.);
#4736 = LINE('',#4737,#4738);
#4737 = CARTESIAN_POINT('',(30.6,4.3,24.7));
#4738 = VECTOR('',#4739,1.);
#4739 = DIRECTION('',(0.,0.,1.));
#4740 = PCURVE('',#1045,#4741);
#4741 = DEFINITIONAL_REPRESENTATION('',(#4742),#4746);
#4742 = LINE('',#4743,#4744);
#4743 = CARTESIAN_POINT('',(0.,0.));
#4744 = VECTOR('',#4745,1.);
#4745 = DIRECTION('',(0.,1.));
#4746 = ( GEOMETRIC_REPRESENTATION_CONTEXT(2) 
PARAMETRIC_REPRESENTATION_CONTEXT() REPRESENTATION_CONTEXT('2D SPACE',''
  ) );
#4747 = PCURVE('',#1073,#4748);
#4748 = DEFINITIONAL_REPRESENTATION('',(#4749),#4753);
#4749 = LINE('',#4750,#4751);
#4750 = CARTESIAN_POINT('',(0.,-0.6));
#4751 = VECTOR('',#4752,1.);
#4752 = DIRECTION('',(1.,0.));
#4753 = ( GEOMETRIC_REPRESENTATION_CONTEXT(2) 
PARAMETRIC_REPRESENTATION_CONTEXT() REPRESENTATION_CONTEXT('2D SPACE',''
  ) );
#4754 = ORIENTED_EDGE('',*,*,#4755,.T.);
#4755 = EDGE_CURVE('',#4733,#4756,#4758,.T.);
#4756 = VERTEX_POINT('',#4757);
#4757 = CARTESIAN_POINT('',(30.,3.7,24.8));
#4758 = SURFACE_CURVE('',#4759,(#4764,#4771),.PCURVE_S1.);
#4759 = CIRCLE('',#4760,0.6);
#4760 = AXIS2_PLACEMENT_3D('',#4761,#4762,#4763);
#4761 = CARTESIAN_POINT('',(30.6,3.7,24.8));
#4762 = DIRECTION('',(0.,0.,1.));
#4763 = DIRECTION('',(-1.110223024625E-16,1.,0.));
#4764 = PCURVE('',#1045,#4765);
#4765 = DEFINITIONAL_REPRESENTATION('',(#4766),#4770);
#4766 = LINE('',#4767,#4768);
#4767 = CARTESIAN_POINT('',(0.,0.1));
#4768 = VECTOR('',#4769,1.);
#4769 = DIRECTION('',(1.,0.));
#4770 = ( GEOMETRIC_REPRESENTATION_CONTEXT(2) 
PARAMETRIC_REPRESENTATION_CONTEXT() REPRESENTATION_CONTEXT('2D SPACE',''
  ) );
#4771 = PCURVE('',#4772,#4777);
#4772 = PLANE('',#4773);
#4773 = AXIS2_PLACEMENT_3D('',#4774,#4775,#4776);
#4774 = CARTESIAN_POINT('',(-1.15,71.85,24.8));
#4775 = DIRECTION('',(0.,0.,1.));
#4776 = DIRECTION('',(1.110223024625E-16,-1.,0.));
#4777 = DEFINITIONAL_REPRESENTATION('',(#4778),#4782);
#4778 = CIRCLE('',#4779,0.6);
#4779 = AXIS2_PLACEMENT_2D('',#4780,#4781);
#4780 = CARTESIAN_POINT('',(68.15,31.75));
#4781 = DIRECTION('',(-1.,0.));
#4782 = ( GEOMETRIC_REPRESENTATION_CONTEXT(2) 
PARAMETRIC_REPRESENTATION_CONTEXT() REPRESENTATION_CONTEXT('2D SPACE',''
  ) );
#4783 = ORIENTED_EDGE('',*,*,#4784,.T.);
#4784 = EDGE_CURVE('',#4756,#1029,#4785,.T.);
#4785 = SURFACE_CURVE('',#4786,(#4790,#4797),.PCURVE_S1.);
#4786 = LINE('',#4787,#4788);
#4787 = CARTESIAN_POINT('',(30.,3.7,24.7));
#4788 = VECTOR('',#4789,1.);
#4789 = DIRECTION('',(0.,0.,1.));
#4790 = PCURVE('',#1045,#4791);
#4791 = DEFINITIONAL_REPRESENTATION('',(#4792),#4796);
#4792 = LINE('',#4793,#4794);
#4793 = CARTESIAN_POINT('',(1.570796326795,0.));
#4794 = VECTOR('',#4795,1.);
#4795 = DIRECTION('',(0.,1.));
#4796 = ( GEOMETRIC_REPRESENTATION_CONTEXT(2) 
PARAMETRIC_REPRESENTATION_CONTEXT() REPRESENTATION_CONTEXT('2D SPACE',''
  ) );
#4797 = PCURVE('',#1242,#4798);
#4798 = DEFINITIONAL_REPRESENTATION('',(#4799),#4803);
#4799 = LINE('',#4800,#4801);
#4800 = CARTESIAN_POINT('',(0.,0.6));
#4801 = VECTOR('',#4802,1.);
#4802 = DIRECTION('',(1.,0.));
#4803 = ( GEOMETRIC_REPRESENTATION_CONTEXT(2) 
PARAMETRIC_REPRESENTATION_CONTEXT() REPRESENTATION_CONTEXT('2D SPACE',''
  ) );
#4804 = ORIENTED_EDGE('',*,*,#1026,.F.);
#4805 = ADVANCED_FACE('',(#4806),#1073,.T.);
#4806 = FACE_BOUND('',#4807,.T.);
#4807 = EDGE_LOOP('',(#4808,#4809,#4810,#4833));
#4808 = ORIENTED_EDGE('',*,*,#1057,.F.);
#4809 = ORIENTED_EDGE('',*,*,#4732,.F.);
#4810 = ORIENTED_EDGE('',*,*,#4811,.T.);
#4811 = EDGE_CURVE('',#4733,#4812,#4814,.T.);
#4812 = VERTEX_POINT('',#4813);
#4813 = CARTESIAN_POINT('',(36.4,4.3,24.8));
#4814 = SURFACE_CURVE('',#4815,(#4819,#4826),.PCURVE_S1.);
#4815 = LINE('',#4816,#4817);
#4816 = CARTESIAN_POINT('',(14.425,4.3,24.8));
#4817 = VECTOR('',#4818,1.);
#4818 = DIRECTION('',(1.,1.110223024625E-16,0.));
#4819 = PCURVE('',#1073,#4820);
#4820 = DEFINITIONAL_REPRESENTATION('',(#4821),#4825);
#4821 = LINE('',#4822,#4823);
#4822 = CARTESIAN_POINT('',(0.1,15.575));
#4823 = VECTOR('',#4824,1.);
#4824 = DIRECTION('',(0.,-1.));
#4825 = ( GEOMETRIC_REPRESENTATION_CONTEXT(2) 
PARAMETRIC_REPRESENTATION_CONTEXT() REPRESENTATION_CONTEXT('2D SPACE',''
  ) );
#4826 = PCURVE('',#4772,#4827);
#4827 = DEFINITIONAL_REPRESENTATION('',(#4828),#4832);
#4828 = LINE('',#4829,#4830);
#4829 = CARTESIAN_POINT('',(67.55,15.575));
#4830 = VECTOR('',#4831,1.);
#4831 = DIRECTION('',(0.,1.));
#4832 = ( GEOMETRIC_REPRESENTATION_CONTEXT(2) 
PARAMETRIC_REPRESENTATION_CONTEXT() REPRESENTATION_CONTEXT('2D SPACE',''
  ) );
#4833 = ORIENTED_EDGE('',*,*,#4834,.T.);
#4834 = EDGE_CURVE('',#4812,#1058,#4835,.T.);
#4835 = SURFACE_CURVE('',#4836,(#4840,#4847),.PCURVE_S1.);
#4836 = LINE('',#4837,#4838);
#4837 = CARTESIAN_POINT('',(36.4,4.3,24.7));
#4838 = VECTOR('',#4839,1.);
#4839 = DIRECTION('',(0.,0.,1.));
#4840 = PCURVE('',#1073,#4841);
#4841 = DEFINITIONAL_REPRESENTATION('',(#4842),#4846);
#4842 = LINE('',#4843,#4844);
#4843 = CARTESIAN_POINT('',(0.,-6.4));
#4844 = VECTOR('',#4845,1.);
#4845 = DIRECTION('',(1.,0.));
#4846 = ( GEOMETRIC_REPRESENTATION_CONTEXT(2) 
PARAMETRIC_REPRESENTATION_CONTEXT() REPRESENTATION_CONTEXT('2D SPACE',''
  ) );
#4847 = PCURVE('',#1102,#4848);
#4848 = DEFINITIONAL_REPRESENTATION('',(#4849),#4853);
#4849 = LINE('',#4850,#4851);
#4850 = CARTESIAN_POINT('',(-0.,0.));
#4851 = VECTOR('',#4852,1.);
#4852 = DIRECTION('',(-0.,1.));
#4853 = ( GEOMETRIC_REPRESENTATION_CONTEXT(2) 
PARAMETRIC_REPRESENTATION_CONTEXT() REPRESENTATION_CONTEXT('2D SPACE',''
  ) );
#4854 = ADVANCED_FACE('',(#4855),#1242,.T.);
#4855 = FACE_BOUND('',#4856,.T.);
#4856 = EDGE_LOOP('',(#4857,#4880,#4881,#4882));
#4857 = ORIENTED_EDGE('',*,*,#4858,.T.);
#4858 = EDGE_CURVE('',#4859,#4756,#4861,.T.);
#4859 = VERTEX_POINT('',#4860);
#4860 = CARTESIAN_POINT('',(30.,3.5,24.8));
#4861 = SURFACE_CURVE('',#4862,(#4866,#4873),.PCURVE_S1.);
#4862 = LINE('',#4863,#4864);
#4863 = CARTESIAN_POINT('',(30.,38.075,24.8));
#4864 = VECTOR('',#4865,1.);
#4865 = DIRECTION('',(-1.110223024625E-16,1.,0.));
#4866 = PCURVE('',#1242,#4867);
#4867 = DEFINITIONAL_REPRESENTATION('',(#4868),#4872);
#4868 = LINE('',#4869,#4870);
#4869 = CARTESIAN_POINT('',(0.1,-33.775));
#4870 = VECTOR('',#4871,1.);
#4871 = DIRECTION('',(0.,-1.));
#4872 = ( GEOMETRIC_REPRESENTATION_CONTEXT(2) 
PARAMETRIC_REPRESENTATION_CONTEXT() REPRESENTATION_CONTEXT('2D SPACE',''
  ) );
#4873 = PCURVE('',#4772,#4874);
#4874 = DEFINITIONAL_REPRESENTATION('',(#4875),#4879);
#4875 = LINE('',#4876,#4877);
#4876 = CARTESIAN_POINT('',(33.775,31.15));
#4877 = VECTOR('',#4878,1.);
#4878 = DIRECTION('',(-1.,0.));
#4879 = ( GEOMETRIC_REPRESENTATION_CONTEXT(2) 
PARAMETRIC_REPRESENTATION_CONTEXT() REPRESENTATION_CONTEXT('2D SPACE',''
  ) );
#4880 = ORIENTED_EDGE('',*,*,#4784,.T.);
#4881 = ORIENTED_EDGE('',*,*,#1228,.F.);
#4882 = ORIENTED_EDGE('',*,*,#4883,.F.);
#4883 = EDGE_CURVE('',#4859,#1200,#4884,.T.);
#4884 = SURFACE_CURVE('',#4885,(#4889,#4896),.PCURVE_S1.);
#4885 = LINE('',#4886,#4887);
#4886 = CARTESIAN_POINT('',(30.,3.5,24.7));
#4887 = VECTOR('',#4888,1.);
#4888 = DIRECTION('',(0.,0.,1.));
#4889 = PCURVE('',#1242,#4890);
#4890 = DEFINITIONAL_REPRESENTATION('',(#4891),#4895);
#4891 = LINE('',#4892,#4893);
#4892 = CARTESIAN_POINT('',(0.,0.8));
#4893 = VECTOR('',#4894,1.);
#4894 = DIRECTION('',(1.,0.));
#4895 = ( GEOMETRIC_REPRESENTATION_CONTEXT(2) 
PARAMETRIC_REPRESENTATION_CONTEXT() REPRESENTATION_CONTEXT('2D SPACE',''
  ) );
#4896 = PCURVE('',#1216,#4897);
#4897 = DEFINITIONAL_REPRESENTATION('',(#4898),#4902);
#4898 = LINE('',#4899,#4900);
#4899 = CARTESIAN_POINT('',(-1.570796326795,0.));
#4900 = VECTOR('',#4901,1.);
#4901 = DIRECTION('',(-0.,1.));
#4902 = ( GEOMETRIC_REPRESENTATION_CONTEXT(2) 
PARAMETRIC_REPRESENTATION_CONTEXT() REPRESENTATION_CONTEXT('2D SPACE',''
  ) );
#4903 = ADVANCED_FACE('',(#4904),#1102,.F.);
#4904 = FACE_BOUND('',#4905,.T.);
#4905 = EDGE_LOOP('',(#4906,#4907,#4931,#4952));
#4906 = ORIENTED_EDGE('',*,*,#4834,.F.);
#4907 = ORIENTED_EDGE('',*,*,#4908,.F.);
#4908 = EDGE_CURVE('',#4909,#4812,#4911,.T.);
#4909 = VERTEX_POINT('',#4910);
#4910 = CARTESIAN_POINT('',(37.,3.7,24.8));
#4911 = SURFACE_CURVE('',#4912,(#4917,#4924),.PCURVE_S1.);
#4912 = CIRCLE('',#4913,0.6);
#4913 = AXIS2_PLACEMENT_3D('',#4914,#4915,#4916);
#4914 = CARTESIAN_POINT('',(36.4,3.7,24.8));
#4915 = DIRECTION('',(0.,0.,1.));
#4916 = DIRECTION('',(-1.110223024625E-16,1.,0.));
#4917 = PCURVE('',#1102,#4918);
#4918 = DEFINITIONAL_REPRESENTATION('',(#4919),#4923);
#4919 = LINE('',#4920,#4921);
#4920 = CARTESIAN_POINT('',(-6.28318530718,0.1));
#4921 = VECTOR('',#4922,1.);
#4922 = DIRECTION('',(1.,-0.));
#4923 = ( GEOMETRIC_REPRESENTATION_CONTEXT(2) 
PARAMETRIC_REPRESENTATION_CONTEXT() REPRESENTATION_CONTEXT('2D SPACE',''
  ) );
#4924 = PCURVE('',#4772,#4925);
#4925 = DEFINITIONAL_REPRESENTATION('',(#4926),#4930);
#4926 = CIRCLE('',#4927,0.6);
#4927 = AXIS2_PLACEMENT_2D('',#4928,#4929);
#4928 = CARTESIAN_POINT('',(68.15,37.55));
#4929 = DIRECTION('',(-1.,0.));
#4930 = ( GEOMETRIC_REPRESENTATION_CONTEXT(2) 
PARAMETRIC_REPRESENTATION_CONTEXT() REPRESENTATION_CONTEXT('2D SPACE',''
  ) );
#4931 = ORIENTED_EDGE('',*,*,#4932,.T.);
#4932 = EDGE_CURVE('',#4909,#1086,#4933,.T.);
#4933 = SURFACE_CURVE('',#4934,(#4938,#4945),.PCURVE_S1.);
#4934 = LINE('',#4935,#4936);
#4935 = CARTESIAN_POINT('',(37.,3.7,24.7));
#4936 = VECTOR('',#4937,1.);
#4937 = DIRECTION('',(0.,0.,1.));
#4938 = PCURVE('',#1102,#4939);
#4939 = DEFINITIONAL_REPRESENTATION('',(#4940),#4944);
#4940 = LINE('',#4941,#4942);
#4941 = CARTESIAN_POINT('',(-1.570796326795,0.));
#4942 = VECTOR('',#4943,1.);
#4943 = DIRECTION('',(-0.,1.));
#4944 = ( GEOMETRIC_REPRESENTATION_CONTEXT(2) 
PARAMETRIC_REPRESENTATION_CONTEXT() REPRESENTATION_CONTEXT('2D SPACE',''
  ) );
#4945 = PCURVE('',#1130,#4946);
#4946 = DEFINITIONAL_REPRESENTATION('',(#4947),#4951);
#4947 = LINE('',#4948,#4949);
#4948 = CARTESIAN_POINT('',(0.,0.6));
#4949 = VECTOR('',#4950,1.);
#4950 = DIRECTION('',(1.,0.));
#4951 = ( GEOMETRIC_REPRESENTATION_CONTEXT(2) 
PARAMETRIC_REPRESENTATION_CONTEXT() REPRESENTATION_CONTEXT('2D SPACE',''
  ) );
#4952 = ORIENTED_EDGE('',*,*,#1085,.T.);
#4953 = ADVANCED_FACE('',(#4954),#1216,.F.);
#4954 = FACE_BOUND('',#4955,.T.);
#4955 = EDGE_LOOP('',(#4956,#4979,#5001,#5002));
#4956 = ORIENTED_EDGE('',*,*,#4957,.F.);
#4957 = EDGE_CURVE('',#4958,#1172,#4960,.T.);
#4958 = VERTEX_POINT('',#4959);
#4959 = CARTESIAN_POINT('',(30.6,2.9,24.8));
#4960 = SURFACE_CURVE('',#4961,(#4965,#4972),.PCURVE_S1.);
#4961 = LINE('',#4962,#4963);
#4962 = CARTESIAN_POINT('',(30.6,2.9,24.7));
#4963 = VECTOR('',#4964,1.);
#4964 = DIRECTION('',(0.,0.,1.));
#4965 = PCURVE('',#1216,#4966);
#4966 = DEFINITIONAL_REPRESENTATION('',(#4967),#4971);
#4967 = LINE('',#4968,#4969);
#4968 = CARTESIAN_POINT('',(-0.,0.));
#4969 = VECTOR('',#4970,1.);
#4970 = DIRECTION('',(-0.,1.));
#4971 = ( GEOMETRIC_REPRESENTATION_CONTEXT(2) 
PARAMETRIC_REPRESENTATION_CONTEXT() REPRESENTATION_CONTEXT('2D SPACE',''
  ) );
#4972 = PCURVE('',#1187,#4973);
#4973 = DEFINITIONAL_REPRESENTATION('',(#4974),#4978);
#4974 = LINE('',#4975,#4976);
#4975 = CARTESIAN_POINT('',(0.,-0.6));
#4976 = VECTOR('',#4977,1.);
#4977 = DIRECTION('',(1.,0.));
#4978 = ( GEOMETRIC_REPRESENTATION_CONTEXT(2) 
PARAMETRIC_REPRESENTATION_CONTEXT() REPRESENTATION_CONTEXT('2D SPACE',''
  ) );
#4979 = ORIENTED_EDGE('',*,*,#4980,.F.);
#4980 = EDGE_CURVE('',#4859,#4958,#4981,.T.);
#4981 = SURFACE_CURVE('',#4982,(#4987,#4994),.PCURVE_S1.);
#4982 = CIRCLE('',#4983,0.6);
#4983 = AXIS2_PLACEMENT_3D('',#4984,#4985,#4986);
#4984 = CARTESIAN_POINT('',(30.6,3.5,24.8));
#4985 = DIRECTION('',(-0.,0.,1.));
#4986 = DIRECTION('',(1.110223024625E-16,-1.,0.));
#4987 = PCURVE('',#1216,#4988);
#4988 = DEFINITIONAL_REPRESENTATION('',(#4989),#4993);
#4989 = LINE('',#4990,#4991);
#4990 = CARTESIAN_POINT('',(-6.28318530718,0.1));
#4991 = VECTOR('',#4992,1.);
#4992 = DIRECTION('',(1.,-0.));
#4993 = ( GEOMETRIC_REPRESENTATION_CONTEXT(2) 
PARAMETRIC_REPRESENTATION_CONTEXT() REPRESENTATION_CONTEXT('2D SPACE',''
  ) );
#4994 = PCURVE('',#4772,#4995);
#4995 = DEFINITIONAL_REPRESENTATION('',(#4996),#5000);
#4996 = CIRCLE('',#4997,0.6);
#4997 = AXIS2_PLACEMENT_2D('',#4998,#4999);
#4998 = CARTESIAN_POINT('',(68.35,31.75));
#4999 = DIRECTION('',(1.,0.));
#5000 = ( GEOMETRIC_REPRESENTATION_CONTEXT(2) 
PARAMETRIC_REPRESENTATION_CONTEXT() REPRESENTATION_CONTEXT('2D SPACE',''
  ) );
#5001 = ORIENTED_EDGE('',*,*,#4883,.T.);
#5002 = ORIENTED_EDGE('',*,*,#1199,.T.);
#5003 = ADVANCED_FACE('',(#5004),#1130,.F.);
#5004 = FACE_BOUND('',#5005,.F.);
#5005 = EDGE_LOOP('',(#5006,#5029,#5030,#5031));
#5006 = ORIENTED_EDGE('',*,*,#5007,.T.);
#5007 = EDGE_CURVE('',#5008,#4909,#5010,.T.);
#5008 = VERTEX_POINT('',#5009);
#5009 = CARTESIAN_POINT('',(37.,3.5,24.8));
#5010 = SURFACE_CURVE('',#5011,(#5015,#5022),.PCURVE_S1.);
#5011 = LINE('',#5012,#5013);
#5012 = CARTESIAN_POINT('',(37.,38.075,24.8));
#5013 = VECTOR('',#5014,1.);
#5014 = DIRECTION('',(-1.110223024625E-16,1.,0.));
#5015 = PCURVE('',#1130,#5016);
#5016 = DEFINITIONAL_REPRESENTATION('',(#5017),#5021);
#5017 = LINE('',#5018,#5019);
#5018 = CARTESIAN_POINT('',(0.1,-33.775));
#5019 = VECTOR('',#5020,1.);
#5020 = DIRECTION('',(0.,-1.));
#5021 = ( GEOMETRIC_REPRESENTATION_CONTEXT(2) 
PARAMETRIC_REPRESENTATION_CONTEXT() REPRESENTATION_CONTEXT('2D SPACE',''
  ) );
#5022 = PCURVE('',#4772,#5023);
#5023 = DEFINITIONAL_REPRESENTATION('',(#5024),#5028);
#5024 = LINE('',#5025,#5026);
#5025 = CARTESIAN_POINT('',(33.775,38.15));
#5026 = VECTOR('',#5027,1.);
#5027 = DIRECTION('',(-1.,0.));
#5028 = ( GEOMETRIC_REPRESENTATION_CONTEXT(2) 
PARAMETRIC_REPRESENTATION_CONTEXT() REPRESENTATION_CONTEXT('2D SPACE',''
  ) );
#5029 = ORIENTED_EDGE('',*,*,#4932,.T.);
#5030 = ORIENTED_EDGE('',*,*,#1114,.F.);
#5031 = ORIENTED_EDGE('',*,*,#5032,.F.);
#5032 = EDGE_CURVE('',#5008,#1115,#5033,.T.);
#5033 = SURFACE_CURVE('',#5034,(#5038,#5045),.PCURVE_S1.);
#5034 = LINE('',#5035,#5036);
#5035 = CARTESIAN_POINT('',(37.,3.5,24.7));
#5036 = VECTOR('',#5037,1.);
#5037 = DIRECTION('',(0.,0.,1.));
#5038 = PCURVE('',#1130,#5039);
#5039 = DEFINITIONAL_REPRESENTATION('',(#5040),#5044);
#5040 = LINE('',#5041,#5042);
#5041 = CARTESIAN_POINT('',(0.,0.8));
#5042 = VECTOR('',#5043,1.);
#5043 = DIRECTION('',(1.,0.));
#5044 = ( GEOMETRIC_REPRESENTATION_CONTEXT(2) 
PARAMETRIC_REPRESENTATION_CONTEXT() REPRESENTATION_CONTEXT('2D SPACE',''
  ) );
#5045 = PCURVE('',#1159,#5046);
#5046 = DEFINITIONAL_REPRESENTATION('',(#5047),#5051);
#5047 = LINE('',#5048,#5049);
#5048 = CARTESIAN_POINT('',(1.570796326795,0.));
#5049 = VECTOR('',#5050,1.);
#5050 = DIRECTION('',(0.,1.));
#5051 = ( GEOMETRIC_REPRESENTATION_CONTEXT(2) 
PARAMETRIC_REPRESENTATION_CONTEXT() REPRESENTATION_CONTEXT('2D SPACE',''
  ) );
#5052 = ADVANCED_FACE('',(#5053),#1187,.F.);
#5053 = FACE_BOUND('',#5054,.F.);
#5054 = EDGE_LOOP('',(#5055,#5056,#5057,#5080));
#5055 = ORIENTED_EDGE('',*,*,#1171,.F.);
#5056 = ORIENTED_EDGE('',*,*,#4957,.F.);
#5057 = ORIENTED_EDGE('',*,*,#5058,.T.);
#5058 = EDGE_CURVE('',#4958,#5059,#5061,.T.);
#5059 = VERTEX_POINT('',#5060);
#5060 = CARTESIAN_POINT('',(36.4,2.9,24.8));
#5061 = SURFACE_CURVE('',#5062,(#5066,#5073),.PCURVE_S1.);
#5062 = LINE('',#5063,#5064);
#5063 = CARTESIAN_POINT('',(14.425,2.9,24.8));
#5064 = VECTOR('',#5065,1.);
#5065 = DIRECTION('',(1.,1.110223024625E-16,0.));
#5066 = PCURVE('',#1187,#5067);
#5067 = DEFINITIONAL_REPRESENTATION('',(#5068),#5072);
#5068 = LINE('',#5069,#5070);
#5069 = CARTESIAN_POINT('',(0.1,15.575));
#5070 = VECTOR('',#5071,1.);
#5071 = DIRECTION('',(0.,-1.));
#5072 = ( GEOMETRIC_REPRESENTATION_CONTEXT(2) 
PARAMETRIC_REPRESENTATION_CONTEXT() REPRESENTATION_CONTEXT('2D SPACE',''
  ) );
#5073 = PCURVE('',#4772,#5074);
#5074 = DEFINITIONAL_REPRESENTATION('',(#5075),#5079);
#5075 = LINE('',#5076,#5077);
#5076 = CARTESIAN_POINT('',(68.95,15.575));
#5077 = VECTOR('',#5078,1.);
#5078 = DIRECTION('',(0.,1.));
#5079 = ( GEOMETRIC_REPRESENTATION_CONTEXT(2) 
PARAMETRIC_REPRESENTATION_CONTEXT() REPRESENTATION_CONTEXT('2D SPACE',''
  ) );
#5080 = ORIENTED_EDGE('',*,*,#5081,.T.);
#5081 = EDGE_CURVE('',#5059,#1143,#5082,.T.);
#5082 = SURFACE_CURVE('',#5083,(#5087,#5094),.PCURVE_S1.);
#5083 = LINE('',#5084,#5085);
#5084 = CARTESIAN_POINT('',(36.4,2.9,24.7));
#5085 = VECTOR('',#5086,1.);
#5086 = DIRECTION('',(0.,0.,1.));
#5087 = PCURVE('',#1187,#5088);
#5088 = DEFINITIONAL_REPRESENTATION('',(#5089),#5093);
#5089 = LINE('',#5090,#5091);
#5090 = CARTESIAN_POINT('',(0.,-6.4));
#5091 = VECTOR('',#5092,1.);
#5092 = DIRECTION('',(1.,0.));
#5093 = ( GEOMETRIC_REPRESENTATION_CONTEXT(2) 
PARAMETRIC_REPRESENTATION_CONTEXT() REPRESENTATION_CONTEXT('2D SPACE',''
  ) );
#5094 = PCURVE('',#1159,#5095);
#5095 = DEFINITIONAL_REPRESENTATION('',(#5096),#5100);
#5096 = LINE('',#5097,#5098);
#5097 = CARTESIAN_POINT('',(0.,0.));
#5098 = VECTOR('',#5099,1.);
#5099 = DIRECTION('',(0.,1.));
#5100 = ( GEOMETRIC_REPRESENTATION_CONTEXT(2) 
PARAMETRIC_REPRESENTATION_CONTEXT() REPRESENTATION_CONTEXT('2D SPACE',''
  ) );
#5101 = ADVANCED_FACE('',(#5102),#1159,.F.);
#5102 = FACE_BOUND('',#5103,.F.);
#5103 = EDGE_LOOP('',(#5104,#5105,#5127,#5128));
#5104 = ORIENTED_EDGE('',*,*,#5081,.F.);
#5105 = ORIENTED_EDGE('',*,*,#5106,.T.);
#5106 = EDGE_CURVE('',#5059,#5008,#5107,.T.);
#5107 = SURFACE_CURVE('',#5108,(#5113,#5120),.PCURVE_S1.);
#5108 = CIRCLE('',#5109,0.6);
#5109 = AXIS2_PLACEMENT_3D('',#5110,#5111,#5112);
#5110 = CARTESIAN_POINT('',(36.4,3.5,24.8));
#5111 = DIRECTION('',(-0.,0.,1.));
#5112 = DIRECTION('',(1.110223024625E-16,-1.,0.));
#5113 = PCURVE('',#1159,#5114);
#5114 = DEFINITIONAL_REPRESENTATION('',(#5115),#5119);
#5115 = LINE('',#5116,#5117);
#5116 = CARTESIAN_POINT('',(0.,0.1));
#5117 = VECTOR('',#5118,1.);
#5118 = DIRECTION('',(1.,0.));
#5119 = ( GEOMETRIC_REPRESENTATION_CONTEXT(2) 
PARAMETRIC_REPRESENTATION_CONTEXT() REPRESENTATION_CONTEXT('2D SPACE',''
  ) );
#5120 = PCURVE('',#4772,#5121);
#5121 = DEFINITIONAL_REPRESENTATION('',(#5122),#5126);
#5122 = CIRCLE('',#5123,0.6);
#5123 = AXIS2_PLACEMENT_2D('',#5124,#5125);
#5124 = CARTESIAN_POINT('',(68.35,37.55));
#5125 = DIRECTION('',(1.,0.));
#5126 = ( GEOMETRIC_REPRESENTATION_CONTEXT(2) 
PARAMETRIC_REPRESENTATION_CONTEXT() REPRESENTATION_CONTEXT('2D SPACE',''
  ) );
#5127 = ORIENTED_EDGE('',*,*,#5032,.T.);
#5128 = ORIENTED_EDGE('',*,*,#1142,.F.);
#5129 = ADVANCED_FACE('',(#5130),#1275,.F.);
#5130 = FACE_BOUND('',#5131,.F.);
#5131 = EDGE_LOOP('',(#5132,#5155,#5179,#5200));
#5132 = ORIENTED_EDGE('',*,*,#5133,.F.);
#5133 = EDGE_CURVE('',#5134,#1257,#5136,.T.);
#5134 = VERTEX_POINT('',#5135);
#5135 = CARTESIAN_POINT('',(30.6,1.5,24.8));
#5136 = SURFACE_CURVE('',#5137,(#5141,#5148),.PCURVE_S1.);
#5137 = LINE('',#5138,#5139);
#5138 = CARTESIAN_POINT('',(30.6,1.5,24.7));
#5139 = VECTOR('',#5140,1.);
#5140 = DIRECTION('',(0.,0.,1.));
#5141 = PCURVE('',#1275,#5142);
#5142 = DEFINITIONAL_REPRESENTATION('',(#5143),#5147);
#5143 = LINE('',#5144,#5145);
#5144 = CARTESIAN_POINT('',(0.,0.));
#5145 = VECTOR('',#5146,1.);
#5146 = DIRECTION('',(0.,1.));
#5147 = ( GEOMETRIC_REPRESENTATION_CONTEXT(2) 
PARAMETRIC_REPRESENTATION_CONTEXT() REPRESENTATION_CONTEXT('2D SPACE',''
  ) );
#5148 = PCURVE('',#1303,#5149);
#5149 = DEFINITIONAL_REPRESENTATION('',(#5150),#5154);
#5150 = LINE('',#5151,#5152);
#5151 = CARTESIAN_POINT('',(0.,-0.6));
#5152 = VECTOR('',#5153,1.);
#5153 = DIRECTION('',(1.,0.));
#5154 = ( GEOMETRIC_REPRESENTATION_CONTEXT(2) 
PARAMETRIC_REPRESENTATION_CONTEXT() REPRESENTATION_CONTEXT('2D SPACE',''
  ) );
#5155 = ORIENTED_EDGE('',*,*,#5156,.T.);
#5156 = EDGE_CURVE('',#5134,#5157,#5159,.T.);
#5157 = VERTEX_POINT('',#5158);
#5158 = CARTESIAN_POINT('',(30.,0.9,24.8));
#5159 = SURFACE_CURVE('',#5160,(#5165,#5172),.PCURVE_S1.);
#5160 = CIRCLE('',#5161,0.6);
#5161 = AXIS2_PLACEMENT_3D('',#5162,#5163,#5164);
#5162 = CARTESIAN_POINT('',(30.6,0.9,24.8));
#5163 = DIRECTION('',(0.,0.,1.));
#5164 = DIRECTION('',(-1.110223024625E-16,1.,0.));
#5165 = PCURVE('',#1275,#5166);
#5166 = DEFINITIONAL_REPRESENTATION('',(#5167),#5171);
#5167 = LINE('',#5168,#5169);
#5168 = CARTESIAN_POINT('',(0.,0.1));
#5169 = VECTOR('',#5170,1.);
#5170 = DIRECTION('',(1.,0.));
#5171 = ( GEOMETRIC_REPRESENTATION_CONTEXT(2) 
PARAMETRIC_REPRESENTATION_CONTEXT() REPRESENTATION_CONTEXT('2D SPACE',''
  ) );
#5172 = PCURVE('',#4772,#5173);
#5173 = DEFINITIONAL_REPRESENTATION('',(#5174),#5178);
#5174 = CIRCLE('',#5175,0.6);
#5175 = AXIS2_PLACEMENT_2D('',#5176,#5177);
#5176 = CARTESIAN_POINT('',(70.95,31.75));
#5177 = DIRECTION('',(-1.,0.));
#5178 = ( GEOMETRIC_REPRESENTATION_CONTEXT(2) 
PARAMETRIC_REPRESENTATION_CONTEXT() REPRESENTATION_CONTEXT('2D SPACE',''
  ) );
#5179 = ORIENTED_EDGE('',*,*,#5180,.T.);
#5180 = EDGE_CURVE('',#5157,#1259,#5181,.T.);
#5181 = SURFACE_CURVE('',#5182,(#5186,#5193),.PCURVE_S1.);
#5182 = LINE('',#5183,#5184);
#5183 = CARTESIAN_POINT('',(30.,0.9,24.7));
#5184 = VECTOR('',#5185,1.);
#5185 = DIRECTION('',(0.,0.,1.));
#5186 = PCURVE('',#1275,#5187);
#5187 = DEFINITIONAL_REPRESENTATION('',(#5188),#5192);
#5188 = LINE('',#5189,#5190);
#5189 = CARTESIAN_POINT('',(1.570796326795,0.));
#5190 = VECTOR('',#5191,1.);
#5191 = DIRECTION('',(0.,1.));
#5192 = ( GEOMETRIC_REPRESENTATION_CONTEXT(2) 
PARAMETRIC_REPRESENTATION_CONTEXT() REPRESENTATION_CONTEXT('2D SPACE',''
  ) );
#5193 = PCURVE('',#1472,#5194);
#5194 = DEFINITIONAL_REPRESENTATION('',(#5195),#5199);
#5195 = LINE('',#5196,#5197);
#5196 = CARTESIAN_POINT('',(0.,0.6));
#5197 = VECTOR('',#5198,1.);
#5198 = DIRECTION('',(1.,0.));
#5199 = ( GEOMETRIC_REPRESENTATION_CONTEXT(2) 
PARAMETRIC_REPRESENTATION_CONTEXT() REPRESENTATION_CONTEXT('2D SPACE',''
  ) );
#5200 = ORIENTED_EDGE('',*,*,#1256,.F.);
#5201 = ADVANCED_FACE('',(#5202),#1303,.T.);
#5202 = FACE_BOUND('',#5203,.T.);
#5203 = EDGE_LOOP('',(#5204,#5205,#5206,#5229));
#5204 = ORIENTED_EDGE('',*,*,#1287,.F.);
#5205 = ORIENTED_EDGE('',*,*,#5133,.F.);
#5206 = ORIENTED_EDGE('',*,*,#5207,.T.);
#5207 = EDGE_CURVE('',#5134,#5208,#5210,.T.);
#5208 = VERTEX_POINT('',#5209);
#5209 = CARTESIAN_POINT('',(36.4,1.5,24.8));
#5210 = SURFACE_CURVE('',#5211,(#5215,#5222),.PCURVE_S1.);
#5211 = LINE('',#5212,#5213);
#5212 = CARTESIAN_POINT('',(14.425,1.5,24.8));
#5213 = VECTOR('',#5214,1.);
#5214 = DIRECTION('',(1.,1.110223024625E-16,0.));
#5215 = PCURVE('',#1303,#5216);
#5216 = DEFINITIONAL_REPRESENTATION('',(#5217),#5221);
#5217 = LINE('',#5218,#5219);
#5218 = CARTESIAN_POINT('',(0.1,15.575));
#5219 = VECTOR('',#5220,1.);
#5220 = DIRECTION('',(0.,-1.));
#5221 = ( GEOMETRIC_REPRESENTATION_CONTEXT(2) 
PARAMETRIC_REPRESENTATION_CONTEXT() REPRESENTATION_CONTEXT('2D SPACE',''
  ) );
#5222 = PCURVE('',#4772,#5223);
#5223 = DEFINITIONAL_REPRESENTATION('',(#5224),#5228);
#5224 = LINE('',#5225,#5226);
#5225 = CARTESIAN_POINT('',(70.35,15.575));
#5226 = VECTOR('',#5227,1.);
#5227 = DIRECTION('',(0.,1.));
#5228 = ( GEOMETRIC_REPRESENTATION_CONTEXT(2) 
PARAMETRIC_REPRESENTATION_CONTEXT() REPRESENTATION_CONTEXT('2D SPACE',''
  ) );
#5229 = ORIENTED_EDGE('',*,*,#5230,.T.);
#5230 = EDGE_CURVE('',#5208,#1288,#5231,.T.);
#5231 = SURFACE_CURVE('',#5232,(#5236,#5243),.PCURVE_S1.);
#5232 = LINE('',#5233,#5234);
#5233 = CARTESIAN_POINT('',(36.4,1.5,24.7));
#5234 = VECTOR('',#5235,1.);
#5235 = DIRECTION('',(0.,0.,1.));
#5236 = PCURVE('',#1303,#5237);
#5237 = DEFINITIONAL_REPRESENTATION('',(#5238),#5242);
#5238 = LINE('',#5239,#5240);
#5239 = CARTESIAN_POINT('',(0.,-6.4));
#5240 = VECTOR('',#5241,1.);
#5241 = DIRECTION('',(1.,0.));
#5242 = ( GEOMETRIC_REPRESENTATION_CONTEXT(2) 
PARAMETRIC_REPRESENTATION_CONTEXT() REPRESENTATION_CONTEXT('2D SPACE',''
  ) );
#5243 = PCURVE('',#1332,#5244);
#5244 = DEFINITIONAL_REPRESENTATION('',(#5245),#5249);
#5245 = LINE('',#5246,#5247);
#5246 = CARTESIAN_POINT('',(-0.,0.));
#5247 = VECTOR('',#5248,1.);
#5248 = DIRECTION('',(-0.,1.));
#5249 = ( GEOMETRIC_REPRESENTATION_CONTEXT(2) 
PARAMETRIC_REPRESENTATION_CONTEXT() REPRESENTATION_CONTEXT('2D SPACE',''
  ) );
#5250 = ADVANCED_FACE('',(#5251),#1472,.T.);
#5251 = FACE_BOUND('',#5252,.T.);
#5252 = EDGE_LOOP('',(#5253,#5276,#5277,#5278));
#5253 = ORIENTED_EDGE('',*,*,#5254,.T.);
#5254 = EDGE_CURVE('',#5255,#5157,#5257,.T.);
#5255 = VERTEX_POINT('',#5256);
#5256 = CARTESIAN_POINT('',(30.,0.7,24.8));
#5257 = SURFACE_CURVE('',#5258,(#5262,#5269),.PCURVE_S1.);
#5258 = LINE('',#5259,#5260);
#5259 = CARTESIAN_POINT('',(30.,36.675,24.8));
#5260 = VECTOR('',#5261,1.);
#5261 = DIRECTION('',(-1.110223024625E-16,1.,0.));
#5262 = PCURVE('',#1472,#5263);
#5263 = DEFINITIONAL_REPRESENTATION('',(#5264),#5268);
#5264 = LINE('',#5265,#5266);
#5265 = CARTESIAN_POINT('',(0.1,-35.175));
#5266 = VECTOR('',#5267,1.);
#5267 = DIRECTION('',(0.,-1.));
#5268 = ( GEOMETRIC_REPRESENTATION_CONTEXT(2) 
PARAMETRIC_REPRESENTATION_CONTEXT() REPRESENTATION_CONTEXT('2D SPACE',''
  ) );
#5269 = PCURVE('',#4772,#5270);
#5270 = DEFINITIONAL_REPRESENTATION('',(#5271),#5275);
#5271 = LINE('',#5272,#5273);
#5272 = CARTESIAN_POINT('',(35.175,31.15));
#5273 = VECTOR('',#5274,1.);
#5274 = DIRECTION('',(-1.,0.));
#5275 = ( GEOMETRIC_REPRESENTATION_CONTEXT(2) 
PARAMETRIC_REPRESENTATION_CONTEXT() REPRESENTATION_CONTEXT('2D SPACE',''
  ) );
#5276 = ORIENTED_EDGE('',*,*,#5180,.T.);
#5277 = ORIENTED_EDGE('',*,*,#1458,.F.);
#5278 = ORIENTED_EDGE('',*,*,#5279,.F.);
#5279 = EDGE_CURVE('',#5255,#1430,#5280,.T.);
#5280 = SURFACE_CURVE('',#5281,(#5285,#5292),.PCURVE_S1.);
#5281 = LINE('',#5282,#5283);
#5282 = CARTESIAN_POINT('',(30.,0.7,24.7));
#5283 = VECTOR('',#5284,1.);
#5284 = DIRECTION('',(0.,0.,1.));
#5285 = PCURVE('',#1472,#5286);
#5286 = DEFINITIONAL_REPRESENTATION('',(#5287),#5291);
#5287 = LINE('',#5288,#5289);
#5288 = CARTESIAN_POINT('',(0.,0.8));
#5289 = VECTOR('',#5290,1.);
#5290 = DIRECTION('',(1.,0.));
#5291 = ( GEOMETRIC_REPRESENTATION_CONTEXT(2) 
PARAMETRIC_REPRESENTATION_CONTEXT() REPRESENTATION_CONTEXT('2D SPACE',''
  ) );
#5292 = PCURVE('',#1446,#5293);
#5293 = DEFINITIONAL_REPRESENTATION('',(#5294),#5298);
#5294 = LINE('',#5295,#5296);
#5295 = CARTESIAN_POINT('',(-1.570796326795,0.));
#5296 = VECTOR('',#5297,1.);
#5297 = DIRECTION('',(-0.,1.));
#5298 = ( GEOMETRIC_REPRESENTATION_CONTEXT(2) 
PARAMETRIC_REPRESENTATION_CONTEXT() REPRESENTATION_CONTEXT('2D SPACE',''
  ) );
#5299 = ADVANCED_FACE('',(#5300),#1332,.F.);
#5300 = FACE_BOUND('',#5301,.T.);
#5301 = EDGE_LOOP('',(#5302,#5303,#5327,#5348));
#5302 = ORIENTED_EDGE('',*,*,#5230,.F.);
#5303 = ORIENTED_EDGE('',*,*,#5304,.F.);
#5304 = EDGE_CURVE('',#5305,#5208,#5307,.T.);
#5305 = VERTEX_POINT('',#5306);
#5306 = CARTESIAN_POINT('',(37.,0.9,24.8));
#5307 = SURFACE_CURVE('',#5308,(#5313,#5320),.PCURVE_S1.);
#5308 = CIRCLE('',#5309,0.6);
#5309 = AXIS2_PLACEMENT_3D('',#5310,#5311,#5312);
#5310 = CARTESIAN_POINT('',(36.4,0.9,24.8));
#5311 = DIRECTION('',(0.,0.,1.));
#5312 = DIRECTION('',(-1.110223024625E-16,1.,0.));
#5313 = PCURVE('',#1332,#5314);
#5314 = DEFINITIONAL_REPRESENTATION('',(#5315),#5319);
#5315 = LINE('',#5316,#5317);
#5316 = CARTESIAN_POINT('',(-6.28318530718,0.1));
#5317 = VECTOR('',#5318,1.);
#5318 = DIRECTION('',(1.,-0.));
#5319 = ( GEOMETRIC_REPRESENTATION_CONTEXT(2) 
PARAMETRIC_REPRESENTATION_CONTEXT() REPRESENTATION_CONTEXT('2D SPACE',''
  ) );
#5320 = PCURVE('',#4772,#5321);
#5321 = DEFINITIONAL_REPRESENTATION('',(#5322),#5326);
#5322 = CIRCLE('',#5323,0.6);
#5323 = AXIS2_PLACEMENT_2D('',#5324,#5325);
#5324 = CARTESIAN_POINT('',(70.95,37.55));
#5325 = DIRECTION('',(-1.,0.));
#5326 = ( GEOMETRIC_REPRESENTATION_CONTEXT(2) 
PARAMETRIC_REPRESENTATION_CONTEXT() REPRESENTATION_CONTEXT('2D SPACE',''
  ) );
#5327 = ORIENTED_EDGE('',*,*,#5328,.T.);
#5328 = EDGE_CURVE('',#5305,#1316,#5329,.T.);
#5329 = SURFACE_CURVE('',#5330,(#5334,#5341),.PCURVE_S1.);
#5330 = LINE('',#5331,#5332);
#5331 = CARTESIAN_POINT('',(37.,0.9,24.7));
#5332 = VECTOR('',#5333,1.);
#5333 = DIRECTION('',(0.,0.,1.));
#5334 = PCURVE('',#1332,#5335);
#5335 = DEFINITIONAL_REPRESENTATION('',(#5336),#5340);
#5336 = LINE('',#5337,#5338);
#5337 = CARTESIAN_POINT('',(-1.570796326795,0.));
#5338 = VECTOR('',#5339,1.);
#5339 = DIRECTION('',(-0.,1.));
#5340 = ( GEOMETRIC_REPRESENTATION_CONTEXT(2) 
PARAMETRIC_REPRESENTATION_CONTEXT() REPRESENTATION_CONTEXT('2D SPACE',''
  ) );
#5341 = PCURVE('',#1360,#5342);
#5342 = DEFINITIONAL_REPRESENTATION('',(#5343),#5347);
#5343 = LINE('',#5344,#5345);
#5344 = CARTESIAN_POINT('',(0.,0.6));
#5345 = VECTOR('',#5346,1.);
#5346 = DIRECTION('',(1.,0.));
#5347 = ( GEOMETRIC_REPRESENTATION_CONTEXT(2) 
PARAMETRIC_REPRESENTATION_CONTEXT() REPRESENTATION_CONTEXT('2D SPACE',''
  ) );
#5348 = ORIENTED_EDGE('',*,*,#1315,.T.);
#5349 = ADVANCED_FACE('',(#5350),#1446,.F.);
#5350 = FACE_BOUND('',#5351,.T.);
#5351 = EDGE_LOOP('',(#5352,#5375,#5408,#5431,#5453,#5454));
#5352 = ORIENTED_EDGE('',*,*,#5353,.F.);
#5353 = EDGE_CURVE('',#5354,#1402,#5356,.T.);
#5354 = VERTEX_POINT('',#5355);
#5355 = CARTESIAN_POINT('',(30.6,1.E-01,24.7));
#5356 = SURFACE_CURVE('',#5357,(#5361,#5368),.PCURVE_S1.);
#5357 = LINE('',#5358,#5359);
#5358 = CARTESIAN_POINT('',(30.6,1.E-01,24.7));
#5359 = VECTOR('',#5360,1.);
#5360 = DIRECTION('',(0.,0.,1.));
#5361 = PCURVE('',#1446,#5362);
#5362 = DEFINITIONAL_REPRESENTATION('',(#5363),#5367);
#5363 = LINE('',#5364,#5365);
#5364 = CARTESIAN_POINT('',(-0.,0.));
#5365 = VECTOR('',#5366,1.);
#5366 = DIRECTION('',(-0.,1.));
#5367 = ( GEOMETRIC_REPRESENTATION_CONTEXT(2) 
PARAMETRIC_REPRESENTATION_CONTEXT() REPRESENTATION_CONTEXT('2D SPACE',''
  ) );
#5368 = PCURVE('',#1417,#5369);
#5369 = DEFINITIONAL_REPRESENTATION('',(#5370),#5374);
#5370 = LINE('',#5371,#5372);
#5371 = CARTESIAN_POINT('',(0.,-0.6));
#5372 = VECTOR('',#5373,1.);
#5373 = DIRECTION('',(1.,0.));
#5374 = ( GEOMETRIC_REPRESENTATION_CONTEXT(2) 
PARAMETRIC_REPRESENTATION_CONTEXT() REPRESENTATION_CONTEXT('2D SPACE',''
  ) );
#5375 = ORIENTED_EDGE('',*,*,#5376,.T.);
#5376 = EDGE_CURVE('',#5354,#5377,#5379,.T.);
#5377 = VERTEX_POINT('',#5378);
#5378 = CARTESIAN_POINT('',(30.002086962845,0.65,24.7));
#5379 = SURFACE_CURVE('',#5380,(#5385,#5392),.PCURVE_S1.);
#5380 = CIRCLE('',#5381,0.6);
#5381 = AXIS2_PLACEMENT_3D('',#5382,#5383,#5384);
#5382 = CARTESIAN_POINT('',(30.6,0.7,24.7));
#5383 = DIRECTION('',(-0.,0.,-1.));
#5384 = DIRECTION('',(-1.,-1.110223024625E-16,0.));
#5385 = PCURVE('',#1446,#5386);
#5386 = DEFINITIONAL_REPRESENTATION('',(#5387),#5391);
#5387 = LINE('',#5388,#5389);
#5388 = CARTESIAN_POINT('',(4.712388980385,-0.));
#5389 = VECTOR('',#5390,1.);
#5390 = DIRECTION('',(-1.,0.));
#5391 = ( GEOMETRIC_REPRESENTATION_CONTEXT(2) 
PARAMETRIC_REPRESENTATION_CONTEXT() REPRESENTATION_CONTEXT('2D SPACE',''
  ) );
#5392 = PCURVE('',#5393,#5398);
#5393 = PLANE('',#5394);
#5394 = AXIS2_PLACEMENT_3D('',#5395,#5396,#5397);
#5395 = CARTESIAN_POINT('',(30.,1.5,24.7));
#5396 = DIRECTION('',(0.,0.,1.));
#5397 = DIRECTION('',(1.110223024625E-16,-1.,0.));
#5398 = DEFINITIONAL_REPRESENTATION('',(#5399),#5407);
#5399 = ( BOUNDED_CURVE() B_SPLINE_CURVE(2,(#5400,#5401,#5402,#5403,
#5404,#5405,#5406),.UNSPECIFIED.,.T.,.F.) B_SPLINE_CURVE_WITH_KNOTS((1,2
    ,2,2,2,1),(-2.094395102393,0.,2.094395102393,4.188790204786,
6.28318530718,8.377580409573),.UNSPECIFIED.) CURVE() 
GEOMETRIC_REPRESENTATION_ITEM() RATIONAL_B_SPLINE_CURVE((1.,0.5,1.,0.5,
1.,0.5,1.)) REPRESENTATION_ITEM('') );
#5400 = CARTESIAN_POINT('',(0.8,-1.110223024625E-16));
#5401 = CARTESIAN_POINT('',(-0.239230484541,-1.110223024625E-16));
#5402 = CARTESIAN_POINT('',(0.280384757729,0.9));
#5403 = CARTESIAN_POINT('',(0.8,1.8));
#5404 = CARTESIAN_POINT('',(1.319615242271,0.9));
#5405 = CARTESIAN_POINT('',(1.839230484541,7.771561172376E-16));
#5406 = CARTESIAN_POINT('',(0.8,-1.110223024625E-16));
#5407 = ( GEOMETRIC_REPRESENTATION_CONTEXT(2) 
PARAMETRIC_REPRESENTATION_CONTEXT() REPRESENTATION_CONTEXT('2D SPACE',''
  ) );
#5408 = ORIENTED_EDGE('',*,*,#5409,.T.);
#5409 = EDGE_CURVE('',#5377,#5410,#5412,.T.);
#5410 = VERTEX_POINT('',#5411);
#5411 = CARTESIAN_POINT('',(30.002086962845,0.65,24.8));
#5412 = SURFACE_CURVE('',#5413,(#5417,#5424),.PCURVE_S1.);
#5413 = LINE('',#5414,#5415);
#5414 = CARTESIAN_POINT('',(30.002086962845,0.65,24.7));
#5415 = VECTOR('',#5416,1.);
#5416 = DIRECTION('',(0.,0.,1.));
#5417 = PCURVE('',#1446,#5418);
#5418 = DEFINITIONAL_REPRESENTATION('',(#5419),#5423);
#5419 = LINE('',#5420,#5421);
#5420 = CARTESIAN_POINT('',(-1.487366240184,0.));
#5421 = VECTOR('',#5422,1.);
#5422 = DIRECTION('',(-0.,1.));
#5423 = ( GEOMETRIC_REPRESENTATION_CONTEXT(2) 
PARAMETRIC_REPRESENTATION_CONTEXT() REPRESENTATION_CONTEXT('2D SPACE',''
  ) );
#5424 = PCURVE('',#2631,#5425);
#5425 = DEFINITIONAL_REPRESENTATION('',(#5426),#5430);
#5426 = LINE('',#5427,#5428);
#5427 = CARTESIAN_POINT('',(8.2,-29.35208696284));
#5428 = VECTOR('',#5429,1.);
#5429 = DIRECTION('',(1.,0.));
#5430 = ( GEOMETRIC_REPRESENTATION_CONTEXT(2) 
PARAMETRIC_REPRESENTATION_CONTEXT() REPRESENTATION_CONTEXT('2D SPACE',''
  ) );
#5431 = ORIENTED_EDGE('',*,*,#5432,.F.);
#5432 = EDGE_CURVE('',#5255,#5410,#5433,.T.);
#5433 = SURFACE_CURVE('',#5434,(#5439,#5446),.PCURVE_S1.);
#5434 = CIRCLE('',#5435,0.6);
#5435 = AXIS2_PLACEMENT_3D('',#5436,#5437,#5438);
#5436 = CARTESIAN_POINT('',(30.6,0.7,24.8));
#5437 = DIRECTION('',(-0.,0.,1.));
#5438 = DIRECTION('',(1.110223024625E-16,-1.,0.));
#5439 = PCURVE('',#1446,#5440);
#5440 = DEFINITIONAL_REPRESENTATION('',(#5441),#5445);
#5441 = LINE('',#5442,#5443);
#5442 = CARTESIAN_POINT('',(-6.28318530718,0.1));
#5443 = VECTOR('',#5444,1.);
#5444 = DIRECTION('',(1.,-0.));
#5445 = ( GEOMETRIC_REPRESENTATION_CONTEXT(2) 
PARAMETRIC_REPRESENTATION_CONTEXT() REPRESENTATION_CONTEXT('2D SPACE',''
  ) );
#5446 = PCURVE('',#4772,#5447);
#5447 = DEFINITIONAL_REPRESENTATION('',(#5448),#5452);
#5448 = CIRCLE('',#5449,0.6);
#5449 = AXIS2_PLACEMENT_2D('',#5450,#5451);
#5450 = CARTESIAN_POINT('',(71.15,31.75));
#5451 = DIRECTION('',(1.,0.));
#5452 = ( GEOMETRIC_REPRESENTATION_CONTEXT(2) 
PARAMETRIC_REPRESENTATION_CONTEXT() REPRESENTATION_CONTEXT('2D SPACE',''
  ) );
#5453 = ORIENTED_EDGE('',*,*,#5279,.T.);
#5454 = ORIENTED_EDGE('',*,*,#1429,.T.);
#5455 = ADVANCED_FACE('',(#5456),#1360,.F.);
#5456 = FACE_BOUND('',#5457,.F.);
#5457 = EDGE_LOOP('',(#5458,#5481,#5482,#5483));
#5458 = ORIENTED_EDGE('',*,*,#5459,.T.);
#5459 = EDGE_CURVE('',#5460,#5305,#5462,.T.);
#5460 = VERTEX_POINT('',#5461);
#5461 = CARTESIAN_POINT('',(37.,0.7,24.8));
#5462 = SURFACE_CURVE('',#5463,(#5467,#5474),.PCURVE_S1.);
#5463 = LINE('',#5464,#5465);
#5464 = CARTESIAN_POINT('',(37.,36.675,24.8));
#5465 = VECTOR('',#5466,1.);
#5466 = DIRECTION('',(-1.110223024625E-16,1.,0.));
#5467 = PCURVE('',#1360,#5468);
#5468 = DEFINITIONAL_REPRESENTATION('',(#5469),#5473);
#5469 = LINE('',#5470,#5471);
#5470 = CARTESIAN_POINT('',(0.1,-35.175));
#5471 = VECTOR('',#5472,1.);
#5472 = DIRECTION('',(0.,-1.));
#5473 = ( GEOMETRIC_REPRESENTATION_CONTEXT(2) 
PARAMETRIC_REPRESENTATION_CONTEXT() REPRESENTATION_CONTEXT('2D SPACE',''
  ) );
#5474 = PCURVE('',#4772,#5475);
#5475 = DEFINITIONAL_REPRESENTATION('',(#5476),#5480);
#5476 = LINE('',#5477,#5478);
#5477 = CARTESIAN_POINT('',(35.175,38.15));
#5478 = VECTOR('',#5479,1.);
#5479 = DIRECTION('',(-1.,0.));
#5480 = ( GEOMETRIC_REPRESENTATION_CONTEXT(2) 
PARAMETRIC_REPRESENTATION_CONTEXT() REPRESENTATION_CONTEXT('2D SPACE',''
  ) );
#5481 = ORIENTED_EDGE('',*,*,#5328,.T.);
#5482 = ORIENTED_EDGE('',*,*,#1344,.F.);
#5483 = ORIENTED_EDGE('',*,*,#5484,.F.);
#5484 = EDGE_CURVE('',#5460,#1345,#5485,.T.);
#5485 = SURFACE_CURVE('',#5486,(#5490,#5497),.PCURVE_S1.);
#5486 = LINE('',#5487,#5488);
#5487 = CARTESIAN_POINT('',(37.,0.7,24.7));
#5488 = VECTOR('',#5489,1.);
#5489 = DIRECTION('',(0.,0.,1.));
#5490 = PCURVE('',#1360,#5491);
#5491 = DEFINITIONAL_REPRESENTATION('',(#5492),#5496);
#5492 = LINE('',#5493,#5494);
#5493 = CARTESIAN_POINT('',(0.,0.8));
#5494 = VECTOR('',#5495,1.);
#5495 = DIRECTION('',(1.,0.));
#5496 = ( GEOMETRIC_REPRESENTATION_CONTEXT(2) 
PARAMETRIC_REPRESENTATION_CONTEXT() REPRESENTATION_CONTEXT('2D SPACE',''
  ) );
#5497 = PCURVE('',#1389,#5498);
#5498 = DEFINITIONAL_REPRESENTATION('',(#5499),#5503);
#5499 = LINE('',#5500,#5501);
#5500 = CARTESIAN_POINT('',(1.570796326795,0.));
#5501 = VECTOR('',#5502,1.);
#5502 = DIRECTION('',(0.,1.));
#5503 = ( GEOMETRIC_REPRESENTATION_CONTEXT(2) 
PARAMETRIC_REPRESENTATION_CONTEXT() REPRESENTATION_CONTEXT('2D SPACE',''
  ) );
#5504 = ADVANCED_FACE('',(#5505),#1417,.F.);
#5505 = FACE_BOUND('',#5506,.F.);
#5506 = EDGE_LOOP('',(#5507,#5508,#5509,#5532));
#5507 = ORIENTED_EDGE('',*,*,#1401,.F.);
#5508 = ORIENTED_EDGE('',*,*,#5353,.F.);
#5509 = ORIENTED_EDGE('',*,*,#5510,.T.);
#5510 = EDGE_CURVE('',#5354,#5511,#5513,.T.);
#5511 = VERTEX_POINT('',#5512);
#5512 = CARTESIAN_POINT('',(36.4,1.E-01,24.7));
#5513 = SURFACE_CURVE('',#5514,(#5518,#5525),.PCURVE_S1.);
#5514 = LINE('',#5515,#5516);
#5515 = CARTESIAN_POINT('',(30.,1.E-01,24.7));
#5516 = VECTOR('',#5517,1.);
#5517 = DIRECTION('',(1.,1.110223024625E-16,0.));
#5518 = PCURVE('',#1417,#5519);
#5519 = DEFINITIONAL_REPRESENTATION('',(#5520),#5524);
#5520 = LINE('',#5521,#5522);
#5521 = CARTESIAN_POINT('',(0.,0.));
#5522 = VECTOR('',#5523,1.);
#5523 = DIRECTION('',(0.,-1.));
#5524 = ( GEOMETRIC_REPRESENTATION_CONTEXT(2) 
PARAMETRIC_REPRESENTATION_CONTEXT() REPRESENTATION_CONTEXT('2D SPACE',''
  ) );
#5525 = PCURVE('',#5393,#5526);
#5526 = DEFINITIONAL_REPRESENTATION('',(#5527),#5531);
#5527 = LINE('',#5528,#5529);
#5528 = CARTESIAN_POINT('',(1.4,-1.554312234475E-16));
#5529 = VECTOR('',#5530,1.);
#5530 = DIRECTION('',(0.,1.));
#5531 = ( GEOMETRIC_REPRESENTATION_CONTEXT(2) 
PARAMETRIC_REPRESENTATION_CONTEXT() REPRESENTATION_CONTEXT('2D SPACE',''
  ) );
#5532 = ORIENTED_EDGE('',*,*,#5533,.T.);
#5533 = EDGE_CURVE('',#5511,#1373,#5534,.T.);
#5534 = SURFACE_CURVE('',#5535,(#5539,#5546),.PCURVE_S1.);
#5535 = LINE('',#5536,#5537);
#5536 = CARTESIAN_POINT('',(36.4,1.E-01,24.7));
#5537 = VECTOR('',#5538,1.);
#5538 = DIRECTION('',(0.,0.,1.));
#5539 = PCURVE('',#1417,#5540);
#5540 = DEFINITIONAL_REPRESENTATION('',(#5541),#5545);
#5541 = LINE('',#5542,#5543);
#5542 = CARTESIAN_POINT('',(0.,-6.4));
#5543 = VECTOR('',#5544,1.);
#5544 = DIRECTION('',(1.,0.));
#5545 = ( GEOMETRIC_REPRESENTATION_CONTEXT(2) 
PARAMETRIC_REPRESENTATION_CONTEXT() REPRESENTATION_CONTEXT('2D SPACE',''
  ) );
#5546 = PCURVE('',#1389,#5547);
#5547 = DEFINITIONAL_REPRESENTATION('',(#5548),#5552);
#5548 = LINE('',#5549,#5550);
#5549 = CARTESIAN_POINT('',(0.,0.));
#5550 = VECTOR('',#5551,1.);
#5551 = DIRECTION('',(0.,1.));
#5552 = ( GEOMETRIC_REPRESENTATION_CONTEXT(2) 
PARAMETRIC_REPRESENTATION_CONTEXT() REPRESENTATION_CONTEXT('2D SPACE',''
  ) );
#5553 = ADVANCED_FACE('',(#5554),#1389,.F.);
#5554 = FACE_BOUND('',#5555,.F.);
#5555 = EDGE_LOOP('',(#5556,#5557,#5581,#5604,#5626,#5627));
#5556 = ORIENTED_EDGE('',*,*,#5533,.F.);
#5557 = ORIENTED_EDGE('',*,*,#5558,.T.);
#5558 = EDGE_CURVE('',#5511,#5559,#5561,.T.);
#5559 = VERTEX_POINT('',#5560);
#5560 = CARTESIAN_POINT('',(36.997913037155,0.65,24.7));
#5561 = SURFACE_CURVE('',#5562,(#5567,#5574),.PCURVE_S1.);
#5562 = CIRCLE('',#5563,0.6);
#5563 = AXIS2_PLACEMENT_3D('',#5564,#5565,#5566);
#5564 = CARTESIAN_POINT('',(36.4,0.7,24.7));
#5565 = DIRECTION('',(0.,0.,1.));
#5566 = DIRECTION('',(-1.,-1.110223024625E-16,0.));
#5567 = PCURVE('',#1389,#5568);
#5568 = DEFINITIONAL_REPRESENTATION('',(#5569),#5573);
#5569 = LINE('',#5570,#5571);
#5570 = CARTESIAN_POINT('',(-1.570796326795,0.));
#5571 = VECTOR('',#5572,1.);
#5572 = DIRECTION('',(1.,0.));
#5573 = ( GEOMETRIC_REPRESENTATION_CONTEXT(2) 
PARAMETRIC_REPRESENTATION_CONTEXT() REPRESENTATION_CONTEXT('2D SPACE',''
  ) );
#5574 = PCURVE('',#5393,#5575);
#5575 = DEFINITIONAL_REPRESENTATION('',(#5576),#5580);
#5576 = CIRCLE('',#5577,0.6);
#5577 = AXIS2_PLACEMENT_2D('',#5578,#5579);
#5578 = CARTESIAN_POINT('',(0.8,6.4));
#5579 = DIRECTION('',(0.,-1.));
#5580 = ( GEOMETRIC_REPRESENTATION_CONTEXT(2) 
PARAMETRIC_REPRESENTATION_CONTEXT() REPRESENTATION_CONTEXT('2D SPACE',''
  ) );
#5581 = ORIENTED_EDGE('',*,*,#5582,.T.);
#5582 = EDGE_CURVE('',#5559,#5583,#5585,.T.);
#5583 = VERTEX_POINT('',#5584);
#5584 = CARTESIAN_POINT('',(36.997913037154,0.65,24.8));
#5585 = SURFACE_CURVE('',#5586,(#5590,#5597),.PCURVE_S1.);
#5586 = LINE('',#5587,#5588);
#5587 = CARTESIAN_POINT('',(36.997913037155,0.65,24.7));
#5588 = VECTOR('',#5589,1.);
#5589 = DIRECTION('',(0.,0.,1.));
#5590 = PCURVE('',#1389,#5591);
#5591 = DEFINITIONAL_REPRESENTATION('',(#5592),#5596);
#5592 = LINE('',#5593,#5594);
#5593 = CARTESIAN_POINT('',(1.487366240184,0.));
#5594 = VECTOR('',#5595,1.);
#5595 = DIRECTION('',(0.,1.));
#5596 = ( GEOMETRIC_REPRESENTATION_CONTEXT(2) 
PARAMETRIC_REPRESENTATION_CONTEXT() REPRESENTATION_CONTEXT('2D SPACE',''
  ) );
#5597 = PCURVE('',#2631,#5598);
#5598 = DEFINITIONAL_REPRESENTATION('',(#5599),#5603);
#5599 = LINE('',#5600,#5601);
#5600 = CARTESIAN_POINT('',(8.2,-36.34791303715));
#5601 = VECTOR('',#5602,1.);
#5602 = DIRECTION('',(1.,0.));
#5603 = ( GEOMETRIC_REPRESENTATION_CONTEXT(2) 
PARAMETRIC_REPRESENTATION_CONTEXT() REPRESENTATION_CONTEXT('2D SPACE',''
  ) );
#5604 = ORIENTED_EDGE('',*,*,#5605,.T.);
#5605 = EDGE_CURVE('',#5583,#5460,#5606,.T.);
#5606 = SURFACE_CURVE('',#5607,(#5612,#5619),.PCURVE_S1.);
#5607 = CIRCLE('',#5608,0.6);
#5608 = AXIS2_PLACEMENT_3D('',#5609,#5610,#5611);
#5609 = CARTESIAN_POINT('',(36.4,0.7,24.8));
#5610 = DIRECTION('',(-0.,0.,1.));
#5611 = DIRECTION('',(1.110223024625E-16,-1.,0.));
#5612 = PCURVE('',#1389,#5613);
#5613 = DEFINITIONAL_REPRESENTATION('',(#5614),#5618);
#5614 = LINE('',#5615,#5616);
#5615 = CARTESIAN_POINT('',(0.,0.1));
#5616 = VECTOR('',#5617,1.);
#5617 = DIRECTION('',(1.,0.));
#5618 = ( GEOMETRIC_REPRESENTATION_CONTEXT(2) 
PARAMETRIC_REPRESENTATION_CONTEXT() REPRESENTATION_CONTEXT('2D SPACE',''
  ) );
#5619 = PCURVE('',#4772,#5620);
#5620 = DEFINITIONAL_REPRESENTATION('',(#5621),#5625);
#5621 = CIRCLE('',#5622,0.6);
#5622 = AXIS2_PLACEMENT_2D('',#5623,#5624);
#5623 = CARTESIAN_POINT('',(71.15,37.55));
#5624 = DIRECTION('',(1.,0.));
#5625 = ( GEOMETRIC_REPRESENTATION_CONTEXT(2) 
PARAMETRIC_REPRESENTATION_CONTEXT() REPRESENTATION_CONTEXT('2D SPACE',''
  ) );
#5626 = ORIENTED_EDGE('',*,*,#5484,.T.);
#5627 = ORIENTED_EDGE('',*,*,#1372,.F.);
#5628 = ADVANCED_FACE('',(#5629),#1505,.F.);
#5629 = FACE_BOUND('',#5630,.F.);
#5630 = EDGE_LOOP('',(#5631,#5654,#5678,#5699));
#5631 = ORIENTED_EDGE('',*,*,#5632,.F.);
#5632 = EDGE_CURVE('',#5633,#1487,#5635,.T.);
#5633 = VERTEX_POINT('',#5634);
#5634 = CARTESIAN_POINT('',(48.6,4.3,24.8));
#5635 = SURFACE_CURVE('',#5636,(#5640,#5647),.PCURVE_S1.);
#5636 = LINE('',#5637,#5638);
#5637 = CARTESIAN_POINT('',(48.6,4.3,24.7));
#5638 = VECTOR('',#5639,1.);
#5639 = DIRECTION('',(0.,0.,1.));
#5640 = PCURVE('',#1505,#5641);
#5641 = DEFINITIONAL_REPRESENTATION('',(#5642),#5646);
#5642 = LINE('',#5643,#5644);
#5643 = CARTESIAN_POINT('',(0.,0.));
#5644 = VECTOR('',#5645,1.);
#5645 = DIRECTION('',(0.,1.));
#5646 = ( GEOMETRIC_REPRESENTATION_CONTEXT(2) 
PARAMETRIC_REPRESENTATION_CONTEXT() REPRESENTATION_CONTEXT('2D SPACE',''
  ) );
#5647 = PCURVE('',#1533,#5648);
#5648 = DEFINITIONAL_REPRESENTATION('',(#5649),#5653);
#5649 = LINE('',#5650,#5651);
#5650 = CARTESIAN_POINT('',(0.,-0.6));
#5651 = VECTOR('',#5652,1.);
#5652 = DIRECTION('',(1.,0.));
#5653 = ( GEOMETRIC_REPRESENTATION_CONTEXT(2) 
PARAMETRIC_REPRESENTATION_CONTEXT() REPRESENTATION_CONTEXT('2D SPACE',''
  ) );
#5654 = ORIENTED_EDGE('',*,*,#5655,.T.);
#5655 = EDGE_CURVE('',#5633,#5656,#5658,.T.);
#5656 = VERTEX_POINT('',#5657);
#5657 = CARTESIAN_POINT('',(48.,3.7,24.8));
#5658 = SURFACE_CURVE('',#5659,(#5664,#5671),.PCURVE_S1.);
#5659 = CIRCLE('',#5660,0.6);
#5660 = AXIS2_PLACEMENT_3D('',#5661,#5662,#5663);
#5661 = CARTESIAN_POINT('',(48.6,3.7,24.8));
#5662 = DIRECTION('',(0.,0.,1.));
#5663 = DIRECTION('',(-1.110223024625E-16,1.,0.));
#5664 = PCURVE('',#1505,#5665);
#5665 = DEFINITIONAL_REPRESENTATION('',(#5666),#5670);
#5666 = LINE('',#5667,#5668);
#5667 = CARTESIAN_POINT('',(0.,0.1));
#5668 = VECTOR('',#5669,1.);
#5669 = DIRECTION('',(1.,0.));
#5670 = ( GEOMETRIC_REPRESENTATION_CONTEXT(2) 
PARAMETRIC_REPRESENTATION_CONTEXT() REPRESENTATION_CONTEXT('2D SPACE',''
  ) );
#5671 = PCURVE('',#4772,#5672);
#5672 = DEFINITIONAL_REPRESENTATION('',(#5673),#5677);
#5673 = CIRCLE('',#5674,0.6);
#5674 = AXIS2_PLACEMENT_2D('',#5675,#5676);
#5675 = CARTESIAN_POINT('',(68.15,49.75));
#5676 = DIRECTION('',(-1.,0.));
#5677 = ( GEOMETRIC_REPRESENTATION_CONTEXT(2) 
PARAMETRIC_REPRESENTATION_CONTEXT() REPRESENTATION_CONTEXT('2D SPACE',''
  ) );
#5678 = ORIENTED_EDGE('',*,*,#5679,.T.);
#5679 = EDGE_CURVE('',#5656,#1489,#5680,.T.);
#5680 = SURFACE_CURVE('',#5681,(#5685,#5692),.PCURVE_S1.);
#5681 = LINE('',#5682,#5683);
#5682 = CARTESIAN_POINT('',(48.,3.7,24.7));
#5683 = VECTOR('',#5684,1.);
#5684 = DIRECTION('',(0.,0.,1.));
#5685 = PCURVE('',#1505,#5686);
#5686 = DEFINITIONAL_REPRESENTATION('',(#5687),#5691);
#5687 = LINE('',#5688,#5689);
#5688 = CARTESIAN_POINT('',(1.570796326795,0.));
#5689 = VECTOR('',#5690,1.);
#5690 = DIRECTION('',(0.,1.));
#5691 = ( GEOMETRIC_REPRESENTATION_CONTEXT(2) 
PARAMETRIC_REPRESENTATION_CONTEXT() REPRESENTATION_CONTEXT('2D SPACE',''
  ) );
#5692 = PCURVE('',#1702,#5693);
#5693 = DEFINITIONAL_REPRESENTATION('',(#5694),#5698);
#5694 = LINE('',#5695,#5696);
#5695 = CARTESIAN_POINT('',(0.,0.6));
#5696 = VECTOR('',#5697,1.);
#5697 = DIRECTION('',(1.,0.));
#5698 = ( GEOMETRIC_REPRESENTATION_CONTEXT(2) 
PARAMETRIC_REPRESENTATION_CONTEXT() REPRESENTATION_CONTEXT('2D SPACE',''
  ) );
#5699 = ORIENTED_EDGE('',*,*,#1486,.F.);
#5700 = ADVANCED_FACE('',(#5701),#1533,.T.);
#5701 = FACE_BOUND('',#5702,.T.);
#5702 = EDGE_LOOP('',(#5703,#5704,#5705,#5728,#5756,#5784,#5812,#5835));
#5703 = ORIENTED_EDGE('',*,*,#1517,.F.);
#5704 = ORIENTED_EDGE('',*,*,#5632,.F.);
#5705 = ORIENTED_EDGE('',*,*,#5706,.T.);
#5706 = EDGE_CURVE('',#5633,#5707,#5709,.T.);
#5707 = VERTEX_POINT('',#5708);
#5708 = CARTESIAN_POINT('',(50.5,4.3,24.8));
#5709 = SURFACE_CURVE('',#5710,(#5714,#5721),.PCURVE_S1.);
#5710 = LINE('',#5711,#5712);
#5711 = CARTESIAN_POINT('',(23.425,4.3,24.8));
#5712 = VECTOR('',#5713,1.);
#5713 = DIRECTION('',(1.,1.110223024625E-16,0.));
#5714 = PCURVE('',#1533,#5715);
#5715 = DEFINITIONAL_REPRESENTATION('',(#5716),#5720);
#5716 = LINE('',#5717,#5718);
#5717 = CARTESIAN_POINT('',(0.1,24.575));
#5718 = VECTOR('',#5719,1.);
#5719 = DIRECTION('',(0.,-1.));
#5720 = ( GEOMETRIC_REPRESENTATION_CONTEXT(2) 
PARAMETRIC_REPRESENTATION_CONTEXT() REPRESENTATION_CONTEXT('2D SPACE',''
  ) );
#5721 = PCURVE('',#4772,#5722);
#5722 = DEFINITIONAL_REPRESENTATION('',(#5723),#5727);
#5723 = LINE('',#5724,#5725);
#5724 = CARTESIAN_POINT('',(67.55,24.575));
#5725 = VECTOR('',#5726,1.);
#5726 = DIRECTION('',(0.,1.));
#5727 = ( GEOMETRIC_REPRESENTATION_CONTEXT(2) 
PARAMETRIC_REPRESENTATION_CONTEXT() REPRESENTATION_CONTEXT('2D SPACE',''
  ) );
#5728 = ORIENTED_EDGE('',*,*,#5729,.F.);
#5729 = EDGE_CURVE('',#5730,#5707,#5732,.T.);
#5730 = VERTEX_POINT('',#5731);
#5731 = CARTESIAN_POINT('',(50.5,4.3,24.7));
#5732 = SURFACE_CURVE('',#5733,(#5737,#5744),.PCURVE_S1.);
#5733 = LINE('',#5734,#5735);
#5734 = CARTESIAN_POINT('',(50.5,4.3,23.25));
#5735 = VECTOR('',#5736,1.);
#5736 = DIRECTION('',(0.,0.,1.));
#5737 = PCURVE('',#1533,#5738);
#5738 = DEFINITIONAL_REPRESENTATION('',(#5739),#5743);
#5739 = LINE('',#5740,#5741);
#5740 = CARTESIAN_POINT('',(-1.45,-2.5));
#5741 = VECTOR('',#5742,1.);
#5742 = DIRECTION('',(1.,0.));
#5743 = ( GEOMETRIC_REPRESENTATION_CONTEXT(2) 
PARAMETRIC_REPRESENTATION_CONTEXT() REPRESENTATION_CONTEXT('2D SPACE',''
  ) );
#5744 = PCURVE('',#5745,#5750);
#5745 = PLANE('',#5746);
#5746 = AXIS2_PLACEMENT_3D('',#5747,#5748,#5749);
#5747 = CARTESIAN_POINT('',(50.5,3.2,21.8));
#5748 = DIRECTION('',(1.,1.110223024625E-16,0.));
#5749 = DIRECTION('',(0.,-0.,-1.));
#5750 = DEFINITIONAL_REPRESENTATION('',(#5751),#5755);
#5751 = LINE('',#5752,#5753);
#5752 = CARTESIAN_POINT('',(-1.45,1.1));
#5753 = VECTOR('',#5754,1.);
#5754 = DIRECTION('',(-1.,0.));
#5755 = ( GEOMETRIC_REPRESENTATION_CONTEXT(2) 
PARAMETRIC_REPRESENTATION_CONTEXT() REPRESENTATION_CONTEXT('2D SPACE',''
  ) );
#5756 = ORIENTED_EDGE('',*,*,#5757,.T.);
#5757 = EDGE_CURVE('',#5730,#5758,#5760,.T.);
#5758 = VERTEX_POINT('',#5759);
#5759 = CARTESIAN_POINT('',(52.5,4.3,24.7));
#5760 = SURFACE_CURVE('',#5761,(#5765,#5772),.PCURVE_S1.);
#5761 = LINE('',#5762,#5763);
#5762 = CARTESIAN_POINT('',(48.,4.3,24.7));
#5763 = VECTOR('',#5764,1.);
#5764 = DIRECTION('',(1.,1.110223024625E-16,0.));
#5765 = PCURVE('',#1533,#5766);
#5766 = DEFINITIONAL_REPRESENTATION('',(#5767),#5771);
#5767 = LINE('',#5768,#5769);
#5768 = CARTESIAN_POINT('',(0.,0.));
#5769 = VECTOR('',#5770,1.);
#5770 = DIRECTION('',(0.,-1.));
#5771 = ( GEOMETRIC_REPRESENTATION_CONTEXT(2) 
PARAMETRIC_REPRESENTATION_CONTEXT() REPRESENTATION_CONTEXT('2D SPACE',''
  ) );
#5772 = PCURVE('',#5773,#5778);
#5773 = PLANE('',#5774);
#5774 = AXIS2_PLACEMENT_3D('',#5775,#5776,#5777);
#5775 = CARTESIAN_POINT('',(48.,4.3,24.7));
#5776 = DIRECTION('',(0.,0.,1.));
#5777 = DIRECTION('',(1.110223024625E-16,-1.,0.));
#5778 = DEFINITIONAL_REPRESENTATION('',(#5779),#5783);
#5779 = LINE('',#5780,#5781);
#5780 = CARTESIAN_POINT('',(0.,0.));
#5781 = VECTOR('',#5782,1.);
#5782 = DIRECTION('',(0.,1.));
#5783 = ( GEOMETRIC_REPRESENTATION_CONTEXT(2) 
PARAMETRIC_REPRESENTATION_CONTEXT() REPRESENTATION_CONTEXT('2D SPACE',''
  ) );
#5784 = ORIENTED_EDGE('',*,*,#5785,.T.);
#5785 = EDGE_CURVE('',#5758,#5786,#5788,.T.);
#5786 = VERTEX_POINT('',#5787);
#5787 = CARTESIAN_POINT('',(52.5,4.3,24.8));
#5788 = SURFACE_CURVE('',#5789,(#5793,#5800),.PCURVE_S1.);
#5789 = LINE('',#5790,#5791);
#5790 = CARTESIAN_POINT('',(52.5,4.3,23.25));
#5791 = VECTOR('',#5792,1.);
#5792 = DIRECTION('',(0.,0.,1.));
#5793 = PCURVE('',#1533,#5794);
#5794 = DEFINITIONAL_REPRESENTATION('',(#5795),#5799);
#5795 = LINE('',#5796,#5797);
#5796 = CARTESIAN_POINT('',(-1.45,-4.5));
#5797 = VECTOR('',#5798,1.);
#5798 = DIRECTION('',(1.,0.));
#5799 = ( GEOMETRIC_REPRESENTATION_CONTEXT(2) 
PARAMETRIC_REPRESENTATION_CONTEXT() REPRESENTATION_CONTEXT('2D SPACE',''
  ) );
#5800 = PCURVE('',#5801,#5806);
#5801 = PLANE('',#5802);
#5802 = AXIS2_PLACEMENT_3D('',#5803,#5804,#5805);
#5803 = CARTESIAN_POINT('',(52.5,3.2,21.8));
#5804 = DIRECTION('',(1.,1.110223024625E-16,0.));
#5805 = DIRECTION('',(0.,-0.,-1.));
#5806 = DEFINITIONAL_REPRESENTATION('',(#5807),#5811);
#5807 = LINE('',#5808,#5809);
#5808 = CARTESIAN_POINT('',(-1.45,1.1));
#5809 = VECTOR('',#5810,1.);
#5810 = DIRECTION('',(-1.,0.));
#5811 = ( GEOMETRIC_REPRESENTATION_CONTEXT(2) 
PARAMETRIC_REPRESENTATION_CONTEXT() REPRESENTATION_CONTEXT('2D SPACE',''
  ) );
#5812 = ORIENTED_EDGE('',*,*,#5813,.T.);
#5813 = EDGE_CURVE('',#5786,#5814,#5816,.T.);
#5814 = VERTEX_POINT('',#5815);
#5815 = CARTESIAN_POINT('',(54.4,4.3,24.8));
#5816 = SURFACE_CURVE('',#5817,(#5821,#5828),.PCURVE_S1.);
#5817 = LINE('',#5818,#5819);
#5818 = CARTESIAN_POINT('',(23.425,4.3,24.8));
#5819 = VECTOR('',#5820,1.);
#5820 = DIRECTION('',(1.,1.110223024625E-16,0.));
#5821 = PCURVE('',#1533,#5822);
#5822 = DEFINITIONAL_REPRESENTATION('',(#5823),#5827);
#5823 = LINE('',#5824,#5825);
#5824 = CARTESIAN_POINT('',(0.1,24.575));
#5825 = VECTOR('',#5826,1.);
#5826 = DIRECTION('',(0.,-1.));
#5827 = ( GEOMETRIC_REPRESENTATION_CONTEXT(2) 
PARAMETRIC_REPRESENTATION_CONTEXT() REPRESENTATION_CONTEXT('2D SPACE',''
  ) );
#5828 = PCURVE('',#4772,#5829);
#5829 = DEFINITIONAL_REPRESENTATION('',(#5830),#5834);
#5830 = LINE('',#5831,#5832);
#5831 = CARTESIAN_POINT('',(67.55,24.575));
#5832 = VECTOR('',#5833,1.);
#5833 = DIRECTION('',(0.,1.));
#5834 = ( GEOMETRIC_REPRESENTATION_CONTEXT(2) 
PARAMETRIC_REPRESENTATION_CONTEXT() REPRESENTATION_CONTEXT('2D SPACE',''
  ) );
#5835 = ORIENTED_EDGE('',*,*,#5836,.T.);
#5836 = EDGE_CURVE('',#5814,#1518,#5837,.T.);
#5837 = SURFACE_CURVE('',#5838,(#5842,#5849),.PCURVE_S1.);
#5838 = LINE('',#5839,#5840);
#5839 = CARTESIAN_POINT('',(54.4,4.3,24.7));
#5840 = VECTOR('',#5841,1.);
#5841 = DIRECTION('',(0.,0.,1.));
#5842 = PCURVE('',#1533,#5843);
#5843 = DEFINITIONAL_REPRESENTATION('',(#5844),#5848);
#5844 = LINE('',#5845,#5846);
#5845 = CARTESIAN_POINT('',(0.,-6.4));
#5846 = VECTOR('',#5847,1.);
#5847 = DIRECTION('',(1.,0.));
#5848 = ( GEOMETRIC_REPRESENTATION_CONTEXT(2) 
PARAMETRIC_REPRESENTATION_CONTEXT() REPRESENTATION_CONTEXT('2D SPACE',''
  ) );
#5849 = PCURVE('',#1562,#5850);
#5850 = DEFINITIONAL_REPRESENTATION('',(#5851),#5855);
#5851 = LINE('',#5852,#5853);
#5852 = CARTESIAN_POINT('',(-0.,0.));
#5853 = VECTOR('',#5854,1.);
#5854 = DIRECTION('',(-0.,1.));
#5855 = ( GEOMETRIC_REPRESENTATION_CONTEXT(2) 
PARAMETRIC_REPRESENTATION_CONTEXT() REPRESENTATION_CONTEXT('2D SPACE',''
  ) );
#5856 = ADVANCED_FACE('',(#5857),#1702,.T.);
#5857 = FACE_BOUND('',#5858,.T.);
#5858 = EDGE_LOOP('',(#5859,#5882,#5883,#5884));
#5859 = ORIENTED_EDGE('',*,*,#5860,.T.);
#5860 = EDGE_CURVE('',#5861,#5656,#5863,.T.);
#5861 = VERTEX_POINT('',#5862);
#5862 = CARTESIAN_POINT('',(48.,3.5,24.8));
#5863 = SURFACE_CURVE('',#5864,(#5868,#5875),.PCURVE_S1.);
#5864 = LINE('',#5865,#5866);
#5865 = CARTESIAN_POINT('',(48.,38.075,24.8));
#5866 = VECTOR('',#5867,1.);
#5867 = DIRECTION('',(-1.110223024625E-16,1.,0.));
#5868 = PCURVE('',#1702,#5869);
#5869 = DEFINITIONAL_REPRESENTATION('',(#5870),#5874);
#5870 = LINE('',#5871,#5872);
#5871 = CARTESIAN_POINT('',(0.1,-33.775));
#5872 = VECTOR('',#5873,1.);
#5873 = DIRECTION('',(0.,-1.));
#5874 = ( GEOMETRIC_REPRESENTATION_CONTEXT(2) 
PARAMETRIC_REPRESENTATION_CONTEXT() REPRESENTATION_CONTEXT('2D SPACE',''
  ) );
#5875 = PCURVE('',#4772,#5876);
#5876 = DEFINITIONAL_REPRESENTATION('',(#5877),#5881);
#5877 = LINE('',#5878,#5879);
#5878 = CARTESIAN_POINT('',(33.775,49.15));
#5879 = VECTOR('',#5880,1.);
#5880 = DIRECTION('',(-1.,0.));
#5881 = ( GEOMETRIC_REPRESENTATION_CONTEXT(2) 
PARAMETRIC_REPRESENTATION_CONTEXT() REPRESENTATION_CONTEXT('2D SPACE',''
  ) );
#5882 = ORIENTED_EDGE('',*,*,#5679,.T.);
#5883 = ORIENTED_EDGE('',*,*,#1688,.F.);
#5884 = ORIENTED_EDGE('',*,*,#5885,.F.);
#5885 = EDGE_CURVE('',#5861,#1660,#5886,.T.);
#5886 = SURFACE_CURVE('',#5887,(#5891,#5898),.PCURVE_S1.);
#5887 = LINE('',#5888,#5889);
#5888 = CARTESIAN_POINT('',(48.,3.5,24.7));
#5889 = VECTOR('',#5890,1.);
#5890 = DIRECTION('',(0.,0.,1.));
#5891 = PCURVE('',#1702,#5892);
#5892 = DEFINITIONAL_REPRESENTATION('',(#5893),#5897);
#5893 = LINE('',#5894,#5895);
#5894 = CARTESIAN_POINT('',(0.,0.8));
#5895 = VECTOR('',#5896,1.);
#5896 = DIRECTION('',(1.,0.));
#5897 = ( GEOMETRIC_REPRESENTATION_CONTEXT(2) 
PARAMETRIC_REPRESENTATION_CONTEXT() REPRESENTATION_CONTEXT('2D SPACE',''
  ) );
#5898 = PCURVE('',#1676,#5899);
#5899 = DEFINITIONAL_REPRESENTATION('',(#5900),#5904);
#5900 = LINE('',#5901,#5902);
#5901 = CARTESIAN_POINT('',(-1.570796326795,0.));
#5902 = VECTOR('',#5903,1.);
#5903 = DIRECTION('',(-0.,1.));
#5904 = ( GEOMETRIC_REPRESENTATION_CONTEXT(2) 
PARAMETRIC_REPRESENTATION_CONTEXT() REPRESENTATION_CONTEXT('2D SPACE',''
  ) );
#5905 = ADVANCED_FACE('',(#5906),#1562,.F.);
#5906 = FACE_BOUND('',#5907,.T.);
#5907 = EDGE_LOOP('',(#5908,#5909,#5933,#5954));
#5908 = ORIENTED_EDGE('',*,*,#5836,.F.);
#5909 = ORIENTED_EDGE('',*,*,#5910,.F.);
#5910 = EDGE_CURVE('',#5911,#5814,#5913,.T.);
#5911 = VERTEX_POINT('',#5912);
#5912 = CARTESIAN_POINT('',(55.,3.7,24.8));
#5913 = SURFACE_CURVE('',#5914,(#5919,#5926),.PCURVE_S1.);
#5914 = CIRCLE('',#5915,0.6);
#5915 = AXIS2_PLACEMENT_3D('',#5916,#5917,#5918);
#5916 = CARTESIAN_POINT('',(54.4,3.7,24.8));
#5917 = DIRECTION('',(0.,0.,1.));
#5918 = DIRECTION('',(-1.110223024625E-16,1.,0.));
#5919 = PCURVE('',#1562,#5920);
#5920 = DEFINITIONAL_REPRESENTATION('',(#5921),#5925);
#5921 = LINE('',#5922,#5923);
#5922 = CARTESIAN_POINT('',(-6.28318530718,0.1));
#5923 = VECTOR('',#5924,1.);
#5924 = DIRECTION('',(1.,-0.));
#5925 = ( GEOMETRIC_REPRESENTATION_CONTEXT(2) 
PARAMETRIC_REPRESENTATION_CONTEXT() REPRESENTATION_CONTEXT('2D SPACE',''
  ) );
#5926 = PCURVE('',#4772,#5927);
#5927 = DEFINITIONAL_REPRESENTATION('',(#5928),#5932);
#5928 = CIRCLE('',#5929,0.6);
#5929 = AXIS2_PLACEMENT_2D('',#5930,#5931);
#5930 = CARTESIAN_POINT('',(68.15,55.55));
#5931 = DIRECTION('',(-1.,0.));
#5932 = ( GEOMETRIC_REPRESENTATION_CONTEXT(2) 
PARAMETRIC_REPRESENTATION_CONTEXT() REPRESENTATION_CONTEXT('2D SPACE',''
  ) );
#5933 = ORIENTED_EDGE('',*,*,#5934,.T.);
#5934 = EDGE_CURVE('',#5911,#1546,#5935,.T.);
#5935 = SURFACE_CURVE('',#5936,(#5940,#5947),.PCURVE_S1.);
#5936 = LINE('',#5937,#5938);
#5937 = CARTESIAN_POINT('',(55.,3.7,24.7));
#5938 = VECTOR('',#5939,1.);
#5939 = DIRECTION('',(0.,0.,1.));
#5940 = PCURVE('',#1562,#5941);
#5941 = DEFINITIONAL_REPRESENTATION('',(#5942),#5946);
#5942 = LINE('',#5943,#5944);
#5943 = CARTESIAN_POINT('',(-1.570796326795,0.));
#5944 = VECTOR('',#5945,1.);
#5945 = DIRECTION('',(-0.,1.));
#5946 = ( GEOMETRIC_REPRESENTATION_CONTEXT(2) 
PARAMETRIC_REPRESENTATION_CONTEXT() REPRESENTATION_CONTEXT('2D SPACE',''
  ) );
#5947 = PCURVE('',#1590,#5948);
#5948 = DEFINITIONAL_REPRESENTATION('',(#5949),#5953);
#5949 = LINE('',#5950,#5951);
#5950 = CARTESIAN_POINT('',(0.,0.6));
#5951 = VECTOR('',#5952,1.);
#5952 = DIRECTION('',(1.,0.));
#5953 = ( GEOMETRIC_REPRESENTATION_CONTEXT(2) 
PARAMETRIC_REPRESENTATION_CONTEXT() REPRESENTATION_CONTEXT('2D SPACE',''
  ) );
#5954 = ORIENTED_EDGE('',*,*,#1545,.T.);
#5955 = ADVANCED_FACE('',(#5956),#1676,.F.);
#5956 = FACE_BOUND('',#5957,.T.);
#5957 = EDGE_LOOP('',(#5958,#5981,#6003,#6004));
#5958 = ORIENTED_EDGE('',*,*,#5959,.F.);
#5959 = EDGE_CURVE('',#5960,#1632,#5962,.T.);
#5960 = VERTEX_POINT('',#5961);
#5961 = CARTESIAN_POINT('',(48.6,2.9,24.8));
#5962 = SURFACE_CURVE('',#5963,(#5967,#5974),.PCURVE_S1.);
#5963 = LINE('',#5964,#5965);
#5964 = CARTESIAN_POINT('',(48.6,2.9,24.7));
#5965 = VECTOR('',#5966,1.);
#5966 = DIRECTION('',(0.,0.,1.));
#5967 = PCURVE('',#1676,#5968);
#5968 = DEFINITIONAL_REPRESENTATION('',(#5969),#5973);
#5969 = LINE('',#5970,#5971);
#5970 = CARTESIAN_POINT('',(-0.,0.));
#5971 = VECTOR('',#5972,1.);
#5972 = DIRECTION('',(-0.,1.));
#5973 = ( GEOMETRIC_REPRESENTATION_CONTEXT(2) 
PARAMETRIC_REPRESENTATION_CONTEXT() REPRESENTATION_CONTEXT('2D SPACE',''
  ) );
#5974 = PCURVE('',#1647,#5975);
#5975 = DEFINITIONAL_REPRESENTATION('',(#5976),#5980);
#5976 = LINE('',#5977,#5978);
#5977 = CARTESIAN_POINT('',(0.,-0.6));
#5978 = VECTOR('',#5979,1.);
#5979 = DIRECTION('',(1.,0.));
#5980 = ( GEOMETRIC_REPRESENTATION_CONTEXT(2) 
PARAMETRIC_REPRESENTATION_CONTEXT() REPRESENTATION_CONTEXT('2D SPACE',''
  ) );
#5981 = ORIENTED_EDGE('',*,*,#5982,.F.);
#5982 = EDGE_CURVE('',#5861,#5960,#5983,.T.);
#5983 = SURFACE_CURVE('',#5984,(#5989,#5996),.PCURVE_S1.);
#5984 = CIRCLE('',#5985,0.6);
#5985 = AXIS2_PLACEMENT_3D('',#5986,#5987,#5988);
#5986 = CARTESIAN_POINT('',(48.6,3.5,24.8));
#5987 = DIRECTION('',(-0.,0.,1.));
#5988 = DIRECTION('',(1.110223024625E-16,-1.,0.));
#5989 = PCURVE('',#1676,#5990);
#5990 = DEFINITIONAL_REPRESENTATION('',(#5991),#5995);
#5991 = LINE('',#5992,#5993);
#5992 = CARTESIAN_POINT('',(-6.28318530718,0.1));
#5993 = VECTOR('',#5994,1.);
#5994 = DIRECTION('',(1.,-0.));
#5995 = ( GEOMETRIC_REPRESENTATION_CONTEXT(2) 
PARAMETRIC_REPRESENTATION_CONTEXT() REPRESENTATION_CONTEXT('2D SPACE',''
  ) );
#5996 = PCURVE('',#4772,#5997);
#5997 = DEFINITIONAL_REPRESENTATION('',(#5998),#6002);
#5998 = CIRCLE('',#5999,0.6);
#5999 = AXIS2_PLACEMENT_2D('',#6000,#6001);
#6000 = CARTESIAN_POINT('',(68.35,49.75));
#6001 = DIRECTION('',(1.,0.));
#6002 = ( GEOMETRIC_REPRESENTATION_CONTEXT(2) 
PARAMETRIC_REPRESENTATION_CONTEXT() REPRESENTATION_CONTEXT('2D SPACE',''
  ) );
#6003 = ORIENTED_EDGE('',*,*,#5885,.T.);
#6004 = ORIENTED_EDGE('',*,*,#1659,.T.);
#6005 = ADVANCED_FACE('',(#6006),#1590,.F.);
#6006 = FACE_BOUND('',#6007,.F.);
#6007 = EDGE_LOOP('',(#6008,#6031,#6032,#6033));
#6008 = ORIENTED_EDGE('',*,*,#6009,.T.);
#6009 = EDGE_CURVE('',#6010,#5911,#6012,.T.);
#6010 = VERTEX_POINT('',#6011);
#6011 = CARTESIAN_POINT('',(55.,3.5,24.8));
#6012 = SURFACE_CURVE('',#6013,(#6017,#6024),.PCURVE_S1.);
#6013 = LINE('',#6014,#6015);
#6014 = CARTESIAN_POINT('',(55.,38.075,24.8));
#6015 = VECTOR('',#6016,1.);
#6016 = DIRECTION('',(-1.110223024625E-16,1.,0.));
#6017 = PCURVE('',#1590,#6018);
#6018 = DEFINITIONAL_REPRESENTATION('',(#6019),#6023);
#6019 = LINE('',#6020,#6021);
#6020 = CARTESIAN_POINT('',(0.1,-33.775));
#6021 = VECTOR('',#6022,1.);
#6022 = DIRECTION('',(0.,-1.));
#6023 = ( GEOMETRIC_REPRESENTATION_CONTEXT(2) 
PARAMETRIC_REPRESENTATION_CONTEXT() REPRESENTATION_CONTEXT('2D SPACE',''
  ) );
#6024 = PCURVE('',#4772,#6025);
#6025 = DEFINITIONAL_REPRESENTATION('',(#6026),#6030);
#6026 = LINE('',#6027,#6028);
#6027 = CARTESIAN_POINT('',(33.775,56.15));
#6028 = VECTOR('',#6029,1.);
#6029 = DIRECTION('',(-1.,0.));
#6030 = ( GEOMETRIC_REPRESENTATION_CONTEXT(2) 
PARAMETRIC_REPRESENTATION_CONTEXT() REPRESENTATION_CONTEXT('2D SPACE',''
  ) );
#6031 = ORIENTED_EDGE('',*,*,#5934,.T.);
#6032 = ORIENTED_EDGE('',*,*,#1574,.F.);
#6033 = ORIENTED_EDGE('',*,*,#6034,.F.);
#6034 = EDGE_CURVE('',#6010,#1575,#6035,.T.);
#6035 = SURFACE_CURVE('',#6036,(#6040,#6047),.PCURVE_S1.);
#6036 = LINE('',#6037,#6038);
#6037 = CARTESIAN_POINT('',(55.,3.5,24.7));
#6038 = VECTOR('',#6039,1.);
#6039 = DIRECTION('',(0.,0.,1.));
#6040 = PCURVE('',#1590,#6041);
#6041 = DEFINITIONAL_REPRESENTATION('',(#6042),#6046);
#6042 = LINE('',#6043,#6044);
#6043 = CARTESIAN_POINT('',(0.,0.8));
#6044 = VECTOR('',#6045,1.);
#6045 = DIRECTION('',(1.,0.));
#6046 = ( GEOMETRIC_REPRESENTATION_CONTEXT(2) 
PARAMETRIC_REPRESENTATION_CONTEXT() REPRESENTATION_CONTEXT('2D SPACE',''
  ) );
#6047 = PCURVE('',#1619,#6048);
#6048 = DEFINITIONAL_REPRESENTATION('',(#6049),#6053);
#6049 = LINE('',#6050,#6051);
#6050 = CARTESIAN_POINT('',(1.570796326795,0.));
#6051 = VECTOR('',#6052,1.);
#6052 = DIRECTION('',(0.,1.));
#6053 = ( GEOMETRIC_REPRESENTATION_CONTEXT(2) 
PARAMETRIC_REPRESENTATION_CONTEXT() REPRESENTATION_CONTEXT('2D SPACE',''
  ) );
#6054 = ADVANCED_FACE('',(#6055),#1647,.F.);
#6055 = FACE_BOUND('',#6056,.F.);
#6056 = EDGE_LOOP('',(#6057,#6058,#6059,#6082));
#6057 = ORIENTED_EDGE('',*,*,#1631,.F.);
#6058 = ORIENTED_EDGE('',*,*,#5959,.F.);
#6059 = ORIENTED_EDGE('',*,*,#6060,.T.);
#6060 = EDGE_CURVE('',#5960,#6061,#6063,.T.);
#6061 = VERTEX_POINT('',#6062);
#6062 = CARTESIAN_POINT('',(54.4,2.9,24.8));
#6063 = SURFACE_CURVE('',#6064,(#6068,#6075),.PCURVE_S1.);
#6064 = LINE('',#6065,#6066);
#6065 = CARTESIAN_POINT('',(23.425,2.9,24.8));
#6066 = VECTOR('',#6067,1.);
#6067 = DIRECTION('',(1.,1.110223024625E-16,0.));
#6068 = PCURVE('',#1647,#6069);
#6069 = DEFINITIONAL_REPRESENTATION('',(#6070),#6074);
#6070 = LINE('',#6071,#6072);
#6071 = CARTESIAN_POINT('',(0.1,24.575));
#6072 = VECTOR('',#6073,1.);
#6073 = DIRECTION('',(0.,-1.));
#6074 = ( GEOMETRIC_REPRESENTATION_CONTEXT(2) 
PARAMETRIC_REPRESENTATION_CONTEXT() REPRESENTATION_CONTEXT('2D SPACE',''
  ) );
#6075 = PCURVE('',#4772,#6076);
#6076 = DEFINITIONAL_REPRESENTATION('',(#6077),#6081);
#6077 = LINE('',#6078,#6079);
#6078 = CARTESIAN_POINT('',(68.95,24.575));
#6079 = VECTOR('',#6080,1.);
#6080 = DIRECTION('',(0.,1.));
#6081 = ( GEOMETRIC_REPRESENTATION_CONTEXT(2) 
PARAMETRIC_REPRESENTATION_CONTEXT() REPRESENTATION_CONTEXT('2D SPACE',''
  ) );
#6082 = ORIENTED_EDGE('',*,*,#6083,.T.);
#6083 = EDGE_CURVE('',#6061,#1603,#6084,.T.);
#6084 = SURFACE_CURVE('',#6085,(#6089,#6096),.PCURVE_S1.);
#6085 = LINE('',#6086,#6087);
#6086 = CARTESIAN_POINT('',(54.4,2.9,24.7));
#6087 = VECTOR('',#6088,1.);
#6088 = DIRECTION('',(0.,0.,1.));
#6089 = PCURVE('',#1647,#6090);
#6090 = DEFINITIONAL_REPRESENTATION('',(#6091),#6095);
#6091 = LINE('',#6092,#6093);
#6092 = CARTESIAN_POINT('',(0.,-6.4));
#6093 = VECTOR('',#6094,1.);
#6094 = DIRECTION('',(1.,0.));
#6095 = ( GEOMETRIC_REPRESENTATION_CONTEXT(2) 
PARAMETRIC_REPRESENTATION_CONTEXT() REPRESENTATION_CONTEXT('2D SPACE',''
  ) );
#6096 = PCURVE('',#1619,#6097);
#6097 = DEFINITIONAL_REPRESENTATION('',(#6098),#6102);
#6098 = LINE('',#6099,#6100);
#6099 = CARTESIAN_POINT('',(0.,0.));
#6100 = VECTOR('',#6101,1.);
#6101 = DIRECTION('',(0.,1.));
#6102 = ( GEOMETRIC_REPRESENTATION_CONTEXT(2) 
PARAMETRIC_REPRESENTATION_CONTEXT() REPRESENTATION_CONTEXT('2D SPACE',''
  ) );
#6103 = ADVANCED_FACE('',(#6104),#1619,.F.);
#6104 = FACE_BOUND('',#6105,.F.);
#6105 = EDGE_LOOP('',(#6106,#6107,#6129,#6130));
#6106 = ORIENTED_EDGE('',*,*,#6083,.F.);
#6107 = ORIENTED_EDGE('',*,*,#6108,.T.);
#6108 = EDGE_CURVE('',#6061,#6010,#6109,.T.);
#6109 = SURFACE_CURVE('',#6110,(#6115,#6122),.PCURVE_S1.);
#6110 = CIRCLE('',#6111,0.6);
#6111 = AXIS2_PLACEMENT_3D('',#6112,#6113,#6114);
#6112 = CARTESIAN_POINT('',(54.4,3.5,24.8));
#6113 = DIRECTION('',(-0.,0.,1.));
#6114 = DIRECTION('',(1.110223024625E-16,-1.,0.));
#6115 = PCURVE('',#1619,#6116);
#6116 = DEFINITIONAL_REPRESENTATION('',(#6117),#6121);
#6117 = LINE('',#6118,#6119);
#6118 = CARTESIAN_POINT('',(0.,0.1));
#6119 = VECTOR('',#6120,1.);
#6120 = DIRECTION('',(1.,0.));
#6121 = ( GEOMETRIC_REPRESENTATION_CONTEXT(2) 
PARAMETRIC_REPRESENTATION_CONTEXT() REPRESENTATION_CONTEXT('2D SPACE',''
  ) );
#6122 = PCURVE('',#4772,#6123);
#6123 = DEFINITIONAL_REPRESENTATION('',(#6124),#6128);
#6124 = CIRCLE('',#6125,0.6);
#6125 = AXIS2_PLACEMENT_2D('',#6126,#6127);
#6126 = CARTESIAN_POINT('',(68.35,55.55));
#6127 = DIRECTION('',(1.,0.));
#6128 = ( GEOMETRIC_REPRESENTATION_CONTEXT(2) 
PARAMETRIC_REPRESENTATION_CONTEXT() REPRESENTATION_CONTEXT('2D SPACE',''
  ) );
#6129 = ORIENTED_EDGE('',*,*,#6034,.T.);
#6130 = ORIENTED_EDGE('',*,*,#1602,.F.);
#6131 = ADVANCED_FACE('',(#6132),#1735,.F.);
#6132 = FACE_BOUND('',#6133,.F.);
#6133 = EDGE_LOOP('',(#6134,#6157,#6181,#6202));
#6134 = ORIENTED_EDGE('',*,*,#6135,.F.);
#6135 = EDGE_CURVE('',#6136,#1717,#6138,.T.);
#6136 = VERTEX_POINT('',#6137);
#6137 = CARTESIAN_POINT('',(48.6,1.5,24.8));
#6138 = SURFACE_CURVE('',#6139,(#6143,#6150),.PCURVE_S1.);
#6139 = LINE('',#6140,#6141);
#6140 = CARTESIAN_POINT('',(48.6,1.5,24.7));
#6141 = VECTOR('',#6142,1.);
#6142 = DIRECTION('',(0.,0.,1.));
#6143 = PCURVE('',#1735,#6144);
#6144 = DEFINITIONAL_REPRESENTATION('',(#6145),#6149);
#6145 = LINE('',#6146,#6147);
#6146 = CARTESIAN_POINT('',(0.,0.));
#6147 = VECTOR('',#6148,1.);
#6148 = DIRECTION('',(0.,1.));
#6149 = ( GEOMETRIC_REPRESENTATION_CONTEXT(2) 
PARAMETRIC_REPRESENTATION_CONTEXT() REPRESENTATION_CONTEXT('2D SPACE',''
  ) );
#6150 = PCURVE('',#1763,#6151);
#6151 = DEFINITIONAL_REPRESENTATION('',(#6152),#6156);
#6152 = LINE('',#6153,#6154);
#6153 = CARTESIAN_POINT('',(0.,-0.6));
#6154 = VECTOR('',#6155,1.);
#6155 = DIRECTION('',(1.,0.));
#6156 = ( GEOMETRIC_REPRESENTATION_CONTEXT(2) 
PARAMETRIC_REPRESENTATION_CONTEXT() REPRESENTATION_CONTEXT('2D SPACE',''
  ) );
#6157 = ORIENTED_EDGE('',*,*,#6158,.T.);
#6158 = EDGE_CURVE('',#6136,#6159,#6161,.T.);
#6159 = VERTEX_POINT('',#6160);
#6160 = CARTESIAN_POINT('',(48.,0.9,24.8));
#6161 = SURFACE_CURVE('',#6162,(#6167,#6174),.PCURVE_S1.);
#6162 = CIRCLE('',#6163,0.6);
#6163 = AXIS2_PLACEMENT_3D('',#6164,#6165,#6166);
#6164 = CARTESIAN_POINT('',(48.6,0.9,24.8));
#6165 = DIRECTION('',(0.,0.,1.));
#6166 = DIRECTION('',(-1.110223024625E-16,1.,0.));
#6167 = PCURVE('',#1735,#6168);
#6168 = DEFINITIONAL_REPRESENTATION('',(#6169),#6173);
#6169 = LINE('',#6170,#6171);
#6170 = CARTESIAN_POINT('',(0.,0.1));
#6171 = VECTOR('',#6172,1.);
#6172 = DIRECTION('',(1.,0.));
#6173 = ( GEOMETRIC_REPRESENTATION_CONTEXT(2) 
PARAMETRIC_REPRESENTATION_CONTEXT() REPRESENTATION_CONTEXT('2D SPACE',''
  ) );
#6174 = PCURVE('',#4772,#6175);
#6175 = DEFINITIONAL_REPRESENTATION('',(#6176),#6180);
#6176 = CIRCLE('',#6177,0.6);
#6177 = AXIS2_PLACEMENT_2D('',#6178,#6179);
#6178 = CARTESIAN_POINT('',(70.95,49.75));
#6179 = DIRECTION('',(-1.,0.));
#6180 = ( GEOMETRIC_REPRESENTATION_CONTEXT(2) 
PARAMETRIC_REPRESENTATION_CONTEXT() REPRESENTATION_CONTEXT('2D SPACE',''
  ) );
#6181 = ORIENTED_EDGE('',*,*,#6182,.T.);
#6182 = EDGE_CURVE('',#6159,#1719,#6183,.T.);
#6183 = SURFACE_CURVE('',#6184,(#6188,#6195),.PCURVE_S1.);
#6184 = LINE('',#6185,#6186);
#6185 = CARTESIAN_POINT('',(48.,0.9,24.7));
#6186 = VECTOR('',#6187,1.);
#6187 = DIRECTION('',(0.,0.,1.));
#6188 = PCURVE('',#1735,#6189);
#6189 = DEFINITIONAL_REPRESENTATION('',(#6190),#6194);
#6190 = LINE('',#6191,#6192);
#6191 = CARTESIAN_POINT('',(1.570796326795,0.));
#6192 = VECTOR('',#6193,1.);
#6193 = DIRECTION('',(0.,1.));
#6194 = ( GEOMETRIC_REPRESENTATION_CONTEXT(2) 
PARAMETRIC_REPRESENTATION_CONTEXT() REPRESENTATION_CONTEXT('2D SPACE',''
  ) );
#6195 = PCURVE('',#1932,#6196);
#6196 = DEFINITIONAL_REPRESENTATION('',(#6197),#6201);
#6197 = LINE('',#6198,#6199);
#6198 = CARTESIAN_POINT('',(0.,0.6));
#6199 = VECTOR('',#6200,1.);
#6200 = DIRECTION('',(1.,0.));
#6201 = ( GEOMETRIC_REPRESENTATION_CONTEXT(2) 
PARAMETRIC_REPRESENTATION_CONTEXT() REPRESENTATION_CONTEXT('2D SPACE',''
  ) );
#6202 = ORIENTED_EDGE('',*,*,#1716,.F.);
#6203 = ADVANCED_FACE('',(#6204),#1763,.T.);
#6204 = FACE_BOUND('',#6205,.T.);
#6205 = EDGE_LOOP('',(#6206,#6207,#6208,#6231));
#6206 = ORIENTED_EDGE('',*,*,#1747,.F.);
#6207 = ORIENTED_EDGE('',*,*,#6135,.F.);
#6208 = ORIENTED_EDGE('',*,*,#6209,.T.);
#6209 = EDGE_CURVE('',#6136,#6210,#6212,.T.);
#6210 = VERTEX_POINT('',#6211);
#6211 = CARTESIAN_POINT('',(54.4,1.5,24.8));
#6212 = SURFACE_CURVE('',#6213,(#6217,#6224),.PCURVE_S1.);
#6213 = LINE('',#6214,#6215);
#6214 = CARTESIAN_POINT('',(23.425,1.5,24.8));
#6215 = VECTOR('',#6216,1.);
#6216 = DIRECTION('',(1.,1.110223024625E-16,0.));
#6217 = PCURVE('',#1763,#6218);
#6218 = DEFINITIONAL_REPRESENTATION('',(#6219),#6223);
#6219 = LINE('',#6220,#6221);
#6220 = CARTESIAN_POINT('',(0.1,24.575));
#6221 = VECTOR('',#6222,1.);
#6222 = DIRECTION('',(0.,-1.));
#6223 = ( GEOMETRIC_REPRESENTATION_CONTEXT(2) 
PARAMETRIC_REPRESENTATION_CONTEXT() REPRESENTATION_CONTEXT('2D SPACE',''
  ) );
#6224 = PCURVE('',#4772,#6225);
#6225 = DEFINITIONAL_REPRESENTATION('',(#6226),#6230);
#6226 = LINE('',#6227,#6228);
#6227 = CARTESIAN_POINT('',(70.35,24.575));
#6228 = VECTOR('',#6229,1.);
#6229 = DIRECTION('',(0.,1.));
#6230 = ( GEOMETRIC_REPRESENTATION_CONTEXT(2) 
PARAMETRIC_REPRESENTATION_CONTEXT() REPRESENTATION_CONTEXT('2D SPACE',''
  ) );
#6231 = ORIENTED_EDGE('',*,*,#6232,.T.);
#6232 = EDGE_CURVE('',#6210,#1748,#6233,.T.);
#6233 = SURFACE_CURVE('',#6234,(#6238,#6245),.PCURVE_S1.);
#6234 = LINE('',#6235,#6236);
#6235 = CARTESIAN_POINT('',(54.4,1.5,24.7));
#6236 = VECTOR('',#6237,1.);
#6237 = DIRECTION('',(0.,0.,1.));
#6238 = PCURVE('',#1763,#6239);
#6239 = DEFINITIONAL_REPRESENTATION('',(#6240),#6244);
#6240 = LINE('',#6241,#6242);
#6241 = CARTESIAN_POINT('',(0.,-6.4));
#6242 = VECTOR('',#6243,1.);
#6243 = DIRECTION('',(1.,0.));
#6244 = ( GEOMETRIC_REPRESENTATION_CONTEXT(2) 
PARAMETRIC_REPRESENTATION_CONTEXT() REPRESENTATION_CONTEXT('2D SPACE',''
  ) );
#6245 = PCURVE('',#1792,#6246);
#6246 = DEFINITIONAL_REPRESENTATION('',(#6247),#6251);
#6247 = LINE('',#6248,#6249);
#6248 = CARTESIAN_POINT('',(-0.,0.));
#6249 = VECTOR('',#6250,1.);
#6250 = DIRECTION('',(-0.,1.));
#6251 = ( GEOMETRIC_REPRESENTATION_CONTEXT(2) 
PARAMETRIC_REPRESENTATION_CONTEXT() REPRESENTATION_CONTEXT('2D SPACE',''
  ) );
#6252 = ADVANCED_FACE('',(#6253),#1932,.T.);
#6253 = FACE_BOUND('',#6254,.T.);
#6254 = EDGE_LOOP('',(#6255,#6278,#6279,#6280));
#6255 = ORIENTED_EDGE('',*,*,#6256,.T.);
#6256 = EDGE_CURVE('',#6257,#6159,#6259,.T.);
#6257 = VERTEX_POINT('',#6258);
#6258 = CARTESIAN_POINT('',(48.,0.7,24.8));
#6259 = SURFACE_CURVE('',#6260,(#6264,#6271),.PCURVE_S1.);
#6260 = LINE('',#6261,#6262);
#6261 = CARTESIAN_POINT('',(48.,36.675,24.8));
#6262 = VECTOR('',#6263,1.);
#6263 = DIRECTION('',(-1.110223024625E-16,1.,0.));
#6264 = PCURVE('',#1932,#6265);
#6265 = DEFINITIONAL_REPRESENTATION('',(#6266),#6270);
#6266 = LINE('',#6267,#6268);
#6267 = CARTESIAN_POINT('',(0.1,-35.175));
#6268 = VECTOR('',#6269,1.);
#6269 = DIRECTION('',(0.,-1.));
#6270 = ( GEOMETRIC_REPRESENTATION_CONTEXT(2) 
PARAMETRIC_REPRESENTATION_CONTEXT() REPRESENTATION_CONTEXT('2D SPACE',''
  ) );
#6271 = PCURVE('',#4772,#6272);
#6272 = DEFINITIONAL_REPRESENTATION('',(#6273),#6277);
#6273 = LINE('',#6274,#6275);
#6274 = CARTESIAN_POINT('',(35.175,49.15));
#6275 = VECTOR('',#6276,1.);
#6276 = DIRECTION('',(-1.,0.));
#6277 = ( GEOMETRIC_REPRESENTATION_CONTEXT(2) 
PARAMETRIC_REPRESENTATION_CONTEXT() REPRESENTATION_CONTEXT('2D SPACE',''
  ) );
#6278 = ORIENTED_EDGE('',*,*,#6182,.T.);
#6279 = ORIENTED_EDGE('',*,*,#1918,.F.);
#6280 = ORIENTED_EDGE('',*,*,#6281,.F.);
#6281 = EDGE_CURVE('',#6257,#1890,#6282,.T.);
#6282 = SURFACE_CURVE('',#6283,(#6287,#6294),.PCURVE_S1.);
#6283 = LINE('',#6284,#6285);
#6284 = CARTESIAN_POINT('',(48.,0.7,24.7));
#6285 = VECTOR('',#6286,1.);
#6286 = DIRECTION('',(0.,0.,1.));
#6287 = PCURVE('',#1932,#6288);
#6288 = DEFINITIONAL_REPRESENTATION('',(#6289),#6293);
#6289 = LINE('',#6290,#6291);
#6290 = CARTESIAN_POINT('',(0.,0.8));
#6291 = VECTOR('',#6292,1.);
#6292 = DIRECTION('',(1.,0.));
#6293 = ( GEOMETRIC_REPRESENTATION_CONTEXT(2) 
PARAMETRIC_REPRESENTATION_CONTEXT() REPRESENTATION_CONTEXT('2D SPACE',''
  ) );
#6294 = PCURVE('',#1906,#6295);
#6295 = DEFINITIONAL_REPRESENTATION('',(#6296),#6300);
#6296 = LINE('',#6297,#6298);
#6297 = CARTESIAN_POINT('',(-1.570796326795,0.));
#6298 = VECTOR('',#6299,1.);
#6299 = DIRECTION('',(-0.,1.));
#6300 = ( GEOMETRIC_REPRESENTATION_CONTEXT(2) 
PARAMETRIC_REPRESENTATION_CONTEXT() REPRESENTATION_CONTEXT('2D SPACE',''
  ) );
#6301 = ADVANCED_FACE('',(#6302),#1792,.F.);
#6302 = FACE_BOUND('',#6303,.T.);
#6303 = EDGE_LOOP('',(#6304,#6305,#6329,#6350));
#6304 = ORIENTED_EDGE('',*,*,#6232,.F.);
#6305 = ORIENTED_EDGE('',*,*,#6306,.F.);
#6306 = EDGE_CURVE('',#6307,#6210,#6309,.T.);
#6307 = VERTEX_POINT('',#6308);
#6308 = CARTESIAN_POINT('',(55.,0.9,24.8));
#6309 = SURFACE_CURVE('',#6310,(#6315,#6322),.PCURVE_S1.);
#6310 = CIRCLE('',#6311,0.6);
#6311 = AXIS2_PLACEMENT_3D('',#6312,#6313,#6314);
#6312 = CARTESIAN_POINT('',(54.4,0.9,24.8));
#6313 = DIRECTION('',(0.,0.,1.));
#6314 = DIRECTION('',(-1.110223024625E-16,1.,0.));
#6315 = PCURVE('',#1792,#6316);
#6316 = DEFINITIONAL_REPRESENTATION('',(#6317),#6321);
#6317 = LINE('',#6318,#6319);
#6318 = CARTESIAN_POINT('',(-6.28318530718,0.1));
#6319 = VECTOR('',#6320,1.);
#6320 = DIRECTION('',(1.,-0.));
#6321 = ( GEOMETRIC_REPRESENTATION_CONTEXT(2) 
PARAMETRIC_REPRESENTATION_CONTEXT() REPRESENTATION_CONTEXT('2D SPACE',''
  ) );
#6322 = PCURVE('',#4772,#6323);
#6323 = DEFINITIONAL_REPRESENTATION('',(#6324),#6328);
#6324 = CIRCLE('',#6325,0.6);
#6325 = AXIS2_PLACEMENT_2D('',#6326,#6327);
#6326 = CARTESIAN_POINT('',(70.95,55.55));
#6327 = DIRECTION('',(-1.,0.));
#6328 = ( GEOMETRIC_REPRESENTATION_CONTEXT(2) 
PARAMETRIC_REPRESENTATION_CONTEXT() REPRESENTATION_CONTEXT('2D SPACE',''
  ) );
#6329 = ORIENTED_EDGE('',*,*,#6330,.T.);
#6330 = EDGE_CURVE('',#6307,#1776,#6331,.T.);
#6331 = SURFACE_CURVE('',#6332,(#6336,#6343),.PCURVE_S1.);
#6332 = LINE('',#6333,#6334);
#6333 = CARTESIAN_POINT('',(55.,0.9,24.7));
#6334 = VECTOR('',#6335,1.);
#6335 = DIRECTION('',(0.,0.,1.));
#6336 = PCURVE('',#1792,#6337);
#6337 = DEFINITIONAL_REPRESENTATION('',(#6338),#6342);
#6338 = LINE('',#6339,#6340);
#6339 = CARTESIAN_POINT('',(-1.570796326795,0.));
#6340 = VECTOR('',#6341,1.);
#6341 = DIRECTION('',(-0.,1.));
#6342 = ( GEOMETRIC_REPRESENTATION_CONTEXT(2) 
PARAMETRIC_REPRESENTATION_CONTEXT() REPRESENTATION_CONTEXT('2D SPACE',''
  ) );
#6343 = PCURVE('',#1820,#6344);
#6344 = DEFINITIONAL_REPRESENTATION('',(#6345),#6349);
#6345 = LINE('',#6346,#6347);
#6346 = CARTESIAN_POINT('',(0.,0.6));
#6347 = VECTOR('',#6348,1.);
#6348 = DIRECTION('',(1.,0.));
#6349 = ( GEOMETRIC_REPRESENTATION_CONTEXT(2) 
PARAMETRIC_REPRESENTATION_CONTEXT() REPRESENTATION_CONTEXT('2D SPACE',''
  ) );
#6350 = ORIENTED_EDGE('',*,*,#1775,.T.);
#6351 = ADVANCED_FACE('',(#6352),#1906,.F.);
#6352 = FACE_BOUND('',#6353,.T.);
#6353 = EDGE_LOOP('',(#6354,#6377,#6410,#6433,#6455,#6456));
#6354 = ORIENTED_EDGE('',*,*,#6355,.F.);
#6355 = EDGE_CURVE('',#6356,#1862,#6358,.T.);
#6356 = VERTEX_POINT('',#6357);
#6357 = CARTESIAN_POINT('',(48.6,1.E-01,24.7));
#6358 = SURFACE_CURVE('',#6359,(#6363,#6370),.PCURVE_S1.);
#6359 = LINE('',#6360,#6361);
#6360 = CARTESIAN_POINT('',(48.6,1.E-01,24.7));
#6361 = VECTOR('',#6362,1.);
#6362 = DIRECTION('',(0.,0.,1.));
#6363 = PCURVE('',#1906,#6364);
#6364 = DEFINITIONAL_REPRESENTATION('',(#6365),#6369);
#6365 = LINE('',#6366,#6367);
#6366 = CARTESIAN_POINT('',(-0.,0.));
#6367 = VECTOR('',#6368,1.);
#6368 = DIRECTION('',(-0.,1.));
#6369 = ( GEOMETRIC_REPRESENTATION_CONTEXT(2) 
PARAMETRIC_REPRESENTATION_CONTEXT() REPRESENTATION_CONTEXT('2D SPACE',''
  ) );
#6370 = PCURVE('',#1877,#6371);
#6371 = DEFINITIONAL_REPRESENTATION('',(#6372),#6376);
#6372 = LINE('',#6373,#6374);
#6373 = CARTESIAN_POINT('',(0.,-0.6));
#6374 = VECTOR('',#6375,1.);
#6375 = DIRECTION('',(1.,0.));
#6376 = ( GEOMETRIC_REPRESENTATION_CONTEXT(2) 
PARAMETRIC_REPRESENTATION_CONTEXT() REPRESENTATION_CONTEXT('2D SPACE',''
  ) );
#6377 = ORIENTED_EDGE('',*,*,#6378,.T.);
#6378 = EDGE_CURVE('',#6356,#6379,#6381,.T.);
#6379 = VERTEX_POINT('',#6380);
#6380 = CARTESIAN_POINT('',(48.002086962845,0.65,24.7));
#6381 = SURFACE_CURVE('',#6382,(#6387,#6394),.PCURVE_S1.);
#6382 = CIRCLE('',#6383,0.6);
#6383 = AXIS2_PLACEMENT_3D('',#6384,#6385,#6386);
#6384 = CARTESIAN_POINT('',(48.6,0.7,24.7));
#6385 = DIRECTION('',(-0.,0.,-1.));
#6386 = DIRECTION('',(-1.,-1.110223024625E-16,0.));
#6387 = PCURVE('',#1906,#6388);
#6388 = DEFINITIONAL_REPRESENTATION('',(#6389),#6393);
#6389 = LINE('',#6390,#6391);
#6390 = CARTESIAN_POINT('',(4.712388980385,-0.));
#6391 = VECTOR('',#6392,1.);
#6392 = DIRECTION('',(-1.,0.));
#6393 = ( GEOMETRIC_REPRESENTATION_CONTEXT(2) 
PARAMETRIC_REPRESENTATION_CONTEXT() REPRESENTATION_CONTEXT('2D SPACE',''
  ) );
#6394 = PCURVE('',#6395,#6400);
#6395 = PLANE('',#6396);
#6396 = AXIS2_PLACEMENT_3D('',#6397,#6398,#6399);
#6397 = CARTESIAN_POINT('',(48.,1.5,24.7));
#6398 = DIRECTION('',(0.,0.,1.));
#6399 = DIRECTION('',(1.110223024625E-16,-1.,0.));
#6400 = DEFINITIONAL_REPRESENTATION('',(#6401),#6409);
#6401 = ( BOUNDED_CURVE() B_SPLINE_CURVE(2,(#6402,#6403,#6404,#6405,
#6406,#6407,#6408),.UNSPECIFIED.,.T.,.F.) B_SPLINE_CURVE_WITH_KNOTS((1,2
    ,2,2,2,1),(-2.094395102393,0.,2.094395102393,4.188790204786,
6.28318530718,8.377580409573),.UNSPECIFIED.) CURVE() 
GEOMETRIC_REPRESENTATION_ITEM() RATIONAL_B_SPLINE_CURVE((1.,0.5,1.,0.5,
1.,0.5,1.)) REPRESENTATION_ITEM('') );
#6402 = CARTESIAN_POINT('',(0.8,-1.110223024625E-16));
#6403 = CARTESIAN_POINT('',(-0.239230484541,-1.110223024625E-16));
#6404 = CARTESIAN_POINT('',(0.280384757729,0.9));
#6405 = CARTESIAN_POINT('',(0.8,1.8));
#6406 = CARTESIAN_POINT('',(1.319615242271,0.9));
#6407 = CARTESIAN_POINT('',(1.839230484541,7.771561172376E-16));
#6408 = CARTESIAN_POINT('',(0.8,-1.110223024625E-16));
#6409 = ( GEOMETRIC_REPRESENTATION_CONTEXT(2) 
PARAMETRIC_REPRESENTATION_CONTEXT() REPRESENTATION_CONTEXT('2D SPACE',''
  ) );
#6410 = ORIENTED_EDGE('',*,*,#6411,.T.);
#6411 = EDGE_CURVE('',#6379,#6412,#6414,.T.);
#6412 = VERTEX_POINT('',#6413);
#6413 = CARTESIAN_POINT('',(48.002086962845,0.65,24.8));
#6414 = SURFACE_CURVE('',#6415,(#6419,#6426),.PCURVE_S1.);
#6415 = LINE('',#6416,#6417);
#6416 = CARTESIAN_POINT('',(48.002086962845,0.65,24.7));
#6417 = VECTOR('',#6418,1.);
#6418 = DIRECTION('',(0.,0.,1.));
#6419 = PCURVE('',#1906,#6420);
#6420 = DEFINITIONAL_REPRESENTATION('',(#6421),#6425);
#6421 = LINE('',#6422,#6423);
#6422 = CARTESIAN_POINT('',(-1.487366240184,0.));
#6423 = VECTOR('',#6424,1.);
#6424 = DIRECTION('',(-0.,1.));
#6425 = ( GEOMETRIC_REPRESENTATION_CONTEXT(2) 
PARAMETRIC_REPRESENTATION_CONTEXT() REPRESENTATION_CONTEXT('2D SPACE',''
  ) );
#6426 = PCURVE('',#2631,#6427);
#6427 = DEFINITIONAL_REPRESENTATION('',(#6428),#6432);
#6428 = LINE('',#6429,#6430);
#6429 = CARTESIAN_POINT('',(8.2,-47.35208696284));
#6430 = VECTOR('',#6431,1.);
#6431 = DIRECTION('',(1.,0.));
#6432 = ( GEOMETRIC_REPRESENTATION_CONTEXT(2) 
PARAMETRIC_REPRESENTATION_CONTEXT() REPRESENTATION_CONTEXT('2D SPACE',''
  ) );
#6433 = ORIENTED_EDGE('',*,*,#6434,.F.);
#6434 = EDGE_CURVE('',#6257,#6412,#6435,.T.);
#6435 = SURFACE_CURVE('',#6436,(#6441,#6448),.PCURVE_S1.);
#6436 = CIRCLE('',#6437,0.6);
#6437 = AXIS2_PLACEMENT_3D('',#6438,#6439,#6440);
#6438 = CARTESIAN_POINT('',(48.6,0.7,24.8));
#6439 = DIRECTION('',(-0.,0.,1.));
#6440 = DIRECTION('',(1.110223024625E-16,-1.,0.));
#6441 = PCURVE('',#1906,#6442);
#6442 = DEFINITIONAL_REPRESENTATION('',(#6443),#6447);
#6443 = LINE('',#6444,#6445);
#6444 = CARTESIAN_POINT('',(-6.28318530718,0.1));
#6445 = VECTOR('',#6446,1.);
#6446 = DIRECTION('',(1.,-0.));
#6447 = ( GEOMETRIC_REPRESENTATION_CONTEXT(2) 
PARAMETRIC_REPRESENTATION_CONTEXT() REPRESENTATION_CONTEXT('2D SPACE',''
  ) );
#6448 = PCURVE('',#4772,#6449);
#6449 = DEFINITIONAL_REPRESENTATION('',(#6450),#6454);
#6450 = CIRCLE('',#6451,0.6);
#6451 = AXIS2_PLACEMENT_2D('',#6452,#6453);
#6452 = CARTESIAN_POINT('',(71.15,49.75));
#6453 = DIRECTION('',(1.,0.));
#6454 = ( GEOMETRIC_REPRESENTATION_CONTEXT(2) 
PARAMETRIC_REPRESENTATION_CONTEXT() REPRESENTATION_CONTEXT('2D SPACE',''
  ) );
#6455 = ORIENTED_EDGE('',*,*,#6281,.T.);
#6456 = ORIENTED_EDGE('',*,*,#1889,.T.);
#6457 = ADVANCED_FACE('',(#6458),#1820,.F.);
#6458 = FACE_BOUND('',#6459,.F.);
#6459 = EDGE_LOOP('',(#6460,#6483,#6484,#6485));
#6460 = ORIENTED_EDGE('',*,*,#6461,.T.);
#6461 = EDGE_CURVE('',#6462,#6307,#6464,.T.);
#6462 = VERTEX_POINT('',#6463);
#6463 = CARTESIAN_POINT('',(55.,0.7,24.8));
#6464 = SURFACE_CURVE('',#6465,(#6469,#6476),.PCURVE_S1.);
#6465 = LINE('',#6466,#6467);
#6466 = CARTESIAN_POINT('',(55.,36.675,24.8));
#6467 = VECTOR('',#6468,1.);
#6468 = DIRECTION('',(-1.110223024625E-16,1.,0.));
#6469 = PCURVE('',#1820,#6470);
#6470 = DEFINITIONAL_REPRESENTATION('',(#6471),#6475);
#6471 = LINE('',#6472,#6473);
#6472 = CARTESIAN_POINT('',(0.1,-35.175));
#6473 = VECTOR('',#6474,1.);
#6474 = DIRECTION('',(0.,-1.));
#6475 = ( GEOMETRIC_REPRESENTATION_CONTEXT(2) 
PARAMETRIC_REPRESENTATION_CONTEXT() REPRESENTATION_CONTEXT('2D SPACE',''
  ) );
#6476 = PCURVE('',#4772,#6477);
#6477 = DEFINITIONAL_REPRESENTATION('',(#6478),#6482);
#6478 = LINE('',#6479,#6480);
#6479 = CARTESIAN_POINT('',(35.175,56.15));
#6480 = VECTOR('',#6481,1.);
#6481 = DIRECTION('',(-1.,0.));
#6482 = ( GEOMETRIC_REPRESENTATION_CONTEXT(2) 
PARAMETRIC_REPRESENTATION_CONTEXT() REPRESENTATION_CONTEXT('2D SPACE',''
  ) );
#6483 = ORIENTED_EDGE('',*,*,#6330,.T.);
#6484 = ORIENTED_EDGE('',*,*,#1804,.F.);
#6485 = ORIENTED_EDGE('',*,*,#6486,.F.);
#6486 = EDGE_CURVE('',#6462,#1805,#6487,.T.);
#6487 = SURFACE_CURVE('',#6488,(#6492,#6499),.PCURVE_S1.);
#6488 = LINE('',#6489,#6490);
#6489 = CARTESIAN_POINT('',(55.,0.7,24.7));
#6490 = VECTOR('',#6491,1.);
#6491 = DIRECTION('',(0.,0.,1.));
#6492 = PCURVE('',#1820,#6493);
#6493 = DEFINITIONAL_REPRESENTATION('',(#6494),#6498);
#6494 = LINE('',#6495,#6496);
#6495 = CARTESIAN_POINT('',(0.,0.8));
#6496 = VECTOR('',#6497,1.);
#6497 = DIRECTION('',(1.,0.));
#6498 = ( GEOMETRIC_REPRESENTATION_CONTEXT(2) 
PARAMETRIC_REPRESENTATION_CONTEXT() REPRESENTATION_CONTEXT('2D SPACE',''
  ) );
#6499 = PCURVE('',#1849,#6500);
#6500 = DEFINITIONAL_REPRESENTATION('',(#6501),#6505);
#6501 = LINE('',#6502,#6503);
#6502 = CARTESIAN_POINT('',(1.570796326795,0.));
#6503 = VECTOR('',#6504,1.);
#6504 = DIRECTION('',(0.,1.));
#6505 = ( GEOMETRIC_REPRESENTATION_CONTEXT(2) 
PARAMETRIC_REPRESENTATION_CONTEXT() REPRESENTATION_CONTEXT('2D SPACE',''
  ) );
#6506 = ADVANCED_FACE('',(#6507),#1877,.F.);
#6507 = FACE_BOUND('',#6508,.F.);
#6508 = EDGE_LOOP('',(#6509,#6510,#6511,#6534));
#6509 = ORIENTED_EDGE('',*,*,#1861,.F.);
#6510 = ORIENTED_EDGE('',*,*,#6355,.F.);
#6511 = ORIENTED_EDGE('',*,*,#6512,.T.);
#6512 = EDGE_CURVE('',#6356,#6513,#6515,.T.);
#6513 = VERTEX_POINT('',#6514);
#6514 = CARTESIAN_POINT('',(54.4,0.1,24.7));
#6515 = SURFACE_CURVE('',#6516,(#6520,#6527),.PCURVE_S1.);
#6516 = LINE('',#6517,#6518);
#6517 = CARTESIAN_POINT('',(48.,1.E-01,24.7));
#6518 = VECTOR('',#6519,1.);
#6519 = DIRECTION('',(1.,1.110223024625E-16,0.));
#6520 = PCURVE('',#1877,#6521);
#6521 = DEFINITIONAL_REPRESENTATION('',(#6522),#6526);
#6522 = LINE('',#6523,#6524);
#6523 = CARTESIAN_POINT('',(0.,0.));
#6524 = VECTOR('',#6525,1.);
#6525 = DIRECTION('',(0.,-1.));
#6526 = ( GEOMETRIC_REPRESENTATION_CONTEXT(2) 
PARAMETRIC_REPRESENTATION_CONTEXT() REPRESENTATION_CONTEXT('2D SPACE',''
  ) );
#6527 = PCURVE('',#6395,#6528);
#6528 = DEFINITIONAL_REPRESENTATION('',(#6529),#6533);
#6529 = LINE('',#6530,#6531);
#6530 = CARTESIAN_POINT('',(1.4,-1.554312234475E-16));
#6531 = VECTOR('',#6532,1.);
#6532 = DIRECTION('',(0.,1.));
#6533 = ( GEOMETRIC_REPRESENTATION_CONTEXT(2) 
PARAMETRIC_REPRESENTATION_CONTEXT() REPRESENTATION_CONTEXT('2D SPACE',''
  ) );
#6534 = ORIENTED_EDGE('',*,*,#6535,.T.);
#6535 = EDGE_CURVE('',#6513,#1833,#6536,.T.);
#6536 = SURFACE_CURVE('',#6537,(#6541,#6548),.PCURVE_S1.);
#6537 = LINE('',#6538,#6539);
#6538 = CARTESIAN_POINT('',(54.4,0.1,24.7));
#6539 = VECTOR('',#6540,1.);
#6540 = DIRECTION('',(0.,0.,1.));
#6541 = PCURVE('',#1877,#6542);
#6542 = DEFINITIONAL_REPRESENTATION('',(#6543),#6547);
#6543 = LINE('',#6544,#6545);
#6544 = CARTESIAN_POINT('',(0.,-6.4));
#6545 = VECTOR('',#6546,1.);
#6546 = DIRECTION('',(1.,0.));
#6547 = ( GEOMETRIC_REPRESENTATION_CONTEXT(2) 
PARAMETRIC_REPRESENTATION_CONTEXT() REPRESENTATION_CONTEXT('2D SPACE',''
  ) );
#6548 = PCURVE('',#1849,#6549);
#6549 = DEFINITIONAL_REPRESENTATION('',(#6550),#6554);
#6550 = LINE('',#6551,#6552);
#6551 = CARTESIAN_POINT('',(0.,0.));
#6552 = VECTOR('',#6553,1.);
#6553 = DIRECTION('',(0.,1.));
#6554 = ( GEOMETRIC_REPRESENTATION_CONTEXT(2) 
PARAMETRIC_REPRESENTATION_CONTEXT() REPRESENTATION_CONTEXT('2D SPACE',''
  ) );
#6555 = ADVANCED_FACE('',(#6556),#1849,.F.);
#6556 = FACE_BOUND('',#6557,.F.);
#6557 = EDGE_LOOP('',(#6558,#6559,#6583,#6606,#6628,#6629));
#6558 = ORIENTED_EDGE('',*,*,#6535,.F.);
#6559 = ORIENTED_EDGE('',*,*,#6560,.T.);
#6560 = EDGE_CURVE('',#6513,#6561,#6563,.T.);
#6561 = VERTEX_POINT('',#6562);
#6562 = CARTESIAN_POINT('',(54.997913037155,0.65,24.7));
#6563 = SURFACE_CURVE('',#6564,(#6569,#6576),.PCURVE_S1.);
#6564 = CIRCLE('',#6565,0.6);
#6565 = AXIS2_PLACEMENT_3D('',#6566,#6567,#6568);
#6566 = CARTESIAN_POINT('',(54.4,0.7,24.7));
#6567 = DIRECTION('',(0.,0.,1.));
#6568 = DIRECTION('',(-1.,-1.110223024625E-16,0.));
#6569 = PCURVE('',#1849,#6570);
#6570 = DEFINITIONAL_REPRESENTATION('',(#6571),#6575);
#6571 = LINE('',#6572,#6573);
#6572 = CARTESIAN_POINT('',(-1.570796326795,0.));
#6573 = VECTOR('',#6574,1.);
#6574 = DIRECTION('',(1.,0.));
#6575 = ( GEOMETRIC_REPRESENTATION_CONTEXT(2) 
PARAMETRIC_REPRESENTATION_CONTEXT() REPRESENTATION_CONTEXT('2D SPACE',''
  ) );
#6576 = PCURVE('',#6395,#6577);
#6577 = DEFINITIONAL_REPRESENTATION('',(#6578),#6582);
#6578 = CIRCLE('',#6579,0.6);
#6579 = AXIS2_PLACEMENT_2D('',#6580,#6581);
#6580 = CARTESIAN_POINT('',(0.8,6.4));
#6581 = DIRECTION('',(0.,-1.));
#6582 = ( GEOMETRIC_REPRESENTATION_CONTEXT(2) 
PARAMETRIC_REPRESENTATION_CONTEXT() REPRESENTATION_CONTEXT('2D SPACE',''
  ) );
#6583 = ORIENTED_EDGE('',*,*,#6584,.T.);
#6584 = EDGE_CURVE('',#6561,#6585,#6587,.T.);
#6585 = VERTEX_POINT('',#6586);
#6586 = CARTESIAN_POINT('',(54.997913037154,0.65,24.8));
#6587 = SURFACE_CURVE('',#6588,(#6592,#6599),.PCURVE_S1.);
#6588 = LINE('',#6589,#6590);
#6589 = CARTESIAN_POINT('',(54.997913037155,0.65,24.7));
#6590 = VECTOR('',#6591,1.);
#6591 = DIRECTION('',(0.,0.,1.));
#6592 = PCURVE('',#1849,#6593);
#6593 = DEFINITIONAL_REPRESENTATION('',(#6594),#6598);
#6594 = LINE('',#6595,#6596);
#6595 = CARTESIAN_POINT('',(1.487366240184,0.));
#6596 = VECTOR('',#6597,1.);
#6597 = DIRECTION('',(0.,1.));
#6598 = ( GEOMETRIC_REPRESENTATION_CONTEXT(2) 
PARAMETRIC_REPRESENTATION_CONTEXT() REPRESENTATION_CONTEXT('2D SPACE',''
  ) );
#6599 = PCURVE('',#2631,#6600);
#6600 = DEFINITIONAL_REPRESENTATION('',(#6601),#6605);
#6601 = LINE('',#6602,#6603);
#6602 = CARTESIAN_POINT('',(8.2,-54.34791303715));
#6603 = VECTOR('',#6604,1.);
#6604 = DIRECTION('',(1.,0.));
#6605 = ( GEOMETRIC_REPRESENTATION_CONTEXT(2) 
PARAMETRIC_REPRESENTATION_CONTEXT() REPRESENTATION_CONTEXT('2D SPACE',''
  ) );
#6606 = ORIENTED_EDGE('',*,*,#6607,.T.);
#6607 = EDGE_CURVE('',#6585,#6462,#6608,.T.);
#6608 = SURFACE_CURVE('',#6609,(#6614,#6621),.PCURVE_S1.);
#6609 = CIRCLE('',#6610,0.6);
#6610 = AXIS2_PLACEMENT_3D('',#6611,#6612,#6613);
#6611 = CARTESIAN_POINT('',(54.4,0.7,24.8));
#6612 = DIRECTION('',(-0.,0.,1.));
#6613 = DIRECTION('',(1.110223024625E-16,-1.,0.));
#6614 = PCURVE('',#1849,#6615);
#6615 = DEFINITIONAL_REPRESENTATION('',(#6616),#6620);
#6616 = LINE('',#6617,#6618);
#6617 = CARTESIAN_POINT('',(0.,0.1));
#6618 = VECTOR('',#6619,1.);
#6619 = DIRECTION('',(1.,0.));
#6620 = ( GEOMETRIC_REPRESENTATION_CONTEXT(2) 
PARAMETRIC_REPRESENTATION_CONTEXT() REPRESENTATION_CONTEXT('2D SPACE',''
  ) );
#6621 = PCURVE('',#4772,#6622);
#6622 = DEFINITIONAL_REPRESENTATION('',(#6623),#6627);
#6623 = CIRCLE('',#6624,0.6);
#6624 = AXIS2_PLACEMENT_2D('',#6625,#6626);
#6625 = CARTESIAN_POINT('',(71.15,55.55));
#6626 = DIRECTION('',(1.,0.));
#6627 = ( GEOMETRIC_REPRESENTATION_CONTEXT(2) 
PARAMETRIC_REPRESENTATION_CONTEXT() REPRESENTATION_CONTEXT('2D SPACE',''
  ) );
#6628 = ORIENTED_EDGE('',*,*,#6486,.T.);
#6629 = ORIENTED_EDGE('',*,*,#1832,.F.);
#6630 = ADVANCED_FACE('',(#6631),#1965,.F.);
#6631 = FACE_BOUND('',#6632,.F.);
#6632 = EDGE_LOOP('',(#6633,#6656,#6680,#6701));
#6633 = ORIENTED_EDGE('',*,*,#6634,.F.);
#6634 = EDGE_CURVE('',#6635,#1947,#6637,.T.);
#6635 = VERTEX_POINT('',#6636);
#6636 = CARTESIAN_POINT('',(31.45,52.55,24.8));
#6637 = SURFACE_CURVE('',#6638,(#6642,#6649),.PCURVE_S1.);
#6638 = LINE('',#6639,#6640);
#6639 = CARTESIAN_POINT('',(31.45,52.55,24.7));
#6640 = VECTOR('',#6641,1.);
#6641 = DIRECTION('',(0.,0.,1.));
#6642 = PCURVE('',#1965,#6643);
#6643 = DEFINITIONAL_REPRESENTATION('',(#6644),#6648);
#6644 = LINE('',#6645,#6646);
#6645 = CARTESIAN_POINT('',(0.,0.));
#6646 = VECTOR('',#6647,1.);
#6647 = DIRECTION('',(0.,1.));
#6648 = ( GEOMETRIC_REPRESENTATION_CONTEXT(2) 
PARAMETRIC_REPRESENTATION_CONTEXT() REPRESENTATION_CONTEXT('2D SPACE',''
  ) );
#6649 = PCURVE('',#1993,#6650);
#6650 = DEFINITIONAL_REPRESENTATION('',(#6651),#6655);
#6651 = LINE('',#6652,#6653);
#6652 = CARTESIAN_POINT('',(0.,-2.));
#6653 = VECTOR('',#6654,1.);
#6654 = DIRECTION('',(1.,0.));
#6655 = ( GEOMETRIC_REPRESENTATION_CONTEXT(2) 
PARAMETRIC_REPRESENTATION_CONTEXT() REPRESENTATION_CONTEXT('2D SPACE',''
  ) );
#6656 = ORIENTED_EDGE('',*,*,#6657,.T.);
#6657 = EDGE_CURVE('',#6635,#6658,#6660,.T.);
#6658 = VERTEX_POINT('',#6659);
#6659 = CARTESIAN_POINT('',(29.45,50.55,24.8));
#6660 = SURFACE_CURVE('',#6661,(#6666,#6673),.PCURVE_S1.);
#6661 = CIRCLE('',#6662,2.);
#6662 = AXIS2_PLACEMENT_3D('',#6663,#6664,#6665);
#6663 = CARTESIAN_POINT('',(31.45,50.55,24.8));
#6664 = DIRECTION('',(0.,0.,1.));
#6665 = DIRECTION('',(-1.110223024625E-16,1.,0.));
#6666 = PCURVE('',#1965,#6667);
#6667 = DEFINITIONAL_REPRESENTATION('',(#6668),#6672);
#6668 = LINE('',#6669,#6670);
#6669 = CARTESIAN_POINT('',(0.,0.1));
#6670 = VECTOR('',#6671,1.);
#6671 = DIRECTION('',(1.,0.));
#6672 = ( GEOMETRIC_REPRESENTATION_CONTEXT(2) 
PARAMETRIC_REPRESENTATION_CONTEXT() REPRESENTATION_CONTEXT('2D SPACE',''
  ) );
#6673 = PCURVE('',#4772,#6674);
#6674 = DEFINITIONAL_REPRESENTATION('',(#6675),#6679);
#6675 = CIRCLE('',#6676,2.);
#6676 = AXIS2_PLACEMENT_2D('',#6677,#6678);
#6677 = CARTESIAN_POINT('',(21.3,32.6));
#6678 = DIRECTION('',(-1.,0.));
#6679 = ( GEOMETRIC_REPRESENTATION_CONTEXT(2) 
PARAMETRIC_REPRESENTATION_CONTEXT() REPRESENTATION_CONTEXT('2D SPACE',''
  ) );
#6680 = ORIENTED_EDGE('',*,*,#6681,.T.);
#6681 = EDGE_CURVE('',#6658,#1949,#6682,.T.);
#6682 = SURFACE_CURVE('',#6683,(#6687,#6694),.PCURVE_S1.);
#6683 = LINE('',#6684,#6685);
#6684 = CARTESIAN_POINT('',(29.45,50.55,24.7));
#6685 = VECTOR('',#6686,1.);
#6686 = DIRECTION('',(0.,0.,1.));
#6687 = PCURVE('',#1965,#6688);
#6688 = DEFINITIONAL_REPRESENTATION('',(#6689),#6693);
#6689 = LINE('',#6690,#6691);
#6690 = CARTESIAN_POINT('',(1.570796326795,0.));
#6691 = VECTOR('',#6692,1.);
#6692 = DIRECTION('',(0.,1.));
#6693 = ( GEOMETRIC_REPRESENTATION_CONTEXT(2) 
PARAMETRIC_REPRESENTATION_CONTEXT() REPRESENTATION_CONTEXT('2D SPACE',''
  ) );
#6694 = PCURVE('',#2162,#6695);
#6695 = DEFINITIONAL_REPRESENTATION('',(#6696),#6700);
#6696 = LINE('',#6697,#6698);
#6697 = CARTESIAN_POINT('',(0.,2.));
#6698 = VECTOR('',#6699,1.);
#6699 = DIRECTION('',(1.,0.));
#6700 = ( GEOMETRIC_REPRESENTATION_CONTEXT(2) 
PARAMETRIC_REPRESENTATION_CONTEXT() REPRESENTATION_CONTEXT('2D SPACE',''
  ) );
#6701 = ORIENTED_EDGE('',*,*,#1946,.F.);
#6702 = ADVANCED_FACE('',(#6703),#1993,.T.);
#6703 = FACE_BOUND('',#6704,.T.);
#6704 = EDGE_LOOP('',(#6705,#6706,#6707,#6730));
#6705 = ORIENTED_EDGE('',*,*,#1977,.F.);
#6706 = ORIENTED_EDGE('',*,*,#6634,.F.);
#6707 = ORIENTED_EDGE('',*,*,#6708,.T.);
#6708 = EDGE_CURVE('',#6635,#6709,#6711,.T.);
#6709 = VERTEX_POINT('',#6710);
#6710 = CARTESIAN_POINT('',(95.45,52.55,24.8));
#6711 = SURFACE_CURVE('',#6712,(#6716,#6723),.PCURVE_S1.);
#6712 = LINE('',#6713,#6714);
#6713 = CARTESIAN_POINT('',(14.15,52.55,24.8));
#6714 = VECTOR('',#6715,1.);
#6715 = DIRECTION('',(1.,1.110223024625E-16,0.));
#6716 = PCURVE('',#1993,#6717);
#6717 = DEFINITIONAL_REPRESENTATION('',(#6718),#6722);
#6718 = LINE('',#6719,#6720);
#6719 = CARTESIAN_POINT('',(0.1,15.3));
#6720 = VECTOR('',#6721,1.);
#6721 = DIRECTION('',(0.,-1.));
#6722 = ( GEOMETRIC_REPRESENTATION_CONTEXT(2) 
PARAMETRIC_REPRESENTATION_CONTEXT() REPRESENTATION_CONTEXT('2D SPACE',''
  ) );
#6723 = PCURVE('',#4772,#6724);
#6724 = DEFINITIONAL_REPRESENTATION('',(#6725),#6729);
#6725 = LINE('',#6726,#6727);
#6726 = CARTESIAN_POINT('',(19.3,15.3));
#6727 = VECTOR('',#6728,1.);
#6728 = DIRECTION('',(0.,1.));
#6729 = ( GEOMETRIC_REPRESENTATION_CONTEXT(2) 
PARAMETRIC_REPRESENTATION_CONTEXT() REPRESENTATION_CONTEXT('2D SPACE',''
  ) );
#6730 = ORIENTED_EDGE('',*,*,#6731,.T.);
#6731 = EDGE_CURVE('',#6709,#1978,#6732,.T.);
#6732 = SURFACE_CURVE('',#6733,(#6737,#6744),.PCURVE_S1.);
#6733 = LINE('',#6734,#6735);
#6734 = CARTESIAN_POINT('',(95.45,52.55,24.7));
#6735 = VECTOR('',#6736,1.);
#6736 = DIRECTION('',(0.,0.,1.));
#6737 = PCURVE('',#1993,#6738);
#6738 = DEFINITIONAL_REPRESENTATION('',(#6739),#6743);
#6739 = LINE('',#6740,#6741);
#6740 = CARTESIAN_POINT('',(0.,-66.));
#6741 = VECTOR('',#6742,1.);
#6742 = DIRECTION('',(1.,0.));
#6743 = ( GEOMETRIC_REPRESENTATION_CONTEXT(2) 
PARAMETRIC_REPRESENTATION_CONTEXT() REPRESENTATION_CONTEXT('2D SPACE',''
  ) );
#6744 = PCURVE('',#2022,#6745);
#6745 = DEFINITIONAL_REPRESENTATION('',(#6746),#6750);
#6746 = LINE('',#6747,#6748);
#6747 = CARTESIAN_POINT('',(-0.,0.));
#6748 = VECTOR('',#6749,1.);
#6749 = DIRECTION('',(-0.,1.));
#6750 = ( GEOMETRIC_REPRESENTATION_CONTEXT(2) 
PARAMETRIC_REPRESENTATION_CONTEXT() REPRESENTATION_CONTEXT('2D SPACE',''
  ) );
#6751 = ADVANCED_FACE('',(#6752),#2162,.T.);
#6752 = FACE_BOUND('',#6753,.T.);
#6753 = EDGE_LOOP('',(#6754,#6777,#6778,#6779));
#6754 = ORIENTED_EDGE('',*,*,#6755,.T.);
#6755 = EDGE_CURVE('',#6756,#6658,#6758,.T.);
#6756 = VERTEX_POINT('',#6757);
#6757 = CARTESIAN_POINT('',(29.45,20.15,24.8));
#6758 = SURFACE_CURVE('',#6759,(#6763,#6770),.PCURVE_S1.);
#6759 = LINE('',#6760,#6761);
#6760 = CARTESIAN_POINT('',(29.45,62.2,24.8));
#6761 = VECTOR('',#6762,1.);
#6762 = DIRECTION('',(-1.110223024625E-16,1.,0.));
#6763 = PCURVE('',#2162,#6764);
#6764 = DEFINITIONAL_REPRESENTATION('',(#6765),#6769);
#6765 = LINE('',#6766,#6767);
#6766 = CARTESIAN_POINT('',(0.1,-9.65));
#6767 = VECTOR('',#6768,1.);
#6768 = DIRECTION('',(0.,-1.));
#6769 = ( GEOMETRIC_REPRESENTATION_CONTEXT(2) 
PARAMETRIC_REPRESENTATION_CONTEXT() REPRESENTATION_CONTEXT('2D SPACE',''
  ) );
#6770 = PCURVE('',#4772,#6771);
#6771 = DEFINITIONAL_REPRESENTATION('',(#6772),#6776);
#6772 = LINE('',#6773,#6774);
#6773 = CARTESIAN_POINT('',(9.65,30.6));
#6774 = VECTOR('',#6775,1.);
#6775 = DIRECTION('',(-1.,0.));
#6776 = ( GEOMETRIC_REPRESENTATION_CONTEXT(2) 
PARAMETRIC_REPRESENTATION_CONTEXT() REPRESENTATION_CONTEXT('2D SPACE',''
  ) );
#6777 = ORIENTED_EDGE('',*,*,#6681,.T.);
#6778 = ORIENTED_EDGE('',*,*,#2148,.F.);
#6779 = ORIENTED_EDGE('',*,*,#6780,.F.);
#6780 = EDGE_CURVE('',#6756,#2120,#6781,.T.);
#6781 = SURFACE_CURVE('',#6782,(#6786,#6793),.PCURVE_S1.);
#6782 = LINE('',#6783,#6784);
#6783 = CARTESIAN_POINT('',(29.45,20.15,24.7));
#6784 = VECTOR('',#6785,1.);
#6785 = DIRECTION('',(0.,0.,1.));
#6786 = PCURVE('',#2162,#6787);
#6787 = DEFINITIONAL_REPRESENTATION('',(#6788),#6792);
#6788 = LINE('',#6789,#6790);
#6789 = CARTESIAN_POINT('',(0.,32.4));
#6790 = VECTOR('',#6791,1.);
#6791 = DIRECTION('',(1.,0.));
#6792 = ( GEOMETRIC_REPRESENTATION_CONTEXT(2) 
PARAMETRIC_REPRESENTATION_CONTEXT() REPRESENTATION_CONTEXT('2D SPACE',''
  ) );
#6793 = PCURVE('',#2136,#6794);
#6794 = DEFINITIONAL_REPRESENTATION('',(#6795),#6799);
#6795 = LINE('',#6796,#6797);
#6796 = CARTESIAN_POINT('',(-1.570796326795,0.));
#6797 = VECTOR('',#6798,1.);
#6798 = DIRECTION('',(-0.,1.));
#6799 = ( GEOMETRIC_REPRESENTATION_CONTEXT(2) 
PARAMETRIC_REPRESENTATION_CONTEXT() REPRESENTATION_CONTEXT('2D SPACE',''
  ) );
#6800 = ADVANCED_FACE('',(#6801),#2022,.F.);
#6801 = FACE_BOUND('',#6802,.T.);
#6802 = EDGE_LOOP('',(#6803,#6804,#6828,#6849));
#6803 = ORIENTED_EDGE('',*,*,#6731,.F.);
#6804 = ORIENTED_EDGE('',*,*,#6805,.F.);
#6805 = EDGE_CURVE('',#6806,#6709,#6808,.T.);
#6806 = VERTEX_POINT('',#6807);
#6807 = CARTESIAN_POINT('',(97.45,50.55,24.8));
#6808 = SURFACE_CURVE('',#6809,(#6814,#6821),.PCURVE_S1.);
#6809 = CIRCLE('',#6810,2.);
#6810 = AXIS2_PLACEMENT_3D('',#6811,#6812,#6813);
#6811 = CARTESIAN_POINT('',(95.45,50.55,24.8));
#6812 = DIRECTION('',(0.,0.,1.));
#6813 = DIRECTION('',(-1.110223024625E-16,1.,0.));
#6814 = PCURVE('',#2022,#6815);
#6815 = DEFINITIONAL_REPRESENTATION('',(#6816),#6820);
#6816 = LINE('',#6817,#6818);
#6817 = CARTESIAN_POINT('',(-6.28318530718,0.1));
#6818 = VECTOR('',#6819,1.);
#6819 = DIRECTION('',(1.,-0.));
#6820 = ( GEOMETRIC_REPRESENTATION_CONTEXT(2) 
PARAMETRIC_REPRESENTATION_CONTEXT() REPRESENTATION_CONTEXT('2D SPACE',''
  ) );
#6821 = PCURVE('',#4772,#6822);
#6822 = DEFINITIONAL_REPRESENTATION('',(#6823),#6827);
#6823 = CIRCLE('',#6824,2.);
#6824 = AXIS2_PLACEMENT_2D('',#6825,#6826);
#6825 = CARTESIAN_POINT('',(21.3,96.6));
#6826 = DIRECTION('',(-1.,0.));
#6827 = ( GEOMETRIC_REPRESENTATION_CONTEXT(2) 
PARAMETRIC_REPRESENTATION_CONTEXT() REPRESENTATION_CONTEXT('2D SPACE',''
  ) );
#6828 = ORIENTED_EDGE('',*,*,#6829,.T.);
#6829 = EDGE_CURVE('',#6806,#2006,#6830,.T.);
#6830 = SURFACE_CURVE('',#6831,(#6835,#6842),.PCURVE_S1.);
#6831 = LINE('',#6832,#6833);
#6832 = CARTESIAN_POINT('',(97.45,50.55,24.7));
#6833 = VECTOR('',#6834,1.);
#6834 = DIRECTION('',(0.,0.,1.));
#6835 = PCURVE('',#2022,#6836);
#6836 = DEFINITIONAL_REPRESENTATION('',(#6837),#6841);
#6837 = LINE('',#6838,#6839);
#6838 = CARTESIAN_POINT('',(-1.570796326795,0.));
#6839 = VECTOR('',#6840,1.);
#6840 = DIRECTION('',(-0.,1.));
#6841 = ( GEOMETRIC_REPRESENTATION_CONTEXT(2) 
PARAMETRIC_REPRESENTATION_CONTEXT() REPRESENTATION_CONTEXT('2D SPACE',''
  ) );
#6842 = PCURVE('',#2050,#6843);
#6843 = DEFINITIONAL_REPRESENTATION('',(#6844),#6848);
#6844 = LINE('',#6845,#6846);
#6845 = CARTESIAN_POINT('',(0.,2.));
#6846 = VECTOR('',#6847,1.);
#6847 = DIRECTION('',(1.,0.));
#6848 = ( GEOMETRIC_REPRESENTATION_CONTEXT(2) 
PARAMETRIC_REPRESENTATION_CONTEXT() REPRESENTATION_CONTEXT('2D SPACE',''
  ) );
#6849 = ORIENTED_EDGE('',*,*,#2005,.T.);
#6850 = ADVANCED_FACE('',(#6851),#2136,.F.);
#6851 = FACE_BOUND('',#6852,.T.);
#6852 = EDGE_LOOP('',(#6853,#6876,#6898,#6899));
#6853 = ORIENTED_EDGE('',*,*,#6854,.F.);
#6854 = EDGE_CURVE('',#6855,#2092,#6857,.T.);
#6855 = VERTEX_POINT('',#6856);
#6856 = CARTESIAN_POINT('',(31.45,18.15,24.8));
#6857 = SURFACE_CURVE('',#6858,(#6862,#6869),.PCURVE_S1.);
#6858 = LINE('',#6859,#6860);
#6859 = CARTESIAN_POINT('',(31.45,18.15,24.7));
#6860 = VECTOR('',#6861,1.);
#6861 = DIRECTION('',(0.,0.,1.));
#6862 = PCURVE('',#2136,#6863);
#6863 = DEFINITIONAL_REPRESENTATION('',(#6864),#6868);
#6864 = LINE('',#6865,#6866);
#6865 = CARTESIAN_POINT('',(-0.,0.));
#6866 = VECTOR('',#6867,1.);
#6867 = DIRECTION('',(-0.,1.));
#6868 = ( GEOMETRIC_REPRESENTATION_CONTEXT(2) 
PARAMETRIC_REPRESENTATION_CONTEXT() REPRESENTATION_CONTEXT('2D SPACE',''
  ) );
#6869 = PCURVE('',#2107,#6870);
#6870 = DEFINITIONAL_REPRESENTATION('',(#6871),#6875);
#6871 = LINE('',#6872,#6873);
#6872 = CARTESIAN_POINT('',(0.,-2.));
#6873 = VECTOR('',#6874,1.);
#6874 = DIRECTION('',(1.,0.));
#6875 = ( GEOMETRIC_REPRESENTATION_CONTEXT(2) 
PARAMETRIC_REPRESENTATION_CONTEXT() REPRESENTATION_CONTEXT('2D SPACE',''
  ) );
#6876 = ORIENTED_EDGE('',*,*,#6877,.F.);
#6877 = EDGE_CURVE('',#6756,#6855,#6878,.T.);
#6878 = SURFACE_CURVE('',#6879,(#6884,#6891),.PCURVE_S1.);
#6879 = CIRCLE('',#6880,2.);
#6880 = AXIS2_PLACEMENT_3D('',#6881,#6882,#6883);
#6881 = CARTESIAN_POINT('',(31.45,20.15,24.8));
#6882 = DIRECTION('',(-0.,0.,1.));
#6883 = DIRECTION('',(1.110223024625E-16,-1.,0.));
#6884 = PCURVE('',#2136,#6885);
#6885 = DEFINITIONAL_REPRESENTATION('',(#6886),#6890);
#6886 = LINE('',#6887,#6888);
#6887 = CARTESIAN_POINT('',(-6.28318530718,0.1));
#6888 = VECTOR('',#6889,1.);
#6889 = DIRECTION('',(1.,-0.));
#6890 = ( GEOMETRIC_REPRESENTATION_CONTEXT(2) 
PARAMETRIC_REPRESENTATION_CONTEXT() REPRESENTATION_CONTEXT('2D SPACE',''
  ) );
#6891 = PCURVE('',#4772,#6892);
#6892 = DEFINITIONAL_REPRESENTATION('',(#6893),#6897);
#6893 = CIRCLE('',#6894,2.);
#6894 = AXIS2_PLACEMENT_2D('',#6895,#6896);
#6895 = CARTESIAN_POINT('',(51.7,32.6));
#6896 = DIRECTION('',(1.,0.));
#6897 = ( GEOMETRIC_REPRESENTATION_CONTEXT(2) 
PARAMETRIC_REPRESENTATION_CONTEXT() REPRESENTATION_CONTEXT('2D SPACE',''
  ) );
#6898 = ORIENTED_EDGE('',*,*,#6780,.T.);
#6899 = ORIENTED_EDGE('',*,*,#2119,.T.);
#6900 = ADVANCED_FACE('',(#6901),#2050,.F.);
#6901 = FACE_BOUND('',#6902,.F.);
#6902 = EDGE_LOOP('',(#6903,#6926,#6927,#6928));
#6903 = ORIENTED_EDGE('',*,*,#6904,.T.);
#6904 = EDGE_CURVE('',#6905,#6806,#6907,.T.);
#6905 = VERTEX_POINT('',#6906);
#6906 = CARTESIAN_POINT('',(97.45,20.15,24.8));
#6907 = SURFACE_CURVE('',#6908,(#6912,#6919),.PCURVE_S1.);
#6908 = LINE('',#6909,#6910);
#6909 = CARTESIAN_POINT('',(97.45,62.2,24.8));
#6910 = VECTOR('',#6911,1.);
#6911 = DIRECTION('',(-1.110223024625E-16,1.,0.));
#6912 = PCURVE('',#2050,#6913);
#6913 = DEFINITIONAL_REPRESENTATION('',(#6914),#6918);
#6914 = LINE('',#6915,#6916);
#6915 = CARTESIAN_POINT('',(0.1,-9.65));
#6916 = VECTOR('',#6917,1.);
#6917 = DIRECTION('',(0.,-1.));
#6918 = ( GEOMETRIC_REPRESENTATION_CONTEXT(2) 
PARAMETRIC_REPRESENTATION_CONTEXT() REPRESENTATION_CONTEXT('2D SPACE',''
  ) );
#6919 = PCURVE('',#4772,#6920);
#6920 = DEFINITIONAL_REPRESENTATION('',(#6921),#6925);
#6921 = LINE('',#6922,#6923);
#6922 = CARTESIAN_POINT('',(9.65,98.6));
#6923 = VECTOR('',#6924,1.);
#6924 = DIRECTION('',(-1.,0.));
#6925 = ( GEOMETRIC_REPRESENTATION_CONTEXT(2) 
PARAMETRIC_REPRESENTATION_CONTEXT() REPRESENTATION_CONTEXT('2D SPACE',''
  ) );
#6926 = ORIENTED_EDGE('',*,*,#6829,.T.);
#6927 = ORIENTED_EDGE('',*,*,#2034,.F.);
#6928 = ORIENTED_EDGE('',*,*,#6929,.F.);
#6929 = EDGE_CURVE('',#6905,#2035,#6930,.T.);
#6930 = SURFACE_CURVE('',#6931,(#6935,#6942),.PCURVE_S1.);
#6931 = LINE('',#6932,#6933);
#6932 = CARTESIAN_POINT('',(97.45,20.15,24.7));
#6933 = VECTOR('',#6934,1.);
#6934 = DIRECTION('',(0.,0.,1.));
#6935 = PCURVE('',#2050,#6936);
#6936 = DEFINITIONAL_REPRESENTATION('',(#6937),#6941);
#6937 = LINE('',#6938,#6939);
#6938 = CARTESIAN_POINT('',(0.,32.4));
#6939 = VECTOR('',#6940,1.);
#6940 = DIRECTION('',(1.,0.));
#6941 = ( GEOMETRIC_REPRESENTATION_CONTEXT(2) 
PARAMETRIC_REPRESENTATION_CONTEXT() REPRESENTATION_CONTEXT('2D SPACE',''
  ) );
#6942 = PCURVE('',#2079,#6943);
#6943 = DEFINITIONAL_REPRESENTATION('',(#6944),#6948);
#6944 = LINE('',#6945,#6946);
#6945 = CARTESIAN_POINT('',(1.570796326795,0.));
#6946 = VECTOR('',#6947,1.);
#6947 = DIRECTION('',(0.,1.));
#6948 = ( GEOMETRIC_REPRESENTATION_CONTEXT(2) 
PARAMETRIC_REPRESENTATION_CONTEXT() REPRESENTATION_CONTEXT('2D SPACE',''
  ) );
#6949 = ADVANCED_FACE('',(#6950),#2107,.F.);
#6950 = FACE_BOUND('',#6951,.F.);
#6951 = EDGE_LOOP('',(#6952,#6953,#6954,#6977));
#6952 = ORIENTED_EDGE('',*,*,#2091,.F.);
#6953 = ORIENTED_EDGE('',*,*,#6854,.F.);
#6954 = ORIENTED_EDGE('',*,*,#6955,.T.);
#6955 = EDGE_CURVE('',#6855,#6956,#6958,.T.);
#6956 = VERTEX_POINT('',#6957);
#6957 = CARTESIAN_POINT('',(95.45,18.15,24.8));
#6958 = SURFACE_CURVE('',#6959,(#6963,#6970),.PCURVE_S1.);
#6959 = LINE('',#6960,#6961);
#6960 = CARTESIAN_POINT('',(14.15,18.15,24.8));
#6961 = VECTOR('',#6962,1.);
#6962 = DIRECTION('',(1.,1.110223024625E-16,0.));
#6963 = PCURVE('',#2107,#6964);
#6964 = DEFINITIONAL_REPRESENTATION('',(#6965),#6969);
#6965 = LINE('',#6966,#6967);
#6966 = CARTESIAN_POINT('',(0.1,15.3));
#6967 = VECTOR('',#6968,1.);
#6968 = DIRECTION('',(0.,-1.));
#6969 = ( GEOMETRIC_REPRESENTATION_CONTEXT(2) 
PARAMETRIC_REPRESENTATION_CONTEXT() REPRESENTATION_CONTEXT('2D SPACE',''
  ) );
#6970 = PCURVE('',#4772,#6971);
#6971 = DEFINITIONAL_REPRESENTATION('',(#6972),#6976);
#6972 = LINE('',#6973,#6974);
#6973 = CARTESIAN_POINT('',(53.7,15.3));
#6974 = VECTOR('',#6975,1.);
#6975 = DIRECTION('',(0.,1.));
#6976 = ( GEOMETRIC_REPRESENTATION_CONTEXT(2) 
PARAMETRIC_REPRESENTATION_CONTEXT() REPRESENTATION_CONTEXT('2D SPACE',''
  ) );
#6977 = ORIENTED_EDGE('',*,*,#6978,.T.);
#6978 = EDGE_CURVE('',#6956,#2063,#6979,.T.);
#6979 = SURFACE_CURVE('',#6980,(#6984,#6991),.PCURVE_S1.);
#6980 = LINE('',#6981,#6982);
#6981 = CARTESIAN_POINT('',(95.45,18.15,24.7));
#6982 = VECTOR('',#6983,1.);
#6983 = DIRECTION('',(0.,0.,1.));
#6984 = PCURVE('',#2107,#6985);
#6985 = DEFINITIONAL_REPRESENTATION('',(#6986),#6990);
#6986 = LINE('',#6987,#6988);
#6987 = CARTESIAN_POINT('',(0.,-66.));
#6988 = VECTOR('',#6989,1.);
#6989 = DIRECTION('',(1.,0.));
#6990 = ( GEOMETRIC_REPRESENTATION_CONTEXT(2) 
PARAMETRIC_REPRESENTATION_CONTEXT() REPRESENTATION_CONTEXT('2D SPACE',''
  ) );
#6991 = PCURVE('',#2079,#6992);
#6992 = DEFINITIONAL_REPRESENTATION('',(#6993),#6997);
#6993 = LINE('',#6994,#6995);
#6994 = CARTESIAN_POINT('',(0.,0.));
#6995 = VECTOR('',#6996,1.);
#6996 = DIRECTION('',(0.,1.));
#6997 = ( GEOMETRIC_REPRESENTATION_CONTEXT(2) 
PARAMETRIC_REPRESENTATION_CONTEXT() REPRESENTATION_CONTEXT('2D SPACE',''
  ) );
#6998 = ADVANCED_FACE('',(#6999),#2079,.F.);
#6999 = FACE_BOUND('',#7000,.F.);
#7000 = EDGE_LOOP('',(#7001,#7002,#7024,#7025));
#7001 = ORIENTED_EDGE('',*,*,#6978,.F.);
#7002 = ORIENTED_EDGE('',*,*,#7003,.T.);
#7003 = EDGE_CURVE('',#6956,#6905,#7004,.T.);
#7004 = SURFACE_CURVE('',#7005,(#7010,#7017),.PCURVE_S1.);
#7005 = CIRCLE('',#7006,2.);
#7006 = AXIS2_PLACEMENT_3D('',#7007,#7008,#7009);
#7007 = CARTESIAN_POINT('',(95.45,20.15,24.8));
#7008 = DIRECTION('',(-0.,0.,1.));
#7009 = DIRECTION('',(1.110223024625E-16,-1.,0.));
#7010 = PCURVE('',#2079,#7011);
#7011 = DEFINITIONAL_REPRESENTATION('',(#7012),#7016);
#7012 = LINE('',#7013,#7014);
#7013 = CARTESIAN_POINT('',(0.,0.1));
#7014 = VECTOR('',#7015,1.);
#7015 = DIRECTION('',(1.,0.));
#7016 = ( GEOMETRIC_REPRESENTATION_CONTEXT(2) 
PARAMETRIC_REPRESENTATION_CONTEXT() REPRESENTATION_CONTEXT('2D SPACE',''
  ) );
#7017 = PCURVE('',#4772,#7018);
#7018 = DEFINITIONAL_REPRESENTATION('',(#7019),#7023);
#7019 = CIRCLE('',#7020,2.);
#7020 = AXIS2_PLACEMENT_2D('',#7021,#7022);
#7021 = CARTESIAN_POINT('',(51.7,96.6));
#7022 = DIRECTION('',(1.,0.));
#7023 = ( GEOMETRIC_REPRESENTATION_CONTEXT(2) 
PARAMETRIC_REPRESENTATION_CONTEXT() REPRESENTATION_CONTEXT('2D SPACE',''
  ) );
#7024 = ORIENTED_EDGE('',*,*,#6929,.T.);
#7025 = ORIENTED_EDGE('',*,*,#2062,.F.);
#7026 = ADVANCED_FACE('',(#7027),#2195,.F.);
#7027 = FACE_BOUND('',#7028,.F.);
#7028 = EDGE_LOOP('',(#7029,#7052,#7081,#7102));
#7029 = ORIENTED_EDGE('',*,*,#7030,.F.);
#7030 = EDGE_CURVE('',#7031,#2177,#7033,.T.);
#7031 = VERTEX_POINT('',#7032);
#7032 = CARTESIAN_POINT('',(105.11,37.45,26.));
#7033 = SURFACE_CURVE('',#7034,(#7038,#7045),.PCURVE_S1.);
#7034 = LINE('',#7035,#7036);
#7035 = CARTESIAN_POINT('',(105.11,37.45,24.7));
#7036 = VECTOR('',#7037,1.);
#7037 = DIRECTION('',(0.,0.,1.));
#7038 = PCURVE('',#2195,#7039);
#7039 = DEFINITIONAL_REPRESENTATION('',(#7040),#7044);
#7040 = LINE('',#7041,#7042);
#7041 = CARTESIAN_POINT('',(0.,0.));
#7042 = VECTOR('',#7043,1.);
#7043 = DIRECTION('',(0.,1.));
#7044 = ( GEOMETRIC_REPRESENTATION_CONTEXT(2) 
PARAMETRIC_REPRESENTATION_CONTEXT() REPRESENTATION_CONTEXT('2D SPACE',''
  ) );
#7045 = PCURVE('',#2223,#7046);
#7046 = DEFINITIONAL_REPRESENTATION('',(#7047),#7051);
#7047 = LINE('',#7048,#7049);
#7048 = CARTESIAN_POINT('',(0.,-2.09));
#7049 = VECTOR('',#7050,1.);
#7050 = DIRECTION('',(1.,0.));
#7051 = ( GEOMETRIC_REPRESENTATION_CONTEXT(2) 
PARAMETRIC_REPRESENTATION_CONTEXT() REPRESENTATION_CONTEXT('2D SPACE',''
  ) );
#7052 = ORIENTED_EDGE('',*,*,#7053,.T.);
#7053 = EDGE_CURVE('',#7031,#7054,#7056,.T.);
#7054 = VERTEX_POINT('',#7055);
#7055 = CARTESIAN_POINT('',(103.02,35.36,26.));
#7056 = SURFACE_CURVE('',#7057,(#7062,#7069),.PCURVE_S1.);
#7057 = CIRCLE('',#7058,2.09);
#7058 = AXIS2_PLACEMENT_3D('',#7059,#7060,#7061);
#7059 = CARTESIAN_POINT('',(105.11,35.36,26.));
#7060 = DIRECTION('',(0.,0.,1.));
#7061 = DIRECTION('',(-1.110223024625E-16,1.,0.));
#7062 = PCURVE('',#2195,#7063);
#7063 = DEFINITIONAL_REPRESENTATION('',(#7064),#7068);
#7064 = LINE('',#7065,#7066);
#7065 = CARTESIAN_POINT('',(0.,1.3));
#7066 = VECTOR('',#7067,1.);
#7067 = DIRECTION('',(1.,0.));
#7068 = ( GEOMETRIC_REPRESENTATION_CONTEXT(2) 
PARAMETRIC_REPRESENTATION_CONTEXT() REPRESENTATION_CONTEXT('2D SPACE',''
  ) );
#7069 = PCURVE('',#7070,#7075);
#7070 = PLANE('',#7071);
#7071 = AXIS2_PLACEMENT_3D('',#7072,#7073,#7074);
#7072 = CARTESIAN_POINT('',(100.92,39.55,26.));
#7073 = DIRECTION('',(0.,0.,1.));
#7074 = DIRECTION('',(1.110223024625E-16,-1.,0.));
#7075 = DEFINITIONAL_REPRESENTATION('',(#7076),#7080);
#7076 = CIRCLE('',#7077,2.09);
#7077 = AXIS2_PLACEMENT_2D('',#7078,#7079);
#7078 = CARTESIAN_POINT('',(4.19,4.19));
#7079 = DIRECTION('',(-1.,0.));
#7080 = ( GEOMETRIC_REPRESENTATION_CONTEXT(2) 
PARAMETRIC_REPRESENTATION_CONTEXT() REPRESENTATION_CONTEXT('2D SPACE',''
  ) );
#7081 = ORIENTED_EDGE('',*,*,#7082,.T.);
#7082 = EDGE_CURVE('',#7054,#2179,#7083,.T.);
#7083 = SURFACE_CURVE('',#7084,(#7088,#7095),.PCURVE_S1.);
#7084 = LINE('',#7085,#7086);
#7085 = CARTESIAN_POINT('',(103.02,35.36,24.7));
#7086 = VECTOR('',#7087,1.);
#7087 = DIRECTION('',(0.,0.,1.));
#7088 = PCURVE('',#2195,#7089);
#7089 = DEFINITIONAL_REPRESENTATION('',(#7090),#7094);
#7090 = LINE('',#7091,#7092);
#7091 = CARTESIAN_POINT('',(1.570796326795,0.));
#7092 = VECTOR('',#7093,1.);
#7093 = DIRECTION('',(0.,1.));
#7094 = ( GEOMETRIC_REPRESENTATION_CONTEXT(2) 
PARAMETRIC_REPRESENTATION_CONTEXT() REPRESENTATION_CONTEXT('2D SPACE',''
  ) );
#7095 = PCURVE('',#2392,#7096);
#7096 = DEFINITIONAL_REPRESENTATION('',(#7097),#7101);
#7097 = LINE('',#7098,#7099);
#7098 = CARTESIAN_POINT('',(0.,2.09));
#7099 = VECTOR('',#7100,1.);
#7100 = DIRECTION('',(1.,0.));
#7101 = ( GEOMETRIC_REPRESENTATION_CONTEXT(2) 
PARAMETRIC_REPRESENTATION_CONTEXT() REPRESENTATION_CONTEXT('2D SPACE',''
  ) );
#7102 = ORIENTED_EDGE('',*,*,#2176,.F.);
#7103 = ADVANCED_FACE('',(#7104),#2223,.T.);
#7104 = FACE_BOUND('',#7105,.T.);
#7105 = EDGE_LOOP('',(#7106,#7107,#7108,#7131));
#7106 = ORIENTED_EDGE('',*,*,#2207,.F.);
#7107 = ORIENTED_EDGE('',*,*,#7030,.F.);
#7108 = ORIENTED_EDGE('',*,*,#7109,.F.);
#7109 = EDGE_CURVE('',#7110,#7031,#7112,.T.);
#7110 = VERTEX_POINT('',#7111);
#7111 = CARTESIAN_POINT('',(111.875,37.45,26.));
#7112 = SURFACE_CURVE('',#7113,(#7117,#7124),.PCURVE_S1.);
#7113 = LINE('',#7114,#7115);
#7114 = CARTESIAN_POINT('',(101.97,37.45,26.));
#7115 = VECTOR('',#7116,1.);
#7116 = DIRECTION('',(-1.,-1.110223024625E-16,0.));
#7117 = PCURVE('',#2223,#7118);
#7118 = DEFINITIONAL_REPRESENTATION('',(#7119),#7123);
#7119 = LINE('',#7120,#7121);
#7120 = CARTESIAN_POINT('',(1.3,1.05));
#7121 = VECTOR('',#7122,1.);
#7122 = DIRECTION('',(0.,1.));
#7123 = ( GEOMETRIC_REPRESENTATION_CONTEXT(2) 
PARAMETRIC_REPRESENTATION_CONTEXT() REPRESENTATION_CONTEXT('2D SPACE',''
  ) );
#7124 = PCURVE('',#7070,#7125);
#7125 = DEFINITIONAL_REPRESENTATION('',(#7126),#7130);
#7126 = LINE('',#7127,#7128);
#7127 = CARTESIAN_POINT('',(2.1,1.05));
#7128 = VECTOR('',#7129,1.);
#7129 = DIRECTION('',(0.,-1.));
#7130 = ( GEOMETRIC_REPRESENTATION_CONTEXT(2) 
PARAMETRIC_REPRESENTATION_CONTEXT() REPRESENTATION_CONTEXT('2D SPACE',''
  ) );
#7131 = ORIENTED_EDGE('',*,*,#7132,.T.);
#7132 = EDGE_CURVE('',#7110,#2208,#7133,.T.);
#7133 = SURFACE_CURVE('',#7134,(#7138,#7145),.PCURVE_S1.);
#7134 = LINE('',#7135,#7136);
#7135 = CARTESIAN_POINT('',(111.875,37.45,24.7));
#7136 = VECTOR('',#7137,1.);
#7137 = DIRECTION('',(0.,0.,1.));
#7138 = PCURVE('',#2223,#7139);
#7139 = DEFINITIONAL_REPRESENTATION('',(#7140),#7144);
#7140 = LINE('',#7141,#7142);
#7141 = CARTESIAN_POINT('',(0.,-8.855));
#7142 = VECTOR('',#7143,1.);
#7143 = DIRECTION('',(1.,0.));
#7144 = ( GEOMETRIC_REPRESENTATION_CONTEXT(2) 
PARAMETRIC_REPRESENTATION_CONTEXT() REPRESENTATION_CONTEXT('2D SPACE',''
  ) );
#7145 = PCURVE('',#2252,#7146);
#7146 = DEFINITIONAL_REPRESENTATION('',(#7147),#7151);
#7147 = LINE('',#7148,#7149);
#7148 = CARTESIAN_POINT('',(-0.,0.));
#7149 = VECTOR('',#7150,1.);
#7150 = DIRECTION('',(-0.,1.));
#7151 = ( GEOMETRIC_REPRESENTATION_CONTEXT(2) 
PARAMETRIC_REPRESENTATION_CONTEXT() REPRESENTATION_CONTEXT('2D SPACE',''
  ) );
#7152 = ADVANCED_FACE('',(#7153),#2392,.T.);
#7153 = FACE_BOUND('',#7154,.T.);
#7154 = EDGE_LOOP('',(#7155,#7178,#7199,#7200));
#7155 = ORIENTED_EDGE('',*,*,#7156,.F.);
#7156 = EDGE_CURVE('',#7157,#2350,#7159,.T.);
#7157 = VERTEX_POINT('',#7158);
#7158 = CARTESIAN_POINT('',(103.02,35.34,26.));
#7159 = SURFACE_CURVE('',#7160,(#7164,#7171),.PCURVE_S1.);
#7160 = LINE('',#7161,#7162);
#7161 = CARTESIAN_POINT('',(103.02,35.34,24.7));
#7162 = VECTOR('',#7163,1.);
#7163 = DIRECTION('',(0.,0.,1.));
#7164 = PCURVE('',#2392,#7165);
#7165 = DEFINITIONAL_REPRESENTATION('',(#7166),#7170);
#7166 = LINE('',#7167,#7168);
#7167 = CARTESIAN_POINT('',(0.,2.11));
#7168 = VECTOR('',#7169,1.);
#7169 = DIRECTION('',(1.,0.));
#7170 = ( GEOMETRIC_REPRESENTATION_CONTEXT(2) 
PARAMETRIC_REPRESENTATION_CONTEXT() REPRESENTATION_CONTEXT('2D SPACE',''
  ) );
#7171 = PCURVE('',#2366,#7172);
#7172 = DEFINITIONAL_REPRESENTATION('',(#7173),#7177);
#7173 = LINE('',#7174,#7175);
#7174 = CARTESIAN_POINT('',(-1.570796326795,0.));
#7175 = VECTOR('',#7176,1.);
#7176 = DIRECTION('',(-0.,1.));
#7177 = ( GEOMETRIC_REPRESENTATION_CONTEXT(2) 
PARAMETRIC_REPRESENTATION_CONTEXT() REPRESENTATION_CONTEXT('2D SPACE',''
  ) );
#7178 = ORIENTED_EDGE('',*,*,#7179,.F.);
#7179 = EDGE_CURVE('',#7054,#7157,#7180,.T.);
#7180 = SURFACE_CURVE('',#7181,(#7185,#7192),.PCURVE_S1.);
#7181 = LINE('',#7182,#7183);
#7182 = CARTESIAN_POINT('',(103.02,38.5,26.));
#7183 = VECTOR('',#7184,1.);
#7184 = DIRECTION('',(1.110223024625E-16,-1.,0.));
#7185 = PCURVE('',#2392,#7186);
#7186 = DEFINITIONAL_REPRESENTATION('',(#7187),#7191);
#7187 = LINE('',#7188,#7189);
#7188 = CARTESIAN_POINT('',(1.3,-1.05));
#7189 = VECTOR('',#7190,1.);
#7190 = DIRECTION('',(0.,1.));
#7191 = ( GEOMETRIC_REPRESENTATION_CONTEXT(2) 
PARAMETRIC_REPRESENTATION_CONTEXT() REPRESENTATION_CONTEXT('2D SPACE',''
  ) );
#7192 = PCURVE('',#7070,#7193);
#7193 = DEFINITIONAL_REPRESENTATION('',(#7194),#7198);
#7194 = LINE('',#7195,#7196);
#7195 = CARTESIAN_POINT('',(1.05,2.1));
#7196 = VECTOR('',#7197,1.);
#7197 = DIRECTION('',(1.,0.));
#7198 = ( GEOMETRIC_REPRESENTATION_CONTEXT(2) 
PARAMETRIC_REPRESENTATION_CONTEXT() REPRESENTATION_CONTEXT('2D SPACE',''
  ) );
#7199 = ORIENTED_EDGE('',*,*,#7082,.T.);
#7200 = ORIENTED_EDGE('',*,*,#2378,.F.);
#7201 = ADVANCED_FACE('',(#7202),#2252,.F.);
#7202 = FACE_BOUND('',#7203,.T.);
#7203 = EDGE_LOOP('',(#7204,#7205,#7229,#7250));
#7204 = ORIENTED_EDGE('',*,*,#7132,.F.);
#7205 = ORIENTED_EDGE('',*,*,#7206,.F.);
#7206 = EDGE_CURVE('',#7207,#7110,#7209,.T.);
#7207 = VERTEX_POINT('',#7208);
#7208 = CARTESIAN_POINT('',(113.965,35.36,26.));
#7209 = SURFACE_CURVE('',#7210,(#7215,#7222),.PCURVE_S1.);
#7210 = CIRCLE('',#7211,2.09);
#7211 = AXIS2_PLACEMENT_3D('',#7212,#7213,#7214);
#7212 = CARTESIAN_POINT('',(111.875,35.36,26.));
#7213 = DIRECTION('',(0.,0.,1.));
#7214 = DIRECTION('',(-1.110223024625E-16,1.,0.));
#7215 = PCURVE('',#2252,#7216);
#7216 = DEFINITIONAL_REPRESENTATION('',(#7217),#7221);
#7217 = LINE('',#7218,#7219);
#7218 = CARTESIAN_POINT('',(-6.28318530718,1.3));
#7219 = VECTOR('',#7220,1.);
#7220 = DIRECTION('',(1.,-0.));
#7221 = ( GEOMETRIC_REPRESENTATION_CONTEXT(2) 
PARAMETRIC_REPRESENTATION_CONTEXT() REPRESENTATION_CONTEXT('2D SPACE',''
  ) );
#7222 = PCURVE('',#7070,#7223);
#7223 = DEFINITIONAL_REPRESENTATION('',(#7224),#7228);
#7224 = CIRCLE('',#7225,2.09);
#7225 = AXIS2_PLACEMENT_2D('',#7226,#7227);
#7226 = CARTESIAN_POINT('',(4.19,10.955));
#7227 = DIRECTION('',(-1.,0.));
#7228 = ( GEOMETRIC_REPRESENTATION_CONTEXT(2) 
PARAMETRIC_REPRESENTATION_CONTEXT() REPRESENTATION_CONTEXT('2D SPACE',''
  ) );
#7229 = ORIENTED_EDGE('',*,*,#7230,.T.);
#7230 = EDGE_CURVE('',#7207,#2236,#7231,.T.);
#7231 = SURFACE_CURVE('',#7232,(#7236,#7243),.PCURVE_S1.);
#7232 = LINE('',#7233,#7234);
#7233 = CARTESIAN_POINT('',(113.965,35.36,24.7));
#7234 = VECTOR('',#7235,1.);
#7235 = DIRECTION('',(0.,0.,1.));
#7236 = PCURVE('',#2252,#7237);
#7237 = DEFINITIONAL_REPRESENTATION('',(#7238),#7242);
#7238 = LINE('',#7239,#7240);
#7239 = CARTESIAN_POINT('',(-1.570796326795,0.));
#7240 = VECTOR('',#7241,1.);
#7241 = DIRECTION('',(-0.,1.));
#7242 = ( GEOMETRIC_REPRESENTATION_CONTEXT(2) 
PARAMETRIC_REPRESENTATION_CONTEXT() REPRESENTATION_CONTEXT('2D SPACE',''
  ) );
#7243 = PCURVE('',#2280,#7244);
#7244 = DEFINITIONAL_REPRESENTATION('',(#7245),#7249);
#7245 = LINE('',#7246,#7247);
#7246 = CARTESIAN_POINT('',(0.,2.09));
#7247 = VECTOR('',#7248,1.);
#7248 = DIRECTION('',(1.,0.));
#7249 = ( GEOMETRIC_REPRESENTATION_CONTEXT(2) 
PARAMETRIC_REPRESENTATION_CONTEXT() REPRESENTATION_CONTEXT('2D SPACE',''
  ) );
#7250 = ORIENTED_EDGE('',*,*,#2235,.T.);
#7251 = ADVANCED_FACE('',(#7252),#2366,.F.);
#7252 = FACE_BOUND('',#7253,.T.);
#7253 = EDGE_LOOP('',(#7254,#7277,#7299,#7300));
#7254 = ORIENTED_EDGE('',*,*,#7255,.F.);
#7255 = EDGE_CURVE('',#7256,#2322,#7258,.T.);
#7256 = VERTEX_POINT('',#7257);
#7257 = CARTESIAN_POINT('',(105.11,33.25,26.));
#7258 = SURFACE_CURVE('',#7259,(#7263,#7270),.PCURVE_S1.);
#7259 = LINE('',#7260,#7261);
#7260 = CARTESIAN_POINT('',(105.11,33.25,24.7));
#7261 = VECTOR('',#7262,1.);
#7262 = DIRECTION('',(0.,0.,1.));
#7263 = PCURVE('',#2366,#7264);
#7264 = DEFINITIONAL_REPRESENTATION('',(#7265),#7269);
#7265 = LINE('',#7266,#7267);
#7266 = CARTESIAN_POINT('',(-0.,0.));
#7267 = VECTOR('',#7268,1.);
#7268 = DIRECTION('',(-0.,1.));
#7269 = ( GEOMETRIC_REPRESENTATION_CONTEXT(2) 
PARAMETRIC_REPRESENTATION_CONTEXT() REPRESENTATION_CONTEXT('2D SPACE',''
  ) );
#7270 = PCURVE('',#2337,#7271);
#7271 = DEFINITIONAL_REPRESENTATION('',(#7272),#7276);
#7272 = LINE('',#7273,#7274);
#7273 = CARTESIAN_POINT('',(0.,-2.09));
#7274 = VECTOR('',#7275,1.);
#7275 = DIRECTION('',(1.,0.));
#7276 = ( GEOMETRIC_REPRESENTATION_CONTEXT(2) 
PARAMETRIC_REPRESENTATION_CONTEXT() REPRESENTATION_CONTEXT('2D SPACE',''
  ) );
#7277 = ORIENTED_EDGE('',*,*,#7278,.F.);
#7278 = EDGE_CURVE('',#7157,#7256,#7279,.T.);
#7279 = SURFACE_CURVE('',#7280,(#7285,#7292),.PCURVE_S1.);
#7280 = CIRCLE('',#7281,2.09);
#7281 = AXIS2_PLACEMENT_3D('',#7282,#7283,#7284);
#7282 = CARTESIAN_POINT('',(105.11,35.34,26.));
#7283 = DIRECTION('',(-0.,0.,1.));
#7284 = DIRECTION('',(1.110223024625E-16,-1.,0.));
#7285 = PCURVE('',#2366,#7286);
#7286 = DEFINITIONAL_REPRESENTATION('',(#7287),#7291);
#7287 = LINE('',#7288,#7289);
#7288 = CARTESIAN_POINT('',(-6.28318530718,1.3));
#7289 = VECTOR('',#7290,1.);
#7290 = DIRECTION('',(1.,-0.));
#7291 = ( GEOMETRIC_REPRESENTATION_CONTEXT(2) 
PARAMETRIC_REPRESENTATION_CONTEXT() REPRESENTATION_CONTEXT('2D SPACE',''
  ) );
#7292 = PCURVE('',#7070,#7293);
#7293 = DEFINITIONAL_REPRESENTATION('',(#7294),#7298);
#7294 = CIRCLE('',#7295,2.09);
#7295 = AXIS2_PLACEMENT_2D('',#7296,#7297);
#7296 = CARTESIAN_POINT('',(4.21,4.19));
#7297 = DIRECTION('',(1.,0.));
#7298 = ( GEOMETRIC_REPRESENTATION_CONTEXT(2) 
PARAMETRIC_REPRESENTATION_CONTEXT() REPRESENTATION_CONTEXT('2D SPACE',''
  ) );
#7299 = ORIENTED_EDGE('',*,*,#7156,.T.);
#7300 = ORIENTED_EDGE('',*,*,#2349,.T.);
#7301 = ADVANCED_FACE('',(#7302),#2280,.F.);
#7302 = FACE_BOUND('',#7303,.F.);
#7303 = EDGE_LOOP('',(#7304,#7327,#7348,#7349));
#7304 = ORIENTED_EDGE('',*,*,#7305,.F.);
#7305 = EDGE_CURVE('',#7306,#2265,#7308,.T.);
#7306 = VERTEX_POINT('',#7307);
#7307 = CARTESIAN_POINT('',(113.965,35.34,26.));
#7308 = SURFACE_CURVE('',#7309,(#7313,#7320),.PCURVE_S1.);
#7309 = LINE('',#7310,#7311);
#7310 = CARTESIAN_POINT('',(113.965,35.34,24.7));
#7311 = VECTOR('',#7312,1.);
#7312 = DIRECTION('',(0.,0.,1.));
#7313 = PCURVE('',#2280,#7314);
#7314 = DEFINITIONAL_REPRESENTATION('',(#7315),#7319);
#7315 = LINE('',#7316,#7317);
#7316 = CARTESIAN_POINT('',(0.,2.11));
#7317 = VECTOR('',#7318,1.);
#7318 = DIRECTION('',(1.,0.));
#7319 = ( GEOMETRIC_REPRESENTATION_CONTEXT(2) 
PARAMETRIC_REPRESENTATION_CONTEXT() REPRESENTATION_CONTEXT('2D SPACE',''
  ) );
#7320 = PCURVE('',#2309,#7321);
#7321 = DEFINITIONAL_REPRESENTATION('',(#7322),#7326);
#7322 = LINE('',#7323,#7324);
#7323 = CARTESIAN_POINT('',(1.570796326795,0.));
#7324 = VECTOR('',#7325,1.);
#7325 = DIRECTION('',(0.,1.));
#7326 = ( GEOMETRIC_REPRESENTATION_CONTEXT(2) 
PARAMETRIC_REPRESENTATION_CONTEXT() REPRESENTATION_CONTEXT('2D SPACE',''
  ) );
#7327 = ORIENTED_EDGE('',*,*,#7328,.F.);
#7328 = EDGE_CURVE('',#7207,#7306,#7329,.T.);
#7329 = SURFACE_CURVE('',#7330,(#7334,#7341),.PCURVE_S1.);
#7330 = LINE('',#7331,#7332);
#7331 = CARTESIAN_POINT('',(113.965,38.5,26.));
#7332 = VECTOR('',#7333,1.);
#7333 = DIRECTION('',(1.110223024625E-16,-1.,0.));
#7334 = PCURVE('',#2280,#7335);
#7335 = DEFINITIONAL_REPRESENTATION('',(#7336),#7340);
#7336 = LINE('',#7337,#7338);
#7337 = CARTESIAN_POINT('',(1.3,-1.05));
#7338 = VECTOR('',#7339,1.);
#7339 = DIRECTION('',(0.,1.));
#7340 = ( GEOMETRIC_REPRESENTATION_CONTEXT(2) 
PARAMETRIC_REPRESENTATION_CONTEXT() REPRESENTATION_CONTEXT('2D SPACE',''
  ) );
#7341 = PCURVE('',#7070,#7342);
#7342 = DEFINITIONAL_REPRESENTATION('',(#7343),#7347);
#7343 = LINE('',#7344,#7345);
#7344 = CARTESIAN_POINT('',(1.05,13.045));
#7345 = VECTOR('',#7346,1.);
#7346 = DIRECTION('',(1.,0.));
#7347 = ( GEOMETRIC_REPRESENTATION_CONTEXT(2) 
PARAMETRIC_REPRESENTATION_CONTEXT() REPRESENTATION_CONTEXT('2D SPACE',''
  ) );
#7348 = ORIENTED_EDGE('',*,*,#7230,.T.);
#7349 = ORIENTED_EDGE('',*,*,#2264,.F.);
#7350 = ADVANCED_FACE('',(#7351),#2337,.F.);
#7351 = FACE_BOUND('',#7352,.F.);
#7352 = EDGE_LOOP('',(#7353,#7354,#7355,#7378));
#7353 = ORIENTED_EDGE('',*,*,#2321,.F.);
#7354 = ORIENTED_EDGE('',*,*,#7255,.F.);
#7355 = ORIENTED_EDGE('',*,*,#7356,.F.);
#7356 = EDGE_CURVE('',#7357,#7256,#7359,.T.);
#7357 = VERTEX_POINT('',#7358);
#7358 = CARTESIAN_POINT('',(111.875,33.25,26.));
#7359 = SURFACE_CURVE('',#7360,(#7364,#7371),.PCURVE_S1.);
#7360 = LINE('',#7361,#7362);
#7361 = CARTESIAN_POINT('',(101.97,33.25,26.));
#7362 = VECTOR('',#7363,1.);
#7363 = DIRECTION('',(-1.,-1.110223024625E-16,0.));
#7364 = PCURVE('',#2337,#7365);
#7365 = DEFINITIONAL_REPRESENTATION('',(#7366),#7370);
#7366 = LINE('',#7367,#7368);
#7367 = CARTESIAN_POINT('',(1.3,1.05));
#7368 = VECTOR('',#7369,1.);
#7369 = DIRECTION('',(0.,1.));
#7370 = ( GEOMETRIC_REPRESENTATION_CONTEXT(2) 
PARAMETRIC_REPRESENTATION_CONTEXT() REPRESENTATION_CONTEXT('2D SPACE',''
  ) );
#7371 = PCURVE('',#7070,#7372);
#7372 = DEFINITIONAL_REPRESENTATION('',(#7373),#7377);
#7373 = LINE('',#7374,#7375);
#7374 = CARTESIAN_POINT('',(6.3,1.05));
#7375 = VECTOR('',#7376,1.);
#7376 = DIRECTION('',(0.,-1.));
#7377 = ( GEOMETRIC_REPRESENTATION_CONTEXT(2) 
PARAMETRIC_REPRESENTATION_CONTEXT() REPRESENTATION_CONTEXT('2D SPACE',''
  ) );
#7378 = ORIENTED_EDGE('',*,*,#7379,.T.);
#7379 = EDGE_CURVE('',#7357,#2293,#7380,.T.);
#7380 = SURFACE_CURVE('',#7381,(#7385,#7392),.PCURVE_S1.);
#7381 = LINE('',#7382,#7383);
#7382 = CARTESIAN_POINT('',(111.875,33.25,24.7));
#7383 = VECTOR('',#7384,1.);
#7384 = DIRECTION('',(0.,0.,1.));
#7385 = PCURVE('',#2337,#7386);
#7386 = DEFINITIONAL_REPRESENTATION('',(#7387),#7391);
#7387 = LINE('',#7388,#7389);
#7388 = CARTESIAN_POINT('',(0.,-8.855));
#7389 = VECTOR('',#7390,1.);
#7390 = DIRECTION('',(1.,0.));
#7391 = ( GEOMETRIC_REPRESENTATION_CONTEXT(2) 
PARAMETRIC_REPRESENTATION_CONTEXT() REPRESENTATION_CONTEXT('2D SPACE',''
  ) );
#7392 = PCURVE('',#2309,#7393);
#7393 = DEFINITIONAL_REPRESENTATION('',(#7394),#7398);
#7394 = LINE('',#7395,#7396);
#7395 = CARTESIAN_POINT('',(0.,0.));
#7396 = VECTOR('',#7397,1.);
#7397 = DIRECTION('',(0.,1.));
#7398 = ( GEOMETRIC_REPRESENTATION_CONTEXT(2) 
PARAMETRIC_REPRESENTATION_CONTEXT() REPRESENTATION_CONTEXT('2D SPACE',''
  ) );
#7399 = ADVANCED_FACE('',(#7400),#2309,.F.);
#7400 = FACE_BOUND('',#7401,.F.);
#7401 = EDGE_LOOP('',(#7402,#7403,#7425,#7426));
#7402 = ORIENTED_EDGE('',*,*,#7379,.F.);
#7403 = ORIENTED_EDGE('',*,*,#7404,.T.);
#7404 = EDGE_CURVE('',#7357,#7306,#7405,.T.);
#7405 = SURFACE_CURVE('',#7406,(#7411,#7418),.PCURVE_S1.);
#7406 = CIRCLE('',#7407,2.09);
#7407 = AXIS2_PLACEMENT_3D('',#7408,#7409,#7410);
#7408 = CARTESIAN_POINT('',(111.875,35.34,26.));
#7409 = DIRECTION('',(-0.,0.,1.));
#7410 = DIRECTION('',(1.110223024625E-16,-1.,0.));
#7411 = PCURVE('',#2309,#7412);
#7412 = DEFINITIONAL_REPRESENTATION('',(#7413),#7417);
#7413 = LINE('',#7414,#7415);
#7414 = CARTESIAN_POINT('',(0.,1.3));
#7415 = VECTOR('',#7416,1.);
#7416 = DIRECTION('',(1.,0.));
#7417 = ( GEOMETRIC_REPRESENTATION_CONTEXT(2) 
PARAMETRIC_REPRESENTATION_CONTEXT() REPRESENTATION_CONTEXT('2D SPACE',''
  ) );
#7418 = PCURVE('',#7070,#7419);
#7419 = DEFINITIONAL_REPRESENTATION('',(#7420),#7424);
#7420 = CIRCLE('',#7421,2.09);
#7421 = AXIS2_PLACEMENT_2D('',#7422,#7423);
#7422 = CARTESIAN_POINT('',(4.21,10.955));
#7423 = DIRECTION('',(1.,0.));
#7424 = ( GEOMETRIC_REPRESENTATION_CONTEXT(2) 
PARAMETRIC_REPRESENTATION_CONTEXT() REPRESENTATION_CONTEXT('2D SPACE',''
  ) );
#7425 = ORIENTED_EDGE('',*,*,#7305,.T.);
#7426 = ORIENTED_EDGE('',*,*,#2292,.F.);
#7427 = ADVANCED_FACE('',(#7428),#3275,.F.);
#7428 = FACE_BOUND('',#7429,.T.);
#7429 = EDGE_LOOP('',(#7430,#7431,#7432,#7455));
#7430 = ORIENTED_EDGE('',*,*,#3259,.F.);
#7431 = ORIENTED_EDGE('',*,*,#4305,.F.);
#7432 = ORIENTED_EDGE('',*,*,#7433,.T.);
#7433 = EDGE_CURVE('',#4278,#7434,#7436,.T.);
#7434 = VERTEX_POINT('',#7435);
#7435 = CARTESIAN_POINT('',(54.,0.65,21.6));
#7436 = SURFACE_CURVE('',#7437,(#7441,#7448),.PCURVE_S1.);
#7437 = LINE('',#7438,#7439);
#7438 = CARTESIAN_POINT('',(54.,-2.,21.6));
#7439 = VECTOR('',#7440,1.);
#7440 = DIRECTION('',(-1.110223024625E-16,1.,0.));
#7441 = PCURVE('',#3275,#7442);
#7442 = DEFINITIONAL_REPRESENTATION('',(#7443),#7447);
#7443 = LINE('',#7444,#7445);
#7444 = CARTESIAN_POINT('',(-5.,0.));
#7445 = VECTOR('',#7446,1.);
#7446 = DIRECTION('',(-0.,1.));
#7447 = ( GEOMETRIC_REPRESENTATION_CONTEXT(2) 
PARAMETRIC_REPRESENTATION_CONTEXT() REPRESENTATION_CONTEXT('2D SPACE',''
  ) );
#7448 = PCURVE('',#4293,#7449);
#7449 = DEFINITIONAL_REPRESENTATION('',(#7450),#7454);
#7450 = LINE('',#7451,#7452);
#7451 = CARTESIAN_POINT('',(-0.,6.));
#7452 = VECTOR('',#7453,1.);
#7453 = DIRECTION('',(-1.,0.));
#7454 = ( GEOMETRIC_REPRESENTATION_CONTEXT(2) 
PARAMETRIC_REPRESENTATION_CONTEXT() REPRESENTATION_CONTEXT('2D SPACE',''
  ) );
#7455 = ORIENTED_EDGE('',*,*,#7456,.T.);
#7456 = EDGE_CURVE('',#7434,#3237,#7457,.T.);
#7457 = SURFACE_CURVE('',#7458,(#7462,#7469),.PCURVE_S1.);
#7458 = LINE('',#7459,#7460);
#7459 = CARTESIAN_POINT('',(54.,0.65,16.55));
#7460 = VECTOR('',#7461,1.);
#7461 = DIRECTION('',(0.,0.,-1.));
#7462 = PCURVE('',#3275,#7463);
#7463 = DEFINITIONAL_REPRESENTATION('',(#7464),#7468);
#7464 = LINE('',#7465,#7466);
#7465 = CARTESIAN_POINT('',(5.E-02,2.65));
#7466 = VECTOR('',#7467,1.);
#7467 = DIRECTION('',(1.,-0.));
#7468 = ( GEOMETRIC_REPRESENTATION_CONTEXT(2) 
PARAMETRIC_REPRESENTATION_CONTEXT() REPRESENTATION_CONTEXT('2D SPACE',''
  ) );
#7469 = PCURVE('',#2631,#7470);
#7470 = DEFINITIONAL_REPRESENTATION('',(#7471),#7475);
#7471 = LINE('',#7472,#7473);
#7472 = CARTESIAN_POINT('',(5.E-02,-53.35));
#7473 = VECTOR('',#7474,1.);
#7474 = DIRECTION('',(-1.,-0.));
#7475 = ( GEOMETRIC_REPRESENTATION_CONTEXT(2) 
PARAMETRIC_REPRESENTATION_CONTEXT() REPRESENTATION_CONTEXT('2D SPACE',''
  ) );
#7476 = ADVANCED_FACE('',(#7477),#2631,.F.);
#7477 = FACE_BOUND('',#7478,.F.);
#7478 = EDGE_LOOP('',(#7479,#7509,#7530,#7531,#7554,#7575,#7576,#7577,
    #7600,#7621,#7622,#7643,#7644,#7665,#7666,#7687,#7688,#7711,#7739,
    #7767,#7795,#7823));
#7479 = ORIENTED_EDGE('',*,*,#7480,.F.);
#7480 = EDGE_CURVE('',#7481,#7483,#7485,.T.);
#7481 = VERTEX_POINT('',#7482);
#7482 = CARTESIAN_POINT('',(3.,0.65,24.8));
#7483 = VERTEX_POINT('',#7484);
#7484 = CARTESIAN_POINT('',(5.,0.65,24.8));
#7485 = SURFACE_CURVE('',#7486,(#7490,#7497),.PCURVE_S1.);
#7486 = LINE('',#7487,#7488);
#7487 = CARTESIAN_POINT('',(-0.25,0.65,24.8));
#7488 = VECTOR('',#7489,1.);
#7489 = DIRECTION('',(1.,1.110223024625E-16,0.));
#7490 = PCURVE('',#2631,#7491);
#7491 = DEFINITIONAL_REPRESENTATION('',(#7492),#7496);
#7492 = LINE('',#7493,#7494);
#7493 = CARTESIAN_POINT('',(8.3,0.9));
#7494 = VECTOR('',#7495,1.);
#7495 = DIRECTION('',(0.,-1.));
#7496 = ( GEOMETRIC_REPRESENTATION_CONTEXT(2) 
PARAMETRIC_REPRESENTATION_CONTEXT() REPRESENTATION_CONTEXT('2D SPACE',''
  ) );
#7497 = PCURVE('',#7498,#7503);
#7498 = PLANE('',#7499);
#7499 = AXIS2_PLACEMENT_3D('',#7500,#7501,#7502);
#7500 = CARTESIAN_POINT('',(-1.15,71.85,24.8));
#7501 = DIRECTION('',(0.,0.,1.));
#7502 = DIRECTION('',(1.110223024625E-16,-1.,0.));
#7503 = DEFINITIONAL_REPRESENTATION('',(#7504),#7508);
#7504 = LINE('',#7505,#7506);
#7505 = CARTESIAN_POINT('',(71.2,0.9));
#7506 = VECTOR('',#7507,1.);
#7507 = DIRECTION('',(0.,1.));
#7508 = ( GEOMETRIC_REPRESENTATION_CONTEXT(2) 
PARAMETRIC_REPRESENTATION_CONTEXT() REPRESENTATION_CONTEXT('2D SPACE',''
  ) );
#7509 = ORIENTED_EDGE('',*,*,#7510,.F.);
#7510 = EDGE_CURVE('',#2616,#7481,#7511,.T.);
#7511 = SURFACE_CURVE('',#7512,(#7516,#7523),.PCURVE_S1.);
#7512 = LINE('',#7513,#7514);
#7513 = CARTESIAN_POINT('',(3.,0.65,16.5));
#7514 = VECTOR('',#7515,1.);
#7515 = DIRECTION('',(0.,0.,1.));
#7516 = PCURVE('',#2631,#7517);
#7517 = DEFINITIONAL_REPRESENTATION('',(#7518),#7522);
#7518 = LINE('',#7519,#7520);
#7519 = CARTESIAN_POINT('',(0.,-2.35));
#7520 = VECTOR('',#7521,1.);
#7521 = DIRECTION('',(1.,0.));
#7522 = ( GEOMETRIC_REPRESENTATION_CONTEXT(2) 
PARAMETRIC_REPRESENTATION_CONTEXT() REPRESENTATION_CONTEXT('2D SPACE',''
  ) );
#7523 = PCURVE('',#2660,#7524);
#7524 = DEFINITIONAL_REPRESENTATION('',(#7525),#7529);
#7525 = LINE('',#7526,#7527);
#7526 = CARTESIAN_POINT('',(-0.,0.));
#7527 = VECTOR('',#7528,1.);
#7528 = DIRECTION('',(-0.,1.));
#7529 = ( GEOMETRIC_REPRESENTATION_CONTEXT(2) 
PARAMETRIC_REPRESENTATION_CONTEXT() REPRESENTATION_CONTEXT('2D SPACE',''
  ) );
#7530 = ORIENTED_EDGE('',*,*,#2615,.T.);
#7531 = ORIENTED_EDGE('',*,*,#7532,.F.);
#7532 = EDGE_CURVE('',#7533,#2588,#7535,.T.);
#7533 = VERTEX_POINT('',#7534);
#7534 = CARTESIAN_POINT('',(48.,0.65,21.6));
#7535 = SURFACE_CURVE('',#7536,(#7540,#7547),.PCURVE_S1.);
#7536 = LINE('',#7537,#7538);
#7537 = CARTESIAN_POINT('',(48.,0.65,16.55));
#7538 = VECTOR('',#7539,1.);
#7539 = DIRECTION('',(0.,0.,-1.));
#7540 = PCURVE('',#2631,#7541);
#7541 = DEFINITIONAL_REPRESENTATION('',(#7542),#7546);
#7542 = LINE('',#7543,#7544);
#7543 = CARTESIAN_POINT('',(5.E-02,-47.35));
#7544 = VECTOR('',#7545,1.);
#7545 = DIRECTION('',(-1.,-0.));
#7546 = ( GEOMETRIC_REPRESENTATION_CONTEXT(2) 
PARAMETRIC_REPRESENTATION_CONTEXT() REPRESENTATION_CONTEXT('2D SPACE',''
  ) );
#7547 = PCURVE('',#2603,#7548);
#7548 = DEFINITIONAL_REPRESENTATION('',(#7549),#7553);
#7549 = LINE('',#7550,#7551);
#7550 = CARTESIAN_POINT('',(5.E-02,2.65));
#7551 = VECTOR('',#7552,1.);
#7552 = DIRECTION('',(1.,-0.));
#7553 = ( GEOMETRIC_REPRESENTATION_CONTEXT(2) 
PARAMETRIC_REPRESENTATION_CONTEXT() REPRESENTATION_CONTEXT('2D SPACE',''
  ) );
#7554 = ORIENTED_EDGE('',*,*,#7555,.T.);
#7555 = EDGE_CURVE('',#7533,#7434,#7556,.T.);
#7556 = SURFACE_CURVE('',#7557,(#7561,#7568),.PCURVE_S1.);
#7557 = LINE('',#7558,#7559);
#7558 = CARTESIAN_POINT('',(24.325,0.65,21.6));
#7559 = VECTOR('',#7560,1.);
#7560 = DIRECTION('',(1.,1.110223024625E-16,0.));
#7561 = PCURVE('',#2631,#7562);
#7562 = DEFINITIONAL_REPRESENTATION('',(#7563),#7567);
#7563 = LINE('',#7564,#7565);
#7564 = CARTESIAN_POINT('',(5.1,-23.675));
#7565 = VECTOR('',#7566,1.);
#7566 = DIRECTION('',(0.,-1.));
#7567 = ( GEOMETRIC_REPRESENTATION_CONTEXT(2) 
PARAMETRIC_REPRESENTATION_CONTEXT() REPRESENTATION_CONTEXT('2D SPACE',''
  ) );
#7568 = PCURVE('',#4293,#7569);
#7569 = DEFINITIONAL_REPRESENTATION('',(#7570),#7574);
#7570 = LINE('',#7571,#7572);
#7571 = CARTESIAN_POINT('',(-2.65,-23.675));
#7572 = VECTOR('',#7573,1.);
#7573 = DIRECTION('',(-0.,1.));
#7574 = ( GEOMETRIC_REPRESENTATION_CONTEXT(2) 
PARAMETRIC_REPRESENTATION_CONTEXT() REPRESENTATION_CONTEXT('2D SPACE',''
  ) );
#7575 = ORIENTED_EDGE('',*,*,#7456,.T.);
#7576 = ORIENTED_EDGE('',*,*,#3236,.T.);
#7577 = ORIENTED_EDGE('',*,*,#7578,.T.);
#7578 = EDGE_CURVE('',#3208,#7579,#7581,.T.);
#7579 = VERTEX_POINT('',#7580);
#7580 = CARTESIAN_POINT('',(123.9,0.65,24.8));
#7581 = SURFACE_CURVE('',#7582,(#7586,#7593),.PCURVE_S1.);
#7582 = LINE('',#7583,#7584);
#7583 = CARTESIAN_POINT('',(123.9,0.65,16.5));
#7584 = VECTOR('',#7585,1.);
#7585 = DIRECTION('',(0.,0.,1.));
#7586 = PCURVE('',#2631,#7587);
#7587 = DEFINITIONAL_REPRESENTATION('',(#7588),#7592);
#7588 = LINE('',#7589,#7590);
#7589 = CARTESIAN_POINT('',(0.,-123.25));
#7590 = VECTOR('',#7591,1.);
#7591 = DIRECTION('',(1.,0.));
#7592 = ( GEOMETRIC_REPRESENTATION_CONTEXT(2) 
PARAMETRIC_REPRESENTATION_CONTEXT() REPRESENTATION_CONTEXT('2D SPACE',''
  ) );
#7593 = PCURVE('',#3224,#7594);
#7594 = DEFINITIONAL_REPRESENTATION('',(#7595),#7599);
#7595 = LINE('',#7596,#7597);
#7596 = CARTESIAN_POINT('',(0.,0.));
#7597 = VECTOR('',#7598,1.);
#7598 = DIRECTION('',(0.,1.));
#7599 = ( GEOMETRIC_REPRESENTATION_CONTEXT(2) 
PARAMETRIC_REPRESENTATION_CONTEXT() REPRESENTATION_CONTEXT('2D SPACE',''
  ) );
#7600 = ORIENTED_EDGE('',*,*,#7601,.F.);
#7601 = EDGE_CURVE('',#6585,#7579,#7602,.T.);
#7602 = SURFACE_CURVE('',#7603,(#7607,#7614),.PCURVE_S1.);
#7603 = LINE('',#7604,#7605);
#7604 = CARTESIAN_POINT('',(-0.25,0.65,24.8));
#7605 = VECTOR('',#7606,1.);
#7606 = DIRECTION('',(1.,1.110223024625E-16,0.));
#7607 = PCURVE('',#2631,#7608);
#7608 = DEFINITIONAL_REPRESENTATION('',(#7609),#7613);
#7609 = LINE('',#7610,#7611);
#7610 = CARTESIAN_POINT('',(8.3,0.9));
#7611 = VECTOR('',#7612,1.);
#7612 = DIRECTION('',(0.,-1.));
#7613 = ( GEOMETRIC_REPRESENTATION_CONTEXT(2) 
PARAMETRIC_REPRESENTATION_CONTEXT() REPRESENTATION_CONTEXT('2D SPACE',''
  ) );
#7614 = PCURVE('',#4772,#7615);
#7615 = DEFINITIONAL_REPRESENTATION('',(#7616),#7620);
#7616 = LINE('',#7617,#7618);
#7617 = CARTESIAN_POINT('',(71.2,0.9));
#7618 = VECTOR('',#7619,1.);
#7619 = DIRECTION('',(0.,1.));
#7620 = ( GEOMETRIC_REPRESENTATION_CONTEXT(2) 
PARAMETRIC_REPRESENTATION_CONTEXT() REPRESENTATION_CONTEXT('2D SPACE',''
  ) );
#7621 = ORIENTED_EDGE('',*,*,#6584,.F.);
#7622 = ORIENTED_EDGE('',*,*,#7623,.T.);
#7623 = EDGE_CURVE('',#6561,#6379,#7624,.T.);
#7624 = SURFACE_CURVE('',#7625,(#7629,#7636),.PCURVE_S1.);
#7625 = LINE('',#7626,#7627);
#7626 = CARTESIAN_POINT('',(24.325,0.65,24.7));
#7627 = VECTOR('',#7628,1.);
#7628 = DIRECTION('',(-1.,-1.110223024625E-16,0.));
#7629 = PCURVE('',#2631,#7630);
#7630 = DEFINITIONAL_REPRESENTATION('',(#7631),#7635);
#7631 = LINE('',#7632,#7633);
#7632 = CARTESIAN_POINT('',(8.2,-23.675));
#7633 = VECTOR('',#7634,1.);
#7634 = DIRECTION('',(0.,1.));
#7635 = ( GEOMETRIC_REPRESENTATION_CONTEXT(2) 
PARAMETRIC_REPRESENTATION_CONTEXT() REPRESENTATION_CONTEXT('2D SPACE',''
  ) );
#7636 = PCURVE('',#6395,#7637);
#7637 = DEFINITIONAL_REPRESENTATION('',(#7638),#7642);
#7638 = LINE('',#7639,#7640);
#7639 = CARTESIAN_POINT('',(0.85,-23.675));
#7640 = VECTOR('',#7641,1.);
#7641 = DIRECTION('',(0.,-1.));
#7642 = ( GEOMETRIC_REPRESENTATION_CONTEXT(2) 
PARAMETRIC_REPRESENTATION_CONTEXT() REPRESENTATION_CONTEXT('2D SPACE',''
  ) );
#7643 = ORIENTED_EDGE('',*,*,#6411,.T.);
#7644 = ORIENTED_EDGE('',*,*,#7645,.F.);
#7645 = EDGE_CURVE('',#5583,#6412,#7646,.T.);
#7646 = SURFACE_CURVE('',#7647,(#7651,#7658),.PCURVE_S1.);
#7647 = LINE('',#7648,#7649);
#7648 = CARTESIAN_POINT('',(-0.25,0.65,24.8));
#7649 = VECTOR('',#7650,1.);
#7650 = DIRECTION('',(1.,1.110223024625E-16,0.));
#7651 = PCURVE('',#2631,#7652);
#7652 = DEFINITIONAL_REPRESENTATION('',(#7653),#7657);
#7653 = LINE('',#7654,#7655);
#7654 = CARTESIAN_POINT('',(8.3,0.9));
#7655 = VECTOR('',#7656,1.);
#7656 = DIRECTION('',(0.,-1.));
#7657 = ( GEOMETRIC_REPRESENTATION_CONTEXT(2) 
PARAMETRIC_REPRESENTATION_CONTEXT() REPRESENTATION_CONTEXT('2D SPACE',''
  ) );
#7658 = PCURVE('',#4772,#7659);
#7659 = DEFINITIONAL_REPRESENTATION('',(#7660),#7664);
#7660 = LINE('',#7661,#7662);
#7661 = CARTESIAN_POINT('',(71.2,0.9));
#7662 = VECTOR('',#7663,1.);
#7663 = DIRECTION('',(0.,1.));
#7664 = ( GEOMETRIC_REPRESENTATION_CONTEXT(2) 
PARAMETRIC_REPRESENTATION_CONTEXT() REPRESENTATION_CONTEXT('2D SPACE',''
  ) );
#7665 = ORIENTED_EDGE('',*,*,#5582,.F.);
#7666 = ORIENTED_EDGE('',*,*,#7667,.T.);
#7667 = EDGE_CURVE('',#5559,#5377,#7668,.T.);
#7668 = SURFACE_CURVE('',#7669,(#7673,#7680),.PCURVE_S1.);
#7669 = LINE('',#7670,#7671);
#7670 = CARTESIAN_POINT('',(15.325,0.65,24.7));
#7671 = VECTOR('',#7672,1.);
#7672 = DIRECTION('',(-1.,-1.110223024625E-16,0.));
#7673 = PCURVE('',#2631,#7674);
#7674 = DEFINITIONAL_REPRESENTATION('',(#7675),#7679);
#7675 = LINE('',#7676,#7677);
#7676 = CARTESIAN_POINT('',(8.2,-14.675));
#7677 = VECTOR('',#7678,1.);
#7678 = DIRECTION('',(0.,1.));
#7679 = ( GEOMETRIC_REPRESENTATION_CONTEXT(2) 
PARAMETRIC_REPRESENTATION_CONTEXT() REPRESENTATION_CONTEXT('2D SPACE',''
  ) );
#7680 = PCURVE('',#5393,#7681);
#7681 = DEFINITIONAL_REPRESENTATION('',(#7682),#7686);
#7682 = LINE('',#7683,#7684);
#7683 = CARTESIAN_POINT('',(0.85,-14.675));
#7684 = VECTOR('',#7685,1.);
#7685 = DIRECTION('',(0.,-1.));
#7686 = ( GEOMETRIC_REPRESENTATION_CONTEXT(2) 
PARAMETRIC_REPRESENTATION_CONTEXT() REPRESENTATION_CONTEXT('2D SPACE',''
  ) );
#7687 = ORIENTED_EDGE('',*,*,#5409,.T.);
#7688 = ORIENTED_EDGE('',*,*,#7689,.F.);
#7689 = EDGE_CURVE('',#7690,#5410,#7692,.T.);
#7690 = VERTEX_POINT('',#7691);
#7691 = CARTESIAN_POINT('',(22.192261628932,0.65,24.8));
#7692 = SURFACE_CURVE('',#7693,(#7697,#7704),.PCURVE_S1.);
#7693 = LINE('',#7694,#7695);
#7694 = CARTESIAN_POINT('',(-0.25,0.65,24.8));
#7695 = VECTOR('',#7696,1.);
#7696 = DIRECTION('',(1.,1.110223024625E-16,0.));
#7697 = PCURVE('',#2631,#7698);
#7698 = DEFINITIONAL_REPRESENTATION('',(#7699),#7703);
#7699 = LINE('',#7700,#7701);
#7700 = CARTESIAN_POINT('',(8.3,0.9));
#7701 = VECTOR('',#7702,1.);
#7702 = DIRECTION('',(0.,-1.));
#7703 = ( GEOMETRIC_REPRESENTATION_CONTEXT(2) 
PARAMETRIC_REPRESENTATION_CONTEXT() REPRESENTATION_CONTEXT('2D SPACE',''
  ) );
#7704 = PCURVE('',#4772,#7705);
#7705 = DEFINITIONAL_REPRESENTATION('',(#7706),#7710);
#7706 = LINE('',#7707,#7708);
#7707 = CARTESIAN_POINT('',(71.2,0.9));
#7708 = VECTOR('',#7709,1.);
#7709 = DIRECTION('',(0.,1.));
#7710 = ( GEOMETRIC_REPRESENTATION_CONTEXT(2) 
PARAMETRIC_REPRESENTATION_CONTEXT() REPRESENTATION_CONTEXT('2D SPACE',''
  ) );
#7711 = ORIENTED_EDGE('',*,*,#7712,.F.);
#7712 = EDGE_CURVE('',#7713,#7690,#7715,.T.);
#7713 = VERTEX_POINT('',#7714);
#7714 = CARTESIAN_POINT('',(22.192261628933,0.65,17.9));
#7715 = SURFACE_CURVE('',#7716,(#7720,#7727),.PCURVE_S1.);
#7716 = LINE('',#7717,#7718);
#7717 = CARTESIAN_POINT('',(22.192261628933,0.65,17.9));
#7718 = VECTOR('',#7719,1.);
#7719 = DIRECTION('',(0.,0.,1.));
#7720 = PCURVE('',#2631,#7721);
#7721 = DEFINITIONAL_REPRESENTATION('',(#7722),#7726);
#7722 = LINE('',#7723,#7724);
#7723 = CARTESIAN_POINT('',(1.4,-21.54226162893));
#7724 = VECTOR('',#7725,1.);
#7725 = DIRECTION('',(1.,0.));
#7726 = ( GEOMETRIC_REPRESENTATION_CONTEXT(2) 
PARAMETRIC_REPRESENTATION_CONTEXT() REPRESENTATION_CONTEXT('2D SPACE',''
  ) );
#7727 = PCURVE('',#7728,#7733);
#7728 = CYLINDRICAL_SURFACE('',#7729,0.65);
#7729 = AXIS2_PLACEMENT_3D('',#7730,#7731,#7732);
#7730 = CARTESIAN_POINT('',(21.55,0.75,17.9));
#7731 = DIRECTION('',(0.,0.,1.));
#7732 = DIRECTION('',(1.110223024625E-16,-1.,0.));
#7733 = DEFINITIONAL_REPRESENTATION('',(#7734),#7738);
#7734 = LINE('',#7735,#7736);
#7735 = CARTESIAN_POINT('',(1.416336728311,0.));
#7736 = VECTOR('',#7737,1.);
#7737 = DIRECTION('',(0.,1.));
#7738 = ( GEOMETRIC_REPRESENTATION_CONTEXT(2) 
PARAMETRIC_REPRESENTATION_CONTEXT() REPRESENTATION_CONTEXT('2D SPACE',''
  ) );
#7739 = ORIENTED_EDGE('',*,*,#7740,.F.);
#7740 = EDGE_CURVE('',#7741,#7713,#7743,.T.);
#7741 = VERTEX_POINT('',#7742);
#7742 = CARTESIAN_POINT('',(6.007738371067,0.65,17.9));
#7743 = SURFACE_CURVE('',#7744,(#7748,#7755),.PCURVE_S1.);
#7744 = LINE('',#7745,#7746);
#7745 = CARTESIAN_POINT('',(3.325,0.65,17.9));
#7746 = VECTOR('',#7747,1.);
#7747 = DIRECTION('',(1.,1.110223024625E-16,0.));
#7748 = PCURVE('',#2631,#7749);
#7749 = DEFINITIONAL_REPRESENTATION('',(#7750),#7754);
#7750 = LINE('',#7751,#7752);
#7751 = CARTESIAN_POINT('',(1.4,-2.675));
#7752 = VECTOR('',#7753,1.);
#7753 = DIRECTION('',(0.,-1.));
#7754 = ( GEOMETRIC_REPRESENTATION_CONTEXT(2) 
PARAMETRIC_REPRESENTATION_CONTEXT() REPRESENTATION_CONTEXT('2D SPACE',''
  ) );
#7755 = PCURVE('',#7756,#7761);
#7756 = PLANE('',#7757);
#7757 = AXIS2_PLACEMENT_3D('',#7758,#7759,#7760);
#7758 = CARTESIAN_POINT('',(6.,9.999999999999E-02,17.9));
#7759 = DIRECTION('',(0.,0.,1.));
#7760 = DIRECTION('',(1.110223024625E-16,-1.,0.));
#7761 = DEFINITIONAL_REPRESENTATION('',(#7762),#7766);
#7762 = LINE('',#7763,#7764);
#7763 = CARTESIAN_POINT('',(-0.55,-2.675));
#7764 = VECTOR('',#7765,1.);
#7765 = DIRECTION('',(-0.,1.));
#7766 = ( GEOMETRIC_REPRESENTATION_CONTEXT(2) 
PARAMETRIC_REPRESENTATION_CONTEXT() REPRESENTATION_CONTEXT('2D SPACE',''
  ) );
#7767 = ORIENTED_EDGE('',*,*,#7768,.T.);
#7768 = EDGE_CURVE('',#7741,#7769,#7771,.T.);
#7769 = VERTEX_POINT('',#7770);
#7770 = CARTESIAN_POINT('',(6.007738371066,0.65,23.282142857143));
#7771 = SURFACE_CURVE('',#7772,(#7776,#7783),.PCURVE_S1.);
#7772 = LINE('',#7773,#7774);
#7773 = CARTESIAN_POINT('',(6.007738371067,0.65,17.9));
#7774 = VECTOR('',#7775,1.);
#7775 = DIRECTION('',(0.,0.,1.));
#7776 = PCURVE('',#2631,#7777);
#7777 = DEFINITIONAL_REPRESENTATION('',(#7778),#7782);
#7778 = LINE('',#7779,#7780);
#7779 = CARTESIAN_POINT('',(1.4,-5.357738371067));
#7780 = VECTOR('',#7781,1.);
#7781 = DIRECTION('',(1.,0.));
#7782 = ( GEOMETRIC_REPRESENTATION_CONTEXT(2) 
PARAMETRIC_REPRESENTATION_CONTEXT() REPRESENTATION_CONTEXT('2D SPACE',''
  ) );
#7783 = PCURVE('',#7784,#7789);
#7784 = CYLINDRICAL_SURFACE('',#7785,0.65);
#7785 = AXIS2_PLACEMENT_3D('',#7786,#7787,#7788);
#7786 = CARTESIAN_POINT('',(6.65,0.75,17.9));
#7787 = DIRECTION('',(0.,0.,1.));
#7788 = DIRECTION('',(1.110223024625E-16,-1.,0.));
#7789 = DEFINITIONAL_REPRESENTATION('',(#7790),#7794);
#7790 = LINE('',#7791,#7792);
#7791 = CARTESIAN_POINT('',(-1.416336728311,0.));
#7792 = VECTOR('',#7793,1.);
#7793 = DIRECTION('',(-0.,1.));
#7794 = ( GEOMETRIC_REPRESENTATION_CONTEXT(2) 
PARAMETRIC_REPRESENTATION_CONTEXT() REPRESENTATION_CONTEXT('2D SPACE',''
  ) );
#7795 = ORIENTED_EDGE('',*,*,#7796,.T.);
#7796 = EDGE_CURVE('',#7769,#7797,#7799,.T.);
#7797 = VERTEX_POINT('',#7798);
#7798 = CARTESIAN_POINT('',(5.,0.65,23.282142857143));
#7799 = SURFACE_CURVE('',#7800,(#7804,#7811),.PCURVE_S1.);
#7800 = LINE('',#7801,#7802);
#7801 = CARTESIAN_POINT('',(4.025,0.65,23.282142857143));
#7802 = VECTOR('',#7803,1.);
#7803 = DIRECTION('',(-1.,-1.110223024625E-16,0.));
#7804 = PCURVE('',#2631,#7805);
#7805 = DEFINITIONAL_REPRESENTATION('',(#7806),#7810);
#7806 = LINE('',#7807,#7808);
#7807 = CARTESIAN_POINT('',(6.782142857143,-3.375));
#7808 = VECTOR('',#7809,1.);
#7809 = DIRECTION('',(0.,1.));
#7810 = ( GEOMETRIC_REPRESENTATION_CONTEXT(2) 
PARAMETRIC_REPRESENTATION_CONTEXT() REPRESENTATION_CONTEXT('2D SPACE',''
  ) );
#7811 = PCURVE('',#7812,#7817);
#7812 = PLANE('',#7813);
#7813 = AXIS2_PLACEMENT_3D('',#7814,#7815,#7816);
#7814 = CARTESIAN_POINT('',(7.4,16.,17.8));
#7815 = DIRECTION('',(-3.734084119668E-17,0.336336396998,0.941741911595)
  );
#7816 = DIRECTION('',(1.045543553507E-16,-0.941741911595,0.336336396998)
  );
#7817 = DEFINITIONAL_REPRESENTATION('',(#7818),#7822);
#7818 = LINE('',#7819,#7820);
#7819 = CARTESIAN_POINT('',(16.299582519381,-3.375));
#7820 = VECTOR('',#7821,1.);
#7821 = DIRECTION('',(0.,-1.));
#7822 = ( GEOMETRIC_REPRESENTATION_CONTEXT(2) 
PARAMETRIC_REPRESENTATION_CONTEXT() REPRESENTATION_CONTEXT('2D SPACE',''
  ) );
#7823 = ORIENTED_EDGE('',*,*,#7824,.F.);
#7824 = EDGE_CURVE('',#7483,#7797,#7825,.T.);
#7825 = SURFACE_CURVE('',#7826,(#7830,#7837),.PCURVE_S1.);
#7826 = LINE('',#7827,#7828);
#7827 = CARTESIAN_POINT('',(5.,0.65,19.518415547244));
#7828 = VECTOR('',#7829,1.);
#7829 = DIRECTION('',(0.,0.,-1.));
#7830 = PCURVE('',#2631,#7831);
#7831 = DEFINITIONAL_REPRESENTATION('',(#7832),#7836);
#7832 = LINE('',#7833,#7834);
#7833 = CARTESIAN_POINT('',(3.018415547244,-4.35));
#7834 = VECTOR('',#7835,1.);
#7835 = DIRECTION('',(-1.,-0.));
#7836 = ( GEOMETRIC_REPRESENTATION_CONTEXT(2) 
PARAMETRIC_REPRESENTATION_CONTEXT() REPRESENTATION_CONTEXT('2D SPACE',''
  ) );
#7837 = PCURVE('',#7838,#7843);
#7838 = PLANE('',#7839);
#7839 = AXIS2_PLACEMENT_3D('',#7840,#7841,#7842);
#7840 = CARTESIAN_POINT('',(5.,9.341751849097,22.536831094487));
#7841 = DIRECTION('',(-1.,-1.110223024625E-16,-0.));
#7842 = DIRECTION('',(0.,0.,-1.));
#7843 = DEFINITIONAL_REPRESENTATION('',(#7844),#7848);
#7844 = LINE('',#7845,#7846);
#7845 = CARTESIAN_POINT('',(3.018415547244,8.691751849097));
#7846 = VECTOR('',#7847,1.);
#7847 = DIRECTION('',(1.,0.));
#7848 = ( GEOMETRIC_REPRESENTATION_CONTEXT(2) 
PARAMETRIC_REPRESENTATION_CONTEXT() REPRESENTATION_CONTEXT('2D SPACE',''
  ) );
#7849 = ADVANCED_FACE('',(#7850),#3224,.F.);
#7850 = FACE_BOUND('',#7851,.F.);
#7851 = EDGE_LOOP('',(#7852,#7853,#7854,#7877));
#7852 = ORIENTED_EDGE('',*,*,#7578,.F.);
#7853 = ORIENTED_EDGE('',*,*,#3207,.T.);
#7854 = ORIENTED_EDGE('',*,*,#7855,.T.);
#7855 = EDGE_CURVE('',#3180,#7856,#7858,.T.);
#7856 = VERTEX_POINT('',#7857);
#7857 = CARTESIAN_POINT('',(124.72613558209,0.8,24.8));
#7858 = SURFACE_CURVE('',#7859,(#7863,#7870),.PCURVE_S1.);
#7859 = LINE('',#7860,#7861);
#7860 = CARTESIAN_POINT('',(124.72613558209,0.8,16.5));
#7861 = VECTOR('',#7862,1.);
#7862 = DIRECTION('',(0.,0.,1.));
#7863 = PCURVE('',#3224,#7864);
#7864 = DEFINITIONAL_REPRESENTATION('',(#7865),#7869);
#7865 = LINE('',#7866,#7867);
#7866 = CARTESIAN_POINT('',(0.359223129285,0.));
#7867 = VECTOR('',#7868,1.);
#7868 = DIRECTION('',(0.,1.));
#7869 = ( GEOMETRIC_REPRESENTATION_CONTEXT(2) 
PARAMETRIC_REPRESENTATION_CONTEXT() REPRESENTATION_CONTEXT('2D SPACE',''
  ) );
#7870 = PCURVE('',#3195,#7871);
#7871 = DEFINITIONAL_REPRESENTATION('',(#7872),#7876);
#7872 = LINE('',#7873,#7874);
#7873 = CARTESIAN_POINT('',(0.2,-5.726135582093));
#7874 = VECTOR('',#7875,1.);
#7875 = DIRECTION('',(1.,0.));
#7876 = ( GEOMETRIC_REPRESENTATION_CONTEXT(2) 
PARAMETRIC_REPRESENTATION_CONTEXT() REPRESENTATION_CONTEXT('2D SPACE',''
  ) );
#7877 = ORIENTED_EDGE('',*,*,#7878,.F.);
#7878 = EDGE_CURVE('',#7579,#7856,#7879,.T.);
#7879 = SURFACE_CURVE('',#7880,(#7885,#7892),.PCURVE_S1.);
#7880 = CIRCLE('',#7881,2.35);
#7881 = AXIS2_PLACEMENT_3D('',#7882,#7883,#7884);
#7882 = CARTESIAN_POINT('',(123.9,3.,24.8));
#7883 = DIRECTION('',(-0.,0.,1.));
#7884 = DIRECTION('',(1.110223024625E-16,-1.,0.));
#7885 = PCURVE('',#3224,#7886);
#7886 = DEFINITIONAL_REPRESENTATION('',(#7887),#7891);
#7887 = LINE('',#7888,#7889);
#7888 = CARTESIAN_POINT('',(0.,8.3));
#7889 = VECTOR('',#7890,1.);
#7890 = DIRECTION('',(1.,0.));
#7891 = ( GEOMETRIC_REPRESENTATION_CONTEXT(2) 
PARAMETRIC_REPRESENTATION_CONTEXT() REPRESENTATION_CONTEXT('2D SPACE',''
  ) );
#7892 = PCURVE('',#4772,#7893);
#7893 = DEFINITIONAL_REPRESENTATION('',(#7894),#7898);
#7894 = CIRCLE('',#7895,2.35);
#7895 = AXIS2_PLACEMENT_2D('',#7896,#7897);
#7896 = CARTESIAN_POINT('',(68.85,125.05));
#7897 = DIRECTION('',(1.,0.));
#7898 = ( GEOMETRIC_REPRESENTATION_CONTEXT(2) 
PARAMETRIC_REPRESENTATION_CONTEXT() REPRESENTATION_CONTEXT('2D SPACE',''
  ) );
#7899 = ADVANCED_FACE('',(#7900),#3195,.T.);
#7900 = FACE_BOUND('',#7901,.T.);
#7901 = EDGE_LOOP('',(#7902,#7932,#7960,#7981,#7982,#7983));
#7902 = ORIENTED_EDGE('',*,*,#7903,.F.);
#7903 = EDGE_CURVE('',#7904,#7906,#7908,.T.);
#7904 = VERTEX_POINT('',#7905);
#7905 = CARTESIAN_POINT('',(119.,0.8,16.3));
#7906 = VERTEX_POINT('',#7907);
#7907 = CARTESIAN_POINT('',(119.,0.8,24.8));
#7908 = SURFACE_CURVE('',#7909,(#7913,#7920),.PCURVE_S1.);
#7909 = LINE('',#7910,#7911);
#7910 = CARTESIAN_POINT('',(119.,0.8,16.3));
#7911 = VECTOR('',#7912,1.);
#7912 = DIRECTION('',(0.,0.,1.));
#7913 = PCURVE('',#3195,#7914);
#7914 = DEFINITIONAL_REPRESENTATION('',(#7915),#7919);
#7915 = LINE('',#7916,#7917);
#7916 = CARTESIAN_POINT('',(0.,0.));
#7917 = VECTOR('',#7918,1.);
#7918 = DIRECTION('',(1.,0.));
#7919 = ( GEOMETRIC_REPRESENTATION_CONTEXT(2) 
PARAMETRIC_REPRESENTATION_CONTEXT() REPRESENTATION_CONTEXT('2D SPACE',''
  ) );
#7920 = PCURVE('',#7921,#7926);
#7921 = PLANE('',#7922);
#7922 = AXIS2_PLACEMENT_3D('',#7923,#7924,#7925);
#7923 = CARTESIAN_POINT('',(119.,3.6,16.3));
#7924 = DIRECTION('',(1.,1.110223024625E-16,0.));
#7925 = DIRECTION('',(0.,0.,1.));
#7926 = DEFINITIONAL_REPRESENTATION('',(#7927),#7931);
#7927 = LINE('',#7928,#7929);
#7928 = CARTESIAN_POINT('',(0.,2.8));
#7929 = VECTOR('',#7930,1.);
#7930 = DIRECTION('',(1.,0.));
#7931 = ( GEOMETRIC_REPRESENTATION_CONTEXT(2) 
PARAMETRIC_REPRESENTATION_CONTEXT() REPRESENTATION_CONTEXT('2D SPACE',''
  ) );
#7932 = ORIENTED_EDGE('',*,*,#7933,.T.);
#7933 = EDGE_CURVE('',#7904,#7934,#7936,.T.);
#7934 = VERTEX_POINT('',#7935);
#7935 = CARTESIAN_POINT('',(126.,0.8,16.3));
#7936 = SURFACE_CURVE('',#7937,(#7941,#7948),.PCURVE_S1.);
#7937 = LINE('',#7938,#7939);
#7938 = CARTESIAN_POINT('',(119.,0.8,16.3));
#7939 = VECTOR('',#7940,1.);
#7940 = DIRECTION('',(1.,1.110223024625E-16,0.));
#7941 = PCURVE('',#3195,#7942);
#7942 = DEFINITIONAL_REPRESENTATION('',(#7943),#7947);
#7943 = LINE('',#7944,#7945);
#7944 = CARTESIAN_POINT('',(0.,0.));
#7945 = VECTOR('',#7946,1.);
#7946 = DIRECTION('',(0.,-1.));
#7947 = ( GEOMETRIC_REPRESENTATION_CONTEXT(2) 
PARAMETRIC_REPRESENTATION_CONTEXT() REPRESENTATION_CONTEXT('2D SPACE',''
  ) );
#7948 = PCURVE('',#7949,#7954);
#7949 = PLANE('',#7950);
#7950 = AXIS2_PLACEMENT_3D('',#7951,#7952,#7953);
#7951 = CARTESIAN_POINT('',(119.,3.6,16.3));
#7952 = DIRECTION('',(0.,0.,1.));
#7953 = DIRECTION('',(1.110223024625E-16,-1.,0.));
#7954 = DEFINITIONAL_REPRESENTATION('',(#7955),#7959);
#7955 = LINE('',#7956,#7957);
#7956 = CARTESIAN_POINT('',(2.8,-3.10862446895E-16));
#7957 = VECTOR('',#7958,1.);
#7958 = DIRECTION('',(0.,1.));
#7959 = ( GEOMETRIC_REPRESENTATION_CONTEXT(2) 
PARAMETRIC_REPRESENTATION_CONTEXT() REPRESENTATION_CONTEXT('2D SPACE',''
  ) );
#7960 = ORIENTED_EDGE('',*,*,#7961,.T.);
#7961 = EDGE_CURVE('',#7934,#3152,#7962,.T.);
#7962 = SURFACE_CURVE('',#7963,(#7967,#7974),.PCURVE_S1.);
#7963 = LINE('',#7964,#7965);
#7964 = CARTESIAN_POINT('',(126.,0.8,16.3));
#7965 = VECTOR('',#7966,1.);
#7966 = DIRECTION('',(0.,0.,1.));
#7967 = PCURVE('',#3195,#7968);
#7968 = DEFINITIONAL_REPRESENTATION('',(#7969),#7973);
#7969 = LINE('',#7970,#7971);
#7970 = CARTESIAN_POINT('',(0.,-7.));
#7971 = VECTOR('',#7972,1.);
#7972 = DIRECTION('',(1.,0.));
#7973 = ( GEOMETRIC_REPRESENTATION_CONTEXT(2) 
PARAMETRIC_REPRESENTATION_CONTEXT() REPRESENTATION_CONTEXT('2D SPACE',''
  ) );
#7974 = PCURVE('',#3167,#7975);
#7975 = DEFINITIONAL_REPRESENTATION('',(#7976),#7980);
#7976 = LINE('',#7977,#7978);
#7977 = CARTESIAN_POINT('',(0.,2.8));
#7978 = VECTOR('',#7979,1.);
#7979 = DIRECTION('',(1.,0.));
#7980 = ( GEOMETRIC_REPRESENTATION_CONTEXT(2) 
PARAMETRIC_REPRESENTATION_CONTEXT() REPRESENTATION_CONTEXT('2D SPACE',''
  ) );
#7981 = ORIENTED_EDGE('',*,*,#3179,.F.);
#7982 = ORIENTED_EDGE('',*,*,#7855,.T.);
#7983 = ORIENTED_EDGE('',*,*,#7984,.F.);
#7984 = EDGE_CURVE('',#7906,#7856,#7985,.T.);
#7985 = SURFACE_CURVE('',#7986,(#7990,#7997),.PCURVE_S1.);
#7986 = LINE('',#7987,#7988);
#7987 = CARTESIAN_POINT('',(58.925,0.8,24.8));
#7988 = VECTOR('',#7989,1.);
#7989 = DIRECTION('',(1.,1.110223024625E-16,0.));
#7990 = PCURVE('',#3195,#7991);
#7991 = DEFINITIONAL_REPRESENTATION('',(#7992),#7996);
#7992 = LINE('',#7993,#7994);
#7993 = CARTESIAN_POINT('',(8.5,60.075));
#7994 = VECTOR('',#7995,1.);
#7995 = DIRECTION('',(0.,-1.));
#7996 = ( GEOMETRIC_REPRESENTATION_CONTEXT(2) 
PARAMETRIC_REPRESENTATION_CONTEXT() REPRESENTATION_CONTEXT('2D SPACE',''
  ) );
#7997 = PCURVE('',#4772,#7998);
#7998 = DEFINITIONAL_REPRESENTATION('',(#7999),#8003);
#7999 = LINE('',#8000,#8001);
#8000 = CARTESIAN_POINT('',(71.05,60.075));
#8001 = VECTOR('',#8002,1.);
#8002 = DIRECTION('',(0.,1.));
#8003 = ( GEOMETRIC_REPRESENTATION_CONTEXT(2) 
PARAMETRIC_REPRESENTATION_CONTEXT() REPRESENTATION_CONTEXT('2D SPACE',''
  ) );
#8004 = ADVANCED_FACE('',(#8005),#3167,.T.);
#8005 = FACE_BOUND('',#8006,.T.);
#8006 = EDGE_LOOP('',(#8007,#8008,#8031,#8059,#8082,#8103));
#8007 = ORIENTED_EDGE('',*,*,#7961,.F.);
#8008 = ORIENTED_EDGE('',*,*,#8009,.F.);
#8009 = EDGE_CURVE('',#8010,#7934,#8012,.T.);
#8010 = VERTEX_POINT('',#8011);
#8011 = CARTESIAN_POINT('',(126.,3.6,16.3));
#8012 = SURFACE_CURVE('',#8013,(#8017,#8024),.PCURVE_S1.);
#8013 = LINE('',#8014,#8015);
#8014 = CARTESIAN_POINT('',(126.,3.6,16.3));
#8015 = VECTOR('',#8016,1.);
#8016 = DIRECTION('',(1.110223024625E-16,-1.,0.));
#8017 = PCURVE('',#3167,#8018);
#8018 = DEFINITIONAL_REPRESENTATION('',(#8019),#8023);
#8019 = LINE('',#8020,#8021);
#8020 = CARTESIAN_POINT('',(0.,0.));
#8021 = VECTOR('',#8022,1.);
#8022 = DIRECTION('',(0.,1.));
#8023 = ( GEOMETRIC_REPRESENTATION_CONTEXT(2) 
PARAMETRIC_REPRESENTATION_CONTEXT() REPRESENTATION_CONTEXT('2D SPACE',''
  ) );
#8024 = PCURVE('',#7949,#8025);
#8025 = DEFINITIONAL_REPRESENTATION('',(#8026),#8030);
#8026 = LINE('',#8027,#8028);
#8027 = CARTESIAN_POINT('',(-1.110223024625E-16,7.));
#8028 = VECTOR('',#8029,1.);
#8029 = DIRECTION('',(1.,0.));
#8030 = ( GEOMETRIC_REPRESENTATION_CONTEXT(2) 
PARAMETRIC_REPRESENTATION_CONTEXT() REPRESENTATION_CONTEXT('2D SPACE',''
  ) );
#8031 = ORIENTED_EDGE('',*,*,#8032,.T.);
#8032 = EDGE_CURVE('',#8010,#8033,#8035,.T.);
#8033 = VERTEX_POINT('',#8034);
#8034 = CARTESIAN_POINT('',(126.,3.6,24.8));
#8035 = SURFACE_CURVE('',#8036,(#8040,#8047),.PCURVE_S1.);
#8036 = LINE('',#8037,#8038);
#8037 = CARTESIAN_POINT('',(126.,3.6,16.3));
#8038 = VECTOR('',#8039,1.);
#8039 = DIRECTION('',(0.,0.,1.));
#8040 = PCURVE('',#3167,#8041);
#8041 = DEFINITIONAL_REPRESENTATION('',(#8042),#8046);
#8042 = LINE('',#8043,#8044);
#8043 = CARTESIAN_POINT('',(0.,0.));
#8044 = VECTOR('',#8045,1.);
#8045 = DIRECTION('',(1.,0.));
#8046 = ( GEOMETRIC_REPRESENTATION_CONTEXT(2) 
PARAMETRIC_REPRESENTATION_CONTEXT() REPRESENTATION_CONTEXT('2D SPACE',''
  ) );
#8047 = PCURVE('',#8048,#8053);
#8048 = PLANE('',#8049);
#8049 = AXIS2_PLACEMENT_3D('',#8050,#8051,#8052);
#8050 = CARTESIAN_POINT('',(119.,3.6,16.3));
#8051 = DIRECTION('',(1.110223024625E-16,-1.,0.));
#8052 = DIRECTION('',(0.,0.,1.));
#8053 = DEFINITIONAL_REPRESENTATION('',(#8054),#8058);
#8054 = LINE('',#8055,#8056);
#8055 = CARTESIAN_POINT('',(0.,-7.));
#8056 = VECTOR('',#8057,1.);
#8057 = DIRECTION('',(1.,0.));
#8058 = ( GEOMETRIC_REPRESENTATION_CONTEXT(2) 
PARAMETRIC_REPRESENTATION_CONTEXT() REPRESENTATION_CONTEXT('2D SPACE',''
  ) );
#8059 = ORIENTED_EDGE('',*,*,#8060,.F.);
#8060 = EDGE_CURVE('',#8061,#8033,#8063,.T.);
#8061 = VERTEX_POINT('',#8062);
#8062 = CARTESIAN_POINT('',(126.,1.945248844513,24.8));
#8063 = SURFACE_CURVE('',#8064,(#8068,#8075),.PCURVE_S1.);
#8064 = LINE('',#8065,#8066);
#8065 = CARTESIAN_POINT('',(126.,37.725,24.8));
#8066 = VECTOR('',#8067,1.);
#8067 = DIRECTION('',(-1.110223024625E-16,1.,0.));
#8068 = PCURVE('',#3167,#8069);
#8069 = DEFINITIONAL_REPRESENTATION('',(#8070),#8074);
#8070 = LINE('',#8071,#8072);
#8071 = CARTESIAN_POINT('',(8.5,-34.125));
#8072 = VECTOR('',#8073,1.);
#8073 = DIRECTION('',(0.,-1.));
#8074 = ( GEOMETRIC_REPRESENTATION_CONTEXT(2) 
PARAMETRIC_REPRESENTATION_CONTEXT() REPRESENTATION_CONTEXT('2D SPACE',''
  ) );
#8075 = PCURVE('',#4772,#8076);
#8076 = DEFINITIONAL_REPRESENTATION('',(#8077),#8081);
#8077 = LINE('',#8078,#8079);
#8078 = CARTESIAN_POINT('',(34.125,127.15));
#8079 = VECTOR('',#8080,1.);
#8080 = DIRECTION('',(-1.,0.));
#8081 = ( GEOMETRIC_REPRESENTATION_CONTEXT(2) 
PARAMETRIC_REPRESENTATION_CONTEXT() REPRESENTATION_CONTEXT('2D SPACE',''
  ) );
#8082 = ORIENTED_EDGE('',*,*,#8083,.F.);
#8083 = EDGE_CURVE('',#3123,#8061,#8084,.T.);
#8084 = SURFACE_CURVE('',#8085,(#8089,#8096),.PCURVE_S1.);
#8085 = LINE('',#8086,#8087);
#8086 = CARTESIAN_POINT('',(126.,1.945248844513,16.5));
#8087 = VECTOR('',#8088,1.);
#8088 = DIRECTION('',(0.,0.,1.));
#8089 = PCURVE('',#3167,#8090);
#8090 = DEFINITIONAL_REPRESENTATION('',(#8091),#8095);
#8091 = LINE('',#8092,#8093);
#8092 = CARTESIAN_POINT('',(0.2,1.654751155487));
#8093 = VECTOR('',#8094,1.);
#8094 = DIRECTION('',(1.,0.));
#8095 = ( GEOMETRIC_REPRESENTATION_CONTEXT(2) 
PARAMETRIC_REPRESENTATION_CONTEXT() REPRESENTATION_CONTEXT('2D SPACE',''
  ) );
#8096 = PCURVE('',#3139,#8097);
#8097 = DEFINITIONAL_REPRESENTATION('',(#8098),#8102);
#8098 = LINE('',#8099,#8100);
#8099 = CARTESIAN_POINT('',(1.105340392274,0.));
#8100 = VECTOR('',#8101,1.);
#8101 = DIRECTION('',(0.,1.));
#8102 = ( GEOMETRIC_REPRESENTATION_CONTEXT(2) 
PARAMETRIC_REPRESENTATION_CONTEXT() REPRESENTATION_CONTEXT('2D SPACE',''
  ) );
#8103 = ORIENTED_EDGE('',*,*,#3151,.F.);
#8104 = ADVANCED_FACE('',(#8105),#3139,.F.);
#8105 = FACE_BOUND('',#8106,.F.);
#8106 = EDGE_LOOP('',(#8107,#8108,#8109,#8132));
#8107 = ORIENTED_EDGE('',*,*,#8083,.F.);
#8108 = ORIENTED_EDGE('',*,*,#3122,.T.);
#8109 = ORIENTED_EDGE('',*,*,#8110,.T.);
#8110 = EDGE_CURVE('',#3095,#8111,#8113,.T.);
#8111 = VERTEX_POINT('',#8112);
#8112 = CARTESIAN_POINT('',(126.25,3.,24.8));
#8113 = SURFACE_CURVE('',#8114,(#8118,#8125),.PCURVE_S1.);
#8114 = LINE('',#8115,#8116);
#8115 = CARTESIAN_POINT('',(126.25,3.,16.5));
#8116 = VECTOR('',#8117,1.);
#8117 = DIRECTION('',(0.,0.,1.));
#8118 = PCURVE('',#3139,#8119);
#8119 = DEFINITIONAL_REPRESENTATION('',(#8120),#8124);
#8120 = LINE('',#8121,#8122);
#8121 = CARTESIAN_POINT('',(1.570796326795,0.));
#8122 = VECTOR('',#8123,1.);
#8123 = DIRECTION('',(0.,1.));
#8124 = ( GEOMETRIC_REPRESENTATION_CONTEXT(2) 
PARAMETRIC_REPRESENTATION_CONTEXT() REPRESENTATION_CONTEXT('2D SPACE',''
  ) );
#8125 = PCURVE('',#3110,#8126);
#8126 = DEFINITIONAL_REPRESENTATION('',(#8127),#8131);
#8127 = LINE('',#8128,#8129);
#8128 = CARTESIAN_POINT('',(0.,67.05));
#8129 = VECTOR('',#8130,1.);
#8130 = DIRECTION('',(1.,0.));
#8131 = ( GEOMETRIC_REPRESENTATION_CONTEXT(2) 
PARAMETRIC_REPRESENTATION_CONTEXT() REPRESENTATION_CONTEXT('2D SPACE',''
  ) );
#8132 = ORIENTED_EDGE('',*,*,#8133,.F.);
#8133 = EDGE_CURVE('',#8061,#8111,#8134,.T.);
#8134 = SURFACE_CURVE('',#8135,(#8140,#8147),.PCURVE_S1.);
#8135 = CIRCLE('',#8136,2.35);
#8136 = AXIS2_PLACEMENT_3D('',#8137,#8138,#8139);
#8137 = CARTESIAN_POINT('',(123.9,3.,24.8));
#8138 = DIRECTION('',(-0.,0.,1.));
#8139 = DIRECTION('',(1.110223024625E-16,-1.,0.));
#8140 = PCURVE('',#3139,#8141);
#8141 = DEFINITIONAL_REPRESENTATION('',(#8142),#8146);
#8142 = LINE('',#8143,#8144);
#8143 = CARTESIAN_POINT('',(0.,8.3));
#8144 = VECTOR('',#8145,1.);
#8145 = DIRECTION('',(1.,0.));
#8146 = ( GEOMETRIC_REPRESENTATION_CONTEXT(2) 
PARAMETRIC_REPRESENTATION_CONTEXT() REPRESENTATION_CONTEXT('2D SPACE',''
  ) );
#8147 = PCURVE('',#4772,#8148);
#8148 = DEFINITIONAL_REPRESENTATION('',(#8149),#8153);
#8149 = CIRCLE('',#8150,2.35);
#8150 = AXIS2_PLACEMENT_2D('',#8151,#8152);
#8151 = CARTESIAN_POINT('',(68.85,125.05));
#8152 = DIRECTION('',(1.,0.));
#8153 = ( GEOMETRIC_REPRESENTATION_CONTEXT(2) 
PARAMETRIC_REPRESENTATION_CONTEXT() REPRESENTATION_CONTEXT('2D SPACE',''
  ) );
#8154 = ADVANCED_FACE('',(#8155),#3110,.F.);
#8155 = FACE_BOUND('',#8156,.F.);
#8156 = EDGE_LOOP('',(#8157,#8158,#8159,#8182,#8215,#8243,#8316,#8344,
    #8372));
#8157 = ORIENTED_EDGE('',*,*,#8110,.F.);
#8158 = ORIENTED_EDGE('',*,*,#3094,.T.);
#8159 = ORIENTED_EDGE('',*,*,#8160,.F.);
#8160 = EDGE_CURVE('',#8161,#3067,#8163,.T.);
#8161 = VERTEX_POINT('',#8162);
#8162 = CARTESIAN_POINT('',(126.25,33.15,16.75));
#8163 = SURFACE_CURVE('',#8164,(#8168,#8175),.PCURVE_S1.);
#8164 = LINE('',#8165,#8166);
#8165 = CARTESIAN_POINT('',(126.25,33.15,15.35));
#8166 = VECTOR('',#8167,1.);
#8167 = DIRECTION('',(0.,0.,-1.));
#8168 = PCURVE('',#3110,#8169);
#8169 = DEFINITIONAL_REPRESENTATION('',(#8170),#8174);
#8170 = LINE('',#8171,#8172);
#8171 = CARTESIAN_POINT('',(-1.15,36.9));
#8172 = VECTOR('',#8173,1.);
#8173 = DIRECTION('',(-1.,0.));
#8174 = ( GEOMETRIC_REPRESENTATION_CONTEXT(2) 
PARAMETRIC_REPRESENTATION_CONTEXT() REPRESENTATION_CONTEXT('2D SPACE',''
  ) );
#8175 = PCURVE('',#3082,#8176);
#8176 = DEFINITIONAL_REPRESENTATION('',(#8177),#8181);
#8177 = LINE('',#8178,#8179);
#8178 = CARTESIAN_POINT('',(1.15,-2.85));
#8179 = VECTOR('',#8180,1.);
#8180 = DIRECTION('',(-1.,-0.));
#8181 = ( GEOMETRIC_REPRESENTATION_CONTEXT(2) 
PARAMETRIC_REPRESENTATION_CONTEXT() REPRESENTATION_CONTEXT('2D SPACE',''
  ) );
#8182 = ORIENTED_EDGE('',*,*,#8183,.F.);
#8183 = EDGE_CURVE('',#8184,#8161,#8186,.T.);
#8184 = VERTEX_POINT('',#8185);
#8185 = CARTESIAN_POINT('',(126.25,32.4,17.5));
#8186 = SURFACE_CURVE('',#8187,(#8192,#8203),.PCURVE_S1.);
#8187 = CIRCLE('',#8188,0.75);
#8188 = AXIS2_PLACEMENT_3D('',#8189,#8190,#8191);
#8189 = CARTESIAN_POINT('',(126.25,32.4,16.75));
#8190 = DIRECTION('',(-1.,-1.110223024625E-16,0.));
#8191 = DIRECTION('',(0.,0.,1.));
#8192 = PCURVE('',#3110,#8193);
#8193 = DEFINITIONAL_REPRESENTATION('',(#8194),#8202);
#8194 = ( BOUNDED_CURVE() B_SPLINE_CURVE(2,(#8195,#8196,#8197,#8198,
#8199,#8200,#8201),.UNSPECIFIED.,.T.,.F.) B_SPLINE_CURVE_WITH_KNOTS((1,2
    ,2,2,2,1),(-2.094395102393,0.,2.094395102393,4.188790204786,
6.28318530718,8.377580409573),.UNSPECIFIED.) CURVE() 
GEOMETRIC_REPRESENTATION_ITEM() RATIONAL_B_SPLINE_CURVE((1.,0.5,1.,0.5,
1.,0.5,1.)) REPRESENTATION_ITEM('') );
#8195 = CARTESIAN_POINT('',(1.,37.65));
#8196 = CARTESIAN_POINT('',(1.,36.350961894323));
#8197 = CARTESIAN_POINT('',(-0.125,37.000480947162));
#8198 = CARTESIAN_POINT('',(-1.25,37.65));
#8199 = CARTESIAN_POINT('',(-0.125,38.299519052838));
#8200 = CARTESIAN_POINT('',(1.,38.949038105677));
#8201 = CARTESIAN_POINT('',(1.,37.65));
#8202 = ( GEOMETRIC_REPRESENTATION_CONTEXT(2) 
PARAMETRIC_REPRESENTATION_CONTEXT() REPRESENTATION_CONTEXT('2D SPACE',''
  ) );
#8203 = PCURVE('',#8204,#8209);
#8204 = CYLINDRICAL_SURFACE('',#8205,0.75);
#8205 = AXIS2_PLACEMENT_3D('',#8206,#8207,#8208);
#8206 = CARTESIAN_POINT('',(126.6,32.4,16.75));
#8207 = DIRECTION('',(-1.,-1.110223024625E-16,0.));
#8208 = DIRECTION('',(0.,0.,1.));
#8209 = DEFINITIONAL_REPRESENTATION('',(#8210),#8214);
#8210 = LINE('',#8211,#8212);
#8211 = CARTESIAN_POINT('',(0.,0.35));
#8212 = VECTOR('',#8213,1.);
#8213 = DIRECTION('',(1.,0.));
#8214 = ( GEOMETRIC_REPRESENTATION_CONTEXT(2) 
PARAMETRIC_REPRESENTATION_CONTEXT() REPRESENTATION_CONTEXT('2D SPACE',''
  ) );
#8215 = ORIENTED_EDGE('',*,*,#8216,.F.);
#8216 = EDGE_CURVE('',#8217,#8184,#8219,.T.);
#8217 = VERTEX_POINT('',#8218);
#8218 = CARTESIAN_POINT('',(126.25,30.15,17.5));
#8219 = SURFACE_CURVE('',#8220,(#8224,#8231),.PCURVE_S1.);
#8220 = LINE('',#8221,#8222);
#8221 = CARTESIAN_POINT('',(126.25,55.3,17.5));
#8222 = VECTOR('',#8223,1.);
#8223 = DIRECTION('',(-1.110223024625E-16,1.,0.));
#8224 = PCURVE('',#3110,#8225);
#8225 = DEFINITIONAL_REPRESENTATION('',(#8226),#8230);
#8226 = LINE('',#8227,#8228);
#8227 = CARTESIAN_POINT('',(1.,14.75));
#8228 = VECTOR('',#8229,1.);
#8229 = DIRECTION('',(0.,-1.));
#8230 = ( GEOMETRIC_REPRESENTATION_CONTEXT(2) 
PARAMETRIC_REPRESENTATION_CONTEXT() REPRESENTATION_CONTEXT('2D SPACE',''
  ) );
#8231 = PCURVE('',#8232,#8237);
#8232 = PLANE('',#8233);
#8233 = AXIS2_PLACEMENT_3D('',#8234,#8235,#8236);
#8234 = CARTESIAN_POINT('',(120.4,40.55,17.5));
#8235 = DIRECTION('',(0.,0.,-1.));
#8236 = DIRECTION('',(0.662573882203,-0.74899656249,0.));
#8237 = DEFINITIONAL_REPRESENTATION('',(#8238),#8242);
#8238 = LINE('',#8239,#8240);
#8239 = CARTESIAN_POINT('',(-7.171642085845,-14.15459465306));
#8240 = VECTOR('',#8241,1.);
#8241 = DIRECTION('',(-0.74899656249,-0.662573882203));
#8242 = ( GEOMETRIC_REPRESENTATION_CONTEXT(2) 
PARAMETRIC_REPRESENTATION_CONTEXT() REPRESENTATION_CONTEXT('2D SPACE',''
  ) );
#8243 = ORIENTED_EDGE('',*,*,#8244,.T.);
#8244 = EDGE_CURVE('',#8217,#8245,#8247,.T.);
#8245 = VERTEX_POINT('',#8246);
#8246 = CARTESIAN_POINT('',(126.25,28.362328767123,24.75));
#8247 = SURFACE_CURVE('',#8248,(#8267,#8289),.PCURVE_S1.);
#8248 = B_SPLINE_CURVE_WITH_KNOTS('',5,(#8249,#8250,#8251,#8252,#8253,
    #8254,#8255,#8256,#8257,#8258,#8259,#8260,#8261,#8262,#8263,#8264,
    #8265,#8266),.UNSPECIFIED.,.F.,.F.,(6,4,4,4,6),(0.,0.251322720579,
    0.500386634721,0.750282991899,1.),.UNSPECIFIED.);
#8249 = CARTESIAN_POINT('',(126.25,30.15,17.5));
#8250 = CARTESIAN_POINT('',(126.25,30.060309623532,17.863744304563));
#8251 = CARTESIAN_POINT('',(126.25,29.970584374182,18.22763003804));
#8252 = CARTESIAN_POINT('',(126.25,29.880829725622,18.591635001646));
#8253 = CARTESIAN_POINT('',(126.25,29.791049877047,18.955742165309));
#8254 = CARTESIAN_POINT('',(126.25,29.612253149932,19.680862225276));
#8255 = CARTESIAN_POINT('',(126.25,29.523236728346,20.041873268374));
#8256 = CARTESIAN_POINT('',(126.25,29.434201765946,20.402959504773));
#8257 = CARTESIAN_POINT('',(126.25,29.34515071678,20.764110981948));
#8258 = CARTESIAN_POINT('',(126.25,29.166722434616,21.487736792945));
#8259 = CARTESIAN_POINT('',(126.25,29.07734514438,21.850211358904));
#8260 = CARTESIAN_POINT('',(126.25,28.987955432978,22.21273629959));
#8261 = CARTESIAN_POINT('',(126.25,28.898554829866,22.575305412211));
#8262 = CARTESIAN_POINT('',(126.25,28.719798353079,23.300262234735));
#8263 = CARTESIAN_POINT('',(126.25,28.630442513926,23.662649804634));
#8264 = CARTESIAN_POINT('',(126.25,28.5410781755,24.025071843806));
#8265 = CARTESIAN_POINT('',(126.25,28.451706312281,24.387524400193));
#8266 = CARTESIAN_POINT('',(126.25,28.362327687123,24.75000438));
#8267 = PCURVE('',#3110,#8268);
#8268 = DEFINITIONAL_REPRESENTATION('',(#8269),#8288);
#8269 = B_SPLINE_CURVE_WITH_KNOTS('',5,(#8270,#8271,#8272,#8273,#8274,
    #8275,#8276,#8277,#8278,#8279,#8280,#8281,#8282,#8283,#8284,#8285,
    #8286,#8287),.UNSPECIFIED.,.F.,.F.,(6,4,4,4,6),(0.,0.251322720579,
    0.500386634721,0.750282991899,1.),.UNSPECIFIED.);
#8270 = CARTESIAN_POINT('',(1.,39.9));
#8271 = CARTESIAN_POINT('',(1.363744304563,39.989690376468));
#8272 = CARTESIAN_POINT('',(1.72763003804,40.079415625818));
#8273 = CARTESIAN_POINT('',(2.091635001646,40.169170274378));
#8274 = CARTESIAN_POINT('',(2.455742165309,40.258950122953));
#8275 = CARTESIAN_POINT('',(3.180862225276,40.437746850068));
#8276 = CARTESIAN_POINT('',(3.541873268374,40.526763271654));
#8277 = CARTESIAN_POINT('',(3.902959504773,40.615798234054));
#8278 = CARTESIAN_POINT('',(4.264110981948,40.70484928322));
#8279 = CARTESIAN_POINT('',(4.987736792945,40.883277565384));
#8280 = CARTESIAN_POINT('',(5.350211358904,40.97265485562));
#8281 = CARTESIAN_POINT('',(5.71273629959,41.062044567022));
#8282 = CARTESIAN_POINT('',(6.075305412211,41.151445170134));
#8283 = CARTESIAN_POINT('',(6.800262234735,41.330201646921));
#8284 = CARTESIAN_POINT('',(7.162649804634,41.419557486074));
#8285 = CARTESIAN_POINT('',(7.525071843806,41.5089218245));
#8286 = CARTESIAN_POINT('',(7.887524400193,41.598293687719));
#8287 = CARTESIAN_POINT('',(8.25000438,41.687672312877));
#8288 = ( GEOMETRIC_REPRESENTATION_CONTEXT(2) 
PARAMETRIC_REPRESENTATION_CONTEXT() REPRESENTATION_CONTEXT('2D SPACE',''
  ) );
#8289 = PCURVE('',#8290,#8295);
#8290 = B_SPLINE_SURFACE_WITH_KNOTS('',1,1,(
    (#8291,#8292)
    ,(#8293,#8294
    )),.UNSPECIFIED.,.F.,.F.,.F.,(2,2),(2,2),(0.,12.8),(0.,1.),
  .PIECEWISE_BEZIER_KNOTS.);
#8291 = CARTESIAN_POINT('',(120.4,30.15,17.5));
#8292 = CARTESIAN_POINT('',(118.6,28.35,24.8));
#8293 = CARTESIAN_POINT('',(129.6,30.15,17.5));
#8294 = CARTESIAN_POINT('',(131.4,28.35,24.8));
#8295 = DEFINITIONAL_REPRESENTATION('',(#8296),#8315);
#8296 = B_SPLINE_CURVE_WITH_KNOTS('',5,(#8297,#8298,#8299,#8300,#8301,
    #8302,#8303,#8304,#8305,#8306,#8307,#8308,#8309,#8310,#8311,#8312,
    #8313,#8314),.UNSPECIFIED.,.F.,.F.,(6,4,4,4,6),(0.,0.251322720579,
    0.500386634721,0.750282991899,1.),.UNSPECIFIED.);
#8297 = CARTESIAN_POINT('',(8.139130434783,0.));
#8298 = CARTESIAN_POINT('',(8.105221029691,4.982798692649E-02));
#8299 = CARTESIAN_POINT('',(8.07295132428,9.967534767669E-02));
#8300 = CARTESIAN_POINT('',(8.042164960893,0.149539041321));
#8301 = CARTESIAN_POINT('',(8.012734307856,0.199416734974));
#8302 = CARTESIAN_POINT('',(7.956618984717,0.298748250038));
#8303 = CARTESIAN_POINT('',(7.929911733552,0.348201817585));
#8304 = CARTESIAN_POINT('',(7.904323216349,0.397665685585));
#8305 = CARTESIAN_POINT('',(7.879763272907,0.447138490678));
#8306 = CARTESIAN_POINT('',(7.832471033942,0.546265314102));
#8307 = CARTESIAN_POINT('',(7.809744632137,0.595919364233));
#8308 = CARTESIAN_POINT('',(7.787901009061,0.645580315012));
#8309 = CARTESIAN_POINT('',(7.76687394811,0.695247316741));
#8310 = CARTESIAN_POINT('',(7.726355407364,0.794556470512));
#8311 = CARTESIAN_POINT('',(7.706862522658,0.844198603375));
#8312 = CARTESIAN_POINT('',(7.688072622756,0.893845458056));
#8313 = CARTESIAN_POINT('',(7.66993660616,0.943496493177));
#8314 = CARTESIAN_POINT('',(7.652412398155,0.993151284932));
#8315 = ( GEOMETRIC_REPRESENTATION_CONTEXT(2) 
PARAMETRIC_REPRESENTATION_CONTEXT() REPRESENTATION_CONTEXT('2D SPACE',''
  ) );
#8316 = ORIENTED_EDGE('',*,*,#8317,.T.);
#8317 = EDGE_CURVE('',#8245,#8318,#8320,.T.);
#8318 = VERTEX_POINT('',#8319);
#8319 = CARTESIAN_POINT('',(126.25,28.35,24.75));
#8320 = SURFACE_CURVE('',#8321,(#8325,#8332),.PCURVE_S1.);
#8321 = LINE('',#8322,#8323);
#8322 = CARTESIAN_POINT('',(126.25,56.2,24.75));
#8323 = VECTOR('',#8324,1.);
#8324 = DIRECTION('',(1.110223024625E-16,-1.,0.));
#8325 = PCURVE('',#3110,#8326);
#8326 = DEFINITIONAL_REPRESENTATION('',(#8327),#8331);
#8327 = LINE('',#8328,#8329);
#8328 = CARTESIAN_POINT('',(8.25,13.85));
#8329 = VECTOR('',#8330,1.);
#8330 = DIRECTION('',(0.,1.));
#8331 = ( GEOMETRIC_REPRESENTATION_CONTEXT(2) 
PARAMETRIC_REPRESENTATION_CONTEXT() REPRESENTATION_CONTEXT('2D SPACE',''
  ) );
#8332 = PCURVE('',#8333,#8338);
#8333 = PLANE('',#8334);
#8334 = AXIS2_PLACEMENT_3D('',#8335,#8336,#8337);
#8335 = CARTESIAN_POINT('',(118.6,42.35,24.75));
#8336 = DIRECTION('',(0.,0.,1.));
#8337 = DIRECTION('',(1.110223024625E-16,-1.,0.));
#8338 = DEFINITIONAL_REPRESENTATION('',(#8339),#8343);
#8339 = LINE('',#8340,#8341);
#8340 = CARTESIAN_POINT('',(-13.85,7.65));
#8341 = VECTOR('',#8342,1.);
#8342 = DIRECTION('',(1.,0.));
#8343 = ( GEOMETRIC_REPRESENTATION_CONTEXT(2) 
PARAMETRIC_REPRESENTATION_CONTEXT() REPRESENTATION_CONTEXT('2D SPACE',''
  ) );
#8344 = ORIENTED_EDGE('',*,*,#8345,.F.);
#8345 = EDGE_CURVE('',#8346,#8318,#8348,.T.);
#8346 = VERTEX_POINT('',#8347);
#8347 = CARTESIAN_POINT('',(126.25,28.35,24.8));
#8348 = SURFACE_CURVE('',#8349,(#8353,#8360),.PCURVE_S1.);
#8349 = LINE('',#8350,#8351);
#8350 = CARTESIAN_POINT('',(126.25,28.35,20.625));
#8351 = VECTOR('',#8352,1.);
#8352 = DIRECTION('',(0.,0.,-1.));
#8353 = PCURVE('',#3110,#8354);
#8354 = DEFINITIONAL_REPRESENTATION('',(#8355),#8359);
#8355 = LINE('',#8356,#8357);
#8356 = CARTESIAN_POINT('',(4.125,41.7));
#8357 = VECTOR('',#8358,1.);
#8358 = DIRECTION('',(-1.,0.));
#8359 = ( GEOMETRIC_REPRESENTATION_CONTEXT(2) 
PARAMETRIC_REPRESENTATION_CONTEXT() REPRESENTATION_CONTEXT('2D SPACE',''
  ) );
#8360 = PCURVE('',#8361,#8366);
#8361 = PLANE('',#8362);
#8362 = AXIS2_PLACEMENT_3D('',#8363,#8364,#8365);
#8363 = CARTESIAN_POINT('',(118.6,28.35,24.75));
#8364 = DIRECTION('',(1.110223024625E-16,-1.,0.));
#8365 = DIRECTION('',(0.,0.,1.));
#8366 = DEFINITIONAL_REPRESENTATION('',(#8367),#8371);
#8367 = LINE('',#8368,#8369);
#8368 = CARTESIAN_POINT('',(-4.125,-7.65));
#8369 = VECTOR('',#8370,1.);
#8370 = DIRECTION('',(-1.,-0.));
#8371 = ( GEOMETRIC_REPRESENTATION_CONTEXT(2) 
PARAMETRIC_REPRESENTATION_CONTEXT() REPRESENTATION_CONTEXT('2D SPACE',''
  ) );
#8372 = ORIENTED_EDGE('',*,*,#8373,.F.);
#8373 = EDGE_CURVE('',#8111,#8346,#8374,.T.);
#8374 = SURFACE_CURVE('',#8375,(#8379,#8386),.PCURVE_S1.);
#8375 = LINE('',#8376,#8377);
#8376 = CARTESIAN_POINT('',(126.25,70.95,24.8));
#8377 = VECTOR('',#8378,1.);
#8378 = DIRECTION('',(-1.110223024625E-16,1.,0.));
#8379 = PCURVE('',#3110,#8380);
#8380 = DEFINITIONAL_REPRESENTATION('',(#8381),#8385);
#8381 = LINE('',#8382,#8383);
#8382 = CARTESIAN_POINT('',(8.3,-0.9));
#8383 = VECTOR('',#8384,1.);
#8384 = DIRECTION('',(0.,-1.));
#8385 = ( GEOMETRIC_REPRESENTATION_CONTEXT(2) 
PARAMETRIC_REPRESENTATION_CONTEXT() REPRESENTATION_CONTEXT('2D SPACE',''
  ) );
#8386 = PCURVE('',#4772,#8387);
#8387 = DEFINITIONAL_REPRESENTATION('',(#8388),#8392);
#8388 = LINE('',#8389,#8390);
#8389 = CARTESIAN_POINT('',(0.9,127.4));
#8390 = VECTOR('',#8391,1.);
#8391 = DIRECTION('',(-1.,0.));
#8392 = ( GEOMETRIC_REPRESENTATION_CONTEXT(2) 
PARAMETRIC_REPRESENTATION_CONTEXT() REPRESENTATION_CONTEXT('2D SPACE',''
  ) );
#8393 = ADVANCED_FACE('',(#8394),#3082,.T.);
#8394 = FACE_BOUND('',#8395,.T.);
#8395 = EDGE_LOOP('',(#8396,#8419,#8447,#8475,#8496,#8497));
#8396 = ORIENTED_EDGE('',*,*,#8397,.T.);
#8397 = EDGE_CURVE('',#8161,#8398,#8400,.T.);
#8398 = VERTEX_POINT('',#8399);
#8399 = CARTESIAN_POINT('',(123.4,33.15,16.75));
#8400 = SURFACE_CURVE('',#8401,(#8405,#8412),.PCURVE_S1.);
#8401 = LINE('',#8402,#8403);
#8402 = CARTESIAN_POINT('',(126.6,33.15,16.75));
#8403 = VECTOR('',#8404,1.);
#8404 = DIRECTION('',(-1.,-1.110223024625E-16,0.));
#8405 = PCURVE('',#3082,#8406);
#8406 = DEFINITIONAL_REPRESENTATION('',(#8407),#8411);
#8407 = LINE('',#8408,#8409);
#8408 = CARTESIAN_POINT('',(2.55,-3.2));
#8409 = VECTOR('',#8410,1.);
#8410 = DIRECTION('',(0.,1.));
#8411 = ( GEOMETRIC_REPRESENTATION_CONTEXT(2) 
PARAMETRIC_REPRESENTATION_CONTEXT() REPRESENTATION_CONTEXT('2D SPACE',''
  ) );
#8412 = PCURVE('',#8204,#8413);
#8413 = DEFINITIONAL_REPRESENTATION('',(#8414),#8418);
#8414 = LINE('',#8415,#8416);
#8415 = CARTESIAN_POINT('',(1.570796326795,0.));
#8416 = VECTOR('',#8417,1.);
#8417 = DIRECTION('',(0.,1.));
#8418 = ( GEOMETRIC_REPRESENTATION_CONTEXT(2) 
PARAMETRIC_REPRESENTATION_CONTEXT() REPRESENTATION_CONTEXT('2D SPACE',''
  ) );
#8419 = ORIENTED_EDGE('',*,*,#8420,.F.);
#8420 = EDGE_CURVE('',#8421,#8398,#8423,.T.);
#8421 = VERTEX_POINT('',#8422);
#8422 = CARTESIAN_POINT('',(123.4,33.15,14.4));
#8423 = SURFACE_CURVE('',#8424,(#8428,#8435),.PCURVE_S1.);
#8424 = LINE('',#8425,#8426);
#8425 = CARTESIAN_POINT('',(123.4,33.15,14.2));
#8426 = VECTOR('',#8427,1.);
#8427 = DIRECTION('',(0.,0.,1.));
#8428 = PCURVE('',#3082,#8429);
#8429 = DEFINITIONAL_REPRESENTATION('',(#8430),#8434);
#8430 = LINE('',#8431,#8432);
#8431 = CARTESIAN_POINT('',(0.,0.));
#8432 = VECTOR('',#8433,1.);
#8433 = DIRECTION('',(1.,0.));
#8434 = ( GEOMETRIC_REPRESENTATION_CONTEXT(2) 
PARAMETRIC_REPRESENTATION_CONTEXT() REPRESENTATION_CONTEXT('2D SPACE',''
  ) );
#8435 = PCURVE('',#8436,#8441);
#8436 = PLANE('',#8437);
#8437 = AXIS2_PLACEMENT_3D('',#8438,#8439,#8440);
#8438 = CARTESIAN_POINT('',(123.4,39.55,12.2));
#8439 = DIRECTION('',(1.,1.110223024625E-16,0.));
#8440 = DIRECTION('',(0.,0.,1.));
#8441 = DEFINITIONAL_REPRESENTATION('',(#8442),#8446);
#8442 = LINE('',#8443,#8444);
#8443 = CARTESIAN_POINT('',(2.,6.4));
#8444 = VECTOR('',#8445,1.);
#8445 = DIRECTION('',(1.,0.));
#8446 = ( GEOMETRIC_REPRESENTATION_CONTEXT(2) 
PARAMETRIC_REPRESENTATION_CONTEXT() REPRESENTATION_CONTEXT('2D SPACE',''
  ) );
#8447 = ORIENTED_EDGE('',*,*,#8448,.T.);
#8448 = EDGE_CURVE('',#8421,#8449,#8451,.T.);
#8449 = VERTEX_POINT('',#8450);
#8450 = CARTESIAN_POINT('',(126.6,33.15,14.4));
#8451 = SURFACE_CURVE('',#8452,(#8456,#8463),.PCURVE_S1.);
#8452 = LINE('',#8453,#8454);
#8453 = CARTESIAN_POINT('',(123.4,33.15,14.4));
#8454 = VECTOR('',#8455,1.);
#8455 = DIRECTION('',(1.,1.110223024625E-16,0.));
#8456 = PCURVE('',#3082,#8457);
#8457 = DEFINITIONAL_REPRESENTATION('',(#8458),#8462);
#8458 = LINE('',#8459,#8460);
#8459 = CARTESIAN_POINT('',(0.2,0.));
#8460 = VECTOR('',#8461,1.);
#8461 = DIRECTION('',(0.,-1.));
#8462 = ( GEOMETRIC_REPRESENTATION_CONTEXT(2) 
PARAMETRIC_REPRESENTATION_CONTEXT() REPRESENTATION_CONTEXT('2D SPACE',''
  ) );
#8463 = PCURVE('',#8464,#8469);
#8464 = CYLINDRICAL_SURFACE('',#8465,0.2);
#8465 = AXIS2_PLACEMENT_3D('',#8466,#8467,#8468);
#8466 = CARTESIAN_POINT('',(123.4,32.95,14.4));
#8467 = DIRECTION('',(1.,1.110223024625E-16,0.));
#8468 = DIRECTION('',(0.,0.,-1.));
#8469 = DEFINITIONAL_REPRESENTATION('',(#8470),#8474);
#8470 = LINE('',#8471,#8472);
#8471 = CARTESIAN_POINT('',(1.570796326795,0.));
#8472 = VECTOR('',#8473,1.);
#8473 = DIRECTION('',(0.,1.));
#8474 = ( GEOMETRIC_REPRESENTATION_CONTEXT(2) 
PARAMETRIC_REPRESENTATION_CONTEXT() REPRESENTATION_CONTEXT('2D SPACE',''
  ) );
#8475 = ORIENTED_EDGE('',*,*,#8476,.T.);
#8476 = EDGE_CURVE('',#8449,#3039,#8477,.T.);
#8477 = SURFACE_CURVE('',#8478,(#8482,#8489),.PCURVE_S1.);
#8478 = LINE('',#8479,#8480);
#8479 = CARTESIAN_POINT('',(126.6,33.15,14.2));
#8480 = VECTOR('',#8481,1.);
#8481 = DIRECTION('',(0.,0.,1.));
#8482 = PCURVE('',#3082,#8483);
#8483 = DEFINITIONAL_REPRESENTATION('',(#8484),#8488);
#8484 = LINE('',#8485,#8486);
#8485 = CARTESIAN_POINT('',(0.,-3.2));
#8486 = VECTOR('',#8487,1.);
#8487 = DIRECTION('',(1.,0.));
#8488 = ( GEOMETRIC_REPRESENTATION_CONTEXT(2) 
PARAMETRIC_REPRESENTATION_CONTEXT() REPRESENTATION_CONTEXT('2D SPACE',''
  ) );
#8489 = PCURVE('',#3054,#8490);
#8490 = DEFINITIONAL_REPRESENTATION('',(#8491),#8495);
#8491 = LINE('',#8492,#8493);
#8492 = CARTESIAN_POINT('',(2.,6.4));
#8493 = VECTOR('',#8494,1.);
#8494 = DIRECTION('',(1.,0.));
#8495 = ( GEOMETRIC_REPRESENTATION_CONTEXT(2) 
PARAMETRIC_REPRESENTATION_CONTEXT() REPRESENTATION_CONTEXT('2D SPACE',''
  ) );
#8496 = ORIENTED_EDGE('',*,*,#3066,.F.);
#8497 = ORIENTED_EDGE('',*,*,#8160,.F.);
#8498 = ADVANCED_FACE('',(#8499),#3054,.T.);
#8499 = FACE_BOUND('',#8500,.T.);
#8500 = EDGE_LOOP('',(#8501,#8502,#8526,#8554,#8582,#8610,#8638,#8666,
    #8699,#8720));
#8501 = ORIENTED_EDGE('',*,*,#8476,.F.);
#8502 = ORIENTED_EDGE('',*,*,#8503,.F.);
#8503 = EDGE_CURVE('',#8504,#8449,#8506,.T.);
#8504 = VERTEX_POINT('',#8505);
#8505 = CARTESIAN_POINT('',(126.6,32.95,14.2));
#8506 = SURFACE_CURVE('',#8507,(#8512,#8519),.PCURVE_S1.);
#8507 = CIRCLE('',#8508,0.2);
#8508 = AXIS2_PLACEMENT_3D('',#8509,#8510,#8511);
#8509 = CARTESIAN_POINT('',(126.6,32.95,14.4));
#8510 = DIRECTION('',(1.,1.110223024625E-16,-0.));
#8511 = DIRECTION('',(0.,0.,1.));
#8512 = PCURVE('',#3054,#8513);
#8513 = DEFINITIONAL_REPRESENTATION('',(#8514),#8518);
#8514 = CIRCLE('',#8515,0.2);
#8515 = AXIS2_PLACEMENT_2D('',#8516,#8517);
#8516 = CARTESIAN_POINT('',(2.2,6.6));
#8517 = DIRECTION('',(1.,0.));
#8518 = ( GEOMETRIC_REPRESENTATION_CONTEXT(2) 
PARAMETRIC_REPRESENTATION_CONTEXT() REPRESENTATION_CONTEXT('2D SPACE',''
  ) );
#8519 = PCURVE('',#8464,#8520);
#8520 = DEFINITIONAL_REPRESENTATION('',(#8521),#8525);
#8521 = LINE('',#8522,#8523);
#8522 = CARTESIAN_POINT('',(-3.14159265359,3.2));
#8523 = VECTOR('',#8524,1.);
#8524 = DIRECTION('',(1.,0.));
#8525 = ( GEOMETRIC_REPRESENTATION_CONTEXT(2) 
PARAMETRIC_REPRESENTATION_CONTEXT() REPRESENTATION_CONTEXT('2D SPACE',''
  ) );
#8526 = ORIENTED_EDGE('',*,*,#8527,.T.);
#8527 = EDGE_CURVE('',#8504,#8528,#8530,.T.);
#8528 = VERTEX_POINT('',#8529);
#8529 = CARTESIAN_POINT('',(126.6,31.15,14.2));
#8530 = SURFACE_CURVE('',#8531,(#8535,#8542),.PCURVE_S1.);
#8531 = LINE('',#8532,#8533);
#8532 = CARTESIAN_POINT('',(126.6,39.55,14.2));
#8533 = VECTOR('',#8534,1.);
#8534 = DIRECTION('',(1.110223024625E-16,-1.,0.));
#8535 = PCURVE('',#3054,#8536);
#8536 = DEFINITIONAL_REPRESENTATION('',(#8537),#8541);
#8537 = LINE('',#8538,#8539);
#8538 = CARTESIAN_POINT('',(2.,0.));
#8539 = VECTOR('',#8540,1.);
#8540 = DIRECTION('',(0.,1.));
#8541 = ( GEOMETRIC_REPRESENTATION_CONTEXT(2) 
PARAMETRIC_REPRESENTATION_CONTEXT() REPRESENTATION_CONTEXT('2D SPACE',''
  ) );
#8542 = PCURVE('',#8543,#8548);
#8543 = PLANE('',#8544);
#8544 = AXIS2_PLACEMENT_3D('',#8545,#8546,#8547);
#8545 = CARTESIAN_POINT('',(123.4,39.55,14.2));
#8546 = DIRECTION('',(0.,0.,1.));
#8547 = DIRECTION('',(1.110223024625E-16,-1.,0.));
#8548 = DEFINITIONAL_REPRESENTATION('',(#8549),#8553);
#8549 = LINE('',#8550,#8551);
#8550 = CARTESIAN_POINT('',(3.552713678801E-16,3.2));
#8551 = VECTOR('',#8552,1.);
#8552 = DIRECTION('',(1.,0.));
#8553 = ( GEOMETRIC_REPRESENTATION_CONTEXT(2) 
PARAMETRIC_REPRESENTATION_CONTEXT() REPRESENTATION_CONTEXT('2D SPACE',''
  ) );
#8554 = ORIENTED_EDGE('',*,*,#8555,.F.);
#8555 = EDGE_CURVE('',#8556,#8528,#8558,.T.);
#8556 = VERTEX_POINT('',#8557);
#8557 = CARTESIAN_POINT('',(126.6,31.15,12.2));
#8558 = SURFACE_CURVE('',#8559,(#8563,#8570),.PCURVE_S1.);
#8559 = LINE('',#8560,#8561);
#8560 = CARTESIAN_POINT('',(126.6,31.15,12.2));
#8561 = VECTOR('',#8562,1.);
#8562 = DIRECTION('',(0.,0.,1.));
#8563 = PCURVE('',#3054,#8564);
#8564 = DEFINITIONAL_REPRESENTATION('',(#8565),#8569);
#8565 = LINE('',#8566,#8567);
#8566 = CARTESIAN_POINT('',(0.,8.4));
#8567 = VECTOR('',#8568,1.);
#8568 = DIRECTION('',(1.,0.));
#8569 = ( GEOMETRIC_REPRESENTATION_CONTEXT(2) 
PARAMETRIC_REPRESENTATION_CONTEXT() REPRESENTATION_CONTEXT('2D SPACE',''
  ) );
#8570 = PCURVE('',#8571,#8576);
#8571 = PLANE('',#8572);
#8572 = AXIS2_PLACEMENT_3D('',#8573,#8574,#8575);
#8573 = CARTESIAN_POINT('',(123.4,31.15,12.2));
#8574 = DIRECTION('',(1.110223024625E-16,-1.,0.));
#8575 = DIRECTION('',(0.,0.,1.));
#8576 = DEFINITIONAL_REPRESENTATION('',(#8577),#8581);
#8577 = LINE('',#8578,#8579);
#8578 = CARTESIAN_POINT('',(0.,-3.2));
#8579 = VECTOR('',#8580,1.);
#8580 = DIRECTION('',(1.,0.));
#8581 = ( GEOMETRIC_REPRESENTATION_CONTEXT(2) 
PARAMETRIC_REPRESENTATION_CONTEXT() REPRESENTATION_CONTEXT('2D SPACE',''
  ) );
#8582 = ORIENTED_EDGE('',*,*,#8583,.F.);
#8583 = EDGE_CURVE('',#8584,#8556,#8586,.T.);
#8584 = VERTEX_POINT('',#8585);
#8585 = CARTESIAN_POINT('',(126.6,39.55,12.2));
#8586 = SURFACE_CURVE('',#8587,(#8591,#8598),.PCURVE_S1.);
#8587 = LINE('',#8588,#8589);
#8588 = CARTESIAN_POINT('',(126.6,39.55,12.2));
#8589 = VECTOR('',#8590,1.);
#8590 = DIRECTION('',(1.110223024625E-16,-1.,0.));
#8591 = PCURVE('',#3054,#8592);
#8592 = DEFINITIONAL_REPRESENTATION('',(#8593),#8597);
#8593 = LINE('',#8594,#8595);
#8594 = CARTESIAN_POINT('',(0.,0.));
#8595 = VECTOR('',#8596,1.);
#8596 = DIRECTION('',(0.,1.));
#8597 = ( GEOMETRIC_REPRESENTATION_CONTEXT(2) 
PARAMETRIC_REPRESENTATION_CONTEXT() REPRESENTATION_CONTEXT('2D SPACE',''
  ) );
#8598 = PCURVE('',#8599,#8604);
#8599 = PLANE('',#8600);
#8600 = AXIS2_PLACEMENT_3D('',#8601,#8602,#8603);
#8601 = CARTESIAN_POINT('',(123.4,39.55,12.2));
#8602 = DIRECTION('',(0.,0.,1.));
#8603 = DIRECTION('',(1.110223024625E-16,-1.,0.));
#8604 = DEFINITIONAL_REPRESENTATION('',(#8605),#8609);
#8605 = LINE('',#8606,#8607);
#8606 = CARTESIAN_POINT('',(3.552713678801E-16,3.2));
#8607 = VECTOR('',#8608,1.);
#8608 = DIRECTION('',(1.,0.));
#8609 = ( GEOMETRIC_REPRESENTATION_CONTEXT(2) 
PARAMETRIC_REPRESENTATION_CONTEXT() REPRESENTATION_CONTEXT('2D SPACE',''
  ) );
#8610 = ORIENTED_EDGE('',*,*,#8611,.T.);
#8611 = EDGE_CURVE('',#8584,#8612,#8614,.T.);
#8612 = VERTEX_POINT('',#8613);
#8613 = CARTESIAN_POINT('',(126.6,39.55,14.2));
#8614 = SURFACE_CURVE('',#8615,(#8619,#8626),.PCURVE_S1.);
#8615 = LINE('',#8616,#8617);
#8616 = CARTESIAN_POINT('',(126.6,39.55,12.2));
#8617 = VECTOR('',#8618,1.);
#8618 = DIRECTION('',(0.,0.,1.));
#8619 = PCURVE('',#3054,#8620);
#8620 = DEFINITIONAL_REPRESENTATION('',(#8621),#8625);
#8621 = LINE('',#8622,#8623);
#8622 = CARTESIAN_POINT('',(0.,0.));
#8623 = VECTOR('',#8624,1.);
#8624 = DIRECTION('',(1.,0.));
#8625 = ( GEOMETRIC_REPRESENTATION_CONTEXT(2) 
PARAMETRIC_REPRESENTATION_CONTEXT() REPRESENTATION_CONTEXT('2D SPACE',''
  ) );
#8626 = PCURVE('',#8627,#8632);
#8627 = PLANE('',#8628);
#8628 = AXIS2_PLACEMENT_3D('',#8629,#8630,#8631);
#8629 = CARTESIAN_POINT('',(123.4,39.55,12.2));
#8630 = DIRECTION('',(1.110223024625E-16,-1.,0.));
#8631 = DIRECTION('',(0.,0.,1.));
#8632 = DEFINITIONAL_REPRESENTATION('',(#8633),#8637);
#8633 = LINE('',#8634,#8635);
#8634 = CARTESIAN_POINT('',(0.,-3.2));
#8635 = VECTOR('',#8636,1.);
#8636 = DIRECTION('',(1.,0.));
#8637 = ( GEOMETRIC_REPRESENTATION_CONTEXT(2) 
PARAMETRIC_REPRESENTATION_CONTEXT() REPRESENTATION_CONTEXT('2D SPACE',''
  ) );
#8638 = ORIENTED_EDGE('',*,*,#8639,.T.);
#8639 = EDGE_CURVE('',#8612,#8640,#8642,.T.);
#8640 = VERTEX_POINT('',#8641);
#8641 = CARTESIAN_POINT('',(126.6,37.75,14.2));
#8642 = SURFACE_CURVE('',#8643,(#8647,#8654),.PCURVE_S1.);
#8643 = LINE('',#8644,#8645);
#8644 = CARTESIAN_POINT('',(126.6,39.55,14.2));
#8645 = VECTOR('',#8646,1.);
#8646 = DIRECTION('',(1.110223024625E-16,-1.,0.));
#8647 = PCURVE('',#3054,#8648);
#8648 = DEFINITIONAL_REPRESENTATION('',(#8649),#8653);
#8649 = LINE('',#8650,#8651);
#8650 = CARTESIAN_POINT('',(2.,0.));
#8651 = VECTOR('',#8652,1.);
#8652 = DIRECTION('',(0.,1.));
#8653 = ( GEOMETRIC_REPRESENTATION_CONTEXT(2) 
PARAMETRIC_REPRESENTATION_CONTEXT() REPRESENTATION_CONTEXT('2D SPACE',''
  ) );
#8654 = PCURVE('',#8655,#8660);
#8655 = PLANE('',#8656);
#8656 = AXIS2_PLACEMENT_3D('',#8657,#8658,#8659);
#8657 = CARTESIAN_POINT('',(123.4,39.55,14.2));
#8658 = DIRECTION('',(0.,0.,1.));
#8659 = DIRECTION('',(1.110223024625E-16,-1.,0.));
#8660 = DEFINITIONAL_REPRESENTATION('',(#8661),#8665);
#8661 = LINE('',#8662,#8663);
#8662 = CARTESIAN_POINT('',(3.552713678801E-16,3.2));
#8663 = VECTOR('',#8664,1.);
#8664 = DIRECTION('',(1.,0.));
#8665 = ( GEOMETRIC_REPRESENTATION_CONTEXT(2) 
PARAMETRIC_REPRESENTATION_CONTEXT() REPRESENTATION_CONTEXT('2D SPACE',''
  ) );
#8666 = ORIENTED_EDGE('',*,*,#8667,.T.);
#8667 = EDGE_CURVE('',#8640,#8668,#8670,.T.);
#8668 = VERTEX_POINT('',#8669);
#8669 = CARTESIAN_POINT('',(126.6,37.55,14.4));
#8670 = SURFACE_CURVE('',#8671,(#8676,#8687),.PCURVE_S1.);
#8671 = CIRCLE('',#8672,0.2);
#8672 = AXIS2_PLACEMENT_3D('',#8673,#8674,#8675);
#8673 = CARTESIAN_POINT('',(126.6,37.75,14.4));
#8674 = DIRECTION('',(-1.,-1.110223024625E-16,0.));
#8675 = DIRECTION('',(0.,0.,1.));
#8676 = PCURVE('',#3054,#8677);
#8677 = DEFINITIONAL_REPRESENTATION('',(#8678),#8686);
#8678 = ( BOUNDED_CURVE() B_SPLINE_CURVE(2,(#8679,#8680,#8681,#8682,
#8683,#8684,#8685),.UNSPECIFIED.,.T.,.F.) B_SPLINE_CURVE_WITH_KNOTS((1,2
    ,2,2,2,1),(-2.094395102393,0.,2.094395102393,4.188790204786,
6.28318530718,8.377580409573),.UNSPECIFIED.) CURVE() 
GEOMETRIC_REPRESENTATION_ITEM() RATIONAL_B_SPLINE_CURVE((1.,0.5,1.,0.5,
1.,0.5,1.)) REPRESENTATION_ITEM('') );
#8679 = CARTESIAN_POINT('',(2.4,1.8));
#8680 = CARTESIAN_POINT('',(2.4,1.453589838486));
#8681 = CARTESIAN_POINT('',(2.1,1.626794919243));
#8682 = CARTESIAN_POINT('',(1.8,1.8));
#8683 = CARTESIAN_POINT('',(2.1,1.973205080757));
#8684 = CARTESIAN_POINT('',(2.4,2.146410161514));
#8685 = CARTESIAN_POINT('',(2.4,1.8));
#8686 = ( GEOMETRIC_REPRESENTATION_CONTEXT(2) 
PARAMETRIC_REPRESENTATION_CONTEXT() REPRESENTATION_CONTEXT('2D SPACE',''
  ) );
#8687 = PCURVE('',#8688,#8693);
#8688 = CYLINDRICAL_SURFACE('',#8689,0.2);
#8689 = AXIS2_PLACEMENT_3D('',#8690,#8691,#8692);
#8690 = CARTESIAN_POINT('',(123.4,37.75,14.4));
#8691 = DIRECTION('',(1.,1.110223024625E-16,0.));
#8692 = DIRECTION('',(0.,0.,-1.));
#8693 = DEFINITIONAL_REPRESENTATION('',(#8694),#8698);
#8694 = LINE('',#8695,#8696);
#8695 = CARTESIAN_POINT('',(3.14159265359,3.2));
#8696 = VECTOR('',#8697,1.);
#8697 = DIRECTION('',(-1.,0.));
#8698 = ( GEOMETRIC_REPRESENTATION_CONTEXT(2) 
PARAMETRIC_REPRESENTATION_CONTEXT() REPRESENTATION_CONTEXT('2D SPACE',''
  ) );
#8699 = ORIENTED_EDGE('',*,*,#8700,.T.);
#8700 = EDGE_CURVE('',#8668,#3011,#8701,.T.);
#8701 = SURFACE_CURVE('',#8702,(#8706,#8713),.PCURVE_S1.);
#8702 = LINE('',#8703,#8704);
#8703 = CARTESIAN_POINT('',(126.6,37.55,14.2));
#8704 = VECTOR('',#8705,1.);
#8705 = DIRECTION('',(0.,0.,1.));
#8706 = PCURVE('',#3054,#8707);
#8707 = DEFINITIONAL_REPRESENTATION('',(#8708),#8712);
#8708 = LINE('',#8709,#8710);
#8709 = CARTESIAN_POINT('',(2.,2.));
#8710 = VECTOR('',#8711,1.);
#8711 = DIRECTION('',(1.,0.));
#8712 = ( GEOMETRIC_REPRESENTATION_CONTEXT(2) 
PARAMETRIC_REPRESENTATION_CONTEXT() REPRESENTATION_CONTEXT('2D SPACE',''
  ) );
#8713 = PCURVE('',#3026,#8714);
#8714 = DEFINITIONAL_REPRESENTATION('',(#8715),#8719);
#8715 = LINE('',#8716,#8717);
#8716 = CARTESIAN_POINT('',(0.,-3.2));
#8717 = VECTOR('',#8718,1.);
#8718 = DIRECTION('',(1.,0.));
#8719 = ( GEOMETRIC_REPRESENTATION_CONTEXT(2) 
PARAMETRIC_REPRESENTATION_CONTEXT() REPRESENTATION_CONTEXT('2D SPACE',''
  ) );
#8720 = ORIENTED_EDGE('',*,*,#3038,.F.);
#8721 = ADVANCED_FACE('',(#8722),#3026,.F.);
#8722 = FACE_BOUND('',#8723,.F.);
#8723 = EDGE_LOOP('',(#8724,#8754,#8777,#8798,#8799,#8800));
#8724 = ORIENTED_EDGE('',*,*,#8725,.T.);
#8725 = EDGE_CURVE('',#8726,#8728,#8730,.T.);
#8726 = VERTEX_POINT('',#8727);
#8727 = CARTESIAN_POINT('',(126.25,37.55,16.75));
#8728 = VERTEX_POINT('',#8729);
#8729 = CARTESIAN_POINT('',(123.4,37.55,16.75));
#8730 = SURFACE_CURVE('',#8731,(#8735,#8742),.PCURVE_S1.);
#8731 = LINE('',#8732,#8733);
#8732 = CARTESIAN_POINT('',(126.6,37.55,16.75));
#8733 = VECTOR('',#8734,1.);
#8734 = DIRECTION('',(-1.,-1.110223024625E-16,0.));
#8735 = PCURVE('',#3026,#8736);
#8736 = DEFINITIONAL_REPRESENTATION('',(#8737),#8741);
#8737 = LINE('',#8738,#8739);
#8738 = CARTESIAN_POINT('',(2.55,-3.2));
#8739 = VECTOR('',#8740,1.);
#8740 = DIRECTION('',(0.,1.));
#8741 = ( GEOMETRIC_REPRESENTATION_CONTEXT(2) 
PARAMETRIC_REPRESENTATION_CONTEXT() REPRESENTATION_CONTEXT('2D SPACE',''
  ) );
#8742 = PCURVE('',#8743,#8748);
#8743 = CYLINDRICAL_SURFACE('',#8744,0.75);
#8744 = AXIS2_PLACEMENT_3D('',#8745,#8746,#8747);
#8745 = CARTESIAN_POINT('',(126.6,38.3,16.75));
#8746 = DIRECTION('',(-1.,-1.110223024625E-16,0.));
#8747 = DIRECTION('',(0.,0.,1.));
#8748 = DEFINITIONAL_REPRESENTATION('',(#8749),#8753);
#8749 = LINE('',#8750,#8751);
#8750 = CARTESIAN_POINT('',(-1.570796326795,0.));
#8751 = VECTOR('',#8752,1.);
#8752 = DIRECTION('',(-0.,1.));
#8753 = ( GEOMETRIC_REPRESENTATION_CONTEXT(2) 
PARAMETRIC_REPRESENTATION_CONTEXT() REPRESENTATION_CONTEXT('2D SPACE',''
  ) );
#8754 = ORIENTED_EDGE('',*,*,#8755,.F.);
#8755 = EDGE_CURVE('',#8756,#8728,#8758,.T.);
#8756 = VERTEX_POINT('',#8757);
#8757 = CARTESIAN_POINT('',(123.4,37.55,14.4));
#8758 = SURFACE_CURVE('',#8759,(#8763,#8770),.PCURVE_S1.);
#8759 = LINE('',#8760,#8761);
#8760 = CARTESIAN_POINT('',(123.4,37.55,14.2));
#8761 = VECTOR('',#8762,1.);
#8762 = DIRECTION('',(0.,0.,1.));
#8763 = PCURVE('',#3026,#8764);
#8764 = DEFINITIONAL_REPRESENTATION('',(#8765),#8769);
#8765 = LINE('',#8766,#8767);
#8766 = CARTESIAN_POINT('',(0.,0.));
#8767 = VECTOR('',#8768,1.);
#8768 = DIRECTION('',(1.,0.));
#8769 = ( GEOMETRIC_REPRESENTATION_CONTEXT(2) 
PARAMETRIC_REPRESENTATION_CONTEXT() REPRESENTATION_CONTEXT('2D SPACE',''
  ) );
#8770 = PCURVE('',#8436,#8771);
#8771 = DEFINITIONAL_REPRESENTATION('',(#8772),#8776);
#8772 = LINE('',#8773,#8774);
#8773 = CARTESIAN_POINT('',(2.,2.));
#8774 = VECTOR('',#8775,1.);
#8775 = DIRECTION('',(1.,0.));
#8776 = ( GEOMETRIC_REPRESENTATION_CONTEXT(2) 
PARAMETRIC_REPRESENTATION_CONTEXT() REPRESENTATION_CONTEXT('2D SPACE',''
  ) );
#8777 = ORIENTED_EDGE('',*,*,#8778,.T.);
#8778 = EDGE_CURVE('',#8756,#8668,#8779,.T.);
#8779 = SURFACE_CURVE('',#8780,(#8784,#8791),.PCURVE_S1.);
#8780 = LINE('',#8781,#8782);
#8781 = CARTESIAN_POINT('',(123.4,37.55,14.4));
#8782 = VECTOR('',#8783,1.);
#8783 = DIRECTION('',(1.,1.110223024625E-16,0.));
#8784 = PCURVE('',#3026,#8785);
#8785 = DEFINITIONAL_REPRESENTATION('',(#8786),#8790);
#8786 = LINE('',#8787,#8788);
#8787 = CARTESIAN_POINT('',(0.2,0.));
#8788 = VECTOR('',#8789,1.);
#8789 = DIRECTION('',(0.,-1.));
#8790 = ( GEOMETRIC_REPRESENTATION_CONTEXT(2) 
PARAMETRIC_REPRESENTATION_CONTEXT() REPRESENTATION_CONTEXT('2D SPACE',''
  ) );
#8791 = PCURVE('',#8688,#8792);
#8792 = DEFINITIONAL_REPRESENTATION('',(#8793),#8797);
#8793 = LINE('',#8794,#8795);
#8794 = CARTESIAN_POINT('',(-1.570796326795,0.));
#8795 = VECTOR('',#8796,1.);
#8796 = DIRECTION('',(-0.,1.));
#8797 = ( GEOMETRIC_REPRESENTATION_CONTEXT(2) 
PARAMETRIC_REPRESENTATION_CONTEXT() REPRESENTATION_CONTEXT('2D SPACE',''
  ) );
#8798 = ORIENTED_EDGE('',*,*,#8700,.T.);
#8799 = ORIENTED_EDGE('',*,*,#3010,.F.);
#8800 = ORIENTED_EDGE('',*,*,#8801,.F.);
#8801 = EDGE_CURVE('',#8726,#2983,#8802,.T.);
#8802 = SURFACE_CURVE('',#8803,(#8807,#8814),.PCURVE_S1.);
#8803 = LINE('',#8804,#8805);
#8804 = CARTESIAN_POINT('',(126.25,37.55,15.35));
#8805 = VECTOR('',#8806,1.);
#8806 = DIRECTION('',(0.,0.,-1.));
#8807 = PCURVE('',#3026,#8808);
#8808 = DEFINITIONAL_REPRESENTATION('',(#8809),#8813);
#8809 = LINE('',#8810,#8811);
#8810 = CARTESIAN_POINT('',(1.15,-2.85));
#8811 = VECTOR('',#8812,1.);
#8812 = DIRECTION('',(-1.,-0.));
#8813 = ( GEOMETRIC_REPRESENTATION_CONTEXT(2) 
PARAMETRIC_REPRESENTATION_CONTEXT() REPRESENTATION_CONTEXT('2D SPACE',''
  ) );
#8814 = PCURVE('',#2998,#8815);
#8815 = DEFINITIONAL_REPRESENTATION('',(#8816),#8820);
#8816 = LINE('',#8817,#8818);
#8817 = CARTESIAN_POINT('',(-1.15,32.5));
#8818 = VECTOR('',#8819,1.);
#8819 = DIRECTION('',(-1.,0.));
#8820 = ( GEOMETRIC_REPRESENTATION_CONTEXT(2) 
PARAMETRIC_REPRESENTATION_CONTEXT() REPRESENTATION_CONTEXT('2D SPACE',''
  ) );
#8821 = ADVANCED_FACE('',(#8822),#2998,.F.);
#8822 = FACE_BOUND('',#8823,.F.);
#8823 = EDGE_LOOP('',(#8824,#8825,#8826,#8849,#8872,#8900,#8923,#8996,
    #9019));
#8824 = ORIENTED_EDGE('',*,*,#8801,.T.);
#8825 = ORIENTED_EDGE('',*,*,#2982,.T.);
#8826 = ORIENTED_EDGE('',*,*,#8827,.T.);
#8827 = EDGE_CURVE('',#2954,#8828,#8830,.T.);
#8828 = VERTEX_POINT('',#8829);
#8829 = CARTESIAN_POINT('',(126.25,67.7,24.8));
#8830 = SURFACE_CURVE('',#8831,(#8835,#8842),.PCURVE_S1.);
#8831 = LINE('',#8832,#8833);
#8832 = CARTESIAN_POINT('',(126.25,67.7,16.5));
#8833 = VECTOR('',#8834,1.);
#8834 = DIRECTION('',(0.,0.,1.));
#8835 = PCURVE('',#2998,#8836);
#8836 = DEFINITIONAL_REPRESENTATION('',(#8837),#8841);
#8837 = LINE('',#8838,#8839);
#8838 = CARTESIAN_POINT('',(0.,2.35));
#8839 = VECTOR('',#8840,1.);
#8840 = DIRECTION('',(1.,0.));
#8841 = ( GEOMETRIC_REPRESENTATION_CONTEXT(2) 
PARAMETRIC_REPRESENTATION_CONTEXT() REPRESENTATION_CONTEXT('2D SPACE',''
  ) );
#8842 = PCURVE('',#2970,#8843);
#8843 = DEFINITIONAL_REPRESENTATION('',(#8844),#8848);
#8844 = LINE('',#8845,#8846);
#8845 = CARTESIAN_POINT('',(-1.570796326795,0.));
#8846 = VECTOR('',#8847,1.);
#8847 = DIRECTION('',(-0.,1.));
#8848 = ( GEOMETRIC_REPRESENTATION_CONTEXT(2) 
PARAMETRIC_REPRESENTATION_CONTEXT() REPRESENTATION_CONTEXT('2D SPACE',''
  ) );
#8849 = ORIENTED_EDGE('',*,*,#8850,.F.);
#8850 = EDGE_CURVE('',#8851,#8828,#8853,.T.);
#8851 = VERTEX_POINT('',#8852);
#8852 = CARTESIAN_POINT('',(126.25,42.35,24.8));
#8853 = SURFACE_CURVE('',#8854,(#8858,#8865),.PCURVE_S1.);
#8854 = LINE('',#8855,#8856);
#8855 = CARTESIAN_POINT('',(126.25,70.95,24.8));
#8856 = VECTOR('',#8857,1.);
#8857 = DIRECTION('',(-1.110223024625E-16,1.,0.));
#8858 = PCURVE('',#2998,#8859);
#8859 = DEFINITIONAL_REPRESENTATION('',(#8860),#8864);
#8860 = LINE('',#8861,#8862);
#8861 = CARTESIAN_POINT('',(8.3,-0.9));
#8862 = VECTOR('',#8863,1.);
#8863 = DIRECTION('',(0.,-1.));
#8864 = ( GEOMETRIC_REPRESENTATION_CONTEXT(2) 
PARAMETRIC_REPRESENTATION_CONTEXT() REPRESENTATION_CONTEXT('2D SPACE',''
  ) );
#8865 = PCURVE('',#4772,#8866);
#8866 = DEFINITIONAL_REPRESENTATION('',(#8867),#8871);
#8867 = LINE('',#8868,#8869);
#8868 = CARTESIAN_POINT('',(0.9,127.4));
#8869 = VECTOR('',#8870,1.);
#8870 = DIRECTION('',(-1.,0.));
#8871 = ( GEOMETRIC_REPRESENTATION_CONTEXT(2) 
PARAMETRIC_REPRESENTATION_CONTEXT() REPRESENTATION_CONTEXT('2D SPACE',''
  ) );
#8872 = ORIENTED_EDGE('',*,*,#8873,.T.);
#8873 = EDGE_CURVE('',#8851,#8874,#8876,.T.);
#8874 = VERTEX_POINT('',#8875);
#8875 = CARTESIAN_POINT('',(126.25,42.35,24.75));
#8876 = SURFACE_CURVE('',#8877,(#8881,#8888),.PCURVE_S1.);
#8877 = LINE('',#8878,#8879);
#8878 = CARTESIAN_POINT('',(126.25,42.35,20.625));
#8879 = VECTOR('',#8880,1.);
#8880 = DIRECTION('',(0.,0.,-1.));
#8881 = PCURVE('',#2998,#8882);
#8882 = DEFINITIONAL_REPRESENTATION('',(#8883),#8887);
#8883 = LINE('',#8884,#8885);
#8884 = CARTESIAN_POINT('',(4.125,27.7));
#8885 = VECTOR('',#8886,1.);
#8886 = DIRECTION('',(-1.,0.));
#8887 = ( GEOMETRIC_REPRESENTATION_CONTEXT(2) 
PARAMETRIC_REPRESENTATION_CONTEXT() REPRESENTATION_CONTEXT('2D SPACE',''
  ) );
#8888 = PCURVE('',#8889,#8894);
#8889 = PLANE('',#8890);
#8890 = AXIS2_PLACEMENT_3D('',#8891,#8892,#8893);
#8891 = CARTESIAN_POINT('',(118.6,42.35,24.75));
#8892 = DIRECTION('',(1.110223024625E-16,-1.,0.));
#8893 = DIRECTION('',(0.,0.,1.));
#8894 = DEFINITIONAL_REPRESENTATION('',(#8895),#8899);
#8895 = LINE('',#8896,#8897);
#8896 = CARTESIAN_POINT('',(-4.125,-7.65));
#8897 = VECTOR('',#8898,1.);
#8898 = DIRECTION('',(-1.,-0.));
#8899 = ( GEOMETRIC_REPRESENTATION_CONTEXT(2) 
PARAMETRIC_REPRESENTATION_CONTEXT() REPRESENTATION_CONTEXT('2D SPACE',''
  ) );
#8900 = ORIENTED_EDGE('',*,*,#8901,.T.);
#8901 = EDGE_CURVE('',#8874,#8902,#8904,.T.);
#8902 = VERTEX_POINT('',#8903);
#8903 = CARTESIAN_POINT('',(126.25,42.337671232877,24.75));
#8904 = SURFACE_CURVE('',#8905,(#8909,#8916),.PCURVE_S1.);
#8905 = LINE('',#8906,#8907);
#8906 = CARTESIAN_POINT('',(126.25,56.2,24.75));
#8907 = VECTOR('',#8908,1.);
#8908 = DIRECTION('',(1.110223024625E-16,-1.,0.));
#8909 = PCURVE('',#2998,#8910);
#8910 = DEFINITIONAL_REPRESENTATION('',(#8911),#8915);
#8911 = LINE('',#8912,#8913);
#8912 = CARTESIAN_POINT('',(8.25,13.85));
#8913 = VECTOR('',#8914,1.);
#8914 = DIRECTION('',(0.,1.));
#8915 = ( GEOMETRIC_REPRESENTATION_CONTEXT(2) 
PARAMETRIC_REPRESENTATION_CONTEXT() REPRESENTATION_CONTEXT('2D SPACE',''
  ) );
#8916 = PCURVE('',#8333,#8917);
#8917 = DEFINITIONAL_REPRESENTATION('',(#8918),#8922);
#8918 = LINE('',#8919,#8920);
#8919 = CARTESIAN_POINT('',(-13.85,7.65));
#8920 = VECTOR('',#8921,1.);
#8921 = DIRECTION('',(1.,0.));
#8922 = ( GEOMETRIC_REPRESENTATION_CONTEXT(2) 
PARAMETRIC_REPRESENTATION_CONTEXT() REPRESENTATION_CONTEXT('2D SPACE',''
  ) );
#8923 = ORIENTED_EDGE('',*,*,#8924,.F.);
#8924 = EDGE_CURVE('',#8925,#8902,#8927,.T.);
#8925 = VERTEX_POINT('',#8926);
#8926 = CARTESIAN_POINT('',(126.25,40.55,17.5));
#8927 = SURFACE_CURVE('',#8928,(#8947,#8969),.PCURVE_S1.);
#8928 = B_SPLINE_CURVE_WITH_KNOTS('',5,(#8929,#8930,#8931,#8932,#8933,
    #8934,#8935,#8936,#8937,#8938,#8939,#8940,#8941,#8942,#8943,#8944,
    #8945,#8946),.UNSPECIFIED.,.F.,.F.,(6,4,4,4,6),(0.,0.251322720579,
    0.500386634721,0.750282991899,1.),.UNSPECIFIED.);
#8929 = CARTESIAN_POINT('',(126.25,40.55,17.5));
#8930 = CARTESIAN_POINT('',(126.25,40.639690376468,17.863744304563));
#8931 = CARTESIAN_POINT('',(126.25,40.729415625818,18.22763003804));
#8932 = CARTESIAN_POINT('',(126.25,40.819170274378,18.591635001646));
#8933 = CARTESIAN_POINT('',(126.25,40.908950122953,18.955742165309));
#8934 = CARTESIAN_POINT('',(126.25,41.087746850068,19.680862225276));
#8935 = CARTESIAN_POINT('',(126.25,41.176763271654,20.041873268374));
#8936 = CARTESIAN_POINT('',(126.25,41.265798234054,20.402959504773));
#8937 = CARTESIAN_POINT('',(126.25,41.35484928322,20.764110981948));
#8938 = CARTESIAN_POINT('',(126.25,41.533277565384,21.487736792945));
#8939 = CARTESIAN_POINT('',(126.25,41.62265485562,21.850211358904));
#8940 = CARTESIAN_POINT('',(126.25,41.712044567022,22.21273629959));
#8941 = CARTESIAN_POINT('',(126.25,41.801445170134,22.575305412211));
#8942 = CARTESIAN_POINT('',(126.25,41.980201646921,23.300262234735));
#8943 = CARTESIAN_POINT('',(126.25,42.069557486074,23.662649804634));
#8944 = CARTESIAN_POINT('',(126.25,42.1589218245,24.025071843806));
#8945 = CARTESIAN_POINT('',(126.25,42.248293687719,24.387524400193));
#8946 = CARTESIAN_POINT('',(126.25,42.337672312877,24.75000438));
#8947 = PCURVE('',#2998,#8948);
#8948 = DEFINITIONAL_REPRESENTATION('',(#8949),#8968);
#8949 = B_SPLINE_CURVE_WITH_KNOTS('',5,(#8950,#8951,#8952,#8953,#8954,
    #8955,#8956,#8957,#8958,#8959,#8960,#8961,#8962,#8963,#8964,#8965,
    #8966,#8967),.UNSPECIFIED.,.F.,.F.,(6,4,4,4,6),(0.,0.251322720579,
    0.500386634721,0.750282991899,1.),.UNSPECIFIED.);
#8950 = CARTESIAN_POINT('',(1.,29.5));
#8951 = CARTESIAN_POINT('',(1.363744304563,29.410309623532));
#8952 = CARTESIAN_POINT('',(1.72763003804,29.320584374182));
#8953 = CARTESIAN_POINT('',(2.091635001646,29.230829725622));
#8954 = CARTESIAN_POINT('',(2.455742165309,29.141049877047));
#8955 = CARTESIAN_POINT('',(3.180862225276,28.962253149932));
#8956 = CARTESIAN_POINT('',(3.541873268374,28.873236728346));
#8957 = CARTESIAN_POINT('',(3.902959504773,28.784201765946));
#8958 = CARTESIAN_POINT('',(4.264110981948,28.69515071678));
#8959 = CARTESIAN_POINT('',(4.987736792945,28.516722434616));
#8960 = CARTESIAN_POINT('',(5.350211358904,28.42734514438));
#8961 = CARTESIAN_POINT('',(5.71273629959,28.337955432978));
#8962 = CARTESIAN_POINT('',(6.075305412211,28.248554829866));
#8963 = CARTESIAN_POINT('',(6.800262234735,28.069798353079));
#8964 = CARTESIAN_POINT('',(7.162649804634,27.980442513926));
#8965 = CARTESIAN_POINT('',(7.525071843806,27.8910781755));
#8966 = CARTESIAN_POINT('',(7.887524400193,27.801706312281));
#8967 = CARTESIAN_POINT('',(8.25000438,27.712327687123));
#8968 = ( GEOMETRIC_REPRESENTATION_CONTEXT(2) 
PARAMETRIC_REPRESENTATION_CONTEXT() REPRESENTATION_CONTEXT('2D SPACE',''
  ) );
#8969 = PCURVE('',#8970,#8975);
#8970 = B_SPLINE_SURFACE_WITH_KNOTS('',1,1,(
    (#8971,#8972)
    ,(#8973,#8974
    )),.UNSPECIFIED.,.F.,.F.,.F.,(2,2),(2,2),(0.,12.8),(0.,1.),
  .PIECEWISE_BEZIER_KNOTS.);
#8971 = CARTESIAN_POINT('',(129.6,40.55,17.5));
#8972 = CARTESIAN_POINT('',(131.4,42.35,24.8));
#8973 = CARTESIAN_POINT('',(120.4,40.55,17.5));
#8974 = CARTESIAN_POINT('',(118.6,42.35,24.8));
#8975 = DEFINITIONAL_REPRESENTATION('',(#8976),#8995);
#8976 = B_SPLINE_CURVE_WITH_KNOTS('',5,(#8977,#8978,#8979,#8980,#8981,
    #8982,#8983,#8984,#8985,#8986,#8987,#8988,#8989,#8990,#8991,#8992,
    #8993,#8994),.UNSPECIFIED.,.F.,.F.,(6,4,4,4,6),(0.,0.251322720579,
    0.500386634721,0.750282991899,1.),.UNSPECIFIED.);
#8977 = CARTESIAN_POINT('',(4.660869565217,0.));
#8978 = CARTESIAN_POINT('',(4.694778970309,4.982798692649E-02));
#8979 = CARTESIAN_POINT('',(4.72704867572,9.967534767667E-02));
#8980 = CARTESIAN_POINT('',(4.757835039107,0.149539041321));
#8981 = CARTESIAN_POINT('',(4.787265692144,0.199416734974));
#8982 = CARTESIAN_POINT('',(4.843381015283,0.298748250038));
#8983 = CARTESIAN_POINT('',(4.870088266448,0.348201817585));
#8984 = CARTESIAN_POINT('',(4.895676783651,0.397665685585));
#8985 = CARTESIAN_POINT('',(4.920236727093,0.447138490678));
#8986 = CARTESIAN_POINT('',(4.967528966058,0.546265314102));
#8987 = CARTESIAN_POINT('',(4.990255367863,0.595919364233));
#8988 = CARTESIAN_POINT('',(5.012098990939,0.645580315012));
#8989 = CARTESIAN_POINT('',(5.03312605189,0.695247316741));
#8990 = CARTESIAN_POINT('',(5.073644592636,0.794556470512));
#8991 = CARTESIAN_POINT('',(5.093137477342,0.844198603375));
#8992 = CARTESIAN_POINT('',(5.111927377244,0.893845458056));
#8993 = CARTESIAN_POINT('',(5.13006339384,0.943496493177));
#8994 = CARTESIAN_POINT('',(5.147587601845,0.993151284932));
#8995 = ( GEOMETRIC_REPRESENTATION_CONTEXT(2) 
PARAMETRIC_REPRESENTATION_CONTEXT() REPRESENTATION_CONTEXT('2D SPACE',''
  ) );
#8996 = ORIENTED_EDGE('',*,*,#8997,.F.);
#8997 = EDGE_CURVE('',#8998,#8925,#9000,.T.);
#8998 = VERTEX_POINT('',#8999);
#8999 = CARTESIAN_POINT('',(126.25,38.3,17.5));
#9000 = SURFACE_CURVE('',#9001,(#9005,#9012),.PCURVE_S1.);
#9001 = LINE('',#9002,#9003);
#9002 = CARTESIAN_POINT('',(126.25,55.3,17.5));
#9003 = VECTOR('',#9004,1.);
#9004 = DIRECTION('',(-1.110223024625E-16,1.,0.));
#9005 = PCURVE('',#2998,#9006);
#9006 = DEFINITIONAL_REPRESENTATION('',(#9007),#9011);
#9007 = LINE('',#9008,#9009);
#9008 = CARTESIAN_POINT('',(1.,14.75));
#9009 = VECTOR('',#9010,1.);
#9010 = DIRECTION('',(0.,-1.));
#9011 = ( GEOMETRIC_REPRESENTATION_CONTEXT(2) 
PARAMETRIC_REPRESENTATION_CONTEXT() REPRESENTATION_CONTEXT('2D SPACE',''
  ) );
#9012 = PCURVE('',#8232,#9013);
#9013 = DEFINITIONAL_REPRESENTATION('',(#9014),#9018);
#9014 = LINE('',#9015,#9016);
#9015 = CARTESIAN_POINT('',(-7.171642085845,-14.15459465306));
#9016 = VECTOR('',#9017,1.);
#9017 = DIRECTION('',(-0.74899656249,-0.662573882203));
#9018 = ( GEOMETRIC_REPRESENTATION_CONTEXT(2) 
PARAMETRIC_REPRESENTATION_CONTEXT() REPRESENTATION_CONTEXT('2D SPACE',''
  ) );
#9019 = ORIENTED_EDGE('',*,*,#9020,.F.);
#9020 = EDGE_CURVE('',#8726,#8998,#9021,.T.);
#9021 = SURFACE_CURVE('',#9022,(#9027,#9038),.PCURVE_S1.);
#9022 = CIRCLE('',#9023,0.75);
#9023 = AXIS2_PLACEMENT_3D('',#9024,#9025,#9026);
#9024 = CARTESIAN_POINT('',(126.25,38.3,16.75));
#9025 = DIRECTION('',(-1.,-1.110223024625E-16,0.));
#9026 = DIRECTION('',(0.,0.,1.));
#9027 = PCURVE('',#2998,#9028);
#9028 = DEFINITIONAL_REPRESENTATION('',(#9029),#9037);
#9029 = ( BOUNDED_CURVE() B_SPLINE_CURVE(2,(#9030,#9031,#9032,#9033,
#9034,#9035,#9036),.UNSPECIFIED.,.T.,.F.) B_SPLINE_CURVE_WITH_KNOTS((1,2
    ,2,2,2,1),(-2.094395102393,0.,2.094395102393,4.188790204786,
6.28318530718,8.377580409573),.UNSPECIFIED.) CURVE() 
GEOMETRIC_REPRESENTATION_ITEM() RATIONAL_B_SPLINE_CURVE((1.,0.5,1.,0.5,
1.,0.5,1.)) REPRESENTATION_ITEM('') );
#9030 = CARTESIAN_POINT('',(1.,31.75));
#9031 = CARTESIAN_POINT('',(1.,30.450961894323));
#9032 = CARTESIAN_POINT('',(-0.125,31.100480947162));
#9033 = CARTESIAN_POINT('',(-1.25,31.75));
#9034 = CARTESIAN_POINT('',(-0.125,32.399519052838));
#9035 = CARTESIAN_POINT('',(1.,33.049038105677));
#9036 = CARTESIAN_POINT('',(1.,31.75));
#9037 = ( GEOMETRIC_REPRESENTATION_CONTEXT(2) 
PARAMETRIC_REPRESENTATION_CONTEXT() REPRESENTATION_CONTEXT('2D SPACE',''
  ) );
#9038 = PCURVE('',#8743,#9039);
#9039 = DEFINITIONAL_REPRESENTATION('',(#9040),#9044);
#9040 = LINE('',#9041,#9042);
#9041 = CARTESIAN_POINT('',(-6.28318530718,0.35));
#9042 = VECTOR('',#9043,1.);
#9043 = DIRECTION('',(1.,-0.));
#9044 = ( GEOMETRIC_REPRESENTATION_CONTEXT(2) 
PARAMETRIC_REPRESENTATION_CONTEXT() REPRESENTATION_CONTEXT('2D SPACE',''
  ) );
#9045 = ADVANCED_FACE('',(#9046),#2970,.F.);
#9046 = FACE_BOUND('',#9047,.T.);
#9047 = EDGE_LOOP('',(#9048,#9071,#9072,#9073));
#9048 = ORIENTED_EDGE('',*,*,#9049,.F.);
#9049 = EDGE_CURVE('',#2926,#9050,#9052,.T.);
#9050 = VERTEX_POINT('',#9051);
#9051 = CARTESIAN_POINT('',(126.,68.754751155487,24.8));
#9052 = SURFACE_CURVE('',#9053,(#9057,#9064),.PCURVE_S1.);
#9053 = LINE('',#9054,#9055);
#9054 = CARTESIAN_POINT('',(126.,68.754751155487,16.5));
#9055 = VECTOR('',#9056,1.);
#9056 = DIRECTION('',(0.,0.,1.));
#9057 = PCURVE('',#2970,#9058);
#9058 = DEFINITIONAL_REPRESENTATION('',(#9059),#9063);
#9059 = LINE('',#9060,#9061);
#9060 = CARTESIAN_POINT('',(-1.105340392274,0.));
#9061 = VECTOR('',#9062,1.);
#9062 = DIRECTION('',(-0.,1.));
#9063 = ( GEOMETRIC_REPRESENTATION_CONTEXT(2) 
PARAMETRIC_REPRESENTATION_CONTEXT() REPRESENTATION_CONTEXT('2D SPACE',''
  ) );
#9064 = PCURVE('',#2941,#9065);
#9065 = DEFINITIONAL_REPRESENTATION('',(#9066),#9070);
#9066 = LINE('',#9067,#9068);
#9067 = CARTESIAN_POINT('',(0.2,2.145248844513));
#9068 = VECTOR('',#9069,1.);
#9069 = DIRECTION('',(1.,0.));
#9070 = ( GEOMETRIC_REPRESENTATION_CONTEXT(2) 
PARAMETRIC_REPRESENTATION_CONTEXT() REPRESENTATION_CONTEXT('2D SPACE',''
  ) );
#9071 = ORIENTED_EDGE('',*,*,#2953,.F.);
#9072 = ORIENTED_EDGE('',*,*,#8827,.T.);
#9073 = ORIENTED_EDGE('',*,*,#9074,.T.);
#9074 = EDGE_CURVE('',#8828,#9050,#9075,.T.);
#9075 = SURFACE_CURVE('',#9076,(#9081,#9088),.PCURVE_S1.);
#9076 = CIRCLE('',#9077,2.35);
#9077 = AXIS2_PLACEMENT_3D('',#9078,#9079,#9080);
#9078 = CARTESIAN_POINT('',(123.9,67.7,24.8));
#9079 = DIRECTION('',(0.,0.,1.));
#9080 = DIRECTION('',(-1.110223024625E-16,1.,0.));
#9081 = PCURVE('',#2970,#9082);
#9082 = DEFINITIONAL_REPRESENTATION('',(#9083),#9087);
#9083 = LINE('',#9084,#9085);
#9084 = CARTESIAN_POINT('',(-6.28318530718,8.3));
#9085 = VECTOR('',#9086,1.);
#9086 = DIRECTION('',(1.,-0.));
#9087 = ( GEOMETRIC_REPRESENTATION_CONTEXT(2) 
PARAMETRIC_REPRESENTATION_CONTEXT() REPRESENTATION_CONTEXT('2D SPACE',''
  ) );
#9088 = PCURVE('',#4772,#9089);
#9089 = DEFINITIONAL_REPRESENTATION('',(#9090),#9094);
#9090 = CIRCLE('',#9091,2.35);
#9091 = AXIS2_PLACEMENT_2D('',#9092,#9093);
#9092 = CARTESIAN_POINT('',(4.15,125.05));
#9093 = DIRECTION('',(-1.,0.));
#9094 = ( GEOMETRIC_REPRESENTATION_CONTEXT(2) 
PARAMETRIC_REPRESENTATION_CONTEXT() REPRESENTATION_CONTEXT('2D SPACE',''
  ) );
#9095 = ADVANCED_FACE('',(#9096),#2941,.T.);
#9096 = FACE_BOUND('',#9097,.T.);
#9097 = EDGE_LOOP('',(#9098,#9128,#9156,#9177,#9178,#9179));
#9098 = ORIENTED_EDGE('',*,*,#9099,.F.);
#9099 = EDGE_CURVE('',#9100,#9102,#9104,.T.);
#9100 = VERTEX_POINT('',#9101);
#9101 = CARTESIAN_POINT('',(126.,68.1,16.3));
#9102 = VERTEX_POINT('',#9103);
#9103 = CARTESIAN_POINT('',(126.,68.1,24.8));
#9104 = SURFACE_CURVE('',#9105,(#9109,#9116),.PCURVE_S1.);
#9105 = LINE('',#9106,#9107);
#9106 = CARTESIAN_POINT('',(126.,68.1,16.3));
#9107 = VECTOR('',#9108,1.);
#9108 = DIRECTION('',(0.,0.,1.));
#9109 = PCURVE('',#2941,#9110);
#9110 = DEFINITIONAL_REPRESENTATION('',(#9111),#9115);
#9111 = LINE('',#9112,#9113);
#9112 = CARTESIAN_POINT('',(0.,2.8));
#9113 = VECTOR('',#9114,1.);
#9114 = DIRECTION('',(1.,0.));
#9115 = ( GEOMETRIC_REPRESENTATION_CONTEXT(2) 
PARAMETRIC_REPRESENTATION_CONTEXT() REPRESENTATION_CONTEXT('2D SPACE',''
  ) );
#9116 = PCURVE('',#9117,#9122);
#9117 = PLANE('',#9118);
#9118 = AXIS2_PLACEMENT_3D('',#9119,#9120,#9121);
#9119 = CARTESIAN_POINT('',(119.,68.1,16.3));
#9120 = DIRECTION('',(1.110223024625E-16,-1.,0.));
#9121 = DIRECTION('',(0.,0.,1.));
#9122 = DEFINITIONAL_REPRESENTATION('',(#9123),#9127);
#9123 = LINE('',#9124,#9125);
#9124 = CARTESIAN_POINT('',(0.,-7.));
#9125 = VECTOR('',#9126,1.);
#9126 = DIRECTION('',(1.,0.));
#9127 = ( GEOMETRIC_REPRESENTATION_CONTEXT(2) 
PARAMETRIC_REPRESENTATION_CONTEXT() REPRESENTATION_CONTEXT('2D SPACE',''
  ) );
#9128 = ORIENTED_EDGE('',*,*,#9129,.F.);
#9129 = EDGE_CURVE('',#9130,#9100,#9132,.T.);
#9130 = VERTEX_POINT('',#9131);
#9131 = CARTESIAN_POINT('',(126.,70.9,16.3));
#9132 = SURFACE_CURVE('',#9133,(#9137,#9144),.PCURVE_S1.);
#9133 = LINE('',#9134,#9135);
#9134 = CARTESIAN_POINT('',(126.,70.9,16.3));
#9135 = VECTOR('',#9136,1.);
#9136 = DIRECTION('',(1.110223024625E-16,-1.,0.));
#9137 = PCURVE('',#2941,#9138);
#9138 = DEFINITIONAL_REPRESENTATION('',(#9139),#9143);
#9139 = LINE('',#9140,#9141);
#9140 = CARTESIAN_POINT('',(0.,0.));
#9141 = VECTOR('',#9142,1.);
#9142 = DIRECTION('',(0.,1.));
#9143 = ( GEOMETRIC_REPRESENTATION_CONTEXT(2) 
PARAMETRIC_REPRESENTATION_CONTEXT() REPRESENTATION_CONTEXT('2D SPACE',''
  ) );
#9144 = PCURVE('',#9145,#9150);
#9145 = PLANE('',#9146);
#9146 = AXIS2_PLACEMENT_3D('',#9147,#9148,#9149);
#9147 = CARTESIAN_POINT('',(119.,70.9,16.3));
#9148 = DIRECTION('',(0.,0.,1.));
#9149 = DIRECTION('',(1.110223024625E-16,-1.,0.));
#9150 = DEFINITIONAL_REPRESENTATION('',(#9151),#9155);
#9151 = LINE('',#9152,#9153);
#9152 = CARTESIAN_POINT('',(7.771561172376E-16,7.));
#9153 = VECTOR('',#9154,1.);
#9154 = DIRECTION('',(1.,0.));
#9155 = ( GEOMETRIC_REPRESENTATION_CONTEXT(2) 
PARAMETRIC_REPRESENTATION_CONTEXT() REPRESENTATION_CONTEXT('2D SPACE',''
  ) );
#9156 = ORIENTED_EDGE('',*,*,#9157,.T.);
#9157 = EDGE_CURVE('',#9130,#2898,#9158,.T.);
#9158 = SURFACE_CURVE('',#9159,(#9163,#9170),.PCURVE_S1.);
#9159 = LINE('',#9160,#9161);
#9160 = CARTESIAN_POINT('',(126.,70.9,16.3));
#9161 = VECTOR('',#9162,1.);
#9162 = DIRECTION('',(0.,0.,1.));
#9163 = PCURVE('',#2941,#9164);
#9164 = DEFINITIONAL_REPRESENTATION('',(#9165),#9169);
#9165 = LINE('',#9166,#9167);
#9166 = CARTESIAN_POINT('',(0.,0.));
#9167 = VECTOR('',#9168,1.);
#9168 = DIRECTION('',(1.,0.));
#9169 = ( GEOMETRIC_REPRESENTATION_CONTEXT(2) 
PARAMETRIC_REPRESENTATION_CONTEXT() REPRESENTATION_CONTEXT('2D SPACE',''
  ) );
#9170 = PCURVE('',#2913,#9171);
#9171 = DEFINITIONAL_REPRESENTATION('',(#9172),#9176);
#9172 = LINE('',#9173,#9174);
#9173 = CARTESIAN_POINT('',(0.,-7.));
#9174 = VECTOR('',#9175,1.);
#9175 = DIRECTION('',(1.,0.));
#9176 = ( GEOMETRIC_REPRESENTATION_CONTEXT(2) 
PARAMETRIC_REPRESENTATION_CONTEXT() REPRESENTATION_CONTEXT('2D SPACE',''
  ) );
#9177 = ORIENTED_EDGE('',*,*,#2925,.F.);
#9178 = ORIENTED_EDGE('',*,*,#9049,.T.);
#9179 = ORIENTED_EDGE('',*,*,#9180,.F.);
#9180 = EDGE_CURVE('',#9102,#9050,#9181,.T.);
#9181 = SURFACE_CURVE('',#9182,(#9186,#9193),.PCURVE_S1.);
#9182 = LINE('',#9183,#9184);
#9183 = CARTESIAN_POINT('',(126.,71.375,24.8));
#9184 = VECTOR('',#9185,1.);
#9185 = DIRECTION('',(-1.110223024625E-16,1.,0.));
#9186 = PCURVE('',#2941,#9187);
#9187 = DEFINITIONAL_REPRESENTATION('',(#9188),#9192);
#9188 = LINE('',#9189,#9190);
#9189 = CARTESIAN_POINT('',(8.5,-0.475));
#9190 = VECTOR('',#9191,1.);
#9191 = DIRECTION('',(0.,-1.));
#9192 = ( GEOMETRIC_REPRESENTATION_CONTEXT(2) 
PARAMETRIC_REPRESENTATION_CONTEXT() REPRESENTATION_CONTEXT('2D SPACE',''
  ) );
#9193 = PCURVE('',#4772,#9194);
#9194 = DEFINITIONAL_REPRESENTATION('',(#9195),#9199);
#9195 = LINE('',#9196,#9197);
#9196 = CARTESIAN_POINT('',(0.475,127.15));
#9197 = VECTOR('',#9198,1.);
#9198 = DIRECTION('',(-1.,0.));
#9199 = ( GEOMETRIC_REPRESENTATION_CONTEXT(2) 
PARAMETRIC_REPRESENTATION_CONTEXT() REPRESENTATION_CONTEXT('2D SPACE',''
  ) );
#9200 = ADVANCED_FACE('',(#9201),#2913,.F.);
#9201 = FACE_BOUND('',#9202,.F.);
#9202 = EDGE_LOOP('',(#9203,#9226,#9247,#9248));
#9203 = ORIENTED_EDGE('',*,*,#9204,.F.);
#9204 = EDGE_CURVE('',#9205,#2870,#9207,.T.);
#9205 = VERTEX_POINT('',#9206);
#9206 = CARTESIAN_POINT('',(119.,70.9,16.3));
#9207 = SURFACE_CURVE('',#9208,(#9212,#9219),.PCURVE_S1.);
#9208 = LINE('',#9209,#9210);
#9209 = CARTESIAN_POINT('',(119.,70.9,16.3));
#9210 = VECTOR('',#9211,1.);
#9211 = DIRECTION('',(0.,0.,1.));
#9212 = PCURVE('',#2913,#9213);
#9213 = DEFINITIONAL_REPRESENTATION('',(#9214),#9218);
#9214 = LINE('',#9215,#9216);
#9215 = CARTESIAN_POINT('',(0.,0.));
#9216 = VECTOR('',#9217,1.);
#9217 = DIRECTION('',(1.,0.));
#9218 = ( GEOMETRIC_REPRESENTATION_CONTEXT(2) 
PARAMETRIC_REPRESENTATION_CONTEXT() REPRESENTATION_CONTEXT('2D SPACE',''
  ) );
#9219 = PCURVE('',#2885,#9220);
#9220 = DEFINITIONAL_REPRESENTATION('',(#9221),#9225);
#9221 = LINE('',#9222,#9223);
#9222 = CARTESIAN_POINT('',(0.,0.));
#9223 = VECTOR('',#9224,1.);
#9224 = DIRECTION('',(1.,0.));
#9225 = ( GEOMETRIC_REPRESENTATION_CONTEXT(2) 
PARAMETRIC_REPRESENTATION_CONTEXT() REPRESENTATION_CONTEXT('2D SPACE',''
  ) );
#9226 = ORIENTED_EDGE('',*,*,#9227,.T.);
#9227 = EDGE_CURVE('',#9205,#9130,#9228,.T.);
#9228 = SURFACE_CURVE('',#9229,(#9233,#9240),.PCURVE_S1.);
#9229 = LINE('',#9230,#9231);
#9230 = CARTESIAN_POINT('',(119.,70.9,16.3));
#9231 = VECTOR('',#9232,1.);
#9232 = DIRECTION('',(1.,1.110223024625E-16,0.));
#9233 = PCURVE('',#2913,#9234);
#9234 = DEFINITIONAL_REPRESENTATION('',(#9235),#9239);
#9235 = LINE('',#9236,#9237);
#9236 = CARTESIAN_POINT('',(0.,0.));
#9237 = VECTOR('',#9238,1.);
#9238 = DIRECTION('',(0.,-1.));
#9239 = ( GEOMETRIC_REPRESENTATION_CONTEXT(2) 
PARAMETRIC_REPRESENTATION_CONTEXT() REPRESENTATION_CONTEXT('2D SPACE',''
  ) );
#9240 = PCURVE('',#9145,#9241);
#9241 = DEFINITIONAL_REPRESENTATION('',(#9242),#9246);
#9242 = LINE('',#9243,#9244);
#9243 = CARTESIAN_POINT('',(0.,0.));
#9244 = VECTOR('',#9245,1.);
#9245 = DIRECTION('',(0.,1.));
#9246 = ( GEOMETRIC_REPRESENTATION_CONTEXT(2) 
PARAMETRIC_REPRESENTATION_CONTEXT() REPRESENTATION_CONTEXT('2D SPACE',''
  ) );
#9247 = ORIENTED_EDGE('',*,*,#9157,.T.);
#9248 = ORIENTED_EDGE('',*,*,#2897,.F.);
#9249 = ADVANCED_FACE('',(#9250),#2885,.F.);
#9250 = FACE_BOUND('',#9251,.F.);
#9251 = EDGE_LOOP('',(#9252,#9277,#9298,#9299,#9300,#9323));
#9252 = ORIENTED_EDGE('',*,*,#9253,.F.);
#9253 = EDGE_CURVE('',#9254,#9256,#9258,.T.);
#9254 = VERTEX_POINT('',#9255);
#9255 = CARTESIAN_POINT('',(119.,68.1,16.3));
#9256 = VERTEX_POINT('',#9257);
#9257 = CARTESIAN_POINT('',(119.,68.1,24.8));
#9258 = SURFACE_CURVE('',#9259,(#9263,#9270),.PCURVE_S1.);
#9259 = LINE('',#9260,#9261);
#9260 = CARTESIAN_POINT('',(119.,68.1,16.3));
#9261 = VECTOR('',#9262,1.);
#9262 = DIRECTION('',(0.,0.,1.));
#9263 = PCURVE('',#2885,#9264);
#9264 = DEFINITIONAL_REPRESENTATION('',(#9265),#9269);
#9265 = LINE('',#9266,#9267);
#9266 = CARTESIAN_POINT('',(0.,2.8));
#9267 = VECTOR('',#9268,1.);
#9268 = DIRECTION('',(1.,0.));
#9269 = ( GEOMETRIC_REPRESENTATION_CONTEXT(2) 
PARAMETRIC_REPRESENTATION_CONTEXT() REPRESENTATION_CONTEXT('2D SPACE',''
  ) );
#9270 = PCURVE('',#9117,#9271);
#9271 = DEFINITIONAL_REPRESENTATION('',(#9272),#9276);
#9272 = LINE('',#9273,#9274);
#9273 = CARTESIAN_POINT('',(0.,0.));
#9274 = VECTOR('',#9275,1.);
#9275 = DIRECTION('',(1.,0.));
#9276 = ( GEOMETRIC_REPRESENTATION_CONTEXT(2) 
PARAMETRIC_REPRESENTATION_CONTEXT() REPRESENTATION_CONTEXT('2D SPACE',''
  ) );
#9277 = ORIENTED_EDGE('',*,*,#9278,.F.);
#9278 = EDGE_CURVE('',#9205,#9254,#9279,.T.);
#9279 = SURFACE_CURVE('',#9280,(#9284,#9291),.PCURVE_S1.);
#9280 = LINE('',#9281,#9282);
#9281 = CARTESIAN_POINT('',(119.,70.9,16.3));
#9282 = VECTOR('',#9283,1.);
#9283 = DIRECTION('',(1.110223024625E-16,-1.,0.));
#9284 = PCURVE('',#2885,#9285);
#9285 = DEFINITIONAL_REPRESENTATION('',(#9286),#9290);
#9286 = LINE('',#9287,#9288);
#9287 = CARTESIAN_POINT('',(0.,0.));
#9288 = VECTOR('',#9289,1.);
#9289 = DIRECTION('',(0.,1.));
#9290 = ( GEOMETRIC_REPRESENTATION_CONTEXT(2) 
PARAMETRIC_REPRESENTATION_CONTEXT() REPRESENTATION_CONTEXT('2D SPACE',''
  ) );
#9291 = PCURVE('',#9145,#9292);
#9292 = DEFINITIONAL_REPRESENTATION('',(#9293),#9297);
#9293 = LINE('',#9294,#9295);
#9294 = CARTESIAN_POINT('',(0.,0.));
#9295 = VECTOR('',#9296,1.);
#9296 = DIRECTION('',(1.,0.));
#9297 = ( GEOMETRIC_REPRESENTATION_CONTEXT(2) 
PARAMETRIC_REPRESENTATION_CONTEXT() REPRESENTATION_CONTEXT('2D SPACE',''
  ) );
#9298 = ORIENTED_EDGE('',*,*,#9204,.T.);
#9299 = ORIENTED_EDGE('',*,*,#2869,.F.);
#9300 = ORIENTED_EDGE('',*,*,#9301,.T.);
#9301 = EDGE_CURVE('',#2842,#9302,#9304,.T.);
#9302 = VERTEX_POINT('',#9303);
#9303 = CARTESIAN_POINT('',(119.,70.05,24.8));
#9304 = SURFACE_CURVE('',#9305,(#9309,#9316),.PCURVE_S1.);
#9305 = LINE('',#9306,#9307);
#9306 = CARTESIAN_POINT('',(119.,70.05,16.4));
#9307 = VECTOR('',#9308,1.);
#9308 = DIRECTION('',(0.,0.,1.));
#9309 = PCURVE('',#2885,#9310);
#9310 = DEFINITIONAL_REPRESENTATION('',(#9311),#9315);
#9311 = LINE('',#9312,#9313);
#9312 = CARTESIAN_POINT('',(1.E-01,0.85));
#9313 = VECTOR('',#9314,1.);
#9314 = DIRECTION('',(1.,0.));
#9315 = ( GEOMETRIC_REPRESENTATION_CONTEXT(2) 
PARAMETRIC_REPRESENTATION_CONTEXT() REPRESENTATION_CONTEXT('2D SPACE',''
  ) );
#9316 = PCURVE('',#2857,#9317);
#9317 = DEFINITIONAL_REPRESENTATION('',(#9318),#9322);
#9318 = LINE('',#9319,#9320);
#9319 = CARTESIAN_POINT('',(-0.1,-118.35));
#9320 = VECTOR('',#9321,1.);
#9321 = DIRECTION('',(1.,0.));
#9322 = ( GEOMETRIC_REPRESENTATION_CONTEXT(2) 
PARAMETRIC_REPRESENTATION_CONTEXT() REPRESENTATION_CONTEXT('2D SPACE',''
  ) );
#9323 = ORIENTED_EDGE('',*,*,#9324,.F.);
#9324 = EDGE_CURVE('',#9256,#9302,#9325,.T.);
#9325 = SURFACE_CURVE('',#9326,(#9330,#9337),.PCURVE_S1.);
#9326 = LINE('',#9327,#9328);
#9327 = CARTESIAN_POINT('',(119.,71.375,24.8));
#9328 = VECTOR('',#9329,1.);
#9329 = DIRECTION('',(-1.110223024625E-16,1.,0.));
#9330 = PCURVE('',#2885,#9331);
#9331 = DEFINITIONAL_REPRESENTATION('',(#9332),#9336);
#9332 = LINE('',#9333,#9334);
#9333 = CARTESIAN_POINT('',(8.5,-0.475));
#9334 = VECTOR('',#9335,1.);
#9335 = DIRECTION('',(0.,-1.));
#9336 = ( GEOMETRIC_REPRESENTATION_CONTEXT(2) 
PARAMETRIC_REPRESENTATION_CONTEXT() REPRESENTATION_CONTEXT('2D SPACE',''
  ) );
#9337 = PCURVE('',#4772,#9338);
#9338 = DEFINITIONAL_REPRESENTATION('',(#9339),#9343);
#9339 = LINE('',#9340,#9341);
#9340 = CARTESIAN_POINT('',(0.475,120.15));
#9341 = VECTOR('',#9342,1.);
#9342 = DIRECTION('',(-1.,0.));
#9343 = ( GEOMETRIC_REPRESENTATION_CONTEXT(2) 
PARAMETRIC_REPRESENTATION_CONTEXT() REPRESENTATION_CONTEXT('2D SPACE',''
  ) );
#9344 = ADVANCED_FACE('',(#9345,#9393,#9399,#9405,#9411),#2857,.T.);
#9345 = FACE_BOUND('',#9346,.T.);
#9346 = EDGE_LOOP('',(#9347,#9370,#9391,#9392));
#9347 = ORIENTED_EDGE('',*,*,#9348,.F.);
#9348 = EDGE_CURVE('',#9349,#9302,#9351,.T.);
#9349 = VERTEX_POINT('',#9350);
#9350 = CARTESIAN_POINT('',(65.,70.05,24.8));
#9351 = SURFACE_CURVE('',#9352,(#9356,#9363),.PCURVE_S1.);
#9352 = LINE('',#9353,#9354);
#9353 = CARTESIAN_POINT('',(-0.25,70.05,24.8));
#9354 = VECTOR('',#9355,1.);
#9355 = DIRECTION('',(1.,1.110223024625E-16,0.));
#9356 = PCURVE('',#2857,#9357);
#9357 = DEFINITIONAL_REPRESENTATION('',(#9358),#9362);
#9358 = LINE('',#9359,#9360);
#9359 = CARTESIAN_POINT('',(8.3,0.9));
#9360 = VECTOR('',#9361,1.);
#9361 = DIRECTION('',(0.,-1.));
#9362 = ( GEOMETRIC_REPRESENTATION_CONTEXT(2) 
PARAMETRIC_REPRESENTATION_CONTEXT() REPRESENTATION_CONTEXT('2D SPACE',''
  ) );
#9363 = PCURVE('',#4772,#9364);
#9364 = DEFINITIONAL_REPRESENTATION('',(#9365),#9369);
#9365 = LINE('',#9366,#9367);
#9366 = CARTESIAN_POINT('',(1.8,0.9));
#9367 = VECTOR('',#9368,1.);
#9368 = DIRECTION('',(0.,1.));
#9369 = ( GEOMETRIC_REPRESENTATION_CONTEXT(2) 
PARAMETRIC_REPRESENTATION_CONTEXT() REPRESENTATION_CONTEXT('2D SPACE',''
  ) );
#9370 = ORIENTED_EDGE('',*,*,#9371,.F.);
#9371 = EDGE_CURVE('',#2814,#9349,#9372,.T.);
#9372 = SURFACE_CURVE('',#9373,(#9377,#9384),.PCURVE_S1.);
#9373 = LINE('',#9374,#9375);
#9374 = CARTESIAN_POINT('',(65.,70.05,16.4));
#9375 = VECTOR('',#9376,1.);
#9376 = DIRECTION('',(0.,0.,1.));
#9377 = PCURVE('',#2857,#9378);
#9378 = DEFINITIONAL_REPRESENTATION('',(#9379),#9383);
#9379 = LINE('',#9380,#9381);
#9380 = CARTESIAN_POINT('',(-0.1,-64.35));
#9381 = VECTOR('',#9382,1.);
#9382 = DIRECTION('',(1.,0.));
#9383 = ( GEOMETRIC_REPRESENTATION_CONTEXT(2) 
PARAMETRIC_REPRESENTATION_CONTEXT() REPRESENTATION_CONTEXT('2D SPACE',''
  ) );
#9384 = PCURVE('',#2829,#9385);
#9385 = DEFINITIONAL_REPRESENTATION('',(#9386),#9390);
#9386 = LINE('',#9387,#9388);
#9387 = CARTESIAN_POINT('',(1.E-01,0.85));
#9388 = VECTOR('',#9389,1.);
#9389 = DIRECTION('',(1.,0.));
#9390 = ( GEOMETRIC_REPRESENTATION_CONTEXT(2) 
PARAMETRIC_REPRESENTATION_CONTEXT() REPRESENTATION_CONTEXT('2D SPACE',''
  ) );
#9391 = ORIENTED_EDGE('',*,*,#2841,.T.);
#9392 = ORIENTED_EDGE('',*,*,#9301,.T.);
#9393 = FACE_BOUND('',#9394,.T.);
#9394 = EDGE_LOOP('',(#9395,#9396,#9397,#9398));
#9395 = ORIENTED_EDGE('',*,*,#3406,.T.);
#9396 = ORIENTED_EDGE('',*,*,#3531,.T.);
#9397 = ORIENTED_EDGE('',*,*,#3504,.F.);
#9398 = ORIENTED_EDGE('',*,*,#3455,.F.);
#9399 = FACE_BOUND('',#9400,.T.);
#9400 = EDGE_LOOP('',(#9401,#9402,#9403,#9404));
#9401 = ORIENTED_EDGE('',*,*,#3602,.T.);
#9402 = ORIENTED_EDGE('',*,*,#3700,.T.);
#9403 = ORIENTED_EDGE('',*,*,#3727,.F.);
#9404 = ORIENTED_EDGE('',*,*,#3651,.F.);
#9405 = FACE_BOUND('',#9406,.T.);
#9406 = EDGE_LOOP('',(#9407,#9408,#9409,#9410));
#9407 = ORIENTED_EDGE('',*,*,#3798,.T.);
#9408 = ORIENTED_EDGE('',*,*,#3896,.T.);
#9409 = ORIENTED_EDGE('',*,*,#3923,.F.);
#9410 = ORIENTED_EDGE('',*,*,#3847,.F.);
#9411 = FACE_BOUND('',#9412,.T.);
#9412 = EDGE_LOOP('',(#9413,#9414,#9415,#9416));
#9413 = ORIENTED_EDGE('',*,*,#3994,.T.);
#9414 = ORIENTED_EDGE('',*,*,#4092,.T.);
#9415 = ORIENTED_EDGE('',*,*,#4119,.F.);
#9416 = ORIENTED_EDGE('',*,*,#4043,.F.);
#9417 = ADVANCED_FACE('',(#9418),#2829,.T.);
#9418 = FACE_BOUND('',#9419,.T.);
#9419 = EDGE_LOOP('',(#9420,#9450,#9478,#9499,#9500,#9501));
#9420 = ORIENTED_EDGE('',*,*,#9421,.F.);
#9421 = EDGE_CURVE('',#9422,#9424,#9426,.T.);
#9422 = VERTEX_POINT('',#9423);
#9423 = CARTESIAN_POINT('',(65.,68.1,16.3));
#9424 = VERTEX_POINT('',#9425);
#9425 = CARTESIAN_POINT('',(65.,68.1,24.8));
#9426 = SURFACE_CURVE('',#9427,(#9431,#9438),.PCURVE_S1.);
#9427 = LINE('',#9428,#9429);
#9428 = CARTESIAN_POINT('',(65.,68.1,16.3));
#9429 = VECTOR('',#9430,1.);
#9430 = DIRECTION('',(0.,0.,1.));
#9431 = PCURVE('',#2829,#9432);
#9432 = DEFINITIONAL_REPRESENTATION('',(#9433),#9437);
#9433 = LINE('',#9434,#9435);
#9434 = CARTESIAN_POINT('',(0.,2.8));
#9435 = VECTOR('',#9436,1.);
#9436 = DIRECTION('',(1.,0.));
#9437 = ( GEOMETRIC_REPRESENTATION_CONTEXT(2) 
PARAMETRIC_REPRESENTATION_CONTEXT() REPRESENTATION_CONTEXT('2D SPACE',''
  ) );
#9438 = PCURVE('',#9439,#9444);
#9439 = PLANE('',#9440);
#9440 = AXIS2_PLACEMENT_3D('',#9441,#9442,#9443);
#9441 = CARTESIAN_POINT('',(58.,68.1,16.3));
#9442 = DIRECTION('',(1.110223024625E-16,-1.,0.));
#9443 = DIRECTION('',(0.,0.,1.));
#9444 = DEFINITIONAL_REPRESENTATION('',(#9445),#9449);
#9445 = LINE('',#9446,#9447);
#9446 = CARTESIAN_POINT('',(0.,-7.));
#9447 = VECTOR('',#9448,1.);
#9448 = DIRECTION('',(1.,0.));
#9449 = ( GEOMETRIC_REPRESENTATION_CONTEXT(2) 
PARAMETRIC_REPRESENTATION_CONTEXT() REPRESENTATION_CONTEXT('2D SPACE',''
  ) );
#9450 = ORIENTED_EDGE('',*,*,#9451,.F.);
#9451 = EDGE_CURVE('',#9452,#9422,#9454,.T.);
#9452 = VERTEX_POINT('',#9453);
#9453 = CARTESIAN_POINT('',(65.,70.9,16.3));
#9454 = SURFACE_CURVE('',#9455,(#9459,#9466),.PCURVE_S1.);
#9455 = LINE('',#9456,#9457);
#9456 = CARTESIAN_POINT('',(65.,70.9,16.3));
#9457 = VECTOR('',#9458,1.);
#9458 = DIRECTION('',(1.110223024625E-16,-1.,0.));
#9459 = PCURVE('',#2829,#9460);
#9460 = DEFINITIONAL_REPRESENTATION('',(#9461),#9465);
#9461 = LINE('',#9462,#9463);
#9462 = CARTESIAN_POINT('',(0.,0.));
#9463 = VECTOR('',#9464,1.);
#9464 = DIRECTION('',(0.,1.));
#9465 = ( GEOMETRIC_REPRESENTATION_CONTEXT(2) 
PARAMETRIC_REPRESENTATION_CONTEXT() REPRESENTATION_CONTEXT('2D SPACE',''
  ) );
#9466 = PCURVE('',#9467,#9472);
#9467 = PLANE('',#9468);
#9468 = AXIS2_PLACEMENT_3D('',#9469,#9470,#9471);
#9469 = CARTESIAN_POINT('',(58.,70.9,16.3));
#9470 = DIRECTION('',(0.,0.,1.));
#9471 = DIRECTION('',(1.110223024625E-16,-1.,0.));
#9472 = DEFINITIONAL_REPRESENTATION('',(#9473),#9477);
#9473 = LINE('',#9474,#9475);
#9474 = CARTESIAN_POINT('',(-1.343369859796E-14,7.));
#9475 = VECTOR('',#9476,1.);
#9476 = DIRECTION('',(1.,0.));
#9477 = ( GEOMETRIC_REPRESENTATION_CONTEXT(2) 
PARAMETRIC_REPRESENTATION_CONTEXT() REPRESENTATION_CONTEXT('2D SPACE',''
  ) );
#9478 = ORIENTED_EDGE('',*,*,#9479,.T.);
#9479 = EDGE_CURVE('',#9452,#2786,#9480,.T.);
#9480 = SURFACE_CURVE('',#9481,(#9485,#9492),.PCURVE_S1.);
#9481 = LINE('',#9482,#9483);
#9482 = CARTESIAN_POINT('',(65.,70.9,16.3));
#9483 = VECTOR('',#9484,1.);
#9484 = DIRECTION('',(0.,0.,1.));
#9485 = PCURVE('',#2829,#9486);
#9486 = DEFINITIONAL_REPRESENTATION('',(#9487),#9491);
#9487 = LINE('',#9488,#9489);
#9488 = CARTESIAN_POINT('',(0.,0.));
#9489 = VECTOR('',#9490,1.);
#9490 = DIRECTION('',(1.,0.));
#9491 = ( GEOMETRIC_REPRESENTATION_CONTEXT(2) 
PARAMETRIC_REPRESENTATION_CONTEXT() REPRESENTATION_CONTEXT('2D SPACE',''
  ) );
#9492 = PCURVE('',#2801,#9493);
#9493 = DEFINITIONAL_REPRESENTATION('',(#9494),#9498);
#9494 = LINE('',#9495,#9496);
#9495 = CARTESIAN_POINT('',(0.,-7.));
#9496 = VECTOR('',#9497,1.);
#9497 = DIRECTION('',(1.,0.));
#9498 = ( GEOMETRIC_REPRESENTATION_CONTEXT(2) 
PARAMETRIC_REPRESENTATION_CONTEXT() REPRESENTATION_CONTEXT('2D SPACE',''
  ) );
#9499 = ORIENTED_EDGE('',*,*,#2813,.F.);
#9500 = ORIENTED_EDGE('',*,*,#9371,.T.);
#9501 = ORIENTED_EDGE('',*,*,#9502,.F.);
#9502 = EDGE_CURVE('',#9424,#9349,#9503,.T.);
#9503 = SURFACE_CURVE('',#9504,(#9508,#9515),.PCURVE_S1.);
#9504 = LINE('',#9505,#9506);
#9505 = CARTESIAN_POINT('',(65.,71.375,24.8));
#9506 = VECTOR('',#9507,1.);
#9507 = DIRECTION('',(-1.110223024625E-16,1.,0.));
#9508 = PCURVE('',#2829,#9509);
#9509 = DEFINITIONAL_REPRESENTATION('',(#9510),#9514);
#9510 = LINE('',#9511,#9512);
#9511 = CARTESIAN_POINT('',(8.5,-0.475));
#9512 = VECTOR('',#9513,1.);
#9513 = DIRECTION('',(0.,-1.));
#9514 = ( GEOMETRIC_REPRESENTATION_CONTEXT(2) 
PARAMETRIC_REPRESENTATION_CONTEXT() REPRESENTATION_CONTEXT('2D SPACE',''
  ) );
#9515 = PCURVE('',#4772,#9516);
#9516 = DEFINITIONAL_REPRESENTATION('',(#9517),#9521);
#9517 = LINE('',#9518,#9519);
#9518 = CARTESIAN_POINT('',(0.475,66.15));
#9519 = VECTOR('',#9520,1.);
#9520 = DIRECTION('',(-1.,0.));
#9521 = ( GEOMETRIC_REPRESENTATION_CONTEXT(2) 
PARAMETRIC_REPRESENTATION_CONTEXT() REPRESENTATION_CONTEXT('2D SPACE',''
  ) );
#9522 = ADVANCED_FACE('',(#9523),#2801,.F.);
#9523 = FACE_BOUND('',#9524,.F.);
#9524 = EDGE_LOOP('',(#9525,#9548,#9569,#9570));
#9525 = ORIENTED_EDGE('',*,*,#9526,.F.);
#9526 = EDGE_CURVE('',#9527,#2758,#9529,.T.);
#9527 = VERTEX_POINT('',#9528);
#9528 = CARTESIAN_POINT('',(58.,70.9,16.3));
#9529 = SURFACE_CURVE('',#9530,(#9534,#9541),.PCURVE_S1.);
#9530 = LINE('',#9531,#9532);
#9531 = CARTESIAN_POINT('',(58.,70.9,16.3));
#9532 = VECTOR('',#9533,1.);
#9533 = DIRECTION('',(0.,0.,1.));
#9534 = PCURVE('',#2801,#9535);
#9535 = DEFINITIONAL_REPRESENTATION('',(#9536),#9540);
#9536 = LINE('',#9537,#9538);
#9537 = CARTESIAN_POINT('',(0.,0.));
#9538 = VECTOR('',#9539,1.);
#9539 = DIRECTION('',(1.,0.));
#9540 = ( GEOMETRIC_REPRESENTATION_CONTEXT(2) 
PARAMETRIC_REPRESENTATION_CONTEXT() REPRESENTATION_CONTEXT('2D SPACE',''
  ) );
#9541 = PCURVE('',#2773,#9542);
#9542 = DEFINITIONAL_REPRESENTATION('',(#9543),#9547);
#9543 = LINE('',#9544,#9545);
#9544 = CARTESIAN_POINT('',(0.,0.));
#9545 = VECTOR('',#9546,1.);
#9546 = DIRECTION('',(1.,0.));
#9547 = ( GEOMETRIC_REPRESENTATION_CONTEXT(2) 
PARAMETRIC_REPRESENTATION_CONTEXT() REPRESENTATION_CONTEXT('2D SPACE',''
  ) );
#9548 = ORIENTED_EDGE('',*,*,#9549,.T.);
#9549 = EDGE_CURVE('',#9527,#9452,#9550,.T.);
#9550 = SURFACE_CURVE('',#9551,(#9555,#9562),.PCURVE_S1.);
#9551 = LINE('',#9552,#9553);
#9552 = CARTESIAN_POINT('',(58.,70.9,16.3));
#9553 = VECTOR('',#9554,1.);
#9554 = DIRECTION('',(1.,1.110223024625E-16,0.));
#9555 = PCURVE('',#2801,#9556);
#9556 = DEFINITIONAL_REPRESENTATION('',(#9557),#9561);
#9557 = LINE('',#9558,#9559);
#9558 = CARTESIAN_POINT('',(0.,0.));
#9559 = VECTOR('',#9560,1.);
#9560 = DIRECTION('',(0.,-1.));
#9561 = ( GEOMETRIC_REPRESENTATION_CONTEXT(2) 
PARAMETRIC_REPRESENTATION_CONTEXT() REPRESENTATION_CONTEXT('2D SPACE',''
  ) );
#9562 = PCURVE('',#9467,#9563);
#9563 = DEFINITIONAL_REPRESENTATION('',(#9564),#9568);
#9564 = LINE('',#9565,#9566);
#9565 = CARTESIAN_POINT('',(0.,0.));
#9566 = VECTOR('',#9567,1.);
#9567 = DIRECTION('',(0.,1.));
#9568 = ( GEOMETRIC_REPRESENTATION_CONTEXT(2) 
PARAMETRIC_REPRESENTATION_CONTEXT() REPRESENTATION_CONTEXT('2D SPACE',''
  ) );
#9569 = ORIENTED_EDGE('',*,*,#9479,.T.);
#9570 = ORIENTED_EDGE('',*,*,#2785,.F.);
#9571 = ADVANCED_FACE('',(#9572),#2773,.F.);
#9572 = FACE_BOUND('',#9573,.F.);
#9573 = EDGE_LOOP('',(#9574,#9599,#9620,#9621,#9622,#9645));
#9574 = ORIENTED_EDGE('',*,*,#9575,.F.);
#9575 = EDGE_CURVE('',#9576,#9578,#9580,.T.);
#9576 = VERTEX_POINT('',#9577);
#9577 = CARTESIAN_POINT('',(58.,68.1,16.3));
#9578 = VERTEX_POINT('',#9579);
#9579 = CARTESIAN_POINT('',(58.,68.1,24.8));
#9580 = SURFACE_CURVE('',#9581,(#9585,#9592),.PCURVE_S1.);
#9581 = LINE('',#9582,#9583);
#9582 = CARTESIAN_POINT('',(58.,68.1,16.3));
#9583 = VECTOR('',#9584,1.);
#9584 = DIRECTION('',(0.,0.,1.));
#9585 = PCURVE('',#2773,#9586);
#9586 = DEFINITIONAL_REPRESENTATION('',(#9587),#9591);
#9587 = LINE('',#9588,#9589);
#9588 = CARTESIAN_POINT('',(0.,2.8));
#9589 = VECTOR('',#9590,1.);
#9590 = DIRECTION('',(1.,0.));
#9591 = ( GEOMETRIC_REPRESENTATION_CONTEXT(2) 
PARAMETRIC_REPRESENTATION_CONTEXT() REPRESENTATION_CONTEXT('2D SPACE',''
  ) );
#9592 = PCURVE('',#9439,#9593);
#9593 = DEFINITIONAL_REPRESENTATION('',(#9594),#9598);
#9594 = LINE('',#9595,#9596);
#9595 = CARTESIAN_POINT('',(0.,0.));
#9596 = VECTOR('',#9597,1.);
#9597 = DIRECTION('',(1.,0.));
#9598 = ( GEOMETRIC_REPRESENTATION_CONTEXT(2) 
PARAMETRIC_REPRESENTATION_CONTEXT() REPRESENTATION_CONTEXT('2D SPACE',''
  ) );
#9599 = ORIENTED_EDGE('',*,*,#9600,.F.);
#9600 = EDGE_CURVE('',#9527,#9576,#9601,.T.);
#9601 = SURFACE_CURVE('',#9602,(#9606,#9613),.PCURVE_S1.);
#9602 = LINE('',#9603,#9604);
#9603 = CARTESIAN_POINT('',(58.,70.9,16.3));
#9604 = VECTOR('',#9605,1.);
#9605 = DIRECTION('',(1.110223024625E-16,-1.,0.));
#9606 = PCURVE('',#2773,#9607);
#9607 = DEFINITIONAL_REPRESENTATION('',(#9608),#9612);
#9608 = LINE('',#9609,#9610);
#9609 = CARTESIAN_POINT('',(0.,0.));
#9610 = VECTOR('',#9611,1.);
#9611 = DIRECTION('',(0.,1.));
#9612 = ( GEOMETRIC_REPRESENTATION_CONTEXT(2) 
PARAMETRIC_REPRESENTATION_CONTEXT() REPRESENTATION_CONTEXT('2D SPACE',''
  ) );
#9613 = PCURVE('',#9467,#9614);
#9614 = DEFINITIONAL_REPRESENTATION('',(#9615),#9619);
#9615 = LINE('',#9616,#9617);
#9616 = CARTESIAN_POINT('',(0.,0.));
#9617 = VECTOR('',#9618,1.);
#9618 = DIRECTION('',(1.,0.));
#9619 = ( GEOMETRIC_REPRESENTATION_CONTEXT(2) 
PARAMETRIC_REPRESENTATION_CONTEXT() REPRESENTATION_CONTEXT('2D SPACE',''
  ) );
#9620 = ORIENTED_EDGE('',*,*,#9526,.T.);
#9621 = ORIENTED_EDGE('',*,*,#2757,.F.);
#9622 = ORIENTED_EDGE('',*,*,#9623,.T.);
#9623 = EDGE_CURVE('',#2730,#9624,#9626,.T.);
#9624 = VERTEX_POINT('',#9625);
#9625 = CARTESIAN_POINT('',(58.,70.05,24.8));
#9626 = SURFACE_CURVE('',#9627,(#9631,#9638),.PCURVE_S1.);
#9627 = LINE('',#9628,#9629);
#9628 = CARTESIAN_POINT('',(58.,70.05,16.4));
#9629 = VECTOR('',#9630,1.);
#9630 = DIRECTION('',(0.,0.,1.));
#9631 = PCURVE('',#2773,#9632);
#9632 = DEFINITIONAL_REPRESENTATION('',(#9633),#9637);
#9633 = LINE('',#9634,#9635);
#9634 = CARTESIAN_POINT('',(1.E-01,0.85));
#9635 = VECTOR('',#9636,1.);
#9636 = DIRECTION('',(1.,0.));
#9637 = ( GEOMETRIC_REPRESENTATION_CONTEXT(2) 
PARAMETRIC_REPRESENTATION_CONTEXT() REPRESENTATION_CONTEXT('2D SPACE',''
  ) );
#9638 = PCURVE('',#2745,#9639);
#9639 = DEFINITIONAL_REPRESENTATION('',(#9640),#9644);
#9640 = LINE('',#9641,#9642);
#9641 = CARTESIAN_POINT('',(-0.1,-57.35));
#9642 = VECTOR('',#9643,1.);
#9643 = DIRECTION('',(1.,0.));
#9644 = ( GEOMETRIC_REPRESENTATION_CONTEXT(2) 
PARAMETRIC_REPRESENTATION_CONTEXT() REPRESENTATION_CONTEXT('2D SPACE',''
  ) );
#9645 = ORIENTED_EDGE('',*,*,#9646,.F.);
#9646 = EDGE_CURVE('',#9578,#9624,#9647,.T.);
#9647 = SURFACE_CURVE('',#9648,(#9652,#9659),.PCURVE_S1.);
#9648 = LINE('',#9649,#9650);
#9649 = CARTESIAN_POINT('',(58.,71.375,24.8));
#9650 = VECTOR('',#9651,1.);
#9651 = DIRECTION('',(-1.110223024625E-16,1.,0.));
#9652 = PCURVE('',#2773,#9653);
#9653 = DEFINITIONAL_REPRESENTATION('',(#9654),#9658);
#9654 = LINE('',#9655,#9656);
#9655 = CARTESIAN_POINT('',(8.5,-0.475));
#9656 = VECTOR('',#9657,1.);
#9657 = DIRECTION('',(0.,-1.));
#9658 = ( GEOMETRIC_REPRESENTATION_CONTEXT(2) 
PARAMETRIC_REPRESENTATION_CONTEXT() REPRESENTATION_CONTEXT('2D SPACE',''
  ) );
#9659 = PCURVE('',#4772,#9660);
#9660 = DEFINITIONAL_REPRESENTATION('',(#9661),#9665);
#9661 = LINE('',#9662,#9663);
#9662 = CARTESIAN_POINT('',(0.475,59.15));
#9663 = VECTOR('',#9664,1.);
#9664 = DIRECTION('',(-1.,0.));
#9665 = ( GEOMETRIC_REPRESENTATION_CONTEXT(2) 
PARAMETRIC_REPRESENTATION_CONTEXT() REPRESENTATION_CONTEXT('2D SPACE',''
  ) );
#9666 = ADVANCED_FACE('',(#9667),#2745,.T.);
#9667 = FACE_BOUND('',#9668,.T.);
#9668 = EDGE_LOOP('',(#9669,#9699,#9720,#9721,#9722,#9745,#9773,#9801));
#9669 = ORIENTED_EDGE('',*,*,#9670,.F.);
#9670 = EDGE_CURVE('',#9671,#9673,#9675,.T.);
#9671 = VERTEX_POINT('',#9672);
#9672 = CARTESIAN_POINT('',(3.,70.05,24.8));
#9673 = VERTEX_POINT('',#9674);
#9674 = CARTESIAN_POINT('',(5.,70.05,24.8));
#9675 = SURFACE_CURVE('',#9676,(#9680,#9687),.PCURVE_S1.);
#9676 = LINE('',#9677,#9678);
#9677 = CARTESIAN_POINT('',(-0.25,70.05,24.8));
#9678 = VECTOR('',#9679,1.);
#9679 = DIRECTION('',(1.,1.110223024625E-16,0.));
#9680 = PCURVE('',#2745,#9681);
#9681 = DEFINITIONAL_REPRESENTATION('',(#9682),#9686);
#9682 = LINE('',#9683,#9684);
#9683 = CARTESIAN_POINT('',(8.3,0.9));
#9684 = VECTOR('',#9685,1.);
#9685 = DIRECTION('',(0.,-1.));
#9686 = ( GEOMETRIC_REPRESENTATION_CONTEXT(2) 
PARAMETRIC_REPRESENTATION_CONTEXT() REPRESENTATION_CONTEXT('2D SPACE',''
  ) );
#9687 = PCURVE('',#9688,#9693);
#9688 = PLANE('',#9689);
#9689 = AXIS2_PLACEMENT_3D('',#9690,#9691,#9692);
#9690 = CARTESIAN_POINT('',(-1.15,71.85,24.8));
#9691 = DIRECTION('',(0.,0.,1.));
#9692 = DIRECTION('',(1.110223024625E-16,-1.,0.));
#9693 = DEFINITIONAL_REPRESENTATION('',(#9694),#9698);
#9694 = LINE('',#9695,#9696);
#9695 = CARTESIAN_POINT('',(1.8,0.9));
#9696 = VECTOR('',#9697,1.);
#9697 = DIRECTION('',(0.,1.));
#9698 = ( GEOMETRIC_REPRESENTATION_CONTEXT(2) 
PARAMETRIC_REPRESENTATION_CONTEXT() REPRESENTATION_CONTEXT('2D SPACE',''
  ) );
#9699 = ORIENTED_EDGE('',*,*,#9700,.F.);
#9700 = EDGE_CURVE('',#2701,#9671,#9701,.T.);
#9701 = SURFACE_CURVE('',#9702,(#9706,#9713),.PCURVE_S1.);
#9702 = LINE('',#9703,#9704);
#9703 = CARTESIAN_POINT('',(3.,70.05,16.5));
#9704 = VECTOR('',#9705,1.);
#9705 = DIRECTION('',(0.,0.,1.));
#9706 = PCURVE('',#2745,#9707);
#9707 = DEFINITIONAL_REPRESENTATION('',(#9708),#9712);
#9708 = LINE('',#9709,#9710);
#9709 = CARTESIAN_POINT('',(0.,-2.35));
#9710 = VECTOR('',#9711,1.);
#9711 = DIRECTION('',(1.,0.));
#9712 = ( GEOMETRIC_REPRESENTATION_CONTEXT(2) 
PARAMETRIC_REPRESENTATION_CONTEXT() REPRESENTATION_CONTEXT('2D SPACE',''
  ) );
#9713 = PCURVE('',#2717,#9714);
#9714 = DEFINITIONAL_REPRESENTATION('',(#9715),#9719);
#9715 = LINE('',#9716,#9717);
#9716 = CARTESIAN_POINT('',(0.,0.));
#9717 = VECTOR('',#9718,1.);
#9718 = DIRECTION('',(0.,1.));
#9719 = ( GEOMETRIC_REPRESENTATION_CONTEXT(2) 
PARAMETRIC_REPRESENTATION_CONTEXT() REPRESENTATION_CONTEXT('2D SPACE',''
  ) );
#9720 = ORIENTED_EDGE('',*,*,#2729,.T.);
#9721 = ORIENTED_EDGE('',*,*,#9623,.T.);
#9722 = ORIENTED_EDGE('',*,*,#9723,.F.);
#9723 = EDGE_CURVE('',#9724,#9624,#9726,.T.);
#9724 = VERTEX_POINT('',#9725);
#9725 = CARTESIAN_POINT('',(7.4,70.05,24.8));
#9726 = SURFACE_CURVE('',#9727,(#9731,#9738),.PCURVE_S1.);
#9727 = LINE('',#9728,#9729);
#9728 = CARTESIAN_POINT('',(-0.25,70.05,24.8));
#9729 = VECTOR('',#9730,1.);
#9730 = DIRECTION('',(1.,1.110223024625E-16,0.));
#9731 = PCURVE('',#2745,#9732);
#9732 = DEFINITIONAL_REPRESENTATION('',(#9733),#9737);
#9733 = LINE('',#9734,#9735);
#9734 = CARTESIAN_POINT('',(8.3,0.9));
#9735 = VECTOR('',#9736,1.);
#9736 = DIRECTION('',(0.,-1.));
#9737 = ( GEOMETRIC_REPRESENTATION_CONTEXT(2) 
PARAMETRIC_REPRESENTATION_CONTEXT() REPRESENTATION_CONTEXT('2D SPACE',''
  ) );
#9738 = PCURVE('',#4772,#9739);
#9739 = DEFINITIONAL_REPRESENTATION('',(#9740),#9744);
#9740 = LINE('',#9741,#9742);
#9741 = CARTESIAN_POINT('',(1.8,0.9));
#9742 = VECTOR('',#9743,1.);
#9743 = DIRECTION('',(0.,1.));
#9744 = ( GEOMETRIC_REPRESENTATION_CONTEXT(2) 
PARAMETRIC_REPRESENTATION_CONTEXT() REPRESENTATION_CONTEXT('2D SPACE',''
  ) );
#9745 = ORIENTED_EDGE('',*,*,#9746,.F.);
#9746 = EDGE_CURVE('',#9747,#9724,#9749,.T.);
#9747 = VERTEX_POINT('',#9748);
#9748 = CARTESIAN_POINT('',(7.4,70.05,23.282142857143));
#9749 = SURFACE_CURVE('',#9750,(#9754,#9761),.PCURVE_S1.);
#9750 = LINE('',#9751,#9752);
#9751 = CARTESIAN_POINT('',(7.4,70.05,19.518415547244));
#9752 = VECTOR('',#9753,1.);
#9753 = DIRECTION('',(0.,0.,1.));
#9754 = PCURVE('',#2745,#9755);
#9755 = DEFINITIONAL_REPRESENTATION('',(#9756),#9760);
#9756 = LINE('',#9757,#9758);
#9757 = CARTESIAN_POINT('',(3.018415547244,-6.75));
#9758 = VECTOR('',#9759,1.);
#9759 = DIRECTION('',(1.,0.));
#9760 = ( GEOMETRIC_REPRESENTATION_CONTEXT(2) 
PARAMETRIC_REPRESENTATION_CONTEXT() REPRESENTATION_CONTEXT('2D SPACE',''
  ) );
#9761 = PCURVE('',#9762,#9767);
#9762 = PLANE('',#9763);
#9763 = AXIS2_PLACEMENT_3D('',#9764,#9765,#9766);
#9764 = CARTESIAN_POINT('',(7.4,61.358248150903,22.536831094487));
#9765 = DIRECTION('',(1.,1.110223024625E-16,0.));
#9766 = DIRECTION('',(0.,0.,1.));
#9767 = DEFINITIONAL_REPRESENTATION('',(#9768),#9772);
#9768 = LINE('',#9769,#9770);
#9769 = CARTESIAN_POINT('',(-3.018415547244,-8.691751849097));
#9770 = VECTOR('',#9771,1.);
#9771 = DIRECTION('',(1.,0.));
#9772 = ( GEOMETRIC_REPRESENTATION_CONTEXT(2) 
PARAMETRIC_REPRESENTATION_CONTEXT() REPRESENTATION_CONTEXT('2D SPACE',''
  ) );
#9773 = ORIENTED_EDGE('',*,*,#9774,.F.);
#9774 = EDGE_CURVE('',#9775,#9747,#9777,.T.);
#9775 = VERTEX_POINT('',#9776);
#9776 = CARTESIAN_POINT('',(5.,70.05,23.282142857143));
#9777 = SURFACE_CURVE('',#9778,(#9782,#9789),.PCURVE_S1.);
#9778 = LINE('',#9779,#9780);
#9779 = CARTESIAN_POINT('',(4.025,70.05,23.282142857143));
#9780 = VECTOR('',#9781,1.);
#9781 = DIRECTION('',(1.,1.110223024625E-16,0.));
#9782 = PCURVE('',#2745,#9783);
#9783 = DEFINITIONAL_REPRESENTATION('',(#9784),#9788);
#9784 = LINE('',#9785,#9786);
#9785 = CARTESIAN_POINT('',(6.782142857143,-3.375));
#9786 = VECTOR('',#9787,1.);
#9787 = DIRECTION('',(0.,-1.));
#9788 = ( GEOMETRIC_REPRESENTATION_CONTEXT(2) 
PARAMETRIC_REPRESENTATION_CONTEXT() REPRESENTATION_CONTEXT('2D SPACE',''
  ) );
#9789 = PCURVE('',#9790,#9795);
#9790 = PLANE('',#9791);
#9791 = AXIS2_PLACEMENT_3D('',#9792,#9793,#9794);
#9792 = CARTESIAN_POINT('',(7.4,54.7,17.8));
#9793 = DIRECTION('',(-3.734084119668E-17,0.336336396998,-0.941741911595
    ));
#9794 = DIRECTION('',(-1.045543553507E-16,0.941741911595,0.336336396998)
  );
#9795 = DEFINITIONAL_REPRESENTATION('',(#9796),#9800);
#9796 = LINE('',#9797,#9798);
#9797 = CARTESIAN_POINT('',(16.299582519381,-3.375));
#9798 = VECTOR('',#9799,1.);
#9799 = DIRECTION('',(0.,1.));
#9800 = ( GEOMETRIC_REPRESENTATION_CONTEXT(2) 
PARAMETRIC_REPRESENTATION_CONTEXT() REPRESENTATION_CONTEXT('2D SPACE',''
  ) );
#9801 = ORIENTED_EDGE('',*,*,#9802,.T.);
#9802 = EDGE_CURVE('',#9775,#9673,#9803,.T.);
#9803 = SURFACE_CURVE('',#9804,(#9808,#9815),.PCURVE_S1.);
#9804 = LINE('',#9805,#9806);
#9805 = CARTESIAN_POINT('',(5.,70.05,19.518415547244));
#9806 = VECTOR('',#9807,1.);
#9807 = DIRECTION('',(0.,0.,1.));
#9808 = PCURVE('',#2745,#9809);
#9809 = DEFINITIONAL_REPRESENTATION('',(#9810),#9814);
#9810 = LINE('',#9811,#9812);
#9811 = CARTESIAN_POINT('',(3.018415547244,-4.35));
#9812 = VECTOR('',#9813,1.);
#9813 = DIRECTION('',(1.,0.));
#9814 = ( GEOMETRIC_REPRESENTATION_CONTEXT(2) 
PARAMETRIC_REPRESENTATION_CONTEXT() REPRESENTATION_CONTEXT('2D SPACE',''
  ) );
#9815 = PCURVE('',#9816,#9821);
#9816 = PLANE('',#9817);
#9817 = AXIS2_PLACEMENT_3D('',#9818,#9819,#9820);
#9818 = CARTESIAN_POINT('',(5.,61.358248150903,22.536831094487));
#9819 = DIRECTION('',(1.,1.110223024625E-16,0.));
#9820 = DIRECTION('',(0.,0.,1.));
#9821 = DEFINITIONAL_REPRESENTATION('',(#9822),#9826);
#9822 = LINE('',#9823,#9824);
#9823 = CARTESIAN_POINT('',(-3.018415547244,-8.691751849097));
#9824 = VECTOR('',#9825,1.);
#9825 = DIRECTION('',(1.,0.));
#9826 = ( GEOMETRIC_REPRESENTATION_CONTEXT(2) 
PARAMETRIC_REPRESENTATION_CONTEXT() REPRESENTATION_CONTEXT('2D SPACE',''
  ) );
#9827 = ADVANCED_FACE('',(#9828),#2717,.F.);
#9828 = FACE_BOUND('',#9829,.F.);
#9829 = EDGE_LOOP('',(#9830,#9831,#9832,#9855));
#9830 = ORIENTED_EDGE('',*,*,#9700,.F.);
#9831 = ORIENTED_EDGE('',*,*,#2700,.T.);
#9832 = ORIENTED_EDGE('',*,*,#9833,.T.);
#9833 = EDGE_CURVE('',#2673,#9834,#9836,.T.);
#9834 = VERTEX_POINT('',#9835);
#9835 = CARTESIAN_POINT('',(0.65,67.7,24.8));
#9836 = SURFACE_CURVE('',#9837,(#9841,#9848),.PCURVE_S1.);
#9837 = LINE('',#9838,#9839);
#9838 = CARTESIAN_POINT('',(0.65,67.7,16.5));
#9839 = VECTOR('',#9840,1.);
#9840 = DIRECTION('',(0.,0.,1.));
#9841 = PCURVE('',#2717,#9842);
#9842 = DEFINITIONAL_REPRESENTATION('',(#9843),#9847);
#9843 = LINE('',#9844,#9845);
#9844 = CARTESIAN_POINT('',(1.570796326795,0.));
#9845 = VECTOR('',#9846,1.);
#9846 = DIRECTION('',(0.,1.));
#9847 = ( GEOMETRIC_REPRESENTATION_CONTEXT(2) 
PARAMETRIC_REPRESENTATION_CONTEXT() REPRESENTATION_CONTEXT('2D SPACE',''
  ) );
#9848 = PCURVE('',#2688,#9849);
#9849 = DEFINITIONAL_REPRESENTATION('',(#9850),#9854);
#9850 = LINE('',#9851,#9852);
#9851 = CARTESIAN_POINT('',(0.,2.35));
#9852 = VECTOR('',#9853,1.);
#9853 = DIRECTION('',(1.,0.));
#9854 = ( GEOMETRIC_REPRESENTATION_CONTEXT(2) 
PARAMETRIC_REPRESENTATION_CONTEXT() REPRESENTATION_CONTEXT('2D SPACE',''
  ) );
#9855 = ORIENTED_EDGE('',*,*,#9856,.F.);
#9856 = EDGE_CURVE('',#9671,#9834,#9857,.T.);
#9857 = SURFACE_CURVE('',#9858,(#9863,#9870),.PCURVE_S1.);
#9858 = CIRCLE('',#9859,2.35);
#9859 = AXIS2_PLACEMENT_3D('',#9860,#9861,#9862);
#9860 = CARTESIAN_POINT('',(3.,67.7,24.8));
#9861 = DIRECTION('',(0.,0.,1.));
#9862 = DIRECTION('',(-1.110223024625E-16,1.,0.));
#9863 = PCURVE('',#2717,#9864);
#9864 = DEFINITIONAL_REPRESENTATION('',(#9865),#9869);
#9865 = LINE('',#9866,#9867);
#9866 = CARTESIAN_POINT('',(0.,8.3));
#9867 = VECTOR('',#9868,1.);
#9868 = DIRECTION('',(1.,0.));
#9869 = ( GEOMETRIC_REPRESENTATION_CONTEXT(2) 
PARAMETRIC_REPRESENTATION_CONTEXT() REPRESENTATION_CONTEXT('2D SPACE',''
  ) );
#9870 = PCURVE('',#9688,#9871);
#9871 = DEFINITIONAL_REPRESENTATION('',(#9872),#9876);
#9872 = CIRCLE('',#9873,2.35);
#9873 = AXIS2_PLACEMENT_2D('',#9874,#9875);
#9874 = CARTESIAN_POINT('',(4.15,4.15));
#9875 = DIRECTION('',(-1.,0.));
#9876 = ( GEOMETRIC_REPRESENTATION_CONTEXT(2) 
PARAMETRIC_REPRESENTATION_CONTEXT() REPRESENTATION_CONTEXT('2D SPACE',''
  ) );
#9877 = ADVANCED_FACE('',(#9878),#2688,.T.);
#9878 = FACE_BOUND('',#9879,.T.);
#9879 = EDGE_LOOP('',(#9880,#9903,#9904,#9905,#9928,#9956,#9984,#10033,
    #10058,#10107,#10135,#10163,#10186,#10214,#10242,#10291,#10316,
    #10365,#10393,#10421));
#9880 = ORIENTED_EDGE('',*,*,#9881,.F.);
#9881 = EDGE_CURVE('',#2644,#9882,#9884,.T.);
#9882 = VERTEX_POINT('',#9883);
#9883 = CARTESIAN_POINT('',(0.65,3.,24.8));
#9884 = SURFACE_CURVE('',#9885,(#9889,#9896),.PCURVE_S1.);
#9885 = LINE('',#9886,#9887);
#9886 = CARTESIAN_POINT('',(0.65,3.,16.5));
#9887 = VECTOR('',#9888,1.);
#9888 = DIRECTION('',(0.,0.,1.));
#9889 = PCURVE('',#2688,#9890);
#9890 = DEFINITIONAL_REPRESENTATION('',(#9891),#9895);
#9891 = LINE('',#9892,#9893);
#9892 = CARTESIAN_POINT('',(0.,67.05));
#9893 = VECTOR('',#9894,1.);
#9894 = DIRECTION('',(1.,0.));
#9895 = ( GEOMETRIC_REPRESENTATION_CONTEXT(2) 
PARAMETRIC_REPRESENTATION_CONTEXT() REPRESENTATION_CONTEXT('2D SPACE',''
  ) );
#9896 = PCURVE('',#2660,#9897);
#9897 = DEFINITIONAL_REPRESENTATION('',(#9898),#9902);
#9898 = LINE('',#9899,#9900);
#9899 = CARTESIAN_POINT('',(-1.570796326795,0.));
#9900 = VECTOR('',#9901,1.);
#9901 = DIRECTION('',(-0.,1.));
#9902 = ( GEOMETRIC_REPRESENTATION_CONTEXT(2) 
PARAMETRIC_REPRESENTATION_CONTEXT() REPRESENTATION_CONTEXT('2D SPACE',''
  ) );
#9903 = ORIENTED_EDGE('',*,*,#2672,.T.);
#9904 = ORIENTED_EDGE('',*,*,#9833,.T.);
#9905 = ORIENTED_EDGE('',*,*,#9906,.F.);
#9906 = EDGE_CURVE('',#9907,#9834,#9909,.T.);
#9907 = VERTEX_POINT('',#9908);
#9908 = CARTESIAN_POINT('',(0.65,61.7,24.8));
#9909 = SURFACE_CURVE('',#9910,(#9914,#9921),.PCURVE_S1.);
#9910 = LINE('',#9911,#9912);
#9911 = CARTESIAN_POINT('',(0.65,70.95,24.8));
#9912 = VECTOR('',#9913,1.);
#9913 = DIRECTION('',(-1.110223024625E-16,1.,0.));
#9914 = PCURVE('',#2688,#9915);
#9915 = DEFINITIONAL_REPRESENTATION('',(#9916),#9920);
#9916 = LINE('',#9917,#9918);
#9917 = CARTESIAN_POINT('',(8.3,-0.9));
#9918 = VECTOR('',#9919,1.);
#9919 = DIRECTION('',(0.,-1.));
#9920 = ( GEOMETRIC_REPRESENTATION_CONTEXT(2) 
PARAMETRIC_REPRESENTATION_CONTEXT() REPRESENTATION_CONTEXT('2D SPACE',''
  ) );
#9921 = PCURVE('',#9688,#9922);
#9922 = DEFINITIONAL_REPRESENTATION('',(#9923),#9927);
#9923 = LINE('',#9924,#9925);
#9924 = CARTESIAN_POINT('',(0.9,1.8));
#9925 = VECTOR('',#9926,1.);
#9926 = DIRECTION('',(-1.,0.));
#9927 = ( GEOMETRIC_REPRESENTATION_CONTEXT(2) 
PARAMETRIC_REPRESENTATION_CONTEXT() REPRESENTATION_CONTEXT('2D SPACE',''
  ) );
#9928 = ORIENTED_EDGE('',*,*,#9929,.T.);
#9929 = EDGE_CURVE('',#9907,#9930,#9932,.T.);
#9930 = VERTEX_POINT('',#9931);
#9931 = CARTESIAN_POINT('',(0.65,61.7,24.75));
#9932 = SURFACE_CURVE('',#9933,(#9937,#9944),.PCURVE_S1.);
#9933 = LINE('',#9934,#9935);
#9934 = CARTESIAN_POINT('',(0.65,61.7,20.625));
#9935 = VECTOR('',#9936,1.);
#9936 = DIRECTION('',(0.,0.,-1.));
#9937 = PCURVE('',#2688,#9938);
#9938 = DEFINITIONAL_REPRESENTATION('',(#9939),#9943);
#9939 = LINE('',#9940,#9941);
#9940 = CARTESIAN_POINT('',(4.125,8.35));
#9941 = VECTOR('',#9942,1.);
#9942 = DIRECTION('',(-1.,0.));
#9943 = ( GEOMETRIC_REPRESENTATION_CONTEXT(2) 
PARAMETRIC_REPRESENTATION_CONTEXT() REPRESENTATION_CONTEXT('2D SPACE',''
  ) );
#9944 = PCURVE('',#9945,#9950);
#9945 = PLANE('',#9946);
#9946 = AXIS2_PLACEMENT_3D('',#9947,#9948,#9949);
#9947 = CARTESIAN_POINT('',(-0.4,61.7,24.75));
#9948 = DIRECTION('',(1.110223024625E-16,-1.,0.));
#9949 = DIRECTION('',(0.,0.,1.));
#9950 = DEFINITIONAL_REPRESENTATION('',(#9951),#9955);
#9951 = LINE('',#9952,#9953);
#9952 = CARTESIAN_POINT('',(-4.125,-1.05));
#9953 = VECTOR('',#9954,1.);
#9954 = DIRECTION('',(-1.,-0.));
#9955 = ( GEOMETRIC_REPRESENTATION_CONTEXT(2) 
PARAMETRIC_REPRESENTATION_CONTEXT() REPRESENTATION_CONTEXT('2D SPACE',''
  ) );
#9956 = ORIENTED_EDGE('',*,*,#9957,.T.);
#9957 = EDGE_CURVE('',#9930,#9958,#9960,.T.);
#9958 = VERTEX_POINT('',#9959);
#9959 = CARTESIAN_POINT('',(0.65,61.687671232877,24.75));
#9960 = SURFACE_CURVE('',#9961,(#9965,#9972),.PCURVE_S1.);
#9961 = LINE('',#9962,#9963);
#9962 = CARTESIAN_POINT('',(0.65,65.875,24.75));
#9963 = VECTOR('',#9964,1.);
#9964 = DIRECTION('',(1.110223024625E-16,-1.,0.));
#9965 = PCURVE('',#2688,#9966);
#9966 = DEFINITIONAL_REPRESENTATION('',(#9967),#9971);
#9967 = LINE('',#9968,#9969);
#9968 = CARTESIAN_POINT('',(8.25,4.175));
#9969 = VECTOR('',#9970,1.);
#9970 = DIRECTION('',(0.,1.));
#9971 = ( GEOMETRIC_REPRESENTATION_CONTEXT(2) 
PARAMETRIC_REPRESENTATION_CONTEXT() REPRESENTATION_CONTEXT('2D SPACE',''
  ) );
#9972 = PCURVE('',#9973,#9978);
#9973 = PLANE('',#9974);
#9974 = AXIS2_PLACEMENT_3D('',#9975,#9976,#9977);
#9975 = CARTESIAN_POINT('',(-0.4,61.7,24.75));
#9976 = DIRECTION('',(0.,0.,1.));
#9977 = DIRECTION('',(1.110223024625E-16,-1.,0.));
#9978 = DEFINITIONAL_REPRESENTATION('',(#9979),#9983);
#9979 = LINE('',#9980,#9981);
#9980 = CARTESIAN_POINT('',(-4.175,1.05));
#9981 = VECTOR('',#9982,1.);
#9982 = DIRECTION('',(1.,0.));
#9983 = ( GEOMETRIC_REPRESENTATION_CONTEXT(2) 
PARAMETRIC_REPRESENTATION_CONTEXT() REPRESENTATION_CONTEXT('2D SPACE',''
  ) );
#9984 = ORIENTED_EDGE('',*,*,#9985,.F.);
#9985 = EDGE_CURVE('',#9986,#9958,#9988,.T.);
#9986 = VERTEX_POINT('',#9987);
#9987 = CARTESIAN_POINT('',(0.65,60.65,20.541666666667));
#9988 = SURFACE_CURVE('',#9989,(#10000,#10014),.PCURVE_S1.);
#9989 = B_SPLINE_CURVE_WITH_KNOTS('',5,(#9990,#9991,#9992,#9993,#9994,
    #9995,#9996,#9997,#9998,#9999),.UNSPECIFIED.,.F.,.F.,(6,4,6),(0.,
    0.503825005687,1.),.UNSPECIFIED.);
#9990 = CARTESIAN_POINT('',(0.65,60.65,20.541666666667));
#9991 = CARTESIAN_POINT('',(0.65,60.753418056474,20.961084340146));
#9992 = CARTESIAN_POINT('',(0.65,60.857208568617,21.382012528281));
#9993 = CARTESIAN_POINT('',(0.65,60.961319537997,21.804240348543));
#9994 = CARTESIAN_POINT('',(0.65,61.065708976241,22.227597514755));
#9995 = CARTESIAN_POINT('',(0.65,61.273390826439,23.069862796114));
#9996 = CARTESIAN_POINT('',(0.65,61.376675384387,23.488739058904));
#9997 = CARTESIAN_POINT('',(0.65,61.480166550734,23.908453233533));
#9998 = CARTESIAN_POINT('',(0.65,61.58383886913,24.328902080359));
#9999 = CARTESIAN_POINT('',(0.65,61.687672312877,24.75000438));
#10000 = PCURVE('',#2688,#10001);
#10001 = DEFINITIONAL_REPRESENTATION('',(#10002),#10013);
#10002 = B_SPLINE_CURVE_WITH_KNOTS('',5,(#10003,#10004,#10005,#10006,
    #10007,#10008,#10009,#10010,#10011,#10012),.UNSPECIFIED.,.F.,.F.,(6,
    4,6),(0.,0.503825005687,1.),.UNSPECIFIED.);
#10003 = CARTESIAN_POINT('',(4.041666666667,9.4));
#10004 = CARTESIAN_POINT('',(4.461084340146,9.296581943526));
#10005 = CARTESIAN_POINT('',(4.882012528281,9.192791431383));
#10006 = CARTESIAN_POINT('',(5.304240348543,9.088680462003));
#10007 = CARTESIAN_POINT('',(5.727597514755,8.984291023759));
#10008 = CARTESIAN_POINT('',(6.569862796114,8.776609173561));
#10009 = CARTESIAN_POINT('',(6.988739058904,8.673324615613));
#10010 = CARTESIAN_POINT('',(7.408453233533,8.569833449266));
#10011 = CARTESIAN_POINT('',(7.828902080359,8.46616113087));
#10012 = CARTESIAN_POINT('',(8.25000438,8.362327687123));
#10013 = ( GEOMETRIC_REPRESENTATION_CONTEXT(2) 
PARAMETRIC_REPRESENTATION_CONTEXT() REPRESENTATION_CONTEXT('2D SPACE',''
  ) );
#10014 = PCURVE('',#10015,#10020);
#10015 = B_SPLINE_SURFACE_WITH_KNOTS('',1,1,(
    (#10016,#10017)
    ,(#10018,#10019
    )),.UNSPECIFIED.,.F.,.F.,.F.,(2,2),(2,2),(0.,12.8),(0.,1.),
  .PIECEWISE_BEZIER_KNOTS.);
#10016 = CARTESIAN_POINT('',(10.6,59.9,17.5));
#10017 = CARTESIAN_POINT('',(12.4,61.7,24.8));
#10018 = CARTESIAN_POINT('',(1.4,59.9,17.5));
#10019 = CARTESIAN_POINT('',(-0.4,61.7,24.8));
#10020 = DEFINITIONAL_REPRESENTATION('',(#10021),#10032);
#10021 = B_SPLINE_CURVE_WITH_KNOTS('',5,(#10022,#10023,#10024,#10025,
    #10026,#10027,#10028,#10029,#10030,#10031),.UNSPECIFIED.,.F.,.F.,(6,
    4,6),(0.,0.503825005687,1.),.UNSPECIFIED.);
#10022 = CARTESIAN_POINT('',(12.8,0.416666666667));
#10023 = CARTESIAN_POINT('',(12.676284941788,0.474121142486));
#10024 = CARTESIAN_POINT('',(12.55810300685,0.531782538121));
#10025 = CARTESIAN_POINT('',(12.445024673108,0.589621965554));
#10026 = CARTESIAN_POINT('',(12.336671758553,0.647616097912));
#10027 = CARTESIAN_POINT('',(12.130321434633,0.762994903577));
#10028 = CARTESIAN_POINT('',(12.032192201417,0.820375213549));
#10029 = CARTESIAN_POINT('',(11.937998037216,0.877870305963));
#10030 = CARTESIAN_POINT('',(11.84745868395,0.935466038405));
#10031 = CARTESIAN_POINT('',(11.760325064105,0.993151284932));
#10032 = ( GEOMETRIC_REPRESENTATION_CONTEXT(2) 
PARAMETRIC_REPRESENTATION_CONTEXT() REPRESENTATION_CONTEXT('2D SPACE',''
  ) );
#10033 = ORIENTED_EDGE('',*,*,#10034,.F.);
#10034 = EDGE_CURVE('',#10035,#9986,#10037,.T.);
#10035 = VERTEX_POINT('',#10036);
#10036 = CARTESIAN_POINT('',(0.65,48.75,20.541666666667));
#10037 = SURFACE_CURVE('',#10038,(#10041,#10047),.PCURVE_S1.);
#10038 = B_SPLINE_CURVE_WITH_KNOTS('',1,(#10039,#10040),.UNSPECIFIED.,
  .F.,.F.,(2,2),(0.,1.),.PIECEWISE_BEZIER_KNOTS.);
#10039 = CARTESIAN_POINT('',(0.65,48.75,20.541666666667));
#10040 = CARTESIAN_POINT('',(0.65,60.65,20.541666666667));
#10041 = PCURVE('',#2688,#10042);
#10042 = DEFINITIONAL_REPRESENTATION('',(#10043),#10046);
#10043 = B_SPLINE_CURVE_WITH_KNOTS('',1,(#10044,#10045),.UNSPECIFIED.,
  .F.,.F.,(2,2),(0.,1.),.PIECEWISE_BEZIER_KNOTS.);
#10044 = CARTESIAN_POINT('',(4.041666666667,21.3));
#10045 = CARTESIAN_POINT('',(4.041666666667,9.4));
#10046 = ( GEOMETRIC_REPRESENTATION_CONTEXT(2) 
PARAMETRIC_REPRESENTATION_CONTEXT() REPRESENTATION_CONTEXT('2D SPACE',''
  ) );
#10047 = PCURVE('',#10048,#10053);
#10048 = B_SPLINE_SURFACE_WITH_KNOTS('',1,1,(
    (#10049,#10050)
    ,(#10051,#10052
    )),.UNSPECIFIED.,.F.,.F.,.F.,(2,2),(2,2),(0.,14.),(0.,1.),
  .PIECEWISE_BEZIER_KNOTS.);
#10049 = CARTESIAN_POINT('',(1.4,59.9,17.5));
#10050 = CARTESIAN_POINT('',(-0.4,61.7,24.8));
#10051 = CARTESIAN_POINT('',(1.4,49.5,17.5));
#10052 = CARTESIAN_POINT('',(-0.4,47.7,24.8));
#10053 = DEFINITIONAL_REPRESENTATION('',(#10054),#10057);
#10054 = B_SPLINE_CURVE_WITH_KNOTS('',1,(#10055,#10056),.UNSPECIFIED.,
  .F.,.F.,(2,2),(0.,1.),.PIECEWISE_BEZIER_KNOTS.);
#10055 = CARTESIAN_POINT('',(14.,0.416666666667));
#10056 = CARTESIAN_POINT('',(0.,0.416666666667));
#10057 = ( GEOMETRIC_REPRESENTATION_CONTEXT(2) 
PARAMETRIC_REPRESENTATION_CONTEXT() REPRESENTATION_CONTEXT('2D SPACE',''
  ) );
#10058 = ORIENTED_EDGE('',*,*,#10059,.F.);
#10059 = EDGE_CURVE('',#10060,#10035,#10062,.T.);
#10060 = VERTEX_POINT('',#10061);
#10061 = CARTESIAN_POINT('',(0.65,47.712328767123,24.75));
#10062 = SURFACE_CURVE('',#10063,(#10074,#10088),.PCURVE_S1.);
#10063 = B_SPLINE_CURVE_WITH_KNOTS('',5,(#10064,#10065,#10066,#10067,
    #10068,#10069,#10070,#10071,#10072,#10073),.UNSPECIFIED.,.F.,.F.,(6,
    4,6),(0.,0.498846319402,1.),.UNSPECIFIED.);
#10064 = CARTESIAN_POINT('',(0.65,47.712327687123,24.75000438));
#10065 = CARTESIAN_POINT('',(0.65,47.816720152894,24.326634935487));
#10066 = CARTESIAN_POINT('',(0.65,47.920949750818,23.90392601057));
#10067 = CARTESIAN_POINT('',(0.65,48.02499613443,23.48196012148));
#10068 = CARTESIAN_POINT('',(0.65,48.128833403629,23.060842307503));
#10069 = CARTESIAN_POINT('',(0.65,48.336504904273,22.218618999335));
#10070 = CARTESIAN_POINT('',(0.65,48.440336448202,21.797524404515));
#10071 = CARTESIAN_POINT('',(0.65,48.543892030287,21.37754898828));
#10072 = CARTESIAN_POINT('',(0.65,48.647130275562,20.95886054911));
#10073 = CARTESIAN_POINT('',(0.65,48.75,20.541666666667));
#10074 = PCURVE('',#2688,#10075);
#10075 = DEFINITIONAL_REPRESENTATION('',(#10076),#10087);
#10076 = B_SPLINE_CURVE_WITH_KNOTS('',5,(#10077,#10078,#10079,#10080,
    #10081,#10082,#10083,#10084,#10085,#10086),.UNSPECIFIED.,.F.,.F.,(6,
    4,6),(0.,0.498846319402,1.),.UNSPECIFIED.);
#10077 = CARTESIAN_POINT('',(8.25000438,22.337672312877));
#10078 = CARTESIAN_POINT('',(7.826634935487,22.233279847106));
#10079 = CARTESIAN_POINT('',(7.40392601057,22.129050249182));
#10080 = CARTESIAN_POINT('',(6.98196012148,22.02500386557));
#10081 = CARTESIAN_POINT('',(6.560842307503,21.921166596371));
#10082 = CARTESIAN_POINT('',(5.718618999335,21.713495095727));
#10083 = CARTESIAN_POINT('',(5.297524404515,21.609663551798));
#10084 = CARTESIAN_POINT('',(4.87754898828,21.506107969713));
#10085 = CARTESIAN_POINT('',(4.45886054911,21.402869724438));
#10086 = CARTESIAN_POINT('',(4.041666666667,21.3));
#10087 = ( GEOMETRIC_REPRESENTATION_CONTEXT(2) 
PARAMETRIC_REPRESENTATION_CONTEXT() REPRESENTATION_CONTEXT('2D SPACE',''
  ) );
#10088 = PCURVE('',#10089,#10094);
#10089 = B_SPLINE_SURFACE_WITH_KNOTS('',1,1,(
    (#10090,#10091)
    ,(#10092,#10093
    )),.UNSPECIFIED.,.F.,.F.,.F.,(2,2),(2,2),(0.,12.8),(0.,1.),
  .PIECEWISE_BEZIER_KNOTS.);
#10090 = CARTESIAN_POINT('',(1.4,49.5,17.5));
#10091 = CARTESIAN_POINT('',(-0.4,47.7,24.8));
#10092 = CARTESIAN_POINT('',(10.6,49.5,17.5));
#10093 = CARTESIAN_POINT('',(12.4,47.7,24.8));
#10094 = DEFINITIONAL_REPRESENTATION('',(#10095),#10106);
#10095 = B_SPLINE_CURVE_WITH_KNOTS('',5,(#10096,#10097,#10098,#10099,
    #10100,#10101,#10102,#10103,#10104,#10105),.UNSPECIFIED.,.F.,.F.,(6,
    4,6),(0.,0.498846319402,1.),.UNSPECIFIED.);
#10096 = CARTESIAN_POINT('',(1.039674935895,0.993151284932));
#10097 = CARTESIAN_POINT('',(0.952072203106,0.935155470615));
#10098 = CARTESIAN_POINT('',(0.861026969006,0.877250138434));
#10099 = CARTESIAN_POINT('',(0.766286106215,0.819446591984));
#10100 = CARTESIAN_POINT('',(0.667564636504,0.761759220206));
#10101 = CARTESIAN_POINT('',(0.461029458041,0.646386164293));
#10102 = CARTESIAN_POINT('',(0.353176245862,0.588701973221));
#10103 = CARTESIAN_POINT('',(0.240643619721,0.531171094285));
#10104 = CARTESIAN_POINT('',(0.123059109608,0.473816513577));
#10105 = CARTESIAN_POINT('',(0.,0.416666666667));
#10106 = ( GEOMETRIC_REPRESENTATION_CONTEXT(2) 
PARAMETRIC_REPRESENTATION_CONTEXT() REPRESENTATION_CONTEXT('2D SPACE',''
  ) );
#10107 = ORIENTED_EDGE('',*,*,#10108,.T.);
#10108 = EDGE_CURVE('',#10060,#10109,#10111,.T.);
#10109 = VERTEX_POINT('',#10110);
#10110 = CARTESIAN_POINT('',(0.65,47.7,24.75));
#10111 = SURFACE_CURVE('',#10112,(#10116,#10123),.PCURVE_S1.);
#10112 = LINE('',#10113,#10114);
#10113 = CARTESIAN_POINT('',(0.65,65.875,24.75));
#10114 = VECTOR('',#10115,1.);
#10115 = DIRECTION('',(1.110223024625E-16,-1.,0.));
#10116 = PCURVE('',#2688,#10117);
#10117 = DEFINITIONAL_REPRESENTATION('',(#10118),#10122);
#10118 = LINE('',#10119,#10120);
#10119 = CARTESIAN_POINT('',(8.25,4.175));
#10120 = VECTOR('',#10121,1.);
#10121 = DIRECTION('',(0.,1.));
#10122 = ( GEOMETRIC_REPRESENTATION_CONTEXT(2) 
PARAMETRIC_REPRESENTATION_CONTEXT() REPRESENTATION_CONTEXT('2D SPACE',''
  ) );
#10123 = PCURVE('',#10124,#10129);
#10124 = PLANE('',#10125);
#10125 = AXIS2_PLACEMENT_3D('',#10126,#10127,#10128);
#10126 = CARTESIAN_POINT('',(-0.4,61.7,24.75));
#10127 = DIRECTION('',(0.,0.,1.));
#10128 = DIRECTION('',(1.110223024625E-16,-1.,0.));
#10129 = DEFINITIONAL_REPRESENTATION('',(#10130),#10134);
#10130 = LINE('',#10131,#10132);
#10131 = CARTESIAN_POINT('',(-4.175,1.05));
#10132 = VECTOR('',#10133,1.);
#10133 = DIRECTION('',(1.,0.));
#10134 = ( GEOMETRIC_REPRESENTATION_CONTEXT(2) 
PARAMETRIC_REPRESENTATION_CONTEXT() REPRESENTATION_CONTEXT('2D SPACE',''
  ) );
#10135 = ORIENTED_EDGE('',*,*,#10136,.F.);
#10136 = EDGE_CURVE('',#10137,#10109,#10139,.T.);
#10137 = VERTEX_POINT('',#10138);
#10138 = CARTESIAN_POINT('',(0.65,47.7,24.8));
#10139 = SURFACE_CURVE('',#10140,(#10144,#10151),.PCURVE_S1.);
#10140 = LINE('',#10141,#10142);
#10141 = CARTESIAN_POINT('',(0.65,47.7,20.625));
#10142 = VECTOR('',#10143,1.);
#10143 = DIRECTION('',(0.,0.,-1.));
#10144 = PCURVE('',#2688,#10145);
#10145 = DEFINITIONAL_REPRESENTATION('',(#10146),#10150);
#10146 = LINE('',#10147,#10148);
#10147 = CARTESIAN_POINT('',(4.125,22.35));
#10148 = VECTOR('',#10149,1.);
#10149 = DIRECTION('',(-1.,0.));
#10150 = ( GEOMETRIC_REPRESENTATION_CONTEXT(2) 
PARAMETRIC_REPRESENTATION_CONTEXT() REPRESENTATION_CONTEXT('2D SPACE',''
  ) );
#10151 = PCURVE('',#10152,#10157);
#10152 = PLANE('',#10153);
#10153 = AXIS2_PLACEMENT_3D('',#10154,#10155,#10156);
#10154 = CARTESIAN_POINT('',(-0.4,47.7,24.75));
#10155 = DIRECTION('',(1.110223024625E-16,-1.,0.));
#10156 = DIRECTION('',(0.,0.,1.));
#10157 = DEFINITIONAL_REPRESENTATION('',(#10158),#10162);
#10158 = LINE('',#10159,#10160);
#10159 = CARTESIAN_POINT('',(-4.125,-1.05));
#10160 = VECTOR('',#10161,1.);
#10161 = DIRECTION('',(-1.,-0.));
#10162 = ( GEOMETRIC_REPRESENTATION_CONTEXT(2) 
PARAMETRIC_REPRESENTATION_CONTEXT() REPRESENTATION_CONTEXT('2D SPACE',''
  ) );
#10163 = ORIENTED_EDGE('',*,*,#10164,.F.);
#10164 = EDGE_CURVE('',#10165,#10137,#10167,.T.);
#10165 = VERTEX_POINT('',#10166);
#10166 = CARTESIAN_POINT('',(0.65,23.,24.8));
#10167 = SURFACE_CURVE('',#10168,(#10172,#10179),.PCURVE_S1.);
#10168 = LINE('',#10169,#10170);
#10169 = CARTESIAN_POINT('',(0.65,70.95,24.8));
#10170 = VECTOR('',#10171,1.);
#10171 = DIRECTION('',(-1.110223024625E-16,1.,0.));
#10172 = PCURVE('',#2688,#10173);
#10173 = DEFINITIONAL_REPRESENTATION('',(#10174),#10178);
#10174 = LINE('',#10175,#10176);
#10175 = CARTESIAN_POINT('',(8.3,-0.9));
#10176 = VECTOR('',#10177,1.);
#10177 = DIRECTION('',(0.,-1.));
#10178 = ( GEOMETRIC_REPRESENTATION_CONTEXT(2) 
PARAMETRIC_REPRESENTATION_CONTEXT() REPRESENTATION_CONTEXT('2D SPACE',''
  ) );
#10179 = PCURVE('',#4772,#10180);
#10180 = DEFINITIONAL_REPRESENTATION('',(#10181),#10185);
#10181 = LINE('',#10182,#10183);
#10182 = CARTESIAN_POINT('',(0.9,1.8));
#10183 = VECTOR('',#10184,1.);
#10184 = DIRECTION('',(-1.,0.));
#10185 = ( GEOMETRIC_REPRESENTATION_CONTEXT(2) 
PARAMETRIC_REPRESENTATION_CONTEXT() REPRESENTATION_CONTEXT('2D SPACE',''
  ) );
#10186 = ORIENTED_EDGE('',*,*,#10187,.T.);
#10187 = EDGE_CURVE('',#10165,#10188,#10190,.T.);
#10188 = VERTEX_POINT('',#10189);
#10189 = CARTESIAN_POINT('',(0.65,23.,24.75));
#10190 = SURFACE_CURVE('',#10191,(#10195,#10202),.PCURVE_S1.);
#10191 = LINE('',#10192,#10193);
#10192 = CARTESIAN_POINT('',(0.65,23.,20.625));
#10193 = VECTOR('',#10194,1.);
#10194 = DIRECTION('',(0.,0.,-1.));
#10195 = PCURVE('',#2688,#10196);
#10196 = DEFINITIONAL_REPRESENTATION('',(#10197),#10201);
#10197 = LINE('',#10198,#10199);
#10198 = CARTESIAN_POINT('',(4.125,47.05));
#10199 = VECTOR('',#10200,1.);
#10200 = DIRECTION('',(-1.,0.));
#10201 = ( GEOMETRIC_REPRESENTATION_CONTEXT(2) 
PARAMETRIC_REPRESENTATION_CONTEXT() REPRESENTATION_CONTEXT('2D SPACE',''
  ) );
#10202 = PCURVE('',#10203,#10208);
#10203 = PLANE('',#10204);
#10204 = AXIS2_PLACEMENT_3D('',#10205,#10206,#10207);
#10205 = CARTESIAN_POINT('',(-0.4,23.,24.75));
#10206 = DIRECTION('',(1.110223024625E-16,-1.,0.));
#10207 = DIRECTION('',(0.,0.,1.));
#10208 = DEFINITIONAL_REPRESENTATION('',(#10209),#10213);
#10209 = LINE('',#10210,#10211);
#10210 = CARTESIAN_POINT('',(-4.125,-1.05));
#10211 = VECTOR('',#10212,1.);
#10212 = DIRECTION('',(-1.,-0.));
#10213 = ( GEOMETRIC_REPRESENTATION_CONTEXT(2) 
PARAMETRIC_REPRESENTATION_CONTEXT() REPRESENTATION_CONTEXT('2D SPACE',''
  ) );
#10214 = ORIENTED_EDGE('',*,*,#10215,.T.);
#10215 = EDGE_CURVE('',#10188,#10216,#10218,.T.);
#10216 = VERTEX_POINT('',#10217);
#10217 = CARTESIAN_POINT('',(0.65,22.987671232877,24.75));
#10218 = SURFACE_CURVE('',#10219,(#10223,#10230),.PCURVE_S1.);
#10219 = LINE('',#10220,#10221);
#10220 = CARTESIAN_POINT('',(0.65,46.525,24.75));
#10221 = VECTOR('',#10222,1.);
#10222 = DIRECTION('',(1.110223024625E-16,-1.,0.));
#10223 = PCURVE('',#2688,#10224);
#10224 = DEFINITIONAL_REPRESENTATION('',(#10225),#10229);
#10225 = LINE('',#10226,#10227);
#10226 = CARTESIAN_POINT('',(8.25,23.525));
#10227 = VECTOR('',#10228,1.);
#10228 = DIRECTION('',(0.,1.));
#10229 = ( GEOMETRIC_REPRESENTATION_CONTEXT(2) 
PARAMETRIC_REPRESENTATION_CONTEXT() REPRESENTATION_CONTEXT('2D SPACE',''
  ) );
#10230 = PCURVE('',#10231,#10236);
#10231 = PLANE('',#10232);
#10232 = AXIS2_PLACEMENT_3D('',#10233,#10234,#10235);
#10233 = CARTESIAN_POINT('',(-0.4,23.,24.75));
#10234 = DIRECTION('',(0.,0.,1.));
#10235 = DIRECTION('',(1.110223024625E-16,-1.,0.));
#10236 = DEFINITIONAL_REPRESENTATION('',(#10237),#10241);
#10237 = LINE('',#10238,#10239);
#10238 = CARTESIAN_POINT('',(-23.525,1.05));
#10239 = VECTOR('',#10240,1.);
#10240 = DIRECTION('',(1.,0.));
#10241 = ( GEOMETRIC_REPRESENTATION_CONTEXT(2) 
PARAMETRIC_REPRESENTATION_CONTEXT() REPRESENTATION_CONTEXT('2D SPACE',''
  ) );
#10242 = ORIENTED_EDGE('',*,*,#10243,.F.);
#10243 = EDGE_CURVE('',#10244,#10216,#10246,.T.);
#10244 = VERTEX_POINT('',#10245);
#10245 = CARTESIAN_POINT('',(0.65,21.95,20.541666666667));
#10246 = SURFACE_CURVE('',#10247,(#10258,#10272),.PCURVE_S1.);
#10247 = B_SPLINE_CURVE_WITH_KNOTS('',5,(#10248,#10249,#10250,#10251,
    #10252,#10253,#10254,#10255,#10256,#10257),.UNSPECIFIED.,.F.,.F.,(6,
    4,6),(0.,0.503825005687,1.),.UNSPECIFIED.);
#10248 = CARTESIAN_POINT('',(0.65,21.95,20.541666666667));
#10249 = CARTESIAN_POINT('',(0.65,22.053418056474,20.961084340146));
#10250 = CARTESIAN_POINT('',(0.65,22.157208568617,21.382012528281));
#10251 = CARTESIAN_POINT('',(0.65,22.261319537997,21.804240348543));
#10252 = CARTESIAN_POINT('',(0.65,22.365708976241,22.227597514755));
#10253 = CARTESIAN_POINT('',(0.65,22.573390826439,23.069862796114));
#10254 = CARTESIAN_POINT('',(0.65,22.676675384387,23.488739058904));
#10255 = CARTESIAN_POINT('',(0.65,22.780166550734,23.908453233533));
#10256 = CARTESIAN_POINT('',(0.65,22.88383886913,24.328902080359));
#10257 = CARTESIAN_POINT('',(0.65,22.987672312877,24.75000438));
#10258 = PCURVE('',#2688,#10259);
#10259 = DEFINITIONAL_REPRESENTATION('',(#10260),#10271);
#10260 = B_SPLINE_CURVE_WITH_KNOTS('',5,(#10261,#10262,#10263,#10264,
    #10265,#10266,#10267,#10268,#10269,#10270),.UNSPECIFIED.,.F.,.F.,(6,
    4,6),(0.,0.503825005687,1.),.UNSPECIFIED.);
#10261 = CARTESIAN_POINT('',(4.041666666667,48.1));
#10262 = CARTESIAN_POINT('',(4.461084340146,47.996581943526));
#10263 = CARTESIAN_POINT('',(4.882012528281,47.892791431383));
#10264 = CARTESIAN_POINT('',(5.304240348543,47.788680462003));
#10265 = CARTESIAN_POINT('',(5.727597514755,47.684291023759));
#10266 = CARTESIAN_POINT('',(6.569862796114,47.476609173561));
#10267 = CARTESIAN_POINT('',(6.988739058904,47.373324615613));
#10268 = CARTESIAN_POINT('',(7.408453233533,47.269833449266));
#10269 = CARTESIAN_POINT('',(7.828902080359,47.16616113087));
#10270 = CARTESIAN_POINT('',(8.25000438,47.062327687123));
#10271 = ( GEOMETRIC_REPRESENTATION_CONTEXT(2) 
PARAMETRIC_REPRESENTATION_CONTEXT() REPRESENTATION_CONTEXT('2D SPACE',''
  ) );
#10272 = PCURVE('',#10273,#10278);
#10273 = B_SPLINE_SURFACE_WITH_KNOTS('',1,1,(
    (#10274,#10275)
    ,(#10276,#10277
    )),.UNSPECIFIED.,.F.,.F.,.F.,(2,2),(2,2),(0.,12.8),(0.,1.),
  .PIECEWISE_BEZIER_KNOTS.);
#10274 = CARTESIAN_POINT('',(10.6,21.2,17.5));
#10275 = CARTESIAN_POINT('',(12.4,23.,24.8));
#10276 = CARTESIAN_POINT('',(1.4,21.2,17.5));
#10277 = CARTESIAN_POINT('',(-0.4,23.,24.8));
#10278 = DEFINITIONAL_REPRESENTATION('',(#10279),#10290);
#10279 = B_SPLINE_CURVE_WITH_KNOTS('',5,(#10280,#10281,#10282,#10283,
    #10284,#10285,#10286,#10287,#10288,#10289),.UNSPECIFIED.,.F.,.F.,(6,
    4,6),(0.,0.503825005687,1.),.UNSPECIFIED.);
#10280 = CARTESIAN_POINT('',(12.8,0.416666666667));
#10281 = CARTESIAN_POINT('',(12.676284941788,0.474121142486));
#10282 = CARTESIAN_POINT('',(12.55810300685,0.531782538121));
#10283 = CARTESIAN_POINT('',(12.445024673108,0.589621965554));
#10284 = CARTESIAN_POINT('',(12.336671758553,0.647616097912));
#10285 = CARTESIAN_POINT('',(12.130321434633,0.762994903577));
#10286 = CARTESIAN_POINT('',(12.032192201417,0.820375213549));
#10287 = CARTESIAN_POINT('',(11.937998037215,0.877870305963));
#10288 = CARTESIAN_POINT('',(11.84745868395,0.935466038405));
#10289 = CARTESIAN_POINT('',(11.760325064105,0.993151284932));
#10290 = ( GEOMETRIC_REPRESENTATION_CONTEXT(2) 
PARAMETRIC_REPRESENTATION_CONTEXT() REPRESENTATION_CONTEXT('2D SPACE',''
  ) );
#10291 = ORIENTED_EDGE('',*,*,#10292,.F.);
#10292 = EDGE_CURVE('',#10293,#10244,#10295,.T.);
#10293 = VERTEX_POINT('',#10294);
#10294 = CARTESIAN_POINT('',(0.65,10.05,20.541666666667));
#10295 = SURFACE_CURVE('',#10296,(#10299,#10305),.PCURVE_S1.);
#10296 = B_SPLINE_CURVE_WITH_KNOTS('',1,(#10297,#10298),.UNSPECIFIED.,
  .F.,.F.,(2,2),(0.,1.),.PIECEWISE_BEZIER_KNOTS.);
#10297 = CARTESIAN_POINT('',(0.65,10.05,20.541666666667));
#10298 = CARTESIAN_POINT('',(0.65,21.95,20.541666666667));
#10299 = PCURVE('',#2688,#10300);
#10300 = DEFINITIONAL_REPRESENTATION('',(#10301),#10304);
#10301 = B_SPLINE_CURVE_WITH_KNOTS('',1,(#10302,#10303),.UNSPECIFIED.,
  .F.,.F.,(2,2),(0.,1.),.PIECEWISE_BEZIER_KNOTS.);
#10302 = CARTESIAN_POINT('',(4.041666666667,60.));
#10303 = CARTESIAN_POINT('',(4.041666666667,48.1));
#10304 = ( GEOMETRIC_REPRESENTATION_CONTEXT(2) 
PARAMETRIC_REPRESENTATION_CONTEXT() REPRESENTATION_CONTEXT('2D SPACE',''
  ) );
#10305 = PCURVE('',#10306,#10311);
#10306 = B_SPLINE_SURFACE_WITH_KNOTS('',1,1,(
    (#10307,#10308)
    ,(#10309,#10310
    )),.UNSPECIFIED.,.F.,.F.,.F.,(2,2),(2,2),(0.,14.),(0.,1.),
  .PIECEWISE_BEZIER_KNOTS.);
#10307 = CARTESIAN_POINT('',(1.4,21.2,17.5));
#10308 = CARTESIAN_POINT('',(-0.4,23.,24.8));
#10309 = CARTESIAN_POINT('',(1.4,10.8,17.5));
#10310 = CARTESIAN_POINT('',(-0.4,9.,24.8));
#10311 = DEFINITIONAL_REPRESENTATION('',(#10312),#10315);
#10312 = B_SPLINE_CURVE_WITH_KNOTS('',1,(#10313,#10314),.UNSPECIFIED.,
  .F.,.F.,(2,2),(0.,1.),.PIECEWISE_BEZIER_KNOTS.);
#10313 = CARTESIAN_POINT('',(14.,0.416666666667));
#10314 = CARTESIAN_POINT('',(0.,0.416666666667));
#10315 = ( GEOMETRIC_REPRESENTATION_CONTEXT(2) 
PARAMETRIC_REPRESENTATION_CONTEXT() REPRESENTATION_CONTEXT('2D SPACE',''
  ) );
#10316 = ORIENTED_EDGE('',*,*,#10317,.F.);
#10317 = EDGE_CURVE('',#10318,#10293,#10320,.T.);
#10318 = VERTEX_POINT('',#10319);
#10319 = CARTESIAN_POINT('',(0.65,9.012328767123,24.75));
#10320 = SURFACE_CURVE('',#10321,(#10332,#10346),.PCURVE_S1.);
#10321 = B_SPLINE_CURVE_WITH_KNOTS('',5,(#10322,#10323,#10324,#10325,
    #10326,#10327,#10328,#10329,#10330,#10331),.UNSPECIFIED.,.F.,.F.,(6,
    4,6),(0.,0.498846319402,1.),.UNSPECIFIED.);
#10322 = CARTESIAN_POINT('',(0.65,9.012327687123,24.75000438));
#10323 = CARTESIAN_POINT('',(0.65,9.116720152894,24.326634935487));
#10324 = CARTESIAN_POINT('',(0.65,9.220949750818,23.90392601057));
#10325 = CARTESIAN_POINT('',(0.65,9.32499613443,23.48196012148));
#10326 = CARTESIAN_POINT('',(0.65,9.428833403629,23.060842307503));
#10327 = CARTESIAN_POINT('',(0.65,9.636504904273,22.218618999335));
#10328 = CARTESIAN_POINT('',(0.65,9.740336448202,21.797524404514));
#10329 = CARTESIAN_POINT('',(0.65,9.843892030287,21.37754898828));
#10330 = CARTESIAN_POINT('',(0.65,9.947130275562,20.95886054911));
#10331 = CARTESIAN_POINT('',(0.65,10.05,20.541666666667));
#10332 = PCURVE('',#2688,#10333);
#10333 = DEFINITIONAL_REPRESENTATION('',(#10334),#10345);
#10334 = B_SPLINE_CURVE_WITH_KNOTS('',5,(#10335,#10336,#10337,#10338,
    #10339,#10340,#10341,#10342,#10343,#10344),.UNSPECIFIED.,.F.,.F.,(6,
    4,6),(0.,0.498846319402,1.),.UNSPECIFIED.);
#10335 = CARTESIAN_POINT('',(8.25000438,61.037672312877));
#10336 = CARTESIAN_POINT('',(7.826634935487,60.933279847106));
#10337 = CARTESIAN_POINT('',(7.40392601057,60.829050249182));
#10338 = CARTESIAN_POINT('',(6.98196012148,60.72500386557));
#10339 = CARTESIAN_POINT('',(6.560842307503,60.621166596371));
#10340 = CARTESIAN_POINT('',(5.718618999335,60.413495095727));
#10341 = CARTESIAN_POINT('',(5.297524404514,60.309663551798));
#10342 = CARTESIAN_POINT('',(4.87754898828,60.206107969713));
#10343 = CARTESIAN_POINT('',(4.45886054911,60.102869724438));
#10344 = CARTESIAN_POINT('',(4.041666666667,60.));
#10345 = ( GEOMETRIC_REPRESENTATION_CONTEXT(2) 
PARAMETRIC_REPRESENTATION_CONTEXT() REPRESENTATION_CONTEXT('2D SPACE',''
  ) );
#10346 = PCURVE('',#10347,#10352);
#10347 = B_SPLINE_SURFACE_WITH_KNOTS('',1,1,(
    (#10348,#10349)
    ,(#10350,#10351
    )),.UNSPECIFIED.,.F.,.F.,.F.,(2,2),(2,2),(0.,12.8),(0.,1.),
  .PIECEWISE_BEZIER_KNOTS.);
#10348 = CARTESIAN_POINT('',(1.4,10.8,17.5));
#10349 = CARTESIAN_POINT('',(-0.4,9.,24.8));
#10350 = CARTESIAN_POINT('',(10.6,10.8,17.5));
#10351 = CARTESIAN_POINT('',(12.4,9.,24.8));
#10352 = DEFINITIONAL_REPRESENTATION('',(#10353),#10364);
#10353 = B_SPLINE_CURVE_WITH_KNOTS('',5,(#10354,#10355,#10356,#10357,
    #10358,#10359,#10360,#10361,#10362,#10363),.UNSPECIFIED.,.F.,.F.,(6,
    4,6),(0.,0.498846319402,1.),.UNSPECIFIED.);
#10354 = CARTESIAN_POINT('',(1.039674935895,0.993151284932));
#10355 = CARTESIAN_POINT('',(0.952072203106,0.935155470615));
#10356 = CARTESIAN_POINT('',(0.861026969006,0.877250138434));
#10357 = CARTESIAN_POINT('',(0.766286106215,0.819446591984));
#10358 = CARTESIAN_POINT('',(0.667564636504,0.761759220206));
#10359 = CARTESIAN_POINT('',(0.461029458041,0.646386164293));
#10360 = CARTESIAN_POINT('',(0.353176245862,0.588701973221));
#10361 = CARTESIAN_POINT('',(0.240643619721,0.531171094285));
#10362 = CARTESIAN_POINT('',(0.123059109608,0.473816513577));
#10363 = CARTESIAN_POINT('',(0.,0.416666666667));
#10364 = ( GEOMETRIC_REPRESENTATION_CONTEXT(2) 
PARAMETRIC_REPRESENTATION_CONTEXT() REPRESENTATION_CONTEXT('2D SPACE',''
  ) );
#10365 = ORIENTED_EDGE('',*,*,#10366,.T.);
#10366 = EDGE_CURVE('',#10318,#10367,#10369,.T.);
#10367 = VERTEX_POINT('',#10368);
#10368 = CARTESIAN_POINT('',(0.65,9.,24.75));
#10369 = SURFACE_CURVE('',#10370,(#10374,#10381),.PCURVE_S1.);
#10370 = LINE('',#10371,#10372);
#10371 = CARTESIAN_POINT('',(0.65,46.525,24.75));
#10372 = VECTOR('',#10373,1.);
#10373 = DIRECTION('',(1.110223024625E-16,-1.,0.));
#10374 = PCURVE('',#2688,#10375);
#10375 = DEFINITIONAL_REPRESENTATION('',(#10376),#10380);
#10376 = LINE('',#10377,#10378);
#10377 = CARTESIAN_POINT('',(8.25,23.525));
#10378 = VECTOR('',#10379,1.);
#10379 = DIRECTION('',(0.,1.));
#10380 = ( GEOMETRIC_REPRESENTATION_CONTEXT(2) 
PARAMETRIC_REPRESENTATION_CONTEXT() REPRESENTATION_CONTEXT('2D SPACE',''
  ) );
#10381 = PCURVE('',#10382,#10387);
#10382 = PLANE('',#10383);
#10383 = AXIS2_PLACEMENT_3D('',#10384,#10385,#10386);
#10384 = CARTESIAN_POINT('',(-0.4,23.,24.75));
#10385 = DIRECTION('',(0.,0.,1.));
#10386 = DIRECTION('',(1.110223024625E-16,-1.,0.));
#10387 = DEFINITIONAL_REPRESENTATION('',(#10388),#10392);
#10388 = LINE('',#10389,#10390);
#10389 = CARTESIAN_POINT('',(-23.525,1.05));
#10390 = VECTOR('',#10391,1.);
#10391 = DIRECTION('',(1.,0.));
#10392 = ( GEOMETRIC_REPRESENTATION_CONTEXT(2) 
PARAMETRIC_REPRESENTATION_CONTEXT() REPRESENTATION_CONTEXT('2D SPACE',''
  ) );
#10393 = ORIENTED_EDGE('',*,*,#10394,.F.);
#10394 = EDGE_CURVE('',#10395,#10367,#10397,.T.);
#10395 = VERTEX_POINT('',#10396);
#10396 = CARTESIAN_POINT('',(0.65,9.,24.8));
#10397 = SURFACE_CURVE('',#10398,(#10402,#10409),.PCURVE_S1.);
#10398 = LINE('',#10399,#10400);
#10399 = CARTESIAN_POINT('',(0.65,9.,20.625));
#10400 = VECTOR('',#10401,1.);
#10401 = DIRECTION('',(0.,0.,-1.));
#10402 = PCURVE('',#2688,#10403);
#10403 = DEFINITIONAL_REPRESENTATION('',(#10404),#10408);
#10404 = LINE('',#10405,#10406);
#10405 = CARTESIAN_POINT('',(4.125,61.05));
#10406 = VECTOR('',#10407,1.);
#10407 = DIRECTION('',(-1.,0.));
#10408 = ( GEOMETRIC_REPRESENTATION_CONTEXT(2) 
PARAMETRIC_REPRESENTATION_CONTEXT() REPRESENTATION_CONTEXT('2D SPACE',''
  ) );
#10409 = PCURVE('',#10410,#10415);
#10410 = PLANE('',#10411);
#10411 = AXIS2_PLACEMENT_3D('',#10412,#10413,#10414);
#10412 = CARTESIAN_POINT('',(-0.4,9.,24.75));
#10413 = DIRECTION('',(1.110223024625E-16,-1.,0.));
#10414 = DIRECTION('',(0.,0.,1.));
#10415 = DEFINITIONAL_REPRESENTATION('',(#10416),#10420);
#10416 = LINE('',#10417,#10418);
#10417 = CARTESIAN_POINT('',(-4.125,-1.05));
#10418 = VECTOR('',#10419,1.);
#10419 = DIRECTION('',(-1.,-0.));
#10420 = ( GEOMETRIC_REPRESENTATION_CONTEXT(2) 
PARAMETRIC_REPRESENTATION_CONTEXT() REPRESENTATION_CONTEXT('2D SPACE',''
  ) );
#10421 = ORIENTED_EDGE('',*,*,#10422,.F.);
#10422 = EDGE_CURVE('',#9882,#10395,#10423,.T.);
#10423 = SURFACE_CURVE('',#10424,(#10428,#10435),.PCURVE_S1.);
#10424 = LINE('',#10425,#10426);
#10425 = CARTESIAN_POINT('',(0.65,70.95,24.8));
#10426 = VECTOR('',#10427,1.);
#10427 = DIRECTION('',(-1.110223024625E-16,1.,0.));
#10428 = PCURVE('',#2688,#10429);
#10429 = DEFINITIONAL_REPRESENTATION('',(#10430),#10434);
#10430 = LINE('',#10431,#10432);
#10431 = CARTESIAN_POINT('',(8.3,-0.9));
#10432 = VECTOR('',#10433,1.);
#10433 = DIRECTION('',(0.,-1.));
#10434 = ( GEOMETRIC_REPRESENTATION_CONTEXT(2) 
PARAMETRIC_REPRESENTATION_CONTEXT() REPRESENTATION_CONTEXT('2D SPACE',''
  ) );
#10435 = PCURVE('',#7498,#10436);
#10436 = DEFINITIONAL_REPRESENTATION('',(#10437),#10441);
#10437 = LINE('',#10438,#10439);
#10438 = CARTESIAN_POINT('',(0.9,1.8));
#10439 = VECTOR('',#10440,1.);
#10440 = DIRECTION('',(-1.,0.));
#10441 = ( GEOMETRIC_REPRESENTATION_CONTEXT(2) 
PARAMETRIC_REPRESENTATION_CONTEXT() REPRESENTATION_CONTEXT('2D SPACE',''
  ) );
#10442 = ADVANCED_FACE('',(#10443),#2660,.F.);
#10443 = FACE_BOUND('',#10444,.T.);
#10444 = EDGE_LOOP('',(#10445,#10446,#10447,#10448));
#10445 = ORIENTED_EDGE('',*,*,#7510,.F.);
#10446 = ORIENTED_EDGE('',*,*,#2643,.F.);
#10447 = ORIENTED_EDGE('',*,*,#9881,.T.);
#10448 = ORIENTED_EDGE('',*,*,#10449,.T.);
#10449 = EDGE_CURVE('',#9882,#7481,#10450,.T.);
#10450 = SURFACE_CURVE('',#10451,(#10456,#10463),.PCURVE_S1.);
#10451 = CIRCLE('',#10452,2.35);
#10452 = AXIS2_PLACEMENT_3D('',#10453,#10454,#10455);
#10453 = CARTESIAN_POINT('',(3.,3.,24.8));
#10454 = DIRECTION('',(-0.,0.,1.));
#10455 = DIRECTION('',(1.110223024625E-16,-1.,0.));
#10456 = PCURVE('',#2660,#10457);
#10457 = DEFINITIONAL_REPRESENTATION('',(#10458),#10462);
#10458 = LINE('',#10459,#10460);
#10459 = CARTESIAN_POINT('',(-6.28318530718,8.3));
#10460 = VECTOR('',#10461,1.);
#10461 = DIRECTION('',(1.,-0.));
#10462 = ( GEOMETRIC_REPRESENTATION_CONTEXT(2) 
PARAMETRIC_REPRESENTATION_CONTEXT() REPRESENTATION_CONTEXT('2D SPACE',''
  ) );
#10463 = PCURVE('',#7498,#10464);
#10464 = DEFINITIONAL_REPRESENTATION('',(#10465),#10469);
#10465 = CIRCLE('',#10466,2.35);
#10466 = AXIS2_PLACEMENT_2D('',#10467,#10468);
#10467 = CARTESIAN_POINT('',(68.85,4.15));
#10468 = DIRECTION('',(1.,0.));
#10469 = ( GEOMETRIC_REPRESENTATION_CONTEXT(2) 
PARAMETRIC_REPRESENTATION_CONTEXT() REPRESENTATION_CONTEXT('2D SPACE',''
  ) );
#10470 = ADVANCED_FACE('',(#10471),#2603,.T.);
#10471 = FACE_BOUND('',#10472,.F.);
#10472 = EDGE_LOOP('',(#10473,#10474,#10475,#10496));
#10473 = ORIENTED_EDGE('',*,*,#2587,.F.);
#10474 = ORIENTED_EDGE('',*,*,#4254,.F.);
#10475 = ORIENTED_EDGE('',*,*,#10476,.T.);
#10476 = EDGE_CURVE('',#4255,#7533,#10477,.T.);
#10477 = SURFACE_CURVE('',#10478,(#10482,#10489),.PCURVE_S1.);
#10478 = LINE('',#10479,#10480);
#10479 = CARTESIAN_POINT('',(48.,-2.,21.6));
#10480 = VECTOR('',#10481,1.);
#10481 = DIRECTION('',(-1.110223024625E-16,1.,0.));
#10482 = PCURVE('',#2603,#10483);
#10483 = DEFINITIONAL_REPRESENTATION('',(#10484),#10488);
#10484 = LINE('',#10485,#10486);
#10485 = CARTESIAN_POINT('',(-5.,0.));
#10486 = VECTOR('',#10487,1.);
#10487 = DIRECTION('',(-0.,1.));
#10488 = ( GEOMETRIC_REPRESENTATION_CONTEXT(2) 
PARAMETRIC_REPRESENTATION_CONTEXT() REPRESENTATION_CONTEXT('2D SPACE',''
  ) );
#10489 = PCURVE('',#4293,#10490);
#10490 = DEFINITIONAL_REPRESENTATION('',(#10491),#10495);
#10491 = LINE('',#10492,#10493);
#10492 = CARTESIAN_POINT('',(-0.,0.));
#10493 = VECTOR('',#10494,1.);
#10494 = DIRECTION('',(-1.,0.));
#10495 = ( GEOMETRIC_REPRESENTATION_CONTEXT(2) 
PARAMETRIC_REPRESENTATION_CONTEXT() REPRESENTATION_CONTEXT('2D SPACE',''
  ) );
#10496 = ORIENTED_EDGE('',*,*,#7532,.T.);
#10497 = ADVANCED_FACE('',(#10498),#4293,.F.);
#10498 = FACE_BOUND('',#10499,.T.);
#10499 = EDGE_LOOP('',(#10500,#10501,#10502,#10503));
#10500 = ORIENTED_EDGE('',*,*,#4277,.F.);
#10501 = ORIENTED_EDGE('',*,*,#10476,.T.);
#10502 = ORIENTED_EDGE('',*,*,#7555,.T.);
#10503 = ORIENTED_EDGE('',*,*,#7433,.F.);
#10504 = ADVANCED_FACE('',(#10505,#10743),#4371,.F.);
#10505 = FACE_BOUND('',#10506,.F.);
#10506 = EDGE_LOOP('',(#10507,#10537,#10566,#10594,#10627,#10655,#10684,
    #10712));
#10507 = ORIENTED_EDGE('',*,*,#10508,.F.);
#10508 = EDGE_CURVE('',#10509,#10511,#10513,.T.);
#10509 = VERTEX_POINT('',#10510);
#10510 = CARTESIAN_POINT('',(15.025,39.55,26.));
#10511 = VERTEX_POINT('',#10512);
#10512 = CARTESIAN_POINT('',(21.79,39.55,26.));
#10513 = SURFACE_CURVE('',#10514,(#10518,#10525),.PCURVE_S1.);
#10514 = LINE('',#10515,#10516);
#10515 = CARTESIAN_POINT('',(10.835,39.55,26.));
#10516 = VECTOR('',#10517,1.);
#10517 = DIRECTION('',(1.,1.110223024625E-16,0.));
#10518 = PCURVE('',#4371,#10519);
#10519 = DEFINITIONAL_REPRESENTATION('',(#10520),#10524);
#10520 = LINE('',#10521,#10522);
#10521 = CARTESIAN_POINT('',(0.,0.));
#10522 = VECTOR('',#10523,1.);
#10523 = DIRECTION('',(0.,1.));
#10524 = ( GEOMETRIC_REPRESENTATION_CONTEXT(2) 
PARAMETRIC_REPRESENTATION_CONTEXT() REPRESENTATION_CONTEXT('2D SPACE',''
  ) );
#10525 = PCURVE('',#10526,#10531);
#10526 = PLANE('',#10527);
#10527 = AXIS2_PLACEMENT_3D('',#10528,#10529,#10530);
#10528 = CARTESIAN_POINT('',(10.835,39.55,24.7));
#10529 = DIRECTION('',(1.110223024625E-16,-1.,0.));
#10530 = DIRECTION('',(0.,0.,1.));
#10531 = DEFINITIONAL_REPRESENTATION('',(#10532),#10536);
#10532 = LINE('',#10533,#10534);
#10533 = CARTESIAN_POINT('',(1.3,0.));
#10534 = VECTOR('',#10535,1.);
#10535 = DIRECTION('',(0.,-1.));
#10536 = ( GEOMETRIC_REPRESENTATION_CONTEXT(2) 
PARAMETRIC_REPRESENTATION_CONTEXT() REPRESENTATION_CONTEXT('2D SPACE',''
  ) );
#10537 = ORIENTED_EDGE('',*,*,#10538,.T.);
#10538 = EDGE_CURVE('',#10509,#10539,#10541,.T.);
#10539 = VERTEX_POINT('',#10540);
#10540 = CARTESIAN_POINT('',(10.835,35.36,26.));
#10541 = SURFACE_CURVE('',#10542,(#10547,#10554),.PCURVE_S1.);
#10542 = CIRCLE('',#10543,4.19);
#10543 = AXIS2_PLACEMENT_3D('',#10544,#10545,#10546);
#10544 = CARTESIAN_POINT('',(15.025,35.36,26.));
#10545 = DIRECTION('',(0.,0.,1.));
#10546 = DIRECTION('',(-1.,-1.110223024625E-16,0.));
#10547 = PCURVE('',#4371,#10548);
#10548 = DEFINITIONAL_REPRESENTATION('',(#10549),#10553);
#10549 = CIRCLE('',#10550,4.19);
#10550 = AXIS2_PLACEMENT_2D('',#10551,#10552);
#10551 = CARTESIAN_POINT('',(4.19,4.19));
#10552 = DIRECTION('',(0.,-1.));
#10553 = ( GEOMETRIC_REPRESENTATION_CONTEXT(2) 
PARAMETRIC_REPRESENTATION_CONTEXT() REPRESENTATION_CONTEXT('2D SPACE',''
  ) );
#10554 = PCURVE('',#10555,#10560);
#10555 = CYLINDRICAL_SURFACE('',#10556,4.19);
#10556 = AXIS2_PLACEMENT_3D('',#10557,#10558,#10559);
#10557 = CARTESIAN_POINT('',(15.025,35.36,24.7));
#10558 = DIRECTION('',(0.,0.,1.));
#10559 = DIRECTION('',(-1.110223024625E-16,1.,0.));
#10560 = DEFINITIONAL_REPRESENTATION('',(#10561),#10565);
#10561 = LINE('',#10562,#10563);
#10562 = CARTESIAN_POINT('',(-4.712388980385,1.3));
#10563 = VECTOR('',#10564,1.);
#10564 = DIRECTION('',(1.,0.));
#10565 = ( GEOMETRIC_REPRESENTATION_CONTEXT(2) 
PARAMETRIC_REPRESENTATION_CONTEXT() REPRESENTATION_CONTEXT('2D SPACE',''
  ) );
#10566 = ORIENTED_EDGE('',*,*,#10567,.T.);
#10567 = EDGE_CURVE('',#10539,#10568,#10570,.T.);
#10568 = VERTEX_POINT('',#10569);
#10569 = CARTESIAN_POINT('',(10.835,35.34,26.));
#10570 = SURFACE_CURVE('',#10571,(#10575,#10582),.PCURVE_S1.);
#10571 = LINE('',#10572,#10573);
#10572 = CARTESIAN_POINT('',(10.835,39.55,26.));
#10573 = VECTOR('',#10574,1.);
#10574 = DIRECTION('',(1.110223024625E-16,-1.,0.));
#10575 = PCURVE('',#4371,#10576);
#10576 = DEFINITIONAL_REPRESENTATION('',(#10577),#10581);
#10577 = LINE('',#10578,#10579);
#10578 = CARTESIAN_POINT('',(0.,0.));
#10579 = VECTOR('',#10580,1.);
#10580 = DIRECTION('',(1.,0.));
#10581 = ( GEOMETRIC_REPRESENTATION_CONTEXT(2) 
PARAMETRIC_REPRESENTATION_CONTEXT() REPRESENTATION_CONTEXT('2D SPACE',''
  ) );
#10582 = PCURVE('',#10583,#10588);
#10583 = PLANE('',#10584);
#10584 = AXIS2_PLACEMENT_3D('',#10585,#10586,#10587);
#10585 = CARTESIAN_POINT('',(10.835,39.55,24.7));
#10586 = DIRECTION('',(1.,1.110223024625E-16,0.));
#10587 = DIRECTION('',(0.,0.,1.));
#10588 = DEFINITIONAL_REPRESENTATION('',(#10589),#10593);
#10589 = LINE('',#10590,#10591);
#10590 = CARTESIAN_POINT('',(1.3,0.));
#10591 = VECTOR('',#10592,1.);
#10592 = DIRECTION('',(0.,1.));
#10593 = ( GEOMETRIC_REPRESENTATION_CONTEXT(2) 
PARAMETRIC_REPRESENTATION_CONTEXT() REPRESENTATION_CONTEXT('2D SPACE',''
  ) );
#10594 = ORIENTED_EDGE('',*,*,#10595,.F.);
#10595 = EDGE_CURVE('',#10596,#10568,#10598,.T.);
#10596 = VERTEX_POINT('',#10597);
#10597 = CARTESIAN_POINT('',(15.025,31.15,26.));
#10598 = SURFACE_CURVE('',#10599,(#10604,#10615),.PCURVE_S1.);
#10599 = CIRCLE('',#10600,4.19);
#10600 = AXIS2_PLACEMENT_3D('',#10601,#10602,#10603);
#10601 = CARTESIAN_POINT('',(15.025,35.34,26.));
#10602 = DIRECTION('',(-0.,0.,-1.));
#10603 = DIRECTION('',(-1.,-1.110223024625E-16,0.));
#10604 = PCURVE('',#4371,#10605);
#10605 = DEFINITIONAL_REPRESENTATION('',(#10606),#10614);
#10606 = ( BOUNDED_CURVE() B_SPLINE_CURVE(2,(#10607,#10608,#10609,#10610
    ,#10611,#10612,#10613),.UNSPECIFIED.,.T.,.F.) 
B_SPLINE_CURVE_WITH_KNOTS((1,2,2,2,2,1),(-2.094395102393,0.,
    2.094395102393,4.188790204786,6.28318530718,8.377580409573),
.UNSPECIFIED.) CURVE() GEOMETRIC_REPRESENTATION_ITEM() 
RATIONAL_B_SPLINE_CURVE((1.,0.5,1.,0.5,1.,0.5,1.)) REPRESENTATION_ITEM(
  '') );
#10607 = CARTESIAN_POINT('',(4.21,-8.881784197001E-16));
#10608 = CARTESIAN_POINT('',(-3.047292883714,-8.881784197001E-16));
#10609 = CARTESIAN_POINT('',(0.581353558143,6.285));
#10610 = CARTESIAN_POINT('',(4.21,12.57));
#10611 = CARTESIAN_POINT('',(7.838646441857,6.285));
#10612 = CARTESIAN_POINT('',(11.467292883714,5.329070518201E-15));
#10613 = CARTESIAN_POINT('',(4.21,-8.881784197001E-16));
#10614 = ( GEOMETRIC_REPRESENTATION_CONTEXT(2) 
PARAMETRIC_REPRESENTATION_CONTEXT() REPRESENTATION_CONTEXT('2D SPACE',''
  ) );
#10615 = PCURVE('',#10616,#10621);
#10616 = CYLINDRICAL_SURFACE('',#10617,4.19);
#10617 = AXIS2_PLACEMENT_3D('',#10618,#10619,#10620);
#10618 = CARTESIAN_POINT('',(15.025,35.34,24.7));
#10619 = DIRECTION('',(0.,0.,1.));
#10620 = DIRECTION('',(1.110223024625E-16,-1.,0.));
#10621 = DEFINITIONAL_REPRESENTATION('',(#10622),#10626);
#10622 = LINE('',#10623,#10624);
#10623 = CARTESIAN_POINT('',(4.712388980385,1.3));
#10624 = VECTOR('',#10625,1.);
#10625 = DIRECTION('',(-1.,0.));
#10626 = ( GEOMETRIC_REPRESENTATION_CONTEXT(2) 
PARAMETRIC_REPRESENTATION_CONTEXT() REPRESENTATION_CONTEXT('2D SPACE',''
  ) );
#10627 = ORIENTED_EDGE('',*,*,#10628,.T.);
#10628 = EDGE_CURVE('',#10596,#10629,#10631,.T.);
#10629 = VERTEX_POINT('',#10630);
#10630 = CARTESIAN_POINT('',(21.79,31.15,26.));
#10631 = SURFACE_CURVE('',#10632,(#10636,#10643),.PCURVE_S1.);
#10632 = LINE('',#10633,#10634);
#10633 = CARTESIAN_POINT('',(10.835,31.15,26.));
#10634 = VECTOR('',#10635,1.);
#10635 = DIRECTION('',(1.,1.110223024625E-16,0.));
#10636 = PCURVE('',#4371,#10637);
#10637 = DEFINITIONAL_REPRESENTATION('',(#10638),#10642);
#10638 = LINE('',#10639,#10640);
#10639 = CARTESIAN_POINT('',(8.4,-9.325873406851E-16));
#10640 = VECTOR('',#10641,1.);
#10641 = DIRECTION('',(0.,1.));
#10642 = ( GEOMETRIC_REPRESENTATION_CONTEXT(2) 
PARAMETRIC_REPRESENTATION_CONTEXT() REPRESENTATION_CONTEXT('2D SPACE',''
  ) );
#10643 = PCURVE('',#10644,#10649);
#10644 = PLANE('',#10645);
#10645 = AXIS2_PLACEMENT_3D('',#10646,#10647,#10648);
#10646 = CARTESIAN_POINT('',(10.835,31.15,24.7));
#10647 = DIRECTION('',(1.110223024625E-16,-1.,0.));
#10648 = DIRECTION('',(0.,0.,1.));
#10649 = DEFINITIONAL_REPRESENTATION('',(#10650),#10654);
#10650 = LINE('',#10651,#10652);
#10651 = CARTESIAN_POINT('',(1.3,0.));
#10652 = VECTOR('',#10653,1.);
#10653 = DIRECTION('',(0.,-1.));
#10654 = ( GEOMETRIC_REPRESENTATION_CONTEXT(2) 
PARAMETRIC_REPRESENTATION_CONTEXT() REPRESENTATION_CONTEXT('2D SPACE',''
  ) );
#10655 = ORIENTED_EDGE('',*,*,#10656,.T.);
#10656 = EDGE_CURVE('',#10629,#10657,#10659,.T.);
#10657 = VERTEX_POINT('',#10658);
#10658 = CARTESIAN_POINT('',(25.98,35.34,26.));
#10659 = SURFACE_CURVE('',#10660,(#10665,#10672),.PCURVE_S1.);
#10660 = CIRCLE('',#10661,4.19);
#10661 = AXIS2_PLACEMENT_3D('',#10662,#10663,#10664);
#10662 = CARTESIAN_POINT('',(21.79,35.34,26.));
#10663 = DIRECTION('',(0.,0.,1.));
#10664 = DIRECTION('',(-1.,-1.110223024625E-16,0.));
#10665 = PCURVE('',#4371,#10666);
#10666 = DEFINITIONAL_REPRESENTATION('',(#10667),#10671);
#10667 = CIRCLE('',#10668,4.19);
#10668 = AXIS2_PLACEMENT_2D('',#10669,#10670);
#10669 = CARTESIAN_POINT('',(4.21,10.955));
#10670 = DIRECTION('',(0.,-1.));
#10671 = ( GEOMETRIC_REPRESENTATION_CONTEXT(2) 
PARAMETRIC_REPRESENTATION_CONTEXT() REPRESENTATION_CONTEXT('2D SPACE',''
  ) );
#10672 = PCURVE('',#10673,#10678);
#10673 = CYLINDRICAL_SURFACE('',#10674,4.19);
#10674 = AXIS2_PLACEMENT_3D('',#10675,#10676,#10677);
#10675 = CARTESIAN_POINT('',(21.79,35.34,24.7));
#10676 = DIRECTION('',(0.,0.,1.));
#10677 = DIRECTION('',(1.110223024625E-16,-1.,0.));
#10678 = DEFINITIONAL_REPRESENTATION('',(#10679),#10683);
#10679 = LINE('',#10680,#10681);
#10680 = CARTESIAN_POINT('',(-1.570796326795,1.3));
#10681 = VECTOR('',#10682,1.);
#10682 = DIRECTION('',(1.,0.));
#10683 = ( GEOMETRIC_REPRESENTATION_CONTEXT(2) 
PARAMETRIC_REPRESENTATION_CONTEXT() REPRESENTATION_CONTEXT('2D SPACE',''
  ) );
#10684 = ORIENTED_EDGE('',*,*,#10685,.F.);
#10685 = EDGE_CURVE('',#10686,#10657,#10688,.T.);
#10686 = VERTEX_POINT('',#10687);
#10687 = CARTESIAN_POINT('',(25.98,35.36,26.));
#10688 = SURFACE_CURVE('',#10689,(#10693,#10700),.PCURVE_S1.);
#10689 = LINE('',#10690,#10691);
#10690 = CARTESIAN_POINT('',(25.98,39.55,26.));
#10691 = VECTOR('',#10692,1.);
#10692 = DIRECTION('',(1.110223024625E-16,-1.,0.));
#10693 = PCURVE('',#4371,#10694);
#10694 = DEFINITIONAL_REPRESENTATION('',(#10695),#10699);
#10695 = LINE('',#10696,#10697);
#10696 = CARTESIAN_POINT('',(1.681432770795E-15,15.145));
#10697 = VECTOR('',#10698,1.);
#10698 = DIRECTION('',(1.,0.));
#10699 = ( GEOMETRIC_REPRESENTATION_CONTEXT(2) 
PARAMETRIC_REPRESENTATION_CONTEXT() REPRESENTATION_CONTEXT('2D SPACE',''
  ) );
#10700 = PCURVE('',#10701,#10706);
#10701 = PLANE('',#10702);
#10702 = AXIS2_PLACEMENT_3D('',#10703,#10704,#10705);
#10703 = CARTESIAN_POINT('',(25.98,39.55,24.7));
#10704 = DIRECTION('',(1.,1.110223024625E-16,0.));
#10705 = DIRECTION('',(0.,0.,1.));
#10706 = DEFINITIONAL_REPRESENTATION('',(#10707),#10711);
#10707 = LINE('',#10708,#10709);
#10708 = CARTESIAN_POINT('',(1.3,0.));
#10709 = VECTOR('',#10710,1.);
#10710 = DIRECTION('',(0.,1.));
#10711 = ( GEOMETRIC_REPRESENTATION_CONTEXT(2) 
PARAMETRIC_REPRESENTATION_CONTEXT() REPRESENTATION_CONTEXT('2D SPACE',''
  ) );
#10712 = ORIENTED_EDGE('',*,*,#10713,.F.);
#10713 = EDGE_CURVE('',#10511,#10686,#10714,.T.);
#10714 = SURFACE_CURVE('',#10715,(#10720,#10731),.PCURVE_S1.);
#10715 = CIRCLE('',#10716,4.19);
#10716 = AXIS2_PLACEMENT_3D('',#10717,#10718,#10719);
#10717 = CARTESIAN_POINT('',(21.79,35.36,26.));
#10718 = DIRECTION('',(-0.,0.,-1.));
#10719 = DIRECTION('',(-1.,-1.110223024625E-16,0.));
#10720 = PCURVE('',#4371,#10721);
#10721 = DEFINITIONAL_REPRESENTATION('',(#10722),#10730);
#10722 = ( BOUNDED_CURVE() B_SPLINE_CURVE(2,(#10723,#10724,#10725,#10726
    ,#10727,#10728,#10729),.UNSPECIFIED.,.T.,.F.) 
B_SPLINE_CURVE_WITH_KNOTS((1,2,2,2,2,1),(-2.094395102393,0.,
    2.094395102393,4.188790204786,6.28318530718,8.377580409573),
.UNSPECIFIED.) CURVE() GEOMETRIC_REPRESENTATION_ITEM() 
RATIONAL_B_SPLINE_CURVE((1.,0.5,1.,0.5,1.,0.5,1.)) REPRESENTATION_ITEM(
  '') );
#10723 = CARTESIAN_POINT('',(4.19,6.765));
#10724 = CARTESIAN_POINT('',(-3.067292883714,6.765));
#10725 = CARTESIAN_POINT('',(0.561353558143,13.05));
#10726 = CARTESIAN_POINT('',(4.19,19.335));
#10727 = CARTESIAN_POINT('',(7.818646441857,13.05));
#10728 = CARTESIAN_POINT('',(11.447292883714,6.765));
#10729 = CARTESIAN_POINT('',(4.19,6.765));
#10730 = ( GEOMETRIC_REPRESENTATION_CONTEXT(2) 
PARAMETRIC_REPRESENTATION_CONTEXT() REPRESENTATION_CONTEXT('2D SPACE',''
  ) );
#10731 = PCURVE('',#10732,#10737);
#10732 = CYLINDRICAL_SURFACE('',#10733,4.19);
#10733 = AXIS2_PLACEMENT_3D('',#10734,#10735,#10736);
#10734 = CARTESIAN_POINT('',(21.79,35.36,24.7));
#10735 = DIRECTION('',(0.,0.,1.));
#10736 = DIRECTION('',(-1.110223024625E-16,1.,0.));
#10737 = DEFINITIONAL_REPRESENTATION('',(#10738),#10742);
#10738 = LINE('',#10739,#10740);
#10739 = CARTESIAN_POINT('',(1.570796326795,1.3));
#10740 = VECTOR('',#10741,1.);
#10741 = DIRECTION('',(-1.,0.));
#10742 = ( GEOMETRIC_REPRESENTATION_CONTEXT(2) 
PARAMETRIC_REPRESENTATION_CONTEXT() REPRESENTATION_CONTEXT('2D SPACE',''
  ) );
#10743 = FACE_BOUND('',#10744,.F.);
#10744 = EDGE_LOOP('',(#10745,#10746,#10747,#10748,#10749,#10750,#10751,
    #10752));
#10745 = ORIENTED_EDGE('',*,*,#4354,.F.);
#10746 = ORIENTED_EDGE('',*,*,#4410,.F.);
#10747 = ORIENTED_EDGE('',*,*,#4507,.F.);
#10748 = ORIENTED_EDGE('',*,*,#4629,.T.);
#10749 = ORIENTED_EDGE('',*,*,#4705,.F.);
#10750 = ORIENTED_EDGE('',*,*,#4657,.T.);
#10751 = ORIENTED_EDGE('',*,*,#4579,.F.);
#10752 = ORIENTED_EDGE('',*,*,#4480,.F.);
#10753 = ADVANCED_FACE('',(#10754,#11203,#11393,#11403,#11413,#11554,
    #11668),#4772,.F.);
#10754 = FACE_BOUND('',#10755,.F.);
#10755 = EDGE_LOOP('',(#10756,#10757,#10780,#10808,#10836,#10857,#10858,
    #10881,#10909,#10937,#10966,#10994,#11016,#11017,#11018,#11019,
    #11020,#11021,#11022,#11023,#11024,#11025,#11026,#11027,#11028,
    #11029,#11030,#11031,#11032,#11033,#11034,#11035,#11058,#11079,
    #11080,#11081,#11082,#11105,#11133,#11154,#11155,#11156,#11157,
    #11178,#11179,#11180,#11181,#11202));
#10756 = ORIENTED_EDGE('',*,*,#9723,.F.);
#10757 = ORIENTED_EDGE('',*,*,#10758,.F.);
#10758 = EDGE_CURVE('',#10759,#9724,#10761,.T.);
#10759 = VERTEX_POINT('',#10760);
#10760 = CARTESIAN_POINT('',(7.4,61.7,24.8));
#10761 = SURFACE_CURVE('',#10762,(#10766,#10773),.PCURVE_S1.);
#10762 = LINE('',#10763,#10764);
#10763 = CARTESIAN_POINT('',(7.4,66.604124075452,24.8));
#10764 = VECTOR('',#10765,1.);
#10765 = DIRECTION('',(-1.110223024625E-16,1.,0.));
#10766 = PCURVE('',#4772,#10767);
#10767 = DEFINITIONAL_REPRESENTATION('',(#10768),#10772);
#10768 = LINE('',#10769,#10770);
#10769 = CARTESIAN_POINT('',(5.245875924548,8.55));
#10770 = VECTOR('',#10771,1.);
#10771 = DIRECTION('',(-1.,0.));
#10772 = ( GEOMETRIC_REPRESENTATION_CONTEXT(2) 
PARAMETRIC_REPRESENTATION_CONTEXT() REPRESENTATION_CONTEXT('2D SPACE',''
  ) );
#10773 = PCURVE('',#9762,#10774);
#10774 = DEFINITIONAL_REPRESENTATION('',(#10775),#10779);
#10775 = LINE('',#10776,#10777);
#10776 = CARTESIAN_POINT('',(2.263168905513,-5.245875924548));
#10777 = VECTOR('',#10778,1.);
#10778 = DIRECTION('',(0.,-1.));
#10779 = ( GEOMETRIC_REPRESENTATION_CONTEXT(2) 
PARAMETRIC_REPRESENTATION_CONTEXT() REPRESENTATION_CONTEXT('2D SPACE',''
  ) );
#10780 = ORIENTED_EDGE('',*,*,#10781,.T.);
#10781 = EDGE_CURVE('',#10759,#10782,#10784,.T.);
#10782 = VERTEX_POINT('',#10783);
#10783 = CARTESIAN_POINT('',(12.4,61.7,24.8));
#10784 = SURFACE_CURVE('',#10785,(#10789,#10796),.PCURVE_S1.);
#10785 = LINE('',#10786,#10787);
#10786 = CARTESIAN_POINT('',(-0.775,61.7,24.8));
#10787 = VECTOR('',#10788,1.);
#10788 = DIRECTION('',(1.,1.110223024625E-16,0.));
#10789 = PCURVE('',#4772,#10790);
#10790 = DEFINITIONAL_REPRESENTATION('',(#10791),#10795);
#10791 = LINE('',#10792,#10793);
#10792 = CARTESIAN_POINT('',(10.15,0.375));
#10793 = VECTOR('',#10794,1.);
#10794 = DIRECTION('',(0.,1.));
#10795 = ( GEOMETRIC_REPRESENTATION_CONTEXT(2) 
PARAMETRIC_REPRESENTATION_CONTEXT() REPRESENTATION_CONTEXT('2D SPACE',''
  ) );
#10796 = PCURVE('',#10797,#10802);
#10797 = PLANE('',#10798);
#10798 = AXIS2_PLACEMENT_3D('',#10799,#10800,#10801);
#10799 = CARTESIAN_POINT('',(-0.4,61.7,24.75));
#10800 = DIRECTION('',(1.110223024625E-16,-1.,0.));
#10801 = DIRECTION('',(0.,0.,1.));
#10802 = DEFINITIONAL_REPRESENTATION('',(#10803),#10807);
#10803 = LINE('',#10804,#10805);
#10804 = CARTESIAN_POINT('',(5.E-02,0.375));
#10805 = VECTOR('',#10806,1.);
#10806 = DIRECTION('',(0.,-1.));
#10807 = ( GEOMETRIC_REPRESENTATION_CONTEXT(2) 
PARAMETRIC_REPRESENTATION_CONTEXT() REPRESENTATION_CONTEXT('2D SPACE',''
  ) );
#10808 = ORIENTED_EDGE('',*,*,#10809,.F.);
#10809 = EDGE_CURVE('',#10810,#10782,#10812,.T.);
#10810 = VERTEX_POINT('',#10811);
#10811 = CARTESIAN_POINT('',(12.4,47.7,24.8));
#10812 = SURFACE_CURVE('',#10813,(#10817,#10824),.PCURVE_S1.);
#10813 = LINE('',#10814,#10815);
#10814 = CARTESIAN_POINT('',(12.4,66.775,24.8));
#10815 = VECTOR('',#10816,1.);
#10816 = DIRECTION('',(-1.110223024625E-16,1.,0.));
#10817 = PCURVE('',#4772,#10818);
#10818 = DEFINITIONAL_REPRESENTATION('',(#10819),#10823);
#10819 = LINE('',#10820,#10821);
#10820 = CARTESIAN_POINT('',(5.075,13.55));
#10821 = VECTOR('',#10822,1.);
#10822 = DIRECTION('',(-1.,0.));
#10823 = ( GEOMETRIC_REPRESENTATION_CONTEXT(2) 
PARAMETRIC_REPRESENTATION_CONTEXT() REPRESENTATION_CONTEXT('2D SPACE',''
  ) );
#10824 = PCURVE('',#10825,#10830);
#10825 = PLANE('',#10826);
#10826 = AXIS2_PLACEMENT_3D('',#10827,#10828,#10829);
#10827 = CARTESIAN_POINT('',(12.4,61.7,24.75));
#10828 = DIRECTION('',(1.,1.110223024625E-16,0.));
#10829 = DIRECTION('',(0.,0.,1.));
#10830 = DEFINITIONAL_REPRESENTATION('',(#10831),#10835);
#10831 = LINE('',#10832,#10833);
#10832 = CARTESIAN_POINT('',(5.E-02,-5.075));
#10833 = VECTOR('',#10834,1.);
#10834 = DIRECTION('',(0.,-1.));
#10835 = ( GEOMETRIC_REPRESENTATION_CONTEXT(2) 
PARAMETRIC_REPRESENTATION_CONTEXT() REPRESENTATION_CONTEXT('2D SPACE',''
  ) );
#10836 = ORIENTED_EDGE('',*,*,#10837,.F.);
#10837 = EDGE_CURVE('',#10137,#10810,#10838,.T.);
#10838 = SURFACE_CURVE('',#10839,(#10843,#10850),.PCURVE_S1.);
#10839 = LINE('',#10840,#10841);
#10840 = CARTESIAN_POINT('',(-0.775,47.7,24.8));
#10841 = VECTOR('',#10842,1.);
#10842 = DIRECTION('',(1.,1.110223024625E-16,0.));
#10843 = PCURVE('',#4772,#10844);
#10844 = DEFINITIONAL_REPRESENTATION('',(#10845),#10849);
#10845 = LINE('',#10846,#10847);
#10846 = CARTESIAN_POINT('',(24.15,0.375));
#10847 = VECTOR('',#10848,1.);
#10848 = DIRECTION('',(0.,1.));
#10849 = ( GEOMETRIC_REPRESENTATION_CONTEXT(2) 
PARAMETRIC_REPRESENTATION_CONTEXT() REPRESENTATION_CONTEXT('2D SPACE',''
  ) );
#10850 = PCURVE('',#10152,#10851);
#10851 = DEFINITIONAL_REPRESENTATION('',(#10852),#10856);
#10852 = LINE('',#10853,#10854);
#10853 = CARTESIAN_POINT('',(5.E-02,0.375));
#10854 = VECTOR('',#10855,1.);
#10855 = DIRECTION('',(0.,-1.));
#10856 = ( GEOMETRIC_REPRESENTATION_CONTEXT(2) 
PARAMETRIC_REPRESENTATION_CONTEXT() REPRESENTATION_CONTEXT('2D SPACE',''
  ) );
#10857 = ORIENTED_EDGE('',*,*,#10164,.F.);
#10858 = ORIENTED_EDGE('',*,*,#10859,.T.);
#10859 = EDGE_CURVE('',#10165,#10860,#10862,.T.);
#10860 = VERTEX_POINT('',#10861);
#10861 = CARTESIAN_POINT('',(12.4,23.,24.8));
#10862 = SURFACE_CURVE('',#10863,(#10867,#10874),.PCURVE_S1.);
#10863 = LINE('',#10864,#10865);
#10864 = CARTESIAN_POINT('',(-0.775,23.,24.8));
#10865 = VECTOR('',#10866,1.);
#10866 = DIRECTION('',(1.,1.110223024625E-16,0.));
#10867 = PCURVE('',#4772,#10868);
#10868 = DEFINITIONAL_REPRESENTATION('',(#10869),#10873);
#10869 = LINE('',#10870,#10871);
#10870 = CARTESIAN_POINT('',(48.85,0.375));
#10871 = VECTOR('',#10872,1.);
#10872 = DIRECTION('',(0.,1.));
#10873 = ( GEOMETRIC_REPRESENTATION_CONTEXT(2) 
PARAMETRIC_REPRESENTATION_CONTEXT() REPRESENTATION_CONTEXT('2D SPACE',''
  ) );
#10874 = PCURVE('',#10203,#10875);
#10875 = DEFINITIONAL_REPRESENTATION('',(#10876),#10880);
#10876 = LINE('',#10877,#10878);
#10877 = CARTESIAN_POINT('',(5.E-02,0.375));
#10878 = VECTOR('',#10879,1.);
#10879 = DIRECTION('',(0.,-1.));
#10880 = ( GEOMETRIC_REPRESENTATION_CONTEXT(2) 
PARAMETRIC_REPRESENTATION_CONTEXT() REPRESENTATION_CONTEXT('2D SPACE',''
  ) );
#10881 = ORIENTED_EDGE('',*,*,#10882,.F.);
#10882 = EDGE_CURVE('',#10883,#10860,#10885,.T.);
#10883 = VERTEX_POINT('',#10884);
#10884 = CARTESIAN_POINT('',(12.4,12.1,24.8));
#10885 = SURFACE_CURVE('',#10886,(#10890,#10897),.PCURVE_S1.);
#10886 = LINE('',#10887,#10888);
#10887 = CARTESIAN_POINT('',(12.4,47.425,24.8));
#10888 = VECTOR('',#10889,1.);
#10889 = DIRECTION('',(-1.110223024625E-16,1.,0.));
#10890 = PCURVE('',#4772,#10891);
#10891 = DEFINITIONAL_REPRESENTATION('',(#10892),#10896);
#10892 = LINE('',#10893,#10894);
#10893 = CARTESIAN_POINT('',(24.425,13.55));
#10894 = VECTOR('',#10895,1.);
#10895 = DIRECTION('',(-1.,0.));
#10896 = ( GEOMETRIC_REPRESENTATION_CONTEXT(2) 
PARAMETRIC_REPRESENTATION_CONTEXT() REPRESENTATION_CONTEXT('2D SPACE',''
  ) );
#10897 = PCURVE('',#10898,#10903);
#10898 = PLANE('',#10899);
#10899 = AXIS2_PLACEMENT_3D('',#10900,#10901,#10902);
#10900 = CARTESIAN_POINT('',(12.4,23.,24.75));
#10901 = DIRECTION('',(1.,1.110223024625E-16,0.));
#10902 = DIRECTION('',(0.,0.,1.));
#10903 = DEFINITIONAL_REPRESENTATION('',(#10904),#10908);
#10904 = LINE('',#10905,#10906);
#10905 = CARTESIAN_POINT('',(5.E-02,-24.425));
#10906 = VECTOR('',#10907,1.);
#10907 = DIRECTION('',(0.,-1.));
#10908 = ( GEOMETRIC_REPRESENTATION_CONTEXT(2) 
PARAMETRIC_REPRESENTATION_CONTEXT() REPRESENTATION_CONTEXT('2D SPACE',''
  ) );
#10909 = ORIENTED_EDGE('',*,*,#10910,.T.);
#10910 = EDGE_CURVE('',#10883,#10911,#10913,.T.);
#10911 = VERTEX_POINT('',#10912);
#10912 = CARTESIAN_POINT('',(21.55,12.1,24.8));
#10913 = SURFACE_CURVE('',#10914,(#10918,#10925),.PCURVE_S1.);
#10914 = LINE('',#10915,#10916);
#10915 = CARTESIAN_POINT('',(2.425,12.1,24.8));
#10916 = VECTOR('',#10917,1.);
#10917 = DIRECTION('',(1.,1.110223024625E-16,0.));
#10918 = PCURVE('',#4772,#10919);
#10919 = DEFINITIONAL_REPRESENTATION('',(#10920),#10924);
#10920 = LINE('',#10921,#10922);
#10921 = CARTESIAN_POINT('',(59.75,3.575));
#10922 = VECTOR('',#10923,1.);
#10923 = DIRECTION('',(0.,1.));
#10924 = ( GEOMETRIC_REPRESENTATION_CONTEXT(2) 
PARAMETRIC_REPRESENTATION_CONTEXT() REPRESENTATION_CONTEXT('2D SPACE',''
  ) );
#10925 = PCURVE('',#10926,#10931);
#10926 = PLANE('',#10927);
#10927 = AXIS2_PLACEMENT_3D('',#10928,#10929,#10930);
#10928 = CARTESIAN_POINT('',(6.,12.1,17.9));
#10929 = DIRECTION('',(-1.110223024625E-16,1.,0.));
#10930 = DIRECTION('',(0.,-0.,-1.));
#10931 = DEFINITIONAL_REPRESENTATION('',(#10932),#10936);
#10932 = LINE('',#10933,#10934);
#10933 = CARTESIAN_POINT('',(-6.9,3.575));
#10934 = VECTOR('',#10935,1.);
#10935 = DIRECTION('',(-0.,-1.));
#10936 = ( GEOMETRIC_REPRESENTATION_CONTEXT(2) 
PARAMETRIC_REPRESENTATION_CONTEXT() REPRESENTATION_CONTEXT('2D SPACE',''
  ) );
#10937 = ORIENTED_EDGE('',*,*,#10938,.F.);
#10938 = EDGE_CURVE('',#10939,#10911,#10941,.T.);
#10939 = VERTEX_POINT('',#10940);
#10940 = CARTESIAN_POINT('',(22.2,11.45,24.8));
#10941 = SURFACE_CURVE('',#10942,(#10947,#10954),.PCURVE_S1.);
#10942 = CIRCLE('',#10943,0.65);
#10943 = AXIS2_PLACEMENT_3D('',#10944,#10945,#10946);
#10944 = CARTESIAN_POINT('',(21.55,11.45,24.8));
#10945 = DIRECTION('',(0.,0.,1.));
#10946 = DIRECTION('',(-1.110223024625E-16,1.,0.));
#10947 = PCURVE('',#4772,#10948);
#10948 = DEFINITIONAL_REPRESENTATION('',(#10949),#10953);
#10949 = CIRCLE('',#10950,0.65);
#10950 = AXIS2_PLACEMENT_2D('',#10951,#10952);
#10951 = CARTESIAN_POINT('',(60.4,22.7));
#10952 = DIRECTION('',(-1.,0.));
#10953 = ( GEOMETRIC_REPRESENTATION_CONTEXT(2) 
PARAMETRIC_REPRESENTATION_CONTEXT() REPRESENTATION_CONTEXT('2D SPACE',''
  ) );
#10954 = PCURVE('',#10955,#10960);
#10955 = CYLINDRICAL_SURFACE('',#10956,0.65);
#10956 = AXIS2_PLACEMENT_3D('',#10957,#10958,#10959);
#10957 = CARTESIAN_POINT('',(21.55,11.45,17.9));
#10958 = DIRECTION('',(0.,0.,1.));
#10959 = DIRECTION('',(-1.110223024625E-16,1.,-0.));
#10960 = DEFINITIONAL_REPRESENTATION('',(#10961),#10965);
#10961 = LINE('',#10962,#10963);
#10962 = CARTESIAN_POINT('',(-6.28318530718,6.9));
#10963 = VECTOR('',#10964,1.);
#10964 = DIRECTION('',(1.,-0.));
#10965 = ( GEOMETRIC_REPRESENTATION_CONTEXT(2) 
PARAMETRIC_REPRESENTATION_CONTEXT() REPRESENTATION_CONTEXT('2D SPACE',''
  ) );
#10966 = ORIENTED_EDGE('',*,*,#10967,.T.);
#10967 = EDGE_CURVE('',#10939,#10968,#10970,.T.);
#10968 = VERTEX_POINT('',#10969);
#10969 = CARTESIAN_POINT('',(22.2,0.75,24.8));
#10970 = SURFACE_CURVE('',#10971,(#10975,#10982),.PCURVE_S1.);
#10971 = LINE('',#10972,#10973);
#10972 = CARTESIAN_POINT('',(22.2,35.975,24.8));
#10973 = VECTOR('',#10974,1.);
#10974 = DIRECTION('',(1.110223024625E-16,-1.,0.));
#10975 = PCURVE('',#4772,#10976);
#10976 = DEFINITIONAL_REPRESENTATION('',(#10977),#10981);
#10977 = LINE('',#10978,#10979);
#10978 = CARTESIAN_POINT('',(35.875,23.35));
#10979 = VECTOR('',#10980,1.);
#10980 = DIRECTION('',(1.,0.));
#10981 = ( GEOMETRIC_REPRESENTATION_CONTEXT(2) 
PARAMETRIC_REPRESENTATION_CONTEXT() REPRESENTATION_CONTEXT('2D SPACE',''
  ) );
#10982 = PCURVE('',#10983,#10988);
#10983 = PLANE('',#10984);
#10984 = AXIS2_PLACEMENT_3D('',#10985,#10986,#10987);
#10985 = CARTESIAN_POINT('',(22.2,1.E-01,17.9));
#10986 = DIRECTION('',(1.,1.110223024625E-16,0.));
#10987 = DIRECTION('',(0.,-0.,-1.));
#10988 = DEFINITIONAL_REPRESENTATION('',(#10989),#10993);
#10989 = LINE('',#10990,#10991);
#10990 = CARTESIAN_POINT('',(-6.9,35.875));
#10991 = VECTOR('',#10992,1.);
#10992 = DIRECTION('',(-0.,-1.));
#10993 = ( GEOMETRIC_REPRESENTATION_CONTEXT(2) 
PARAMETRIC_REPRESENTATION_CONTEXT() REPRESENTATION_CONTEXT('2D SPACE',''
  ) );
#10994 = ORIENTED_EDGE('',*,*,#10995,.F.);
#10995 = EDGE_CURVE('',#7690,#10968,#10996,.T.);
#10996 = SURFACE_CURVE('',#10997,(#11002,#11009),.PCURVE_S1.);
#10997 = CIRCLE('',#10998,0.65);
#10998 = AXIS2_PLACEMENT_3D('',#10999,#11000,#11001);
#10999 = CARTESIAN_POINT('',(21.55,0.75,24.8));
#11000 = DIRECTION('',(-0.,0.,1.));
#11001 = DIRECTION('',(1.110223024625E-16,-1.,0.));
#11002 = PCURVE('',#4772,#11003);
#11003 = DEFINITIONAL_REPRESENTATION('',(#11004),#11008);
#11004 = CIRCLE('',#11005,0.65);
#11005 = AXIS2_PLACEMENT_2D('',#11006,#11007);
#11006 = CARTESIAN_POINT('',(71.1,22.7));
#11007 = DIRECTION('',(1.,0.));
#11008 = ( GEOMETRIC_REPRESENTATION_CONTEXT(2) 
PARAMETRIC_REPRESENTATION_CONTEXT() REPRESENTATION_CONTEXT('2D SPACE',''
  ) );
#11009 = PCURVE('',#7728,#11010);
#11010 = DEFINITIONAL_REPRESENTATION('',(#11011),#11015);
#11011 = LINE('',#11012,#11013);
#11012 = CARTESIAN_POINT('',(0.,6.9));
#11013 = VECTOR('',#11014,1.);
#11014 = DIRECTION('',(1.,0.));
#11015 = ( GEOMETRIC_REPRESENTATION_CONTEXT(2) 
PARAMETRIC_REPRESENTATION_CONTEXT() REPRESENTATION_CONTEXT('2D SPACE',''
  ) );
#11016 = ORIENTED_EDGE('',*,*,#7689,.T.);
#11017 = ORIENTED_EDGE('',*,*,#5432,.F.);
#11018 = ORIENTED_EDGE('',*,*,#5254,.T.);
#11019 = ORIENTED_EDGE('',*,*,#5156,.F.);
#11020 = ORIENTED_EDGE('',*,*,#5207,.T.);
#11021 = ORIENTED_EDGE('',*,*,#5304,.F.);
#11022 = ORIENTED_EDGE('',*,*,#5459,.F.);
#11023 = ORIENTED_EDGE('',*,*,#5605,.F.);
#11024 = ORIENTED_EDGE('',*,*,#7645,.T.);
#11025 = ORIENTED_EDGE('',*,*,#6434,.F.);
#11026 = ORIENTED_EDGE('',*,*,#6256,.T.);
#11027 = ORIENTED_EDGE('',*,*,#6158,.F.);
#11028 = ORIENTED_EDGE('',*,*,#6209,.T.);
#11029 = ORIENTED_EDGE('',*,*,#6306,.F.);
#11030 = ORIENTED_EDGE('',*,*,#6461,.F.);
#11031 = ORIENTED_EDGE('',*,*,#6607,.F.);
#11032 = ORIENTED_EDGE('',*,*,#7601,.T.);
#11033 = ORIENTED_EDGE('',*,*,#7878,.T.);
#11034 = ORIENTED_EDGE('',*,*,#7984,.F.);
#11035 = ORIENTED_EDGE('',*,*,#11036,.T.);
#11036 = EDGE_CURVE('',#7906,#11037,#11039,.T.);
#11037 = VERTEX_POINT('',#11038);
#11038 = CARTESIAN_POINT('',(119.,3.6,24.8));
#11039 = SURFACE_CURVE('',#11040,(#11044,#11051),.PCURVE_S1.);
#11040 = LINE('',#11041,#11042);
#11041 = CARTESIAN_POINT('',(119.,37.725,24.8));
#11042 = VECTOR('',#11043,1.);
#11043 = DIRECTION('',(-1.110223024625E-16,1.,0.));
#11044 = PCURVE('',#4772,#11045);
#11045 = DEFINITIONAL_REPRESENTATION('',(#11046),#11050);
#11046 = LINE('',#11047,#11048);
#11047 = CARTESIAN_POINT('',(34.125,120.15));
#11048 = VECTOR('',#11049,1.);
#11049 = DIRECTION('',(-1.,0.));
#11050 = ( GEOMETRIC_REPRESENTATION_CONTEXT(2) 
PARAMETRIC_REPRESENTATION_CONTEXT() REPRESENTATION_CONTEXT('2D SPACE',''
  ) );
#11051 = PCURVE('',#7921,#11052);
#11052 = DEFINITIONAL_REPRESENTATION('',(#11053),#11057);
#11053 = LINE('',#11054,#11055);
#11054 = CARTESIAN_POINT('',(8.5,-34.125));
#11055 = VECTOR('',#11056,1.);
#11056 = DIRECTION('',(0.,-1.));
#11057 = ( GEOMETRIC_REPRESENTATION_CONTEXT(2) 
PARAMETRIC_REPRESENTATION_CONTEXT() REPRESENTATION_CONTEXT('2D SPACE',''
  ) );
#11058 = ORIENTED_EDGE('',*,*,#11059,.T.);
#11059 = EDGE_CURVE('',#11037,#8033,#11060,.T.);
#11060 = SURFACE_CURVE('',#11061,(#11065,#11072),.PCURVE_S1.);
#11061 = LINE('',#11062,#11063);
#11062 = CARTESIAN_POINT('',(58.925,3.6,24.8));
#11063 = VECTOR('',#11064,1.);
#11064 = DIRECTION('',(1.,1.110223024625E-16,0.));
#11065 = PCURVE('',#4772,#11066);
#11066 = DEFINITIONAL_REPRESENTATION('',(#11067),#11071);
#11067 = LINE('',#11068,#11069);
#11068 = CARTESIAN_POINT('',(68.25,60.075));
#11069 = VECTOR('',#11070,1.);
#11070 = DIRECTION('',(0.,1.));
#11071 = ( GEOMETRIC_REPRESENTATION_CONTEXT(2) 
PARAMETRIC_REPRESENTATION_CONTEXT() REPRESENTATION_CONTEXT('2D SPACE',''
  ) );
#11072 = PCURVE('',#8048,#11073);
#11073 = DEFINITIONAL_REPRESENTATION('',(#11074),#11078);
#11074 = LINE('',#11075,#11076);
#11075 = CARTESIAN_POINT('',(8.5,60.075));
#11076 = VECTOR('',#11077,1.);
#11077 = DIRECTION('',(0.,-1.));
#11078 = ( GEOMETRIC_REPRESENTATION_CONTEXT(2) 
PARAMETRIC_REPRESENTATION_CONTEXT() REPRESENTATION_CONTEXT('2D SPACE',''
  ) );
#11079 = ORIENTED_EDGE('',*,*,#8060,.F.);
#11080 = ORIENTED_EDGE('',*,*,#8133,.T.);
#11081 = ORIENTED_EDGE('',*,*,#8373,.T.);
#11082 = ORIENTED_EDGE('',*,*,#11083,.F.);
#11083 = EDGE_CURVE('',#11084,#8346,#11086,.T.);
#11084 = VERTEX_POINT('',#11085);
#11085 = CARTESIAN_POINT('',(118.6,28.35,24.8));
#11086 = SURFACE_CURVE('',#11087,(#11091,#11098),.PCURVE_S1.);
#11087 = LINE('',#11088,#11089);
#11088 = CARTESIAN_POINT('',(58.725,28.35,24.8));
#11089 = VECTOR('',#11090,1.);
#11090 = DIRECTION('',(1.,1.110223024625E-16,0.));
#11091 = PCURVE('',#4772,#11092);
#11092 = DEFINITIONAL_REPRESENTATION('',(#11093),#11097);
#11093 = LINE('',#11094,#11095);
#11094 = CARTESIAN_POINT('',(43.5,59.875));
#11095 = VECTOR('',#11096,1.);
#11096 = DIRECTION('',(0.,1.));
#11097 = ( GEOMETRIC_REPRESENTATION_CONTEXT(2) 
PARAMETRIC_REPRESENTATION_CONTEXT() REPRESENTATION_CONTEXT('2D SPACE',''
  ) );
#11098 = PCURVE('',#8361,#11099);
#11099 = DEFINITIONAL_REPRESENTATION('',(#11100),#11104);
#11100 = LINE('',#11101,#11102);
#11101 = CARTESIAN_POINT('',(5.E-02,59.875));
#11102 = VECTOR('',#11103,1.);
#11103 = DIRECTION('',(0.,-1.));
#11104 = ( GEOMETRIC_REPRESENTATION_CONTEXT(2) 
PARAMETRIC_REPRESENTATION_CONTEXT() REPRESENTATION_CONTEXT('2D SPACE',''
  ) );
#11105 = ORIENTED_EDGE('',*,*,#11106,.T.);
#11106 = EDGE_CURVE('',#11084,#11107,#11109,.T.);
#11107 = VERTEX_POINT('',#11108);
#11108 = CARTESIAN_POINT('',(118.6,42.35,24.8));
#11109 = SURFACE_CURVE('',#11110,(#11114,#11121),.PCURVE_S1.);
#11110 = LINE('',#11111,#11112);
#11111 = CARTESIAN_POINT('',(118.6,57.1,24.8));
#11112 = VECTOR('',#11113,1.);
#11113 = DIRECTION('',(-1.110223024625E-16,1.,0.));
#11114 = PCURVE('',#4772,#11115);
#11115 = DEFINITIONAL_REPRESENTATION('',(#11116),#11120);
#11116 = LINE('',#11117,#11118);
#11117 = CARTESIAN_POINT('',(14.75,119.75));
#11118 = VECTOR('',#11119,1.);
#11119 = DIRECTION('',(-1.,0.));
#11120 = ( GEOMETRIC_REPRESENTATION_CONTEXT(2) 
PARAMETRIC_REPRESENTATION_CONTEXT() REPRESENTATION_CONTEXT('2D SPACE',''
  ) );
#11121 = PCURVE('',#11122,#11127);
#11122 = PLANE('',#11123);
#11123 = AXIS2_PLACEMENT_3D('',#11124,#11125,#11126);
#11124 = CARTESIAN_POINT('',(118.6,42.35,24.75));
#11125 = DIRECTION('',(1.,1.110223024625E-16,0.));
#11126 = DIRECTION('',(0.,0.,1.));
#11127 = DEFINITIONAL_REPRESENTATION('',(#11128),#11132);
#11128 = LINE('',#11129,#11130);
#11129 = CARTESIAN_POINT('',(5.E-02,-14.75));
#11130 = VECTOR('',#11131,1.);
#11131 = DIRECTION('',(0.,-1.));
#11132 = ( GEOMETRIC_REPRESENTATION_CONTEXT(2) 
PARAMETRIC_REPRESENTATION_CONTEXT() REPRESENTATION_CONTEXT('2D SPACE',''
  ) );
#11133 = ORIENTED_EDGE('',*,*,#11134,.T.);
#11134 = EDGE_CURVE('',#11107,#8851,#11135,.T.);
#11135 = SURFACE_CURVE('',#11136,(#11140,#11147),.PCURVE_S1.);
#11136 = LINE('',#11137,#11138);
#11137 = CARTESIAN_POINT('',(58.725,42.35,24.8));
#11138 = VECTOR('',#11139,1.);
#11139 = DIRECTION('',(1.,1.110223024625E-16,0.));
#11140 = PCURVE('',#4772,#11141);
#11141 = DEFINITIONAL_REPRESENTATION('',(#11142),#11146);
#11142 = LINE('',#11143,#11144);
#11143 = CARTESIAN_POINT('',(29.5,59.875));
#11144 = VECTOR('',#11145,1.);
#11145 = DIRECTION('',(0.,1.));
#11146 = ( GEOMETRIC_REPRESENTATION_CONTEXT(2) 
PARAMETRIC_REPRESENTATION_CONTEXT() REPRESENTATION_CONTEXT('2D SPACE',''
  ) );
#11147 = PCURVE('',#8889,#11148);
#11148 = DEFINITIONAL_REPRESENTATION('',(#11149),#11153);
#11149 = LINE('',#11150,#11151);
#11150 = CARTESIAN_POINT('',(5.E-02,59.875));
#11151 = VECTOR('',#11152,1.);
#11152 = DIRECTION('',(0.,-1.));
#11153 = ( GEOMETRIC_REPRESENTATION_CONTEXT(2) 
PARAMETRIC_REPRESENTATION_CONTEXT() REPRESENTATION_CONTEXT('2D SPACE',''
  ) );
#11154 = ORIENTED_EDGE('',*,*,#8850,.T.);
#11155 = ORIENTED_EDGE('',*,*,#9074,.T.);
#11156 = ORIENTED_EDGE('',*,*,#9180,.F.);
#11157 = ORIENTED_EDGE('',*,*,#11158,.F.);
#11158 = EDGE_CURVE('',#9256,#9102,#11159,.T.);
#11159 = SURFACE_CURVE('',#11160,(#11164,#11171),.PCURVE_S1.);
#11160 = LINE('',#11161,#11162);
#11161 = CARTESIAN_POINT('',(58.925,68.1,24.8));
#11162 = VECTOR('',#11163,1.);
#11163 = DIRECTION('',(1.,1.110223024625E-16,0.));
#11164 = PCURVE('',#4772,#11165);
#11165 = DEFINITIONAL_REPRESENTATION('',(#11166),#11170);
#11166 = LINE('',#11167,#11168);
#11167 = CARTESIAN_POINT('',(3.75,60.075));
#11168 = VECTOR('',#11169,1.);
#11169 = DIRECTION('',(0.,1.));
#11170 = ( GEOMETRIC_REPRESENTATION_CONTEXT(2) 
PARAMETRIC_REPRESENTATION_CONTEXT() REPRESENTATION_CONTEXT('2D SPACE',''
  ) );
#11171 = PCURVE('',#9117,#11172);
#11172 = DEFINITIONAL_REPRESENTATION('',(#11173),#11177);
#11173 = LINE('',#11174,#11175);
#11174 = CARTESIAN_POINT('',(8.5,60.075));
#11175 = VECTOR('',#11176,1.);
#11176 = DIRECTION('',(0.,-1.));
#11177 = ( GEOMETRIC_REPRESENTATION_CONTEXT(2) 
PARAMETRIC_REPRESENTATION_CONTEXT() REPRESENTATION_CONTEXT('2D SPACE',''
  ) );
#11178 = ORIENTED_EDGE('',*,*,#9324,.T.);
#11179 = ORIENTED_EDGE('',*,*,#9348,.F.);
#11180 = ORIENTED_EDGE('',*,*,#9502,.F.);
#11181 = ORIENTED_EDGE('',*,*,#11182,.F.);
#11182 = EDGE_CURVE('',#9578,#9424,#11183,.T.);
#11183 = SURFACE_CURVE('',#11184,(#11188,#11195),.PCURVE_S1.);
#11184 = LINE('',#11185,#11186);
#11185 = CARTESIAN_POINT('',(28.425,68.1,24.8));
#11186 = VECTOR('',#11187,1.);
#11187 = DIRECTION('',(1.,1.110223024625E-16,0.));
#11188 = PCURVE('',#4772,#11189);
#11189 = DEFINITIONAL_REPRESENTATION('',(#11190),#11194);
#11190 = LINE('',#11191,#11192);
#11191 = CARTESIAN_POINT('',(3.75,29.575));
#11192 = VECTOR('',#11193,1.);
#11193 = DIRECTION('',(0.,1.));
#11194 = ( GEOMETRIC_REPRESENTATION_CONTEXT(2) 
PARAMETRIC_REPRESENTATION_CONTEXT() REPRESENTATION_CONTEXT('2D SPACE',''
  ) );
#11195 = PCURVE('',#9439,#11196);
#11196 = DEFINITIONAL_REPRESENTATION('',(#11197),#11201);
#11197 = LINE('',#11198,#11199);
#11198 = CARTESIAN_POINT('',(8.5,29.575));
#11199 = VECTOR('',#11200,1.);
#11200 = DIRECTION('',(0.,-1.));
#11201 = ( GEOMETRIC_REPRESENTATION_CONTEXT(2) 
PARAMETRIC_REPRESENTATION_CONTEXT() REPRESENTATION_CONTEXT('2D SPACE',''
  ) );
#11202 = ORIENTED_EDGE('',*,*,#9646,.T.);
#11203 = FACE_BOUND('',#11204,.F.);
#11204 = EDGE_LOOP('',(#11205,#11231,#11254,#11278,#11301,#11325,#11348,
    #11372));
#11205 = ORIENTED_EDGE('',*,*,#11206,.F.);
#11206 = EDGE_CURVE('',#11207,#11209,#11211,.T.);
#11207 = VERTEX_POINT('',#11208);
#11208 = CARTESIAN_POINT('',(15.025,39.55,24.8));
#11209 = VERTEX_POINT('',#11210);
#11210 = CARTESIAN_POINT('',(10.835,35.36,24.8));
#11211 = SURFACE_CURVE('',#11212,(#11217,#11224),.PCURVE_S1.);
#11212 = CIRCLE('',#11213,4.19);
#11213 = AXIS2_PLACEMENT_3D('',#11214,#11215,#11216);
#11214 = CARTESIAN_POINT('',(15.025,35.36,24.8));
#11215 = DIRECTION('',(0.,0.,1.));
#11216 = DIRECTION('',(-1.110223024625E-16,1.,0.));
#11217 = PCURVE('',#4772,#11218);
#11218 = DEFINITIONAL_REPRESENTATION('',(#11219),#11223);
#11219 = CIRCLE('',#11220,4.19);
#11220 = AXIS2_PLACEMENT_2D('',#11221,#11222);
#11221 = CARTESIAN_POINT('',(36.49,16.175));
#11222 = DIRECTION('',(-1.,0.));
#11223 = ( GEOMETRIC_REPRESENTATION_CONTEXT(2) 
PARAMETRIC_REPRESENTATION_CONTEXT() REPRESENTATION_CONTEXT('2D SPACE',''
  ) );
#11224 = PCURVE('',#10555,#11225);
#11225 = DEFINITIONAL_REPRESENTATION('',(#11226),#11230);
#11226 = LINE('',#11227,#11228);
#11227 = CARTESIAN_POINT('',(0.,0.1));
#11228 = VECTOR('',#11229,1.);
#11229 = DIRECTION('',(1.,0.));
#11230 = ( GEOMETRIC_REPRESENTATION_CONTEXT(2) 
PARAMETRIC_REPRESENTATION_CONTEXT() REPRESENTATION_CONTEXT('2D SPACE',''
  ) );
#11231 = ORIENTED_EDGE('',*,*,#11232,.T.);
#11232 = EDGE_CURVE('',#11207,#11233,#11235,.T.);
#11233 = VERTEX_POINT('',#11234);
#11234 = CARTESIAN_POINT('',(21.79,39.55,24.8));
#11235 = SURFACE_CURVE('',#11236,(#11240,#11247),.PCURVE_S1.);
#11236 = LINE('',#11237,#11238);
#11237 = CARTESIAN_POINT('',(4.8425,39.55,24.8));
#11238 = VECTOR('',#11239,1.);
#11239 = DIRECTION('',(1.,1.110223024625E-16,0.));
#11240 = PCURVE('',#4772,#11241);
#11241 = DEFINITIONAL_REPRESENTATION('',(#11242),#11246);
#11242 = LINE('',#11243,#11244);
#11243 = CARTESIAN_POINT('',(32.3,5.9925));
#11244 = VECTOR('',#11245,1.);
#11245 = DIRECTION('',(0.,1.));
#11246 = ( GEOMETRIC_REPRESENTATION_CONTEXT(2) 
PARAMETRIC_REPRESENTATION_CONTEXT() REPRESENTATION_CONTEXT('2D SPACE',''
  ) );
#11247 = PCURVE('',#10526,#11248);
#11248 = DEFINITIONAL_REPRESENTATION('',(#11249),#11253);
#11249 = LINE('',#11250,#11251);
#11250 = CARTESIAN_POINT('',(0.1,5.9925));
#11251 = VECTOR('',#11252,1.);
#11252 = DIRECTION('',(0.,-1.));
#11253 = ( GEOMETRIC_REPRESENTATION_CONTEXT(2) 
PARAMETRIC_REPRESENTATION_CONTEXT() REPRESENTATION_CONTEXT('2D SPACE',''
  ) );
#11254 = ORIENTED_EDGE('',*,*,#11255,.F.);
#11255 = EDGE_CURVE('',#11256,#11233,#11258,.T.);
#11256 = VERTEX_POINT('',#11257);
#11257 = CARTESIAN_POINT('',(25.98,35.36,24.8));
#11258 = SURFACE_CURVE('',#11259,(#11264,#11271),.PCURVE_S1.);
#11259 = CIRCLE('',#11260,4.19);
#11260 = AXIS2_PLACEMENT_3D('',#11261,#11262,#11263);
#11261 = CARTESIAN_POINT('',(21.79,35.36,24.8));
#11262 = DIRECTION('',(0.,0.,1.));
#11263 = DIRECTION('',(-1.110223024625E-16,1.,0.));
#11264 = PCURVE('',#4772,#11265);
#11265 = DEFINITIONAL_REPRESENTATION('',(#11266),#11270);
#11266 = CIRCLE('',#11267,4.19);
#11267 = AXIS2_PLACEMENT_2D('',#11268,#11269);
#11268 = CARTESIAN_POINT('',(36.49,22.94));
#11269 = DIRECTION('',(-1.,0.));
#11270 = ( GEOMETRIC_REPRESENTATION_CONTEXT(2) 
PARAMETRIC_REPRESENTATION_CONTEXT() REPRESENTATION_CONTEXT('2D SPACE',''
  ) );
#11271 = PCURVE('',#10732,#11272);
#11272 = DEFINITIONAL_REPRESENTATION('',(#11273),#11277);
#11273 = LINE('',#11274,#11275);
#11274 = CARTESIAN_POINT('',(-6.28318530718,0.1));
#11275 = VECTOR('',#11276,1.);
#11276 = DIRECTION('',(1.,-0.));
#11277 = ( GEOMETRIC_REPRESENTATION_CONTEXT(2) 
PARAMETRIC_REPRESENTATION_CONTEXT() REPRESENTATION_CONTEXT('2D SPACE',''
  ) );
#11278 = ORIENTED_EDGE('',*,*,#11279,.F.);
#11279 = EDGE_CURVE('',#11280,#11256,#11282,.T.);
#11280 = VERTEX_POINT('',#11281);
#11281 = CARTESIAN_POINT('',(25.98,35.34,24.8));
#11282 = SURFACE_CURVE('',#11283,(#11287,#11294),.PCURVE_S1.);
#11283 = LINE('',#11284,#11285);
#11284 = CARTESIAN_POINT('',(25.98,55.7,24.8));
#11285 = VECTOR('',#11286,1.);
#11286 = DIRECTION('',(-1.110223024625E-16,1.,0.));
#11287 = PCURVE('',#4772,#11288);
#11288 = DEFINITIONAL_REPRESENTATION('',(#11289),#11293);
#11289 = LINE('',#11290,#11291);
#11290 = CARTESIAN_POINT('',(16.15,27.13));
#11291 = VECTOR('',#11292,1.);
#11292 = DIRECTION('',(-1.,0.));
#11293 = ( GEOMETRIC_REPRESENTATION_CONTEXT(2) 
PARAMETRIC_REPRESENTATION_CONTEXT() REPRESENTATION_CONTEXT('2D SPACE',''
  ) );
#11294 = PCURVE('',#10701,#11295);
#11295 = DEFINITIONAL_REPRESENTATION('',(#11296),#11300);
#11296 = LINE('',#11297,#11298);
#11297 = CARTESIAN_POINT('',(0.1,-16.15));
#11298 = VECTOR('',#11299,1.);
#11299 = DIRECTION('',(0.,-1.));
#11300 = ( GEOMETRIC_REPRESENTATION_CONTEXT(2) 
PARAMETRIC_REPRESENTATION_CONTEXT() REPRESENTATION_CONTEXT('2D SPACE',''
  ) );
#11301 = ORIENTED_EDGE('',*,*,#11302,.F.);
#11302 = EDGE_CURVE('',#11303,#11280,#11305,.T.);
#11303 = VERTEX_POINT('',#11304);
#11304 = CARTESIAN_POINT('',(21.79,31.15,24.8));
#11305 = SURFACE_CURVE('',#11306,(#11311,#11318),.PCURVE_S1.);
#11306 = CIRCLE('',#11307,4.19);
#11307 = AXIS2_PLACEMENT_3D('',#11308,#11309,#11310);
#11308 = CARTESIAN_POINT('',(21.79,35.34,24.8));
#11309 = DIRECTION('',(-0.,0.,1.));
#11310 = DIRECTION('',(1.110223024625E-16,-1.,0.));
#11311 = PCURVE('',#4772,#11312);
#11312 = DEFINITIONAL_REPRESENTATION('',(#11313),#11317);
#11313 = CIRCLE('',#11314,4.19);
#11314 = AXIS2_PLACEMENT_2D('',#11315,#11316);
#11315 = CARTESIAN_POINT('',(36.51,22.94));
#11316 = DIRECTION('',(1.,0.));
#11317 = ( GEOMETRIC_REPRESENTATION_CONTEXT(2) 
PARAMETRIC_REPRESENTATION_CONTEXT() REPRESENTATION_CONTEXT('2D SPACE',''
  ) );
#11318 = PCURVE('',#10673,#11319);
#11319 = DEFINITIONAL_REPRESENTATION('',(#11320),#11324);
#11320 = LINE('',#11321,#11322);
#11321 = CARTESIAN_POINT('',(0.,0.1));
#11322 = VECTOR('',#11323,1.);
#11323 = DIRECTION('',(1.,0.));
#11324 = ( GEOMETRIC_REPRESENTATION_CONTEXT(2) 
PARAMETRIC_REPRESENTATION_CONTEXT() REPRESENTATION_CONTEXT('2D SPACE',''
  ) );
#11325 = ORIENTED_EDGE('',*,*,#11326,.F.);
#11326 = EDGE_CURVE('',#11327,#11303,#11329,.T.);
#11327 = VERTEX_POINT('',#11328);
#11328 = CARTESIAN_POINT('',(15.025,31.15,24.8));
#11329 = SURFACE_CURVE('',#11330,(#11334,#11341),.PCURVE_S1.);
#11330 = LINE('',#11331,#11332);
#11331 = CARTESIAN_POINT('',(4.8425,31.15,24.8));
#11332 = VECTOR('',#11333,1.);
#11333 = DIRECTION('',(1.,1.110223024625E-16,0.));
#11334 = PCURVE('',#4772,#11335);
#11335 = DEFINITIONAL_REPRESENTATION('',(#11336),#11340);
#11336 = LINE('',#11337,#11338);
#11337 = CARTESIAN_POINT('',(40.7,5.9925));
#11338 = VECTOR('',#11339,1.);
#11339 = DIRECTION('',(0.,1.));
#11340 = ( GEOMETRIC_REPRESENTATION_CONTEXT(2) 
PARAMETRIC_REPRESENTATION_CONTEXT() REPRESENTATION_CONTEXT('2D SPACE',''
  ) );
#11341 = PCURVE('',#10644,#11342);
#11342 = DEFINITIONAL_REPRESENTATION('',(#11343),#11347);
#11343 = LINE('',#11344,#11345);
#11344 = CARTESIAN_POINT('',(0.1,5.9925));
#11345 = VECTOR('',#11346,1.);
#11346 = DIRECTION('',(0.,-1.));
#11347 = ( GEOMETRIC_REPRESENTATION_CONTEXT(2) 
PARAMETRIC_REPRESENTATION_CONTEXT() REPRESENTATION_CONTEXT('2D SPACE',''
  ) );
#11348 = ORIENTED_EDGE('',*,*,#11349,.F.);
#11349 = EDGE_CURVE('',#11350,#11327,#11352,.T.);
#11350 = VERTEX_POINT('',#11351);
#11351 = CARTESIAN_POINT('',(10.835,35.34,24.8));
#11352 = SURFACE_CURVE('',#11353,(#11358,#11365),.PCURVE_S1.);
#11353 = CIRCLE('',#11354,4.19);
#11354 = AXIS2_PLACEMENT_3D('',#11355,#11356,#11357);
#11355 = CARTESIAN_POINT('',(15.025,35.34,24.8));
#11356 = DIRECTION('',(-0.,0.,1.));
#11357 = DIRECTION('',(1.110223024625E-16,-1.,0.));
#11358 = PCURVE('',#4772,#11359);
#11359 = DEFINITIONAL_REPRESENTATION('',(#11360),#11364);
#11360 = CIRCLE('',#11361,4.19);
#11361 = AXIS2_PLACEMENT_2D('',#11362,#11363);
#11362 = CARTESIAN_POINT('',(36.51,16.175));
#11363 = DIRECTION('',(1.,0.));
#11364 = ( GEOMETRIC_REPRESENTATION_CONTEXT(2) 
PARAMETRIC_REPRESENTATION_CONTEXT() REPRESENTATION_CONTEXT('2D SPACE',''
  ) );
#11365 = PCURVE('',#10616,#11366);
#11366 = DEFINITIONAL_REPRESENTATION('',(#11367),#11371);
#11367 = LINE('',#11368,#11369);
#11368 = CARTESIAN_POINT('',(-6.28318530718,0.1));
#11369 = VECTOR('',#11370,1.);
#11370 = DIRECTION('',(1.,-0.));
#11371 = ( GEOMETRIC_REPRESENTATION_CONTEXT(2) 
PARAMETRIC_REPRESENTATION_CONTEXT() REPRESENTATION_CONTEXT('2D SPACE',''
  ) );
#11372 = ORIENTED_EDGE('',*,*,#11373,.T.);
#11373 = EDGE_CURVE('',#11350,#11209,#11374,.T.);
#11374 = SURFACE_CURVE('',#11375,(#11379,#11386),.PCURVE_S1.);
#11375 = LINE('',#11376,#11377);
#11376 = CARTESIAN_POINT('',(10.835,55.7,24.8));
#11377 = VECTOR('',#11378,1.);
#11378 = DIRECTION('',(-1.110223024625E-16,1.,0.));
#11379 = PCURVE('',#4772,#11380);
#11380 = DEFINITIONAL_REPRESENTATION('',(#11381),#11385);
#11381 = LINE('',#11382,#11383);
#11382 = CARTESIAN_POINT('',(16.15,11.985));
#11383 = VECTOR('',#11384,1.);
#11384 = DIRECTION('',(-1.,0.));
#11385 = ( GEOMETRIC_REPRESENTATION_CONTEXT(2) 
PARAMETRIC_REPRESENTATION_CONTEXT() REPRESENTATION_CONTEXT('2D SPACE',''
  ) );
#11386 = PCURVE('',#10583,#11387);
#11387 = DEFINITIONAL_REPRESENTATION('',(#11388),#11392);
#11388 = LINE('',#11389,#11390);
#11389 = CARTESIAN_POINT('',(0.1,-16.15));
#11390 = VECTOR('',#11391,1.);
#11391 = DIRECTION('',(0.,-1.));
#11392 = ( GEOMETRIC_REPRESENTATION_CONTEXT(2) 
PARAMETRIC_REPRESENTATION_CONTEXT() REPRESENTATION_CONTEXT('2D SPACE',''
  ) );
#11393 = FACE_BOUND('',#11394,.F.);
#11394 = EDGE_LOOP('',(#11395,#11396,#11397,#11398,#11399,#11400,#11401,
    #11402));
#11395 = ORIENTED_EDGE('',*,*,#6657,.F.);
#11396 = ORIENTED_EDGE('',*,*,#6708,.T.);
#11397 = ORIENTED_EDGE('',*,*,#6805,.F.);
#11398 = ORIENTED_EDGE('',*,*,#6904,.F.);
#11399 = ORIENTED_EDGE('',*,*,#7003,.F.);
#11400 = ORIENTED_EDGE('',*,*,#6955,.F.);
#11401 = ORIENTED_EDGE('',*,*,#6877,.F.);
#11402 = ORIENTED_EDGE('',*,*,#6755,.T.);
#11403 = FACE_BOUND('',#11404,.F.);
#11404 = EDGE_LOOP('',(#11405,#11406,#11407,#11408,#11409,#11410,#11411,
    #11412));
#11405 = ORIENTED_EDGE('',*,*,#4755,.F.);
#11406 = ORIENTED_EDGE('',*,*,#4811,.T.);
#11407 = ORIENTED_EDGE('',*,*,#4908,.F.);
#11408 = ORIENTED_EDGE('',*,*,#5007,.F.);
#11409 = ORIENTED_EDGE('',*,*,#5106,.F.);
#11410 = ORIENTED_EDGE('',*,*,#5058,.F.);
#11411 = ORIENTED_EDGE('',*,*,#4980,.F.);
#11412 = ORIENTED_EDGE('',*,*,#4858,.T.);
#11413 = FACE_BOUND('',#11414,.F.);
#11414 = EDGE_LOOP('',(#11415,#11416,#11439,#11468,#11496,#11525,#11546,
    #11547,#11548,#11549,#11550,#11551,#11552,#11553));
#11415 = ORIENTED_EDGE('',*,*,#5706,.T.);
#11416 = ORIENTED_EDGE('',*,*,#11417,.F.);
#11417 = EDGE_CURVE('',#11418,#5707,#11420,.T.);
#11418 = VERTEX_POINT('',#11419);
#11419 = CARTESIAN_POINT('',(50.5,8.6,24.8));
#11420 = SURFACE_CURVE('',#11421,(#11425,#11432),.PCURVE_S1.);
#11421 = LINE('',#11422,#11423);
#11422 = CARTESIAN_POINT('',(50.5,37.525,24.8));
#11423 = VECTOR('',#11424,1.);
#11424 = DIRECTION('',(1.110223024625E-16,-1.,0.));
#11425 = PCURVE('',#4772,#11426);
#11426 = DEFINITIONAL_REPRESENTATION('',(#11427),#11431);
#11427 = LINE('',#11428,#11429);
#11428 = CARTESIAN_POINT('',(34.325,51.65));
#11429 = VECTOR('',#11430,1.);
#11430 = DIRECTION('',(1.,0.));
#11431 = ( GEOMETRIC_REPRESENTATION_CONTEXT(2) 
PARAMETRIC_REPRESENTATION_CONTEXT() REPRESENTATION_CONTEXT('2D SPACE',''
  ) );
#11432 = PCURVE('',#5745,#11433);
#11433 = DEFINITIONAL_REPRESENTATION('',(#11434),#11438);
#11434 = LINE('',#11435,#11436);
#11435 = CARTESIAN_POINT('',(-3.,34.325));
#11436 = VECTOR('',#11437,1.);
#11437 = DIRECTION('',(-0.,-1.));
#11438 = ( GEOMETRIC_REPRESENTATION_CONTEXT(2) 
PARAMETRIC_REPRESENTATION_CONTEXT() REPRESENTATION_CONTEXT('2D SPACE',''
  ) );
#11439 = ORIENTED_EDGE('',*,*,#11440,.F.);
#11440 = EDGE_CURVE('',#11441,#11418,#11443,.T.);
#11441 = VERTEX_POINT('',#11442);
#11442 = CARTESIAN_POINT('',(50.9,9.,24.8));
#11443 = SURFACE_CURVE('',#11444,(#11449,#11456),.PCURVE_S1.);
#11444 = CIRCLE('',#11445,0.4);
#11445 = AXIS2_PLACEMENT_3D('',#11446,#11447,#11448);
#11446 = CARTESIAN_POINT('',(50.9,8.6,24.8));
#11447 = DIRECTION('',(0.,0.,1.));
#11448 = DIRECTION('',(-1.110223024625E-16,1.,0.));
#11449 = PCURVE('',#4772,#11450);
#11450 = DEFINITIONAL_REPRESENTATION('',(#11451),#11455);
#11451 = CIRCLE('',#11452,0.4);
#11452 = AXIS2_PLACEMENT_2D('',#11453,#11454);
#11453 = CARTESIAN_POINT('',(63.25,52.05));
#11454 = DIRECTION('',(-1.,0.));
#11455 = ( GEOMETRIC_REPRESENTATION_CONTEXT(2) 
PARAMETRIC_REPRESENTATION_CONTEXT() REPRESENTATION_CONTEXT('2D SPACE',''
  ) );
#11456 = PCURVE('',#11457,#11462);
#11457 = CYLINDRICAL_SURFACE('',#11458,0.4);
#11458 = AXIS2_PLACEMENT_3D('',#11459,#11460,#11461);
#11459 = CARTESIAN_POINT('',(50.9,8.6,21.8));
#11460 = DIRECTION('',(0.,0.,1.));
#11461 = DIRECTION('',(-1.110223024625E-16,1.,-0.));
#11462 = DEFINITIONAL_REPRESENTATION('',(#11463),#11467);
#11463 = LINE('',#11464,#11465);
#11464 = CARTESIAN_POINT('',(0.,3.));
#11465 = VECTOR('',#11466,1.);
#11466 = DIRECTION('',(1.,0.));
#11467 = ( GEOMETRIC_REPRESENTATION_CONTEXT(2) 
PARAMETRIC_REPRESENTATION_CONTEXT() REPRESENTATION_CONTEXT('2D SPACE',''
  ) );
#11468 = ORIENTED_EDGE('',*,*,#11469,.T.);
#11469 = EDGE_CURVE('',#11441,#11470,#11472,.T.);
#11470 = VERTEX_POINT('',#11471);
#11471 = CARTESIAN_POINT('',(52.1,9.,24.8));
#11472 = SURFACE_CURVE('',#11473,(#11477,#11484),.PCURVE_S1.);
#11473 = LINE('',#11474,#11475);
#11474 = CARTESIAN_POINT('',(24.675,9.,24.8));
#11475 = VECTOR('',#11476,1.);
#11476 = DIRECTION('',(1.,1.110223024625E-16,0.));
#11477 = PCURVE('',#4772,#11478);
#11478 = DEFINITIONAL_REPRESENTATION('',(#11479),#11483);
#11479 = LINE('',#11480,#11481);
#11480 = CARTESIAN_POINT('',(62.85,25.825));
#11481 = VECTOR('',#11482,1.);
#11482 = DIRECTION('',(0.,1.));
#11483 = ( GEOMETRIC_REPRESENTATION_CONTEXT(2) 
PARAMETRIC_REPRESENTATION_CONTEXT() REPRESENTATION_CONTEXT('2D SPACE',''
  ) );
#11484 = PCURVE('',#11485,#11490);
#11485 = PLANE('',#11486);
#11486 = AXIS2_PLACEMENT_3D('',#11487,#11488,#11489);
#11487 = CARTESIAN_POINT('',(50.5,9.,21.8));
#11488 = DIRECTION('',(-1.110223024625E-16,1.,0.));
#11489 = DIRECTION('',(0.,-0.,-1.));
#11490 = DEFINITIONAL_REPRESENTATION('',(#11491),#11495);
#11491 = LINE('',#11492,#11493);
#11492 = CARTESIAN_POINT('',(-3.,25.825));
#11493 = VECTOR('',#11494,1.);
#11494 = DIRECTION('',(-0.,-1.));
#11495 = ( GEOMETRIC_REPRESENTATION_CONTEXT(2) 
PARAMETRIC_REPRESENTATION_CONTEXT() REPRESENTATION_CONTEXT('2D SPACE',''
  ) );
#11496 = ORIENTED_EDGE('',*,*,#11497,.F.);
#11497 = EDGE_CURVE('',#11498,#11470,#11500,.T.);
#11498 = VERTEX_POINT('',#11499);
#11499 = CARTESIAN_POINT('',(52.5,8.6,24.8));
#11500 = SURFACE_CURVE('',#11501,(#11506,#11513),.PCURVE_S1.);
#11501 = CIRCLE('',#11502,0.4);
#11502 = AXIS2_PLACEMENT_3D('',#11503,#11504,#11505);
#11503 = CARTESIAN_POINT('',(52.1,8.6,24.8));
#11504 = DIRECTION('',(0.,0.,1.));
#11505 = DIRECTION('',(-1.110223024625E-16,1.,0.));
#11506 = PCURVE('',#4772,#11507);
#11507 = DEFINITIONAL_REPRESENTATION('',(#11508),#11512);
#11508 = CIRCLE('',#11509,0.4);
#11509 = AXIS2_PLACEMENT_2D('',#11510,#11511);
#11510 = CARTESIAN_POINT('',(63.25,53.25));
#11511 = DIRECTION('',(-1.,0.));
#11512 = ( GEOMETRIC_REPRESENTATION_CONTEXT(2) 
PARAMETRIC_REPRESENTATION_CONTEXT() REPRESENTATION_CONTEXT('2D SPACE',''
  ) );
#11513 = PCURVE('',#11514,#11519);
#11514 = CYLINDRICAL_SURFACE('',#11515,0.4);
#11515 = AXIS2_PLACEMENT_3D('',#11516,#11517,#11518);
#11516 = CARTESIAN_POINT('',(52.1,8.6,21.8));
#11517 = DIRECTION('',(0.,0.,1.));
#11518 = DIRECTION('',(-1.110223024625E-16,1.,-0.));
#11519 = DEFINITIONAL_REPRESENTATION('',(#11520),#11524);
#11520 = LINE('',#11521,#11522);
#11521 = CARTESIAN_POINT('',(-6.28318530718,3.));
#11522 = VECTOR('',#11523,1.);
#11523 = DIRECTION('',(1.,-0.));
#11524 = ( GEOMETRIC_REPRESENTATION_CONTEXT(2) 
PARAMETRIC_REPRESENTATION_CONTEXT() REPRESENTATION_CONTEXT('2D SPACE',''
  ) );
#11525 = ORIENTED_EDGE('',*,*,#11526,.T.);
#11526 = EDGE_CURVE('',#11498,#5786,#11527,.T.);
#11527 = SURFACE_CURVE('',#11528,(#11532,#11539),.PCURVE_S1.);
#11528 = LINE('',#11529,#11530);
#11529 = CARTESIAN_POINT('',(52.5,37.525,24.8));
#11530 = VECTOR('',#11531,1.);
#11531 = DIRECTION('',(1.110223024625E-16,-1.,0.));
#11532 = PCURVE('',#4772,#11533);
#11533 = DEFINITIONAL_REPRESENTATION('',(#11534),#11538);
#11534 = LINE('',#11535,#11536);
#11535 = CARTESIAN_POINT('',(34.325,53.65));
#11536 = VECTOR('',#11537,1.);
#11537 = DIRECTION('',(1.,0.));
#11538 = ( GEOMETRIC_REPRESENTATION_CONTEXT(2) 
PARAMETRIC_REPRESENTATION_CONTEXT() REPRESENTATION_CONTEXT('2D SPACE',''
  ) );
#11539 = PCURVE('',#5801,#11540);
#11540 = DEFINITIONAL_REPRESENTATION('',(#11541),#11545);
#11541 = LINE('',#11542,#11543);
#11542 = CARTESIAN_POINT('',(-3.,34.325));
#11543 = VECTOR('',#11544,1.);
#11544 = DIRECTION('',(-0.,-1.));
#11545 = ( GEOMETRIC_REPRESENTATION_CONTEXT(2) 
PARAMETRIC_REPRESENTATION_CONTEXT() REPRESENTATION_CONTEXT('2D SPACE',''
  ) );
#11546 = ORIENTED_EDGE('',*,*,#5813,.T.);
#11547 = ORIENTED_EDGE('',*,*,#5910,.F.);
#11548 = ORIENTED_EDGE('',*,*,#6009,.F.);
#11549 = ORIENTED_EDGE('',*,*,#6108,.F.);
#11550 = ORIENTED_EDGE('',*,*,#6060,.F.);
#11551 = ORIENTED_EDGE('',*,*,#5982,.F.);
#11552 = ORIENTED_EDGE('',*,*,#5860,.T.);
#11553 = ORIENTED_EDGE('',*,*,#5655,.F.);
#11554 = FACE_BOUND('',#11555,.F.);
#11555 = EDGE_LOOP('',(#11556,#11586,#11614,#11642));
#11556 = ORIENTED_EDGE('',*,*,#11557,.T.);
#11557 = EDGE_CURVE('',#11558,#11560,#11562,.T.);
#11558 = VERTEX_POINT('',#11559);
#11559 = CARTESIAN_POINT('',(58.,0.8,24.8));
#11560 = VERTEX_POINT('',#11561);
#11561 = CARTESIAN_POINT('',(58.,3.6,24.8));
#11562 = SURFACE_CURVE('',#11563,(#11567,#11574),.PCURVE_S1.);
#11563 = LINE('',#11564,#11565);
#11564 = CARTESIAN_POINT('',(58.,37.725,24.8));
#11565 = VECTOR('',#11566,1.);
#11566 = DIRECTION('',(-1.110223024625E-16,1.,0.));
#11567 = PCURVE('',#4772,#11568);
#11568 = DEFINITIONAL_REPRESENTATION('',(#11569),#11573);
#11569 = LINE('',#11570,#11571);
#11570 = CARTESIAN_POINT('',(34.125,59.15));
#11571 = VECTOR('',#11572,1.);
#11572 = DIRECTION('',(-1.,0.));
#11573 = ( GEOMETRIC_REPRESENTATION_CONTEXT(2) 
PARAMETRIC_REPRESENTATION_CONTEXT() REPRESENTATION_CONTEXT('2D SPACE',''
  ) );
#11574 = PCURVE('',#11575,#11580);
#11575 = PLANE('',#11576);
#11576 = AXIS2_PLACEMENT_3D('',#11577,#11578,#11579);
#11577 = CARTESIAN_POINT('',(58.,3.6,16.3));
#11578 = DIRECTION('',(1.,1.110223024625E-16,0.));
#11579 = DIRECTION('',(0.,0.,1.));
#11580 = DEFINITIONAL_REPRESENTATION('',(#11581),#11585);
#11581 = LINE('',#11582,#11583);
#11582 = CARTESIAN_POINT('',(8.5,-34.125));
#11583 = VECTOR('',#11584,1.);
#11584 = DIRECTION('',(0.,-1.));
#11585 = ( GEOMETRIC_REPRESENTATION_CONTEXT(2) 
PARAMETRIC_REPRESENTATION_CONTEXT() REPRESENTATION_CONTEXT('2D SPACE',''
  ) );
#11586 = ORIENTED_EDGE('',*,*,#11587,.T.);
#11587 = EDGE_CURVE('',#11560,#11588,#11590,.T.);
#11588 = VERTEX_POINT('',#11589);
#11589 = CARTESIAN_POINT('',(65.,3.6,24.8));
#11590 = SURFACE_CURVE('',#11591,(#11595,#11602),.PCURVE_S1.);
#11591 = LINE('',#11592,#11593);
#11592 = CARTESIAN_POINT('',(28.425,3.6,24.8));
#11593 = VECTOR('',#11594,1.);
#11594 = DIRECTION('',(1.,1.110223024625E-16,0.));
#11595 = PCURVE('',#4772,#11596);
#11596 = DEFINITIONAL_REPRESENTATION('',(#11597),#11601);
#11597 = LINE('',#11598,#11599);
#11598 = CARTESIAN_POINT('',(68.25,29.575));
#11599 = VECTOR('',#11600,1.);
#11600 = DIRECTION('',(0.,1.));
#11601 = ( GEOMETRIC_REPRESENTATION_CONTEXT(2) 
PARAMETRIC_REPRESENTATION_CONTEXT() REPRESENTATION_CONTEXT('2D SPACE',''
  ) );
#11602 = PCURVE('',#11603,#11608);
#11603 = PLANE('',#11604);
#11604 = AXIS2_PLACEMENT_3D('',#11605,#11606,#11607);
#11605 = CARTESIAN_POINT('',(58.,3.6,16.3));
#11606 = DIRECTION('',(1.110223024625E-16,-1.,0.));
#11607 = DIRECTION('',(0.,0.,1.));
#11608 = DEFINITIONAL_REPRESENTATION('',(#11609),#11613);
#11609 = LINE('',#11610,#11611);
#11610 = CARTESIAN_POINT('',(8.5,29.575));
#11611 = VECTOR('',#11612,1.);
#11612 = DIRECTION('',(0.,-1.));
#11613 = ( GEOMETRIC_REPRESENTATION_CONTEXT(2) 
PARAMETRIC_REPRESENTATION_CONTEXT() REPRESENTATION_CONTEXT('2D SPACE',''
  ) );
#11614 = ORIENTED_EDGE('',*,*,#11615,.F.);
#11615 = EDGE_CURVE('',#11616,#11588,#11618,.T.);
#11616 = VERTEX_POINT('',#11617);
#11617 = CARTESIAN_POINT('',(65.,0.8,24.8));
#11618 = SURFACE_CURVE('',#11619,(#11623,#11630),.PCURVE_S1.);
#11619 = LINE('',#11620,#11621);
#11620 = CARTESIAN_POINT('',(65.,37.725,24.8));
#11621 = VECTOR('',#11622,1.);
#11622 = DIRECTION('',(-1.110223024625E-16,1.,0.));
#11623 = PCURVE('',#4772,#11624);
#11624 = DEFINITIONAL_REPRESENTATION('',(#11625),#11629);
#11625 = LINE('',#11626,#11627);
#11626 = CARTESIAN_POINT('',(34.125,66.15));
#11627 = VECTOR('',#11628,1.);
#11628 = DIRECTION('',(-1.,0.));
#11629 = ( GEOMETRIC_REPRESENTATION_CONTEXT(2) 
PARAMETRIC_REPRESENTATION_CONTEXT() REPRESENTATION_CONTEXT('2D SPACE',''
  ) );
#11630 = PCURVE('',#11631,#11636);
#11631 = PLANE('',#11632);
#11632 = AXIS2_PLACEMENT_3D('',#11633,#11634,#11635);
#11633 = CARTESIAN_POINT('',(65.,3.6,16.3));
#11634 = DIRECTION('',(1.,1.110223024625E-16,0.));
#11635 = DIRECTION('',(0.,0.,1.));
#11636 = DEFINITIONAL_REPRESENTATION('',(#11637),#11641);
#11637 = LINE('',#11638,#11639);
#11638 = CARTESIAN_POINT('',(8.5,-34.125));
#11639 = VECTOR('',#11640,1.);
#11640 = DIRECTION('',(0.,-1.));
#11641 = ( GEOMETRIC_REPRESENTATION_CONTEXT(2) 
PARAMETRIC_REPRESENTATION_CONTEXT() REPRESENTATION_CONTEXT('2D SPACE',''
  ) );
#11642 = ORIENTED_EDGE('',*,*,#11643,.F.);
#11643 = EDGE_CURVE('',#11558,#11616,#11644,.T.);
#11644 = SURFACE_CURVE('',#11645,(#11649,#11656),.PCURVE_S1.);
#11645 = LINE('',#11646,#11647);
#11646 = CARTESIAN_POINT('',(28.425,0.8,24.8));
#11647 = VECTOR('',#11648,1.);
#11648 = DIRECTION('',(1.,1.110223024625E-16,0.));
#11649 = PCURVE('',#4772,#11650);
#11650 = DEFINITIONAL_REPRESENTATION('',(#11651),#11655);
#11651 = LINE('',#11652,#11653);
#11652 = CARTESIAN_POINT('',(71.05,29.575));
#11653 = VECTOR('',#11654,1.);
#11654 = DIRECTION('',(0.,1.));
#11655 = ( GEOMETRIC_REPRESENTATION_CONTEXT(2) 
PARAMETRIC_REPRESENTATION_CONTEXT() REPRESENTATION_CONTEXT('2D SPACE',''
  ) );
#11656 = PCURVE('',#11657,#11662);
#11657 = PLANE('',#11658);
#11658 = AXIS2_PLACEMENT_3D('',#11659,#11660,#11661);
#11659 = CARTESIAN_POINT('',(58.,0.8,16.3));
#11660 = DIRECTION('',(1.110223024625E-16,-1.,0.));
#11661 = DIRECTION('',(0.,0.,1.));
#11662 = DEFINITIONAL_REPRESENTATION('',(#11663),#11667);
#11663 = LINE('',#11664,#11665);
#11664 = CARTESIAN_POINT('',(8.5,29.575));
#11665 = VECTOR('',#11666,1.);
#11666 = DIRECTION('',(0.,-1.));
#11667 = ( GEOMETRIC_REPRESENTATION_CONTEXT(2) 
PARAMETRIC_REPRESENTATION_CONTEXT() REPRESENTATION_CONTEXT('2D SPACE',''
  ) );
#11668 = FACE_BOUND('',#11669,.F.);
#11669 = EDGE_LOOP('',(#11670,#11701,#11729,#11758,#11786,#11815,#11843,
    #11872));
#11670 = ORIENTED_EDGE('',*,*,#11671,.F.);
#11671 = EDGE_CURVE('',#11672,#11674,#11676,.T.);
#11672 = VERTEX_POINT('',#11673);
#11673 = CARTESIAN_POINT('',(105.11,39.55,24.8));
#11674 = VERTEX_POINT('',#11675);
#11675 = CARTESIAN_POINT('',(100.92,35.36,24.8));
#11676 = SURFACE_CURVE('',#11677,(#11682,#11689),.PCURVE_S1.);
#11677 = CIRCLE('',#11678,4.19);
#11678 = AXIS2_PLACEMENT_3D('',#11679,#11680,#11681);
#11679 = CARTESIAN_POINT('',(105.11,35.36,24.8));
#11680 = DIRECTION('',(0.,0.,1.));
#11681 = DIRECTION('',(-1.110223024625E-16,1.,0.));
#11682 = PCURVE('',#4772,#11683);
#11683 = DEFINITIONAL_REPRESENTATION('',(#11684),#11688);
#11684 = CIRCLE('',#11685,4.19);
#11685 = AXIS2_PLACEMENT_2D('',#11686,#11687);
#11686 = CARTESIAN_POINT('',(36.49,106.26));
#11687 = DIRECTION('',(-1.,0.));
#11688 = ( GEOMETRIC_REPRESENTATION_CONTEXT(2) 
PARAMETRIC_REPRESENTATION_CONTEXT() REPRESENTATION_CONTEXT('2D SPACE',''
  ) );
#11689 = PCURVE('',#11690,#11695);
#11690 = CYLINDRICAL_SURFACE('',#11691,4.19);
#11691 = AXIS2_PLACEMENT_3D('',#11692,#11693,#11694);
#11692 = CARTESIAN_POINT('',(105.11,35.36,24.7));
#11693 = DIRECTION('',(0.,0.,1.));
#11694 = DIRECTION('',(-1.110223024625E-16,1.,0.));
#11695 = DEFINITIONAL_REPRESENTATION('',(#11696),#11700);
#11696 = LINE('',#11697,#11698);
#11697 = CARTESIAN_POINT('',(0.,0.1));
#11698 = VECTOR('',#11699,1.);
#11699 = DIRECTION('',(1.,0.));
#11700 = ( GEOMETRIC_REPRESENTATION_CONTEXT(2) 
PARAMETRIC_REPRESENTATION_CONTEXT() REPRESENTATION_CONTEXT('2D SPACE',''
  ) );
#11701 = ORIENTED_EDGE('',*,*,#11702,.T.);
#11702 = EDGE_CURVE('',#11672,#11703,#11705,.T.);
#11703 = VERTEX_POINT('',#11704);
#11704 = CARTESIAN_POINT('',(111.875,39.55,24.8));
#11705 = SURFACE_CURVE('',#11706,(#11710,#11717),.PCURVE_S1.);
#11706 = LINE('',#11707,#11708);
#11707 = CARTESIAN_POINT('',(49.885,39.55,24.8));
#11708 = VECTOR('',#11709,1.);
#11709 = DIRECTION('',(1.,1.110223024625E-16,0.));
#11710 = PCURVE('',#4772,#11711);
#11711 = DEFINITIONAL_REPRESENTATION('',(#11712),#11716);
#11712 = LINE('',#11713,#11714);
#11713 = CARTESIAN_POINT('',(32.3,51.035));
#11714 = VECTOR('',#11715,1.);
#11715 = DIRECTION('',(0.,1.));
#11716 = ( GEOMETRIC_REPRESENTATION_CONTEXT(2) 
PARAMETRIC_REPRESENTATION_CONTEXT() REPRESENTATION_CONTEXT('2D SPACE',''
  ) );
#11717 = PCURVE('',#11718,#11723);
#11718 = PLANE('',#11719);
#11719 = AXIS2_PLACEMENT_3D('',#11720,#11721,#11722);
#11720 = CARTESIAN_POINT('',(100.92,39.55,24.7));
#11721 = DIRECTION('',(1.110223024625E-16,-1.,0.));
#11722 = DIRECTION('',(0.,0.,1.));
#11723 = DEFINITIONAL_REPRESENTATION('',(#11724),#11728);
#11724 = LINE('',#11725,#11726);
#11725 = CARTESIAN_POINT('',(0.1,51.035));
#11726 = VECTOR('',#11727,1.);
#11727 = DIRECTION('',(0.,-1.));
#11728 = ( GEOMETRIC_REPRESENTATION_CONTEXT(2) 
PARAMETRIC_REPRESENTATION_CONTEXT() REPRESENTATION_CONTEXT('2D SPACE',''
  ) );
#11729 = ORIENTED_EDGE('',*,*,#11730,.F.);
#11730 = EDGE_CURVE('',#11731,#11703,#11733,.T.);
#11731 = VERTEX_POINT('',#11732);
#11732 = CARTESIAN_POINT('',(116.065,35.36,24.8));
#11733 = SURFACE_CURVE('',#11734,(#11739,#11746),.PCURVE_S1.);
#11734 = CIRCLE('',#11735,4.19);
#11735 = AXIS2_PLACEMENT_3D('',#11736,#11737,#11738);
#11736 = CARTESIAN_POINT('',(111.875,35.36,24.8));
#11737 = DIRECTION('',(0.,0.,1.));
#11738 = DIRECTION('',(-1.110223024625E-16,1.,0.));
#11739 = PCURVE('',#4772,#11740);
#11740 = DEFINITIONAL_REPRESENTATION('',(#11741),#11745);
#11741 = CIRCLE('',#11742,4.19);
#11742 = AXIS2_PLACEMENT_2D('',#11743,#11744);
#11743 = CARTESIAN_POINT('',(36.49,113.025));
#11744 = DIRECTION('',(-1.,0.));
#11745 = ( GEOMETRIC_REPRESENTATION_CONTEXT(2) 
PARAMETRIC_REPRESENTATION_CONTEXT() REPRESENTATION_CONTEXT('2D SPACE',''
  ) );
#11746 = PCURVE('',#11747,#11752);
#11747 = CYLINDRICAL_SURFACE('',#11748,4.19);
#11748 = AXIS2_PLACEMENT_3D('',#11749,#11750,#11751);
#11749 = CARTESIAN_POINT('',(111.875,35.36,24.7));
#11750 = DIRECTION('',(0.,0.,1.));
#11751 = DIRECTION('',(-1.110223024625E-16,1.,0.));
#11752 = DEFINITIONAL_REPRESENTATION('',(#11753),#11757);
#11753 = LINE('',#11754,#11755);
#11754 = CARTESIAN_POINT('',(-6.28318530718,0.1));
#11755 = VECTOR('',#11756,1.);
#11756 = DIRECTION('',(1.,-0.));
#11757 = ( GEOMETRIC_REPRESENTATION_CONTEXT(2) 
PARAMETRIC_REPRESENTATION_CONTEXT() REPRESENTATION_CONTEXT('2D SPACE',''
  ) );
#11758 = ORIENTED_EDGE('',*,*,#11759,.F.);
#11759 = EDGE_CURVE('',#11760,#11731,#11762,.T.);
#11760 = VERTEX_POINT('',#11761);
#11761 = CARTESIAN_POINT('',(116.065,35.34,24.8));
#11762 = SURFACE_CURVE('',#11763,(#11767,#11774),.PCURVE_S1.);
#11763 = LINE('',#11764,#11765);
#11764 = CARTESIAN_POINT('',(116.065,55.7,24.8));
#11765 = VECTOR('',#11766,1.);
#11766 = DIRECTION('',(-1.110223024625E-16,1.,0.));
#11767 = PCURVE('',#4772,#11768);
#11768 = DEFINITIONAL_REPRESENTATION('',(#11769),#11773);
#11769 = LINE('',#11770,#11771);
#11770 = CARTESIAN_POINT('',(16.15,117.215));
#11771 = VECTOR('',#11772,1.);
#11772 = DIRECTION('',(-1.,0.));
#11773 = ( GEOMETRIC_REPRESENTATION_CONTEXT(2) 
PARAMETRIC_REPRESENTATION_CONTEXT() REPRESENTATION_CONTEXT('2D SPACE',''
  ) );
#11774 = PCURVE('',#11775,#11780);
#11775 = PLANE('',#11776);
#11776 = AXIS2_PLACEMENT_3D('',#11777,#11778,#11779);
#11777 = CARTESIAN_POINT('',(116.065,39.55,24.7));
#11778 = DIRECTION('',(1.,1.110223024625E-16,0.));
#11779 = DIRECTION('',(0.,0.,1.));
#11780 = DEFINITIONAL_REPRESENTATION('',(#11781),#11785);
#11781 = LINE('',#11782,#11783);
#11782 = CARTESIAN_POINT('',(0.1,-16.15));
#11783 = VECTOR('',#11784,1.);
#11784 = DIRECTION('',(0.,-1.));
#11785 = ( GEOMETRIC_REPRESENTATION_CONTEXT(2) 
PARAMETRIC_REPRESENTATION_CONTEXT() REPRESENTATION_CONTEXT('2D SPACE',''
  ) );
#11786 = ORIENTED_EDGE('',*,*,#11787,.F.);
#11787 = EDGE_CURVE('',#11788,#11760,#11790,.T.);
#11788 = VERTEX_POINT('',#11789);
#11789 = CARTESIAN_POINT('',(111.875,31.15,24.8));
#11790 = SURFACE_CURVE('',#11791,(#11796,#11803),.PCURVE_S1.);
#11791 = CIRCLE('',#11792,4.19);
#11792 = AXIS2_PLACEMENT_3D('',#11793,#11794,#11795);
#11793 = CARTESIAN_POINT('',(111.875,35.34,24.8));
#11794 = DIRECTION('',(-0.,0.,1.));
#11795 = DIRECTION('',(1.110223024625E-16,-1.,0.));
#11796 = PCURVE('',#4772,#11797);
#11797 = DEFINITIONAL_REPRESENTATION('',(#11798),#11802);
#11798 = CIRCLE('',#11799,4.19);
#11799 = AXIS2_PLACEMENT_2D('',#11800,#11801);
#11800 = CARTESIAN_POINT('',(36.51,113.025));
#11801 = DIRECTION('',(1.,0.));
#11802 = ( GEOMETRIC_REPRESENTATION_CONTEXT(2) 
PARAMETRIC_REPRESENTATION_CONTEXT() REPRESENTATION_CONTEXT('2D SPACE',''
  ) );
#11803 = PCURVE('',#11804,#11809);
#11804 = CYLINDRICAL_SURFACE('',#11805,4.19);
#11805 = AXIS2_PLACEMENT_3D('',#11806,#11807,#11808);
#11806 = CARTESIAN_POINT('',(111.875,35.34,24.7));
#11807 = DIRECTION('',(0.,0.,1.));
#11808 = DIRECTION('',(1.110223024625E-16,-1.,0.));
#11809 = DEFINITIONAL_REPRESENTATION('',(#11810),#11814);
#11810 = LINE('',#11811,#11812);
#11811 = CARTESIAN_POINT('',(0.,0.1));
#11812 = VECTOR('',#11813,1.);
#11813 = DIRECTION('',(1.,0.));
#11814 = ( GEOMETRIC_REPRESENTATION_CONTEXT(2) 
PARAMETRIC_REPRESENTATION_CONTEXT() REPRESENTATION_CONTEXT('2D SPACE',''
  ) );
#11815 = ORIENTED_EDGE('',*,*,#11816,.F.);
#11816 = EDGE_CURVE('',#11817,#11788,#11819,.T.);
#11817 = VERTEX_POINT('',#11818);
#11818 = CARTESIAN_POINT('',(105.11,31.15,24.8));
#11819 = SURFACE_CURVE('',#11820,(#11824,#11831),.PCURVE_S1.);
#11820 = LINE('',#11821,#11822);
#11821 = CARTESIAN_POINT('',(49.885,31.15,24.8));
#11822 = VECTOR('',#11823,1.);
#11823 = DIRECTION('',(1.,1.110223024625E-16,0.));
#11824 = PCURVE('',#4772,#11825);
#11825 = DEFINITIONAL_REPRESENTATION('',(#11826),#11830);
#11826 = LINE('',#11827,#11828);
#11827 = CARTESIAN_POINT('',(40.7,51.035));
#11828 = VECTOR('',#11829,1.);
#11829 = DIRECTION('',(0.,1.));
#11830 = ( GEOMETRIC_REPRESENTATION_CONTEXT(2) 
PARAMETRIC_REPRESENTATION_CONTEXT() REPRESENTATION_CONTEXT('2D SPACE',''
  ) );
#11831 = PCURVE('',#11832,#11837);
#11832 = PLANE('',#11833);
#11833 = AXIS2_PLACEMENT_3D('',#11834,#11835,#11836);
#11834 = CARTESIAN_POINT('',(100.92,31.15,24.7));
#11835 = DIRECTION('',(1.110223024625E-16,-1.,0.));
#11836 = DIRECTION('',(0.,0.,1.));
#11837 = DEFINITIONAL_REPRESENTATION('',(#11838),#11842);
#11838 = LINE('',#11839,#11840);
#11839 = CARTESIAN_POINT('',(0.1,51.035));
#11840 = VECTOR('',#11841,1.);
#11841 = DIRECTION('',(0.,-1.));
#11842 = ( GEOMETRIC_REPRESENTATION_CONTEXT(2) 
PARAMETRIC_REPRESENTATION_CONTEXT() REPRESENTATION_CONTEXT('2D SPACE',''
  ) );
#11843 = ORIENTED_EDGE('',*,*,#11844,.F.);
#11844 = EDGE_CURVE('',#11845,#11817,#11847,.T.);
#11845 = VERTEX_POINT('',#11846);
#11846 = CARTESIAN_POINT('',(100.92,35.34,24.8));
#11847 = SURFACE_CURVE('',#11848,(#11853,#11860),.PCURVE_S1.);
#11848 = CIRCLE('',#11849,4.19);
#11849 = AXIS2_PLACEMENT_3D('',#11850,#11851,#11852);
#11850 = CARTESIAN_POINT('',(105.11,35.34,24.8));
#11851 = DIRECTION('',(-0.,0.,1.));
#11852 = DIRECTION('',(1.110223024625E-16,-1.,0.));
#11853 = PCURVE('',#4772,#11854);
#11854 = DEFINITIONAL_REPRESENTATION('',(#11855),#11859);
#11855 = CIRCLE('',#11856,4.19);
#11856 = AXIS2_PLACEMENT_2D('',#11857,#11858);
#11857 = CARTESIAN_POINT('',(36.51,106.26));
#11858 = DIRECTION('',(1.,0.));
#11859 = ( GEOMETRIC_REPRESENTATION_CONTEXT(2) 
PARAMETRIC_REPRESENTATION_CONTEXT() REPRESENTATION_CONTEXT('2D SPACE',''
  ) );
#11860 = PCURVE('',#11861,#11866);
#11861 = CYLINDRICAL_SURFACE('',#11862,4.19);
#11862 = AXIS2_PLACEMENT_3D('',#11863,#11864,#11865);
#11863 = CARTESIAN_POINT('',(105.11,35.34,24.7));
#11864 = DIRECTION('',(0.,0.,1.));
#11865 = DIRECTION('',(1.110223024625E-16,-1.,0.));
#11866 = DEFINITIONAL_REPRESENTATION('',(#11867),#11871);
#11867 = LINE('',#11868,#11869);
#11868 = CARTESIAN_POINT('',(-6.28318530718,0.1));
#11869 = VECTOR('',#11870,1.);
#11870 = DIRECTION('',(1.,-0.));
#11871 = ( GEOMETRIC_REPRESENTATION_CONTEXT(2) 
PARAMETRIC_REPRESENTATION_CONTEXT() REPRESENTATION_CONTEXT('2D SPACE',''
  ) );
#11872 = ORIENTED_EDGE('',*,*,#11873,.T.);
#11873 = EDGE_CURVE('',#11845,#11674,#11874,.T.);
#11874 = SURFACE_CURVE('',#11875,(#11879,#11886),.PCURVE_S1.);
#11875 = LINE('',#11876,#11877);
#11876 = CARTESIAN_POINT('',(100.92,55.7,24.8));
#11877 = VECTOR('',#11878,1.);
#11878 = DIRECTION('',(-1.110223024625E-16,1.,0.));
#11879 = PCURVE('',#4772,#11880);
#11880 = DEFINITIONAL_REPRESENTATION('',(#11881),#11885);
#11881 = LINE('',#11882,#11883);
#11882 = CARTESIAN_POINT('',(16.15,102.07));
#11883 = VECTOR('',#11884,1.);
#11884 = DIRECTION('',(-1.,0.));
#11885 = ( GEOMETRIC_REPRESENTATION_CONTEXT(2) 
PARAMETRIC_REPRESENTATION_CONTEXT() REPRESENTATION_CONTEXT('2D SPACE',''
  ) );
#11886 = PCURVE('',#11887,#11892);
#11887 = PLANE('',#11888);
#11888 = AXIS2_PLACEMENT_3D('',#11889,#11890,#11891);
#11889 = CARTESIAN_POINT('',(100.92,39.55,24.7));
#11890 = DIRECTION('',(1.,1.110223024625E-16,0.));
#11891 = DIRECTION('',(0.,0.,1.));
#11892 = DEFINITIONAL_REPRESENTATION('',(#11893),#11897);
#11893 = LINE('',#11894,#11895);
#11894 = CARTESIAN_POINT('',(0.1,-16.15));
#11895 = VECTOR('',#11896,1.);
#11896 = DIRECTION('',(0.,-1.));
#11897 = ( GEOMETRIC_REPRESENTATION_CONTEXT(2) 
PARAMETRIC_REPRESENTATION_CONTEXT() REPRESENTATION_CONTEXT('2D SPACE',''
  ) );
#11898 = ADVANCED_FACE('',(#11899),#5393,.T.);
#11899 = FACE_BOUND('',#11900,.T.);
#11900 = EDGE_LOOP('',(#11901,#11902,#11903,#11904));
#11901 = ORIENTED_EDGE('',*,*,#7667,.T.);
#11902 = ORIENTED_EDGE('',*,*,#5376,.F.);
#11903 = ORIENTED_EDGE('',*,*,#5510,.T.);
#11904 = ORIENTED_EDGE('',*,*,#5558,.T.);
#11905 = ADVANCED_FACE('',(#11906),#5801,.T.);
#11906 = FACE_BOUND('',#11907,.F.);
#11907 = EDGE_LOOP('',(#11908,#11938,#11966,#11987,#11988,#11989));
#11908 = ORIENTED_EDGE('',*,*,#11909,.F.);
#11909 = EDGE_CURVE('',#11910,#11912,#11914,.T.);
#11910 = VERTEX_POINT('',#11911);
#11911 = CARTESIAN_POINT('',(52.5,3.6,21.8));
#11912 = VERTEX_POINT('',#11913);
#11913 = CARTESIAN_POINT('',(52.5,8.6,21.8));
#11914 = SURFACE_CURVE('',#11915,(#11919,#11926),.PCURVE_S1.);
#11915 = LINE('',#11916,#11917);
#11916 = CARTESIAN_POINT('',(52.5,3.2,21.8));
#11917 = VECTOR('',#11918,1.);
#11918 = DIRECTION('',(-1.110223024625E-16,1.,0.));
#11919 = PCURVE('',#5801,#11920);
#11920 = DEFINITIONAL_REPRESENTATION('',(#11921),#11925);
#11921 = LINE('',#11922,#11923);
#11922 = CARTESIAN_POINT('',(-0.,0.));
#11923 = VECTOR('',#11924,1.);
#11924 = DIRECTION('',(-0.,1.));
#11925 = ( GEOMETRIC_REPRESENTATION_CONTEXT(2) 
PARAMETRIC_REPRESENTATION_CONTEXT() REPRESENTATION_CONTEXT('2D SPACE',''
  ) );
#11926 = PCURVE('',#11927,#11932);
#11927 = PLANE('',#11928);
#11928 = AXIS2_PLACEMENT_3D('',#11929,#11930,#11931);
#11929 = CARTESIAN_POINT('',(50.5,3.2,21.8));
#11930 = DIRECTION('',(0.,0.,1.));
#11931 = DIRECTION('',(1.110223024625E-16,-1.,0.));
#11932 = DEFINITIONAL_REPRESENTATION('',(#11933),#11937);
#11933 = LINE('',#11934,#11935);
#11934 = CARTESIAN_POINT('',(2.22044604925E-16,2.));
#11935 = VECTOR('',#11936,1.);
#11936 = DIRECTION('',(-1.,0.));
#11937 = ( GEOMETRIC_REPRESENTATION_CONTEXT(2) 
PARAMETRIC_REPRESENTATION_CONTEXT() REPRESENTATION_CONTEXT('2D SPACE',''
  ) );
#11938 = ORIENTED_EDGE('',*,*,#11939,.T.);
#11939 = EDGE_CURVE('',#11910,#11940,#11942,.T.);
#11940 = VERTEX_POINT('',#11941);
#11941 = CARTESIAN_POINT('',(52.5,3.6,24.7));
#11942 = SURFACE_CURVE('',#11943,(#11947,#11954),.PCURVE_S1.);
#11943 = LINE('',#11944,#11945);
#11944 = CARTESIAN_POINT('',(52.5,3.6,21.8));
#11945 = VECTOR('',#11946,1.);
#11946 = DIRECTION('',(0.,0.,1.));
#11947 = PCURVE('',#5801,#11948);
#11948 = DEFINITIONAL_REPRESENTATION('',(#11949),#11953);
#11949 = LINE('',#11950,#11951);
#11950 = CARTESIAN_POINT('',(-0.,0.4));
#11951 = VECTOR('',#11952,1.);
#11952 = DIRECTION('',(-1.,0.));
#11953 = ( GEOMETRIC_REPRESENTATION_CONTEXT(2) 
PARAMETRIC_REPRESENTATION_CONTEXT() REPRESENTATION_CONTEXT('2D SPACE',''
  ) );
#11954 = PCURVE('',#11955,#11960);
#11955 = CYLINDRICAL_SURFACE('',#11956,0.4);
#11956 = AXIS2_PLACEMENT_3D('',#11957,#11958,#11959);
#11957 = CARTESIAN_POINT('',(52.1,3.6,21.8));
#11958 = DIRECTION('',(0.,0.,1.));
#11959 = DIRECTION('',(1.110223024625E-16,-1.,0.));
#11960 = DEFINITIONAL_REPRESENTATION('',(#11961),#11965);
#11961 = LINE('',#11962,#11963);
#11962 = CARTESIAN_POINT('',(1.570796326795,0.));
#11963 = VECTOR('',#11964,1.);
#11964 = DIRECTION('',(0.,1.));
#11965 = ( GEOMETRIC_REPRESENTATION_CONTEXT(2) 
PARAMETRIC_REPRESENTATION_CONTEXT() REPRESENTATION_CONTEXT('2D SPACE',''
  ) );
#11966 = ORIENTED_EDGE('',*,*,#11967,.T.);
#11967 = EDGE_CURVE('',#11940,#5758,#11968,.T.);
#11968 = SURFACE_CURVE('',#11969,(#11973,#11980),.PCURVE_S1.);
#11969 = LINE('',#11970,#11971);
#11970 = CARTESIAN_POINT('',(52.5,3.75,24.7));
#11971 = VECTOR('',#11972,1.);
#11972 = DIRECTION('',(-1.110223024625E-16,1.,0.));
#11973 = PCURVE('',#5801,#11974);
#11974 = DEFINITIONAL_REPRESENTATION('',(#11975),#11979);
#11975 = LINE('',#11976,#11977);
#11976 = CARTESIAN_POINT('',(-2.9,0.55));
#11977 = VECTOR('',#11978,1.);
#11978 = DIRECTION('',(-0.,1.));
#11979 = ( GEOMETRIC_REPRESENTATION_CONTEXT(2) 
PARAMETRIC_REPRESENTATION_CONTEXT() REPRESENTATION_CONTEXT('2D SPACE',''
  ) );
#11980 = PCURVE('',#5773,#11981);
#11981 = DEFINITIONAL_REPRESENTATION('',(#11982),#11986);
#11982 = LINE('',#11983,#11984);
#11983 = CARTESIAN_POINT('',(0.55,4.5));
#11984 = VECTOR('',#11985,1.);
#11985 = DIRECTION('',(-1.,0.));
#11986 = ( GEOMETRIC_REPRESENTATION_CONTEXT(2) 
PARAMETRIC_REPRESENTATION_CONTEXT() REPRESENTATION_CONTEXT('2D SPACE',''
  ) );
#11987 = ORIENTED_EDGE('',*,*,#5785,.T.);
#11988 = ORIENTED_EDGE('',*,*,#11526,.F.);
#11989 = ORIENTED_EDGE('',*,*,#11990,.F.);
#11990 = EDGE_CURVE('',#11912,#11498,#11991,.T.);
#11991 = SURFACE_CURVE('',#11992,(#11996,#12003),.PCURVE_S1.);
#11992 = LINE('',#11993,#11994);
#11993 = CARTESIAN_POINT('',(52.5,8.6,21.8));
#11994 = VECTOR('',#11995,1.);
#11995 = DIRECTION('',(0.,0.,1.));
#11996 = PCURVE('',#5801,#11997);
#11997 = DEFINITIONAL_REPRESENTATION('',(#11998),#12002);
#11998 = LINE('',#11999,#12000);
#11999 = CARTESIAN_POINT('',(-0.,5.4));
#12000 = VECTOR('',#12001,1.);
#12001 = DIRECTION('',(-1.,0.));
#12002 = ( GEOMETRIC_REPRESENTATION_CONTEXT(2) 
PARAMETRIC_REPRESENTATION_CONTEXT() REPRESENTATION_CONTEXT('2D SPACE',''
  ) );
#12003 = PCURVE('',#11514,#12004);
#12004 = DEFINITIONAL_REPRESENTATION('',(#12005),#12009);
#12005 = LINE('',#12006,#12007);
#12006 = CARTESIAN_POINT('',(-1.570796326795,0.));
#12007 = VECTOR('',#12008,1.);
#12008 = DIRECTION('',(-0.,1.));
#12009 = ( GEOMETRIC_REPRESENTATION_CONTEXT(2) 
PARAMETRIC_REPRESENTATION_CONTEXT() REPRESENTATION_CONTEXT('2D SPACE',''
  ) );
#12010 = ADVANCED_FACE('',(#12011),#5773,.T.);
#12011 = FACE_BOUND('',#12012,.T.);
#12012 = EDGE_LOOP('',(#12013,#12014,#12037,#12066,#12094,#12116));
#12013 = ORIENTED_EDGE('',*,*,#5757,.F.);
#12014 = ORIENTED_EDGE('',*,*,#12015,.F.);
#12015 = EDGE_CURVE('',#12016,#5730,#12018,.T.);
#12016 = VERTEX_POINT('',#12017);
#12017 = CARTESIAN_POINT('',(50.5,3.6,24.7));
#12018 = SURFACE_CURVE('',#12019,(#12023,#12030),.PCURVE_S1.);
#12019 = LINE('',#12020,#12021);
#12020 = CARTESIAN_POINT('',(50.5,3.75,24.7));
#12021 = VECTOR('',#12022,1.);
#12022 = DIRECTION('',(-1.110223024625E-16,1.,0.));
#12023 = PCURVE('',#5773,#12024);
#12024 = DEFINITIONAL_REPRESENTATION('',(#12025),#12029);
#12025 = LINE('',#12026,#12027);
#12026 = CARTESIAN_POINT('',(0.55,2.5));
#12027 = VECTOR('',#12028,1.);
#12028 = DIRECTION('',(-1.,0.));
#12029 = ( GEOMETRIC_REPRESENTATION_CONTEXT(2) 
PARAMETRIC_REPRESENTATION_CONTEXT() REPRESENTATION_CONTEXT('2D SPACE',''
  ) );
#12030 = PCURVE('',#5745,#12031);
#12031 = DEFINITIONAL_REPRESENTATION('',(#12032),#12036);
#12032 = LINE('',#12033,#12034);
#12033 = CARTESIAN_POINT('',(-2.9,0.55));
#12034 = VECTOR('',#12035,1.);
#12035 = DIRECTION('',(-0.,1.));
#12036 = ( GEOMETRIC_REPRESENTATION_CONTEXT(2) 
PARAMETRIC_REPRESENTATION_CONTEXT() REPRESENTATION_CONTEXT('2D SPACE',''
  ) );
#12037 = ORIENTED_EDGE('',*,*,#12038,.T.);
#12038 = EDGE_CURVE('',#12016,#12039,#12041,.T.);
#12039 = VERTEX_POINT('',#12040);
#12040 = CARTESIAN_POINT('',(50.9,3.2,24.7));
#12041 = SURFACE_CURVE('',#12042,(#12047,#12054),.PCURVE_S1.);
#12042 = CIRCLE('',#12043,0.4);
#12043 = AXIS2_PLACEMENT_3D('',#12044,#12045,#12046);
#12044 = CARTESIAN_POINT('',(50.9,3.6,24.7));
#12045 = DIRECTION('',(-0.,0.,1.));
#12046 = DIRECTION('',(1.110223024625E-16,-1.,0.));
#12047 = PCURVE('',#5773,#12048);
#12048 = DEFINITIONAL_REPRESENTATION('',(#12049),#12053);
#12049 = CIRCLE('',#12050,0.4);
#12050 = AXIS2_PLACEMENT_2D('',#12051,#12052);
#12051 = CARTESIAN_POINT('',(0.7,2.9));
#12052 = DIRECTION('',(1.,0.));
#12053 = ( GEOMETRIC_REPRESENTATION_CONTEXT(2) 
PARAMETRIC_REPRESENTATION_CONTEXT() REPRESENTATION_CONTEXT('2D SPACE',''
  ) );
#12054 = PCURVE('',#12055,#12060);
#12055 = CYLINDRICAL_SURFACE('',#12056,0.4);
#12056 = AXIS2_PLACEMENT_3D('',#12057,#12058,#12059);
#12057 = CARTESIAN_POINT('',(50.9,3.6,21.8));
#12058 = DIRECTION('',(0.,0.,1.));
#12059 = DIRECTION('',(1.110223024625E-16,-1.,0.));
#12060 = DEFINITIONAL_REPRESENTATION('',(#12061),#12065);
#12061 = LINE('',#12062,#12063);
#12062 = CARTESIAN_POINT('',(-6.28318530718,2.9));
#12063 = VECTOR('',#12064,1.);
#12064 = DIRECTION('',(1.,-0.));
#12065 = ( GEOMETRIC_REPRESENTATION_CONTEXT(2) 
PARAMETRIC_REPRESENTATION_CONTEXT() REPRESENTATION_CONTEXT('2D SPACE',''
  ) );
#12066 = ORIENTED_EDGE('',*,*,#12067,.F.);
#12067 = EDGE_CURVE('',#12068,#12039,#12070,.T.);
#12068 = VERTEX_POINT('',#12069);
#12069 = CARTESIAN_POINT('',(52.1,3.2,24.7));
#12070 = SURFACE_CURVE('',#12071,(#12075,#12082),.PCURVE_S1.);
#12071 = LINE('',#12072,#12073);
#12072 = CARTESIAN_POINT('',(49.25,3.2,24.7));
#12073 = VECTOR('',#12074,1.);
#12074 = DIRECTION('',(-1.,-1.110223024625E-16,0.));
#12075 = PCURVE('',#5773,#12076);
#12076 = DEFINITIONAL_REPRESENTATION('',(#12077),#12081);
#12077 = LINE('',#12078,#12079);
#12078 = CARTESIAN_POINT('',(1.1,1.25));
#12079 = VECTOR('',#12080,1.);
#12080 = DIRECTION('',(0.,-1.));
#12081 = ( GEOMETRIC_REPRESENTATION_CONTEXT(2) 
PARAMETRIC_REPRESENTATION_CONTEXT() REPRESENTATION_CONTEXT('2D SPACE',''
  ) );
#12082 = PCURVE('',#12083,#12088);
#12083 = PLANE('',#12084);
#12084 = AXIS2_PLACEMENT_3D('',#12085,#12086,#12087);
#12085 = CARTESIAN_POINT('',(50.5,3.2,21.8));
#12086 = DIRECTION('',(-1.110223024625E-16,1.,0.));
#12087 = DIRECTION('',(0.,-0.,-1.));
#12088 = DEFINITIONAL_REPRESENTATION('',(#12089),#12093);
#12089 = LINE('',#12090,#12091);
#12090 = CARTESIAN_POINT('',(-2.9,1.25));
#12091 = VECTOR('',#12092,1.);
#12092 = DIRECTION('',(-0.,1.));
#12093 = ( GEOMETRIC_REPRESENTATION_CONTEXT(2) 
PARAMETRIC_REPRESENTATION_CONTEXT() REPRESENTATION_CONTEXT('2D SPACE',''
  ) );
#12094 = ORIENTED_EDGE('',*,*,#12095,.T.);
#12095 = EDGE_CURVE('',#12068,#11940,#12096,.T.);
#12096 = SURFACE_CURVE('',#12097,(#12102,#12109),.PCURVE_S1.);
#12097 = CIRCLE('',#12098,0.4);
#12098 = AXIS2_PLACEMENT_3D('',#12099,#12100,#12101);
#12099 = CARTESIAN_POINT('',(52.1,3.6,24.7));
#12100 = DIRECTION('',(-0.,0.,1.));
#12101 = DIRECTION('',(1.110223024625E-16,-1.,0.));
#12102 = PCURVE('',#5773,#12103);
#12103 = DEFINITIONAL_REPRESENTATION('',(#12104),#12108);
#12104 = CIRCLE('',#12105,0.4);
#12105 = AXIS2_PLACEMENT_2D('',#12106,#12107);
#12106 = CARTESIAN_POINT('',(0.7,4.1));
#12107 = DIRECTION('',(1.,0.));
#12108 = ( GEOMETRIC_REPRESENTATION_CONTEXT(2) 
PARAMETRIC_REPRESENTATION_CONTEXT() REPRESENTATION_CONTEXT('2D SPACE',''
  ) );
#12109 = PCURVE('',#11955,#12110);
#12110 = DEFINITIONAL_REPRESENTATION('',(#12111),#12115);
#12111 = LINE('',#12112,#12113);
#12112 = CARTESIAN_POINT('',(0.,2.9));
#12113 = VECTOR('',#12114,1.);
#12114 = DIRECTION('',(1.,0.));
#12115 = ( GEOMETRIC_REPRESENTATION_CONTEXT(2) 
PARAMETRIC_REPRESENTATION_CONTEXT() REPRESENTATION_CONTEXT('2D SPACE',''
  ) );
#12116 = ORIENTED_EDGE('',*,*,#11967,.T.);
#12117 = ADVANCED_FACE('',(#12118),#5745,.F.);
#12118 = FACE_BOUND('',#12119,.T.);
#12119 = EDGE_LOOP('',(#12120,#12145,#12166,#12167,#12168,#12169));
#12120 = ORIENTED_EDGE('',*,*,#12121,.F.);
#12121 = EDGE_CURVE('',#12122,#12124,#12126,.T.);
#12122 = VERTEX_POINT('',#12123);
#12123 = CARTESIAN_POINT('',(50.5,3.6,21.8));
#12124 = VERTEX_POINT('',#12125);
#12125 = CARTESIAN_POINT('',(50.5,8.6,21.8));
#12126 = SURFACE_CURVE('',#12127,(#12131,#12138),.PCURVE_S1.);
#12127 = LINE('',#12128,#12129);
#12128 = CARTESIAN_POINT('',(50.5,3.2,21.8));
#12129 = VECTOR('',#12130,1.);
#12130 = DIRECTION('',(-1.110223024625E-16,1.,0.));
#12131 = PCURVE('',#5745,#12132);
#12132 = DEFINITIONAL_REPRESENTATION('',(#12133),#12137);
#12133 = LINE('',#12134,#12135);
#12134 = CARTESIAN_POINT('',(-0.,0.));
#12135 = VECTOR('',#12136,1.);
#12136 = DIRECTION('',(-0.,1.));
#12137 = ( GEOMETRIC_REPRESENTATION_CONTEXT(2) 
PARAMETRIC_REPRESENTATION_CONTEXT() REPRESENTATION_CONTEXT('2D SPACE',''
  ) );
#12138 = PCURVE('',#11927,#12139);
#12139 = DEFINITIONAL_REPRESENTATION('',(#12140),#12144);
#12140 = LINE('',#12141,#12142);
#12141 = CARTESIAN_POINT('',(-0.,0.));
#12142 = VECTOR('',#12143,1.);
#12143 = DIRECTION('',(-1.,0.));
#12144 = ( GEOMETRIC_REPRESENTATION_CONTEXT(2) 
PARAMETRIC_REPRESENTATION_CONTEXT() REPRESENTATION_CONTEXT('2D SPACE',''
  ) );
#12145 = ORIENTED_EDGE('',*,*,#12146,.T.);
#12146 = EDGE_CURVE('',#12122,#12016,#12147,.T.);
#12147 = SURFACE_CURVE('',#12148,(#12152,#12159),.PCURVE_S1.);
#12148 = LINE('',#12149,#12150);
#12149 = CARTESIAN_POINT('',(50.5,3.6,21.8));
#12150 = VECTOR('',#12151,1.);
#12151 = DIRECTION('',(0.,0.,1.));
#12152 = PCURVE('',#5745,#12153);
#12153 = DEFINITIONAL_REPRESENTATION('',(#12154),#12158);
#12154 = LINE('',#12155,#12156);
#12155 = CARTESIAN_POINT('',(-0.,0.4));
#12156 = VECTOR('',#12157,1.);
#12157 = DIRECTION('',(-1.,0.));
#12158 = ( GEOMETRIC_REPRESENTATION_CONTEXT(2) 
PARAMETRIC_REPRESENTATION_CONTEXT() REPRESENTATION_CONTEXT('2D SPACE',''
  ) );
#12159 = PCURVE('',#12055,#12160);
#12160 = DEFINITIONAL_REPRESENTATION('',(#12161),#12165);
#12161 = LINE('',#12162,#12163);
#12162 = CARTESIAN_POINT('',(-1.570796326795,0.));
#12163 = VECTOR('',#12164,1.);
#12164 = DIRECTION('',(-0.,1.));
#12165 = ( GEOMETRIC_REPRESENTATION_CONTEXT(2) 
PARAMETRIC_REPRESENTATION_CONTEXT() REPRESENTATION_CONTEXT('2D SPACE',''
  ) );
#12166 = ORIENTED_EDGE('',*,*,#12015,.T.);
#12167 = ORIENTED_EDGE('',*,*,#5729,.T.);
#12168 = ORIENTED_EDGE('',*,*,#11417,.F.);
#12169 = ORIENTED_EDGE('',*,*,#12170,.F.);
#12170 = EDGE_CURVE('',#12124,#11418,#12171,.T.);
#12171 = SURFACE_CURVE('',#12172,(#12176,#12183),.PCURVE_S1.);
#12172 = LINE('',#12173,#12174);
#12173 = CARTESIAN_POINT('',(50.5,8.6,21.8));
#12174 = VECTOR('',#12175,1.);
#12175 = DIRECTION('',(0.,0.,1.));
#12176 = PCURVE('',#5745,#12177);
#12177 = DEFINITIONAL_REPRESENTATION('',(#12178),#12182);
#12178 = LINE('',#12179,#12180);
#12179 = CARTESIAN_POINT('',(-0.,5.4));
#12180 = VECTOR('',#12181,1.);
#12181 = DIRECTION('',(-1.,0.));
#12182 = ( GEOMETRIC_REPRESENTATION_CONTEXT(2) 
PARAMETRIC_REPRESENTATION_CONTEXT() REPRESENTATION_CONTEXT('2D SPACE',''
  ) );
#12183 = PCURVE('',#11457,#12184);
#12184 = DEFINITIONAL_REPRESENTATION('',(#12185),#12189);
#12185 = LINE('',#12186,#12187);
#12186 = CARTESIAN_POINT('',(1.570796326795,0.));
#12187 = VECTOR('',#12188,1.);
#12188 = DIRECTION('',(0.,1.));
#12189 = ( GEOMETRIC_REPRESENTATION_CONTEXT(2) 
PARAMETRIC_REPRESENTATION_CONTEXT() REPRESENTATION_CONTEXT('2D SPACE',''
  ) );
#12190 = ADVANCED_FACE('',(#12191),#6395,.T.);
#12191 = FACE_BOUND('',#12192,.T.);
#12192 = EDGE_LOOP('',(#12193,#12194,#12195,#12196));
#12193 = ORIENTED_EDGE('',*,*,#7623,.T.);
#12194 = ORIENTED_EDGE('',*,*,#6378,.F.);
#12195 = ORIENTED_EDGE('',*,*,#6512,.T.);
#12196 = ORIENTED_EDGE('',*,*,#6560,.T.);
#12197 = ADVANCED_FACE('',(#12198,#12396),#7070,.F.);
#12198 = FACE_BOUND('',#12199,.F.);
#12199 = EDGE_LOOP('',(#12200,#12225,#12249,#12272,#12300,#12323,#12347,
    #12370));
#12200 = ORIENTED_EDGE('',*,*,#12201,.F.);
#12201 = EDGE_CURVE('',#12202,#12204,#12206,.T.);
#12202 = VERTEX_POINT('',#12203);
#12203 = CARTESIAN_POINT('',(105.11,39.55,26.));
#12204 = VERTEX_POINT('',#12205);
#12205 = CARTESIAN_POINT('',(111.875,39.55,26.));
#12206 = SURFACE_CURVE('',#12207,(#12211,#12218),.PCURVE_S1.);
#12207 = LINE('',#12208,#12209);
#12208 = CARTESIAN_POINT('',(100.92,39.55,26.));
#12209 = VECTOR('',#12210,1.);
#12210 = DIRECTION('',(1.,1.110223024625E-16,0.));
#12211 = PCURVE('',#7070,#12212);
#12212 = DEFINITIONAL_REPRESENTATION('',(#12213),#12217);
#12213 = LINE('',#12214,#12215);
#12214 = CARTESIAN_POINT('',(0.,0.));
#12215 = VECTOR('',#12216,1.);
#12216 = DIRECTION('',(0.,1.));
#12217 = ( GEOMETRIC_REPRESENTATION_CONTEXT(2) 
PARAMETRIC_REPRESENTATION_CONTEXT() REPRESENTATION_CONTEXT('2D SPACE',''
  ) );
#12218 = PCURVE('',#11718,#12219);
#12219 = DEFINITIONAL_REPRESENTATION('',(#12220),#12224);
#12220 = LINE('',#12221,#12222);
#12221 = CARTESIAN_POINT('',(1.3,0.));
#12222 = VECTOR('',#12223,1.);
#12223 = DIRECTION('',(0.,-1.));
#12224 = ( GEOMETRIC_REPRESENTATION_CONTEXT(2) 
PARAMETRIC_REPRESENTATION_CONTEXT() REPRESENTATION_CONTEXT('2D SPACE',''
  ) );
#12225 = ORIENTED_EDGE('',*,*,#12226,.T.);
#12226 = EDGE_CURVE('',#12202,#12227,#12229,.T.);
#12227 = VERTEX_POINT('',#12228);
#12228 = CARTESIAN_POINT('',(100.92,35.36,26.));
#12229 = SURFACE_CURVE('',#12230,(#12235,#12242),.PCURVE_S1.);
#12230 = CIRCLE('',#12231,4.19);
#12231 = AXIS2_PLACEMENT_3D('',#12232,#12233,#12234);
#12232 = CARTESIAN_POINT('',(105.11,35.36,26.));
#12233 = DIRECTION('',(0.,0.,1.));
#12234 = DIRECTION('',(-1.,-1.110223024625E-16,0.));
#12235 = PCURVE('',#7070,#12236);
#12236 = DEFINITIONAL_REPRESENTATION('',(#12237),#12241);
#12237 = CIRCLE('',#12238,4.19);
#12238 = AXIS2_PLACEMENT_2D('',#12239,#12240);
#12239 = CARTESIAN_POINT('',(4.19,4.19));
#12240 = DIRECTION('',(0.,-1.));
#12241 = ( GEOMETRIC_REPRESENTATION_CONTEXT(2) 
PARAMETRIC_REPRESENTATION_CONTEXT() REPRESENTATION_CONTEXT('2D SPACE',''
  ) );
#12242 = PCURVE('',#11690,#12243);
#12243 = DEFINITIONAL_REPRESENTATION('',(#12244),#12248);
#12244 = LINE('',#12245,#12246);
#12245 = CARTESIAN_POINT('',(-4.712388980385,1.3));
#12246 = VECTOR('',#12247,1.);
#12247 = DIRECTION('',(1.,0.));
#12248 = ( GEOMETRIC_REPRESENTATION_CONTEXT(2) 
PARAMETRIC_REPRESENTATION_CONTEXT() REPRESENTATION_CONTEXT('2D SPACE',''
  ) );
#12249 = ORIENTED_EDGE('',*,*,#12250,.T.);
#12250 = EDGE_CURVE('',#12227,#12251,#12253,.T.);
#12251 = VERTEX_POINT('',#12252);
#12252 = CARTESIAN_POINT('',(100.92,35.34,26.));
#12253 = SURFACE_CURVE('',#12254,(#12258,#12265),.PCURVE_S1.);
#12254 = LINE('',#12255,#12256);
#12255 = CARTESIAN_POINT('',(100.92,39.55,26.));
#12256 = VECTOR('',#12257,1.);
#12257 = DIRECTION('',(1.110223024625E-16,-1.,0.));
#12258 = PCURVE('',#7070,#12259);
#12259 = DEFINITIONAL_REPRESENTATION('',(#12260),#12264);
#12260 = LINE('',#12261,#12262);
#12261 = CARTESIAN_POINT('',(0.,0.));
#12262 = VECTOR('',#12263,1.);
#12263 = DIRECTION('',(1.,0.));
#12264 = ( GEOMETRIC_REPRESENTATION_CONTEXT(2) 
PARAMETRIC_REPRESENTATION_CONTEXT() REPRESENTATION_CONTEXT('2D SPACE',''
  ) );
#12265 = PCURVE('',#11887,#12266);
#12266 = DEFINITIONAL_REPRESENTATION('',(#12267),#12271);
#12267 = LINE('',#12268,#12269);
#12268 = CARTESIAN_POINT('',(1.3,0.));
#12269 = VECTOR('',#12270,1.);
#12270 = DIRECTION('',(0.,1.));
#12271 = ( GEOMETRIC_REPRESENTATION_CONTEXT(2) 
PARAMETRIC_REPRESENTATION_CONTEXT() REPRESENTATION_CONTEXT('2D SPACE',''
  ) );
#12272 = ORIENTED_EDGE('',*,*,#12273,.F.);
#12273 = EDGE_CURVE('',#12274,#12251,#12276,.T.);
#12274 = VERTEX_POINT('',#12275);
#12275 = CARTESIAN_POINT('',(105.11,31.15,26.));
#12276 = SURFACE_CURVE('',#12277,(#12282,#12293),.PCURVE_S1.);
#12277 = CIRCLE('',#12278,4.19);
#12278 = AXIS2_PLACEMENT_3D('',#12279,#12280,#12281);
#12279 = CARTESIAN_POINT('',(105.11,35.34,26.));
#12280 = DIRECTION('',(-0.,0.,-1.));
#12281 = DIRECTION('',(-1.,-1.110223024625E-16,0.));
#12282 = PCURVE('',#7070,#12283);
#12283 = DEFINITIONAL_REPRESENTATION('',(#12284),#12292);
#12284 = ( BOUNDED_CURVE() B_SPLINE_CURVE(2,(#12285,#12286,#12287,#12288
    ,#12289,#12290,#12291),.UNSPECIFIED.,.T.,.F.) 
B_SPLINE_CURVE_WITH_KNOTS((1,2,2,2,2,1),(-2.094395102393,0.,
    2.094395102393,4.188790204786,6.28318530718,8.377580409573),
.UNSPECIFIED.) CURVE() GEOMETRIC_REPRESENTATION_ITEM() 
RATIONAL_B_SPLINE_CURVE((1.,0.5,1.,0.5,1.,0.5,1.)) REPRESENTATION_ITEM(
  '') );
#12285 = CARTESIAN_POINT('',(4.21,-8.881784197001E-16));
#12286 = CARTESIAN_POINT('',(-3.047292883714,-8.881784197001E-16));
#12287 = CARTESIAN_POINT('',(0.581353558143,6.285));
#12288 = CARTESIAN_POINT('',(4.21,12.57));
#12289 = CARTESIAN_POINT('',(7.838646441857,6.285));
#12290 = CARTESIAN_POINT('',(11.467292883714,5.329070518201E-15));
#12291 = CARTESIAN_POINT('',(4.21,-8.881784197001E-16));
#12292 = ( GEOMETRIC_REPRESENTATION_CONTEXT(2) 
PARAMETRIC_REPRESENTATION_CONTEXT() REPRESENTATION_CONTEXT('2D SPACE',''
  ) );
#12293 = PCURVE('',#11861,#12294);
#12294 = DEFINITIONAL_REPRESENTATION('',(#12295),#12299);
#12295 = LINE('',#12296,#12297);
#12296 = CARTESIAN_POINT('',(4.712388980385,1.3));
#12297 = VECTOR('',#12298,1.);
#12298 = DIRECTION('',(-1.,0.));
#12299 = ( GEOMETRIC_REPRESENTATION_CONTEXT(2) 
PARAMETRIC_REPRESENTATION_CONTEXT() REPRESENTATION_CONTEXT('2D SPACE',''
  ) );
#12300 = ORIENTED_EDGE('',*,*,#12301,.T.);
#12301 = EDGE_CURVE('',#12274,#12302,#12304,.T.);
#12302 = VERTEX_POINT('',#12303);
#12303 = CARTESIAN_POINT('',(111.875,31.15,26.));
#12304 = SURFACE_CURVE('',#12305,(#12309,#12316),.PCURVE_S1.);
#12305 = LINE('',#12306,#12307);
#12306 = CARTESIAN_POINT('',(100.92,31.15,26.));
#12307 = VECTOR('',#12308,1.);
#12308 = DIRECTION('',(1.,1.110223024625E-16,0.));
#12309 = PCURVE('',#7070,#12310);
#12310 = DEFINITIONAL_REPRESENTATION('',(#12311),#12315);
#12311 = LINE('',#12312,#12313);
#12312 = CARTESIAN_POINT('',(8.4,-9.325873406851E-16));
#12313 = VECTOR('',#12314,1.);
#12314 = DIRECTION('',(0.,1.));
#12315 = ( GEOMETRIC_REPRESENTATION_CONTEXT(2) 
PARAMETRIC_REPRESENTATION_CONTEXT() REPRESENTATION_CONTEXT('2D SPACE',''
  ) );
#12316 = PCURVE('',#11832,#12317);
#12317 = DEFINITIONAL_REPRESENTATION('',(#12318),#12322);
#12318 = LINE('',#12319,#12320);
#12319 = CARTESIAN_POINT('',(1.3,0.));
#12320 = VECTOR('',#12321,1.);
#12321 = DIRECTION('',(0.,-1.));
#12322 = ( GEOMETRIC_REPRESENTATION_CONTEXT(2) 
PARAMETRIC_REPRESENTATION_CONTEXT() REPRESENTATION_CONTEXT('2D SPACE',''
  ) );
#12323 = ORIENTED_EDGE('',*,*,#12324,.T.);
#12324 = EDGE_CURVE('',#12302,#12325,#12327,.T.);
#12325 = VERTEX_POINT('',#12326);
#12326 = CARTESIAN_POINT('',(116.065,35.34,26.));
#12327 = SURFACE_CURVE('',#12328,(#12333,#12340),.PCURVE_S1.);
#12328 = CIRCLE('',#12329,4.19);
#12329 = AXIS2_PLACEMENT_3D('',#12330,#12331,#12332);
#12330 = CARTESIAN_POINT('',(111.875,35.34,26.));
#12331 = DIRECTION('',(0.,0.,1.));
#12332 = DIRECTION('',(-1.,-1.110223024625E-16,0.));
#12333 = PCURVE('',#7070,#12334);
#12334 = DEFINITIONAL_REPRESENTATION('',(#12335),#12339);
#12335 = CIRCLE('',#12336,4.19);
#12336 = AXIS2_PLACEMENT_2D('',#12337,#12338);
#12337 = CARTESIAN_POINT('',(4.21,10.955));
#12338 = DIRECTION('',(0.,-1.));
#12339 = ( GEOMETRIC_REPRESENTATION_CONTEXT(2) 
PARAMETRIC_REPRESENTATION_CONTEXT() REPRESENTATION_CONTEXT('2D SPACE',''
  ) );
#12340 = PCURVE('',#11804,#12341);
#12341 = DEFINITIONAL_REPRESENTATION('',(#12342),#12346);
#12342 = LINE('',#12343,#12344);
#12343 = CARTESIAN_POINT('',(-1.570796326795,1.3));
#12344 = VECTOR('',#12345,1.);
#12345 = DIRECTION('',(1.,0.));
#12346 = ( GEOMETRIC_REPRESENTATION_CONTEXT(2) 
PARAMETRIC_REPRESENTATION_CONTEXT() REPRESENTATION_CONTEXT('2D SPACE',''
  ) );
#12347 = ORIENTED_EDGE('',*,*,#12348,.F.);
#12348 = EDGE_CURVE('',#12349,#12325,#12351,.T.);
#12349 = VERTEX_POINT('',#12350);
#12350 = CARTESIAN_POINT('',(116.065,35.36,26.));
#12351 = SURFACE_CURVE('',#12352,(#12356,#12363),.PCURVE_S1.);
#12352 = LINE('',#12353,#12354);
#12353 = CARTESIAN_POINT('',(116.065,39.55,26.));
#12354 = VECTOR('',#12355,1.);
#12355 = DIRECTION('',(1.110223024625E-16,-1.,0.));
#12356 = PCURVE('',#7070,#12357);
#12357 = DEFINITIONAL_REPRESENTATION('',(#12358),#12362);
#12358 = LINE('',#12359,#12360);
#12359 = CARTESIAN_POINT('',(1.681432770795E-15,15.145));
#12360 = VECTOR('',#12361,1.);
#12361 = DIRECTION('',(1.,0.));
#12362 = ( GEOMETRIC_REPRESENTATION_CONTEXT(2) 
PARAMETRIC_REPRESENTATION_CONTEXT() REPRESENTATION_CONTEXT('2D SPACE',''
  ) );
#12363 = PCURVE('',#11775,#12364);
#12364 = DEFINITIONAL_REPRESENTATION('',(#12365),#12369);
#12365 = LINE('',#12366,#12367);
#12366 = CARTESIAN_POINT('',(1.3,0.));
#12367 = VECTOR('',#12368,1.);
#12368 = DIRECTION('',(0.,1.));
#12369 = ( GEOMETRIC_REPRESENTATION_CONTEXT(2) 
PARAMETRIC_REPRESENTATION_CONTEXT() REPRESENTATION_CONTEXT('2D SPACE',''
  ) );
#12370 = ORIENTED_EDGE('',*,*,#12371,.F.);
#12371 = EDGE_CURVE('',#12204,#12349,#12372,.T.);
#12372 = SURFACE_CURVE('',#12373,(#12378,#12389),.PCURVE_S1.);
#12373 = CIRCLE('',#12374,4.19);
#12374 = AXIS2_PLACEMENT_3D('',#12375,#12376,#12377);
#12375 = CARTESIAN_POINT('',(111.875,35.36,26.));
#12376 = DIRECTION('',(-0.,0.,-1.));
#12377 = DIRECTION('',(-1.,-1.110223024625E-16,0.));
#12378 = PCURVE('',#7070,#12379);
#12379 = DEFINITIONAL_REPRESENTATION('',(#12380),#12388);
#12380 = ( BOUNDED_CURVE() B_SPLINE_CURVE(2,(#12381,#12382,#12383,#12384
    ,#12385,#12386,#12387),.UNSPECIFIED.,.T.,.F.) 
B_SPLINE_CURVE_WITH_KNOTS((1,2,2,2,2,1),(-2.094395102393,0.,
    2.094395102393,4.188790204786,6.28318530718,8.377580409573),
.UNSPECIFIED.) CURVE() GEOMETRIC_REPRESENTATION_ITEM() 
RATIONAL_B_SPLINE_CURVE((1.,0.5,1.,0.5,1.,0.5,1.)) REPRESENTATION_ITEM(
  '') );
#12381 = CARTESIAN_POINT('',(4.19,6.765));
#12382 = CARTESIAN_POINT('',(-3.067292883714,6.765));
#12383 = CARTESIAN_POINT('',(0.561353558143,13.05));
#12384 = CARTESIAN_POINT('',(4.19,19.335));
#12385 = CARTESIAN_POINT('',(7.818646441857,13.05));
#12386 = CARTESIAN_POINT('',(11.447292883714,6.765));
#12387 = CARTESIAN_POINT('',(4.19,6.765));
#12388 = ( GEOMETRIC_REPRESENTATION_CONTEXT(2) 
PARAMETRIC_REPRESENTATION_CONTEXT() REPRESENTATION_CONTEXT('2D SPACE',''
  ) );
#12389 = PCURVE('',#11747,#12390);
#12390 = DEFINITIONAL_REPRESENTATION('',(#12391),#12395);
#12391 = LINE('',#12392,#12393);
#12392 = CARTESIAN_POINT('',(1.570796326795,1.3));
#12393 = VECTOR('',#12394,1.);
#12394 = DIRECTION('',(-1.,0.));
#12395 = ( GEOMETRIC_REPRESENTATION_CONTEXT(2) 
PARAMETRIC_REPRESENTATION_CONTEXT() REPRESENTATION_CONTEXT('2D SPACE',''
  ) );
#12396 = FACE_BOUND('',#12397,.F.);
#12397 = EDGE_LOOP('',(#12398,#12399,#12400,#12401,#12402,#12403,#12404,
    #12405));
#12398 = ORIENTED_EDGE('',*,*,#7053,.F.);
#12399 = ORIENTED_EDGE('',*,*,#7109,.F.);
#12400 = ORIENTED_EDGE('',*,*,#7206,.F.);
#12401 = ORIENTED_EDGE('',*,*,#7328,.T.);
#12402 = ORIENTED_EDGE('',*,*,#7404,.F.);
#12403 = ORIENTED_EDGE('',*,*,#7356,.T.);
#12404 = ORIENTED_EDGE('',*,*,#7278,.F.);
#12405 = ORIENTED_EDGE('',*,*,#7179,.F.);
#12406 = ADVANCED_FACE('',(#12407),#7498,.F.);
#12407 = FACE_BOUND('',#12408,.F.);
#12408 = EDGE_LOOP('',(#12409,#12432,#12453,#12454,#12455));
#12409 = ORIENTED_EDGE('',*,*,#12410,.F.);
#12410 = EDGE_CURVE('',#12411,#7483,#12413,.T.);
#12411 = VERTEX_POINT('',#12412);
#12412 = CARTESIAN_POINT('',(5.,9.,24.8));
#12413 = SURFACE_CURVE('',#12414,(#12418,#12425),.PCURVE_S1.);
#12414 = LINE('',#12415,#12416);
#12415 = CARTESIAN_POINT('',(5.,40.595875924548,24.8));
#12416 = VECTOR('',#12417,1.);
#12417 = DIRECTION('',(1.110223024625E-16,-1.,0.));
#12418 = PCURVE('',#7498,#12419);
#12419 = DEFINITIONAL_REPRESENTATION('',(#12420),#12424);
#12420 = LINE('',#12421,#12422);
#12421 = CARTESIAN_POINT('',(31.254124075452,6.15));
#12422 = VECTOR('',#12423,1.);
#12423 = DIRECTION('',(1.,0.));
#12424 = ( GEOMETRIC_REPRESENTATION_CONTEXT(2) 
PARAMETRIC_REPRESENTATION_CONTEXT() REPRESENTATION_CONTEXT('2D SPACE',''
  ) );
#12425 = PCURVE('',#7838,#12426);
#12426 = DEFINITIONAL_REPRESENTATION('',(#12427),#12431);
#12427 = LINE('',#12428,#12429);
#12428 = CARTESIAN_POINT('',(-2.263168905513,-31.25412407545));
#12429 = VECTOR('',#12430,1.);
#12430 = DIRECTION('',(0.,1.));
#12431 = ( GEOMETRIC_REPRESENTATION_CONTEXT(2) 
PARAMETRIC_REPRESENTATION_CONTEXT() REPRESENTATION_CONTEXT('2D SPACE',''
  ) );
#12432 = ORIENTED_EDGE('',*,*,#12433,.F.);
#12433 = EDGE_CURVE('',#10395,#12411,#12434,.T.);
#12434 = SURFACE_CURVE('',#12435,(#12439,#12446),.PCURVE_S1.);
#12435 = LINE('',#12436,#12437);
#12436 = CARTESIAN_POINT('',(-0.775,9.,24.8));
#12437 = VECTOR('',#12438,1.);
#12438 = DIRECTION('',(1.,1.110223024625E-16,0.));
#12439 = PCURVE('',#7498,#12440);
#12440 = DEFINITIONAL_REPRESENTATION('',(#12441),#12445);
#12441 = LINE('',#12442,#12443);
#12442 = CARTESIAN_POINT('',(62.85,0.375));
#12443 = VECTOR('',#12444,1.);
#12444 = DIRECTION('',(0.,1.));
#12445 = ( GEOMETRIC_REPRESENTATION_CONTEXT(2) 
PARAMETRIC_REPRESENTATION_CONTEXT() REPRESENTATION_CONTEXT('2D SPACE',''
  ) );
#12446 = PCURVE('',#10410,#12447);
#12447 = DEFINITIONAL_REPRESENTATION('',(#12448),#12452);
#12448 = LINE('',#12449,#12450);
#12449 = CARTESIAN_POINT('',(5.E-02,0.375));
#12450 = VECTOR('',#12451,1.);
#12451 = DIRECTION('',(0.,-1.));
#12452 = ( GEOMETRIC_REPRESENTATION_CONTEXT(2) 
PARAMETRIC_REPRESENTATION_CONTEXT() REPRESENTATION_CONTEXT('2D SPACE',''
  ) );
#12453 = ORIENTED_EDGE('',*,*,#10422,.F.);
#12454 = ORIENTED_EDGE('',*,*,#10449,.T.);
#12455 = ORIENTED_EDGE('',*,*,#7480,.T.);
#12456 = ADVANCED_FACE('',(#12457),#7838,.T.);
#12457 = FACE_BOUND('',#12458,.T.);
#12458 = EDGE_LOOP('',(#12459,#12526,#12547,#12548,#12549,#12572));
#12459 = ORIENTED_EDGE('',*,*,#12460,.F.);
#12460 = EDGE_CURVE('',#12461,#12463,#12465,.T.);
#12461 = VERTEX_POINT('',#12462);
#12462 = CARTESIAN_POINT('',(5.,10.216738197425,19.865450643777));
#12463 = VERTEX_POINT('',#12464);
#12464 = CARTESIAN_POINT('',(5.,9.012328767123,24.75));
#12465 = SURFACE_CURVE('',#12466,(#12484,#12505),.PCURVE_S1.);
#12466 = B_SPLINE_CURVE_WITH_KNOTS('',4,(#12467,#12468,#12469,#12470,
    #12471,#12472,#12473,#12474,#12475,#12476,#12477,#12478,#12479,
    #12480,#12481,#12482,#12483),.UNSPECIFIED.,.F.,.F.,(5,3,3,3,3,5),(0.
    ,0.238679008257,0.475524384036,0.713319235839,0.950005850725,1.),
  .UNSPECIFIED.);
#12467 = CARTESIAN_POINT('',(5.,10.72602739726,17.8));
#12468 = CARTESIAN_POINT('',(5.,10.623881310653,18.21425912902));
#12469 = CARTESIAN_POINT('',(5.,10.521706621593,18.628634256872));
#12470 = CARTESIAN_POINT('',(5.,10.419509380787,19.043100844587));
#12471 = CARTESIAN_POINT('',(5.,10.215862340774,19.869002729083));
#12472 = CARTESIAN_POINT('',(5.,10.114412876949,20.280436665705));
#12473 = CARTESIAN_POINT('',(5.,10.012948447917,20.691931294558));
#12474 = CARTESIAN_POINT('',(5.,9.809587377338,21.516673414131));
#12475 = CARTESIAN_POINT('',(5.,9.707690659634,21.929921213706));
#12476 = CARTESIAN_POINT('',(5.,9.605783482688,22.343211431322));
#12477 = CARTESIAN_POINT('',(5.,9.402426187992,23.16793823759));
#12478 = CARTESIAN_POINT('',(5.,9.300976168069,23.579374429499));
#12479 = CARTESIAN_POINT('',(5.,9.199518782686,23.99084049244));
#12480 = CARTESIAN_POINT('',(5.,9.076623340513,24.489249785699));
#12481 = CARTESIAN_POINT('',(5.,9.055191367313,24.576168343674));
#12482 = CARTESIAN_POINT('',(5.,9.033759119891,24.663088013773));
#12483 = CARTESIAN_POINT('',(5.,9.012326607123,24.75000876));
#12484 = PCURVE('',#7838,#12485);
#12485 = DEFINITIONAL_REPRESENTATION('',(#12486),#12504);
#12486 = B_SPLINE_CURVE_WITH_KNOTS('',4,(#12487,#12488,#12489,#12490,
    #12491,#12492,#12493,#12494,#12495,#12496,#12497,#12498,#12499,
    #12500,#12501,#12502,#12503),.UNSPECIFIED.,.F.,.F.,(5,3,3,3,3,5),(0.
    ,0.238679008257,0.475524384036,0.713319235839,0.950005850725,1.),
  .UNSPECIFIED.);
#12487 = CARTESIAN_POINT('',(4.736831094487,-1.384275548164));
#12488 = CARTESIAN_POINT('',(4.322571965468,-1.282129461556));
#12489 = CARTESIAN_POINT('',(3.908196837615,-1.179954772496));
#12490 = CARTESIAN_POINT('',(3.493730249901,-1.07775753169));
#12491 = CARTESIAN_POINT('',(2.667828365405,-0.874110491677));
#12492 = CARTESIAN_POINT('',(2.256394428783,-0.772661027853));
#12493 = CARTESIAN_POINT('',(1.84489979993,-0.671196598821));
#12494 = CARTESIAN_POINT('',(1.020157680357,-0.467835528241));
#12495 = CARTESIAN_POINT('',(0.606909880781,-0.365938810537));
#12496 = CARTESIAN_POINT('',(0.193619663165,-0.264031633591));
#12497 = CARTESIAN_POINT('',(-0.631107143103,-6.067433889477E-02));
#12498 = CARTESIAN_POINT('',(-1.042543335012,4.077568102802E-02));
#12499 = CARTESIAN_POINT('',(-1.454009397953,0.142233066411));
#12500 = CARTESIAN_POINT('',(-1.952418691211,0.265128508584));
#12501 = CARTESIAN_POINT('',(-2.039337249186,0.286560481783));
#12502 = CARTESIAN_POINT('',(-2.126256919286,0.307992729205));
#12503 = CARTESIAN_POINT('',(-2.213177665513,0.329425241973));
#12504 = ( GEOMETRIC_REPRESENTATION_CONTEXT(2) 
PARAMETRIC_REPRESENTATION_CONTEXT() REPRESENTATION_CONTEXT('2D SPACE',''
  ) );
#12505 = PCURVE('',#10347,#12506);
#12506 = DEFINITIONAL_REPRESENTATION('',(#12507),#12525);
#12507 = B_SPLINE_CURVE_WITH_KNOTS('',4,(#12508,#12509,#12510,#12511,
    #12512,#12513,#12514,#12515,#12516,#12517,#12518,#12519,#12520,
    #12521,#12522,#12523,#12524),.UNSPECIFIED.,.F.,.F.,(5,3,3,3,3,5),(0.
    ,0.238679008257,0.475524384036,0.713319235839,0.950005850725,1.),
  .UNSPECIFIED.);
#12508 = CARTESIAN_POINT('',(5.030715076109,4.109589041096E-02));
#12509 = CARTESIAN_POINT('',(5.060639747971,9.784371630408E-02));
#12510 = CARTESIAN_POINT('',(5.08882939748,0.154607432448));
#12511 = CARTESIAN_POINT('',(5.115505739541,0.211383677341));
#12512 = CARTESIAN_POINT('',(5.16595652883,0.324520921792));
#12513 = CARTESIAN_POINT('',(5.189752300872,0.380881735028));
#12514 = CARTESIAN_POINT('',(5.212372193953,0.437250862268));
#12515 = CARTESIAN_POINT('',(5.255577383716,0.550229234812));
#12516 = CARTESIAN_POINT('',(5.276154584497,0.606838522426));
#12517 = CARTESIAN_POINT('',(5.295780337275,0.663453620729));
#12518 = CARTESIAN_POINT('',(5.333217699197,0.77642989556));
#12519 = CARTESIAN_POINT('',(5.351037613822,0.83279101774));
#12520 = CARTESIAN_POINT('',(5.368089612403,0.889156231841));
#12521 = CARTESIAN_POINT('',(5.387894233481,0.957431477493));
#12522 = CARTESIAN_POINT('',(5.391316678437,0.96933812927));
#12523 = CARTESIAN_POINT('',(5.394708483483,0.981244933394));
#12524 = CARTESIAN_POINT('',(5.398070250878,0.993151884932));
#12525 = ( GEOMETRIC_REPRESENTATION_CONTEXT(2) 
PARAMETRIC_REPRESENTATION_CONTEXT() REPRESENTATION_CONTEXT('2D SPACE',''
  ) );
#12526 = ORIENTED_EDGE('',*,*,#12527,.T.);
#12527 = EDGE_CURVE('',#12461,#7797,#12528,.T.);
#12528 = SURFACE_CURVE('',#12529,(#12533,#12540),.PCURVE_S1.);
#12529 = LINE('',#12530,#12531);
#12530 = CARTESIAN_POINT('',(5.,16.,17.8));
#12531 = VECTOR('',#12532,1.);
#12532 = DIRECTION('',(1.045543553507E-16,-0.941741911595,0.336336396998
    ));
#12533 = PCURVE('',#7838,#12534);
#12534 = DEFINITIONAL_REPRESENTATION('',(#12535),#12539);
#12535 = LINE('',#12536,#12537);
#12536 = CARTESIAN_POINT('',(4.736831094487,-6.658248150903));
#12537 = VECTOR('',#12538,1.);
#12538 = DIRECTION('',(-0.336336396998,0.941741911595));
#12539 = ( GEOMETRIC_REPRESENTATION_CONTEXT(2) 
PARAMETRIC_REPRESENTATION_CONTEXT() REPRESENTATION_CONTEXT('2D SPACE',''
  ) );
#12540 = PCURVE('',#7812,#12541);
#12541 = DEFINITIONAL_REPRESENTATION('',(#12542),#12546);
#12542 = LINE('',#12543,#12544);
#12543 = CARTESIAN_POINT('',(-2.509304528417E-16,-2.4));
#12544 = VECTOR('',#12545,1.);
#12545 = DIRECTION('',(1.,0.));
#12546 = ( GEOMETRIC_REPRESENTATION_CONTEXT(2) 
PARAMETRIC_REPRESENTATION_CONTEXT() REPRESENTATION_CONTEXT('2D SPACE',''
  ) );
#12547 = ORIENTED_EDGE('',*,*,#7824,.F.);
#12548 = ORIENTED_EDGE('',*,*,#12410,.F.);
#12549 = ORIENTED_EDGE('',*,*,#12550,.T.);
#12550 = EDGE_CURVE('',#12411,#12551,#12553,.T.);
#12551 = VERTEX_POINT('',#12552);
#12552 = CARTESIAN_POINT('',(5.,9.,24.75));
#12553 = SURFACE_CURVE('',#12554,(#12558,#12565),.PCURVE_S1.);
#12554 = LINE('',#12555,#12556);
#12555 = CARTESIAN_POINT('',(5.,9.,23.643415547244));
#12556 = VECTOR('',#12557,1.);
#12557 = DIRECTION('',(0.,0.,-1.));
#12558 = PCURVE('',#7838,#12559);
#12559 = DEFINITIONAL_REPRESENTATION('',(#12560),#12564);
#12560 = LINE('',#12561,#12562);
#12561 = CARTESIAN_POINT('',(-1.106584452756,0.341751849097));
#12562 = VECTOR('',#12563,1.);
#12563 = DIRECTION('',(1.,0.));
#12564 = ( GEOMETRIC_REPRESENTATION_CONTEXT(2) 
PARAMETRIC_REPRESENTATION_CONTEXT() REPRESENTATION_CONTEXT('2D SPACE',''
  ) );
#12565 = PCURVE('',#10410,#12566);
#12566 = DEFINITIONAL_REPRESENTATION('',(#12567),#12571);
#12567 = LINE('',#12568,#12569);
#12568 = CARTESIAN_POINT('',(-1.106584452756,-5.4));
#12569 = VECTOR('',#12570,1.);
#12570 = DIRECTION('',(-1.,-0.));
#12571 = ( GEOMETRIC_REPRESENTATION_CONTEXT(2) 
PARAMETRIC_REPRESENTATION_CONTEXT() REPRESENTATION_CONTEXT('2D SPACE',''
  ) );
#12572 = ORIENTED_EDGE('',*,*,#12573,.F.);
#12573 = EDGE_CURVE('',#12463,#12551,#12574,.T.);
#12574 = SURFACE_CURVE('',#12575,(#12579,#12586),.PCURVE_S1.);
#12575 = LINE('',#12576,#12577);
#12576 = CARTESIAN_POINT('',(5.,16.170875924548,24.75));
#12577 = VECTOR('',#12578,1.);
#12578 = DIRECTION('',(1.110223024625E-16,-1.,0.));
#12579 = PCURVE('',#7838,#12580);
#12580 = DEFINITIONAL_REPRESENTATION('',(#12581),#12585);
#12581 = LINE('',#12582,#12583);
#12582 = CARTESIAN_POINT('',(-2.213168905513,-6.829124075452));
#12583 = VECTOR('',#12584,1.);
#12584 = DIRECTION('',(0.,1.));
#12585 = ( GEOMETRIC_REPRESENTATION_CONTEXT(2) 
PARAMETRIC_REPRESENTATION_CONTEXT() REPRESENTATION_CONTEXT('2D SPACE',''
  ) );
#12586 = PCURVE('',#10382,#12587);
#12587 = DEFINITIONAL_REPRESENTATION('',(#12588),#12592);
#12588 = LINE('',#12589,#12590);
#12589 = CARTESIAN_POINT('',(6.829124075452,5.4));
#12590 = VECTOR('',#12591,1.);
#12591 = DIRECTION('',(1.,0.));
#12592 = ( GEOMETRIC_REPRESENTATION_CONTEXT(2) 
PARAMETRIC_REPRESENTATION_CONTEXT() REPRESENTATION_CONTEXT('2D SPACE',''
  ) );
#12593 = ADVANCED_FACE('',(#12594),#7812,.F.);
#12594 = FACE_BOUND('',#12595,.F.);
#12595 = EDGE_LOOP('',(#12596,#12626,#12644,#12645,#12646));
#12596 = ORIENTED_EDGE('',*,*,#12597,.F.);
#12597 = EDGE_CURVE('',#12598,#12600,#12602,.T.);
#12598 = VERTEX_POINT('',#12599);
#12599 = CARTESIAN_POINT('',(6.,10.216738197425,19.865450643777));
#12600 = VERTEX_POINT('',#12601);
#12601 = CARTESIAN_POINT('',(6.,0.75,23.246428571429));
#12602 = SURFACE_CURVE('',#12603,(#12607,#12614),.PCURVE_S1.);
#12603 = LINE('',#12604,#12605);
#12604 = CARTESIAN_POINT('',(6.,8.933484162896,20.323755656109));
#12605 = VECTOR('',#12606,1.);
#12606 = DIRECTION('',(1.045543553507E-16,-0.941741911595,0.336336396998
    ));
#12607 = PCURVE('',#7812,#12608);
#12608 = DEFINITIONAL_REPRESENTATION('',(#12609),#12613);
#12609 = LINE('',#12610,#12611);
#12610 = CARTESIAN_POINT('',(7.503665017029,-1.4));
#12611 = VECTOR('',#12612,1.);
#12612 = DIRECTION('',(1.,0.));
#12613 = ( GEOMETRIC_REPRESENTATION_CONTEXT(2) 
PARAMETRIC_REPRESENTATION_CONTEXT() REPRESENTATION_CONTEXT('2D SPACE',''
  ) );
#12614 = PCURVE('',#12615,#12620);
#12615 = PLANE('',#12616);
#12616 = AXIS2_PLACEMENT_3D('',#12617,#12618,#12619);
#12617 = CARTESIAN_POINT('',(6.,9.999999999999E-02,17.9));
#12618 = DIRECTION('',(1.,1.110223024625E-16,0.));
#12619 = DIRECTION('',(0.,-0.,-1.));
#12620 = DEFINITIONAL_REPRESENTATION('',(#12621),#12625);
#12621 = LINE('',#12622,#12623);
#12622 = CARTESIAN_POINT('',(-2.423755656109,8.833484162896));
#12623 = VECTOR('',#12624,1.);
#12624 = DIRECTION('',(-0.336336396998,-0.941741911595));
#12625 = ( GEOMETRIC_REPRESENTATION_CONTEXT(2) 
PARAMETRIC_REPRESENTATION_CONTEXT() REPRESENTATION_CONTEXT('2D SPACE',''
  ) );
#12626 = ORIENTED_EDGE('',*,*,#12627,.T.);
#12627 = EDGE_CURVE('',#12598,#12461,#12628,.T.);
#12628 = SURFACE_CURVE('',#12629,(#12632,#12638),.PCURVE_S1.);
#12629 = B_SPLINE_CURVE_WITH_KNOTS('',1,(#12630,#12631),.UNSPECIFIED.,
  .F.,.F.,(2,2),(0.,1.),.PIECEWISE_BEZIER_KNOTS.);
#12630 = CARTESIAN_POINT('',(7.4,10.216738197425,19.865450643777));
#12631 = CARTESIAN_POINT('',(5.,10.216738197425,19.865450643777));
#12632 = PCURVE('',#7812,#12633);
#12633 = DEFINITIONAL_REPRESENTATION('',(#12634),#12637);
#12634 = B_SPLINE_CURVE_WITH_KNOTS('',1,(#12635,#12636),.UNSPECIFIED.,
  .F.,.F.,(2,2),(0.,1.),.PIECEWISE_BEZIER_KNOTS.);
#12635 = CARTESIAN_POINT('',(6.141026252916,0.));
#12636 = CARTESIAN_POINT('',(6.141026252916,-2.4));
#12637 = ( GEOMETRIC_REPRESENTATION_CONTEXT(2) 
PARAMETRIC_REPRESENTATION_CONTEXT() REPRESENTATION_CONTEXT('2D SPACE',''
  ) );
#12638 = PCURVE('',#10347,#12639);
#12639 = DEFINITIONAL_REPRESENTATION('',(#12640),#12643);
#12640 = B_SPLINE_CURVE_WITH_KNOTS('',1,(#12641,#12642),.UNSPECIFIED.,
  .F.,.F.,(2,2),(0.,1.),.PIECEWISE_BEZIER_KNOTS.);
#12641 = CARTESIAN_POINT('',(8.128641218846,0.324034334764));
#12642 = CARTESIAN_POINT('',(5.165256272253,0.324034334764));
#12643 = ( GEOMETRIC_REPRESENTATION_CONTEXT(2) 
PARAMETRIC_REPRESENTATION_CONTEXT() REPRESENTATION_CONTEXT('2D SPACE',''
  ) );
#12644 = ORIENTED_EDGE('',*,*,#12527,.T.);
#12645 = ORIENTED_EDGE('',*,*,#7796,.F.);
#12646 = ORIENTED_EDGE('',*,*,#12647,.F.);
#12647 = EDGE_CURVE('',#12600,#7769,#12648,.T.);
#12648 = SURFACE_CURVE('',#12649,(#12654,#12661),.PCURVE_S1.);
#12649 = ELLIPSE('',#12650,0.690210334697,0.65);
#12650 = AXIS2_PLACEMENT_3D('',#12651,#12652,#12653);
#12651 = CARTESIAN_POINT('',(6.65,0.75,23.246428571429));
#12652 = DIRECTION('',(-3.734084119668E-17,0.336336396998,0.941741911595
    ));
#12653 = DIRECTION('',(1.045543553507E-16,-0.941741911595,0.336336396998
    ));
#12654 = PCURVE('',#7812,#12655);
#12655 = DEFINITIONAL_REPRESENTATION('',(#12656),#12660);
#12656 = ELLIPSE('',#12657,0.690210334697,0.65);
#12657 = AXIS2_PLACEMENT_2D('',#12658,#12659);
#12658 = CARTESIAN_POINT('',(16.193396314043,-0.75));
#12659 = DIRECTION('',(1.,0.));
#12660 = ( GEOMETRIC_REPRESENTATION_CONTEXT(2) 
PARAMETRIC_REPRESENTATION_CONTEXT() REPRESENTATION_CONTEXT('2D SPACE',''
  ) );
#12661 = PCURVE('',#7784,#12662);
#12662 = DEFINITIONAL_REPRESENTATION('',(#12663),#12672);
#12663 = B_SPLINE_CURVE_WITH_KNOTS('',7,(#12664,#12665,#12666,#12667,
    #12668,#12669,#12670,#12671),.UNSPECIFIED.,.F.,.F.,(8,8),(
    4.712388980385,6.28318530718),.PIECEWISE_BEZIER_KNOTS.);
#12664 = CARTESIAN_POINT('',(-1.570796326795,5.346428571429));
#12665 = CARTESIAN_POINT('',(-1.346396851538,5.398521306756));
#12666 = CARTESIAN_POINT('',(-1.121997376282,5.450613830556));
#12667 = CARTESIAN_POINT('',(-0.897597901026,5.498423370269));
#12668 = CARTESIAN_POINT('',(-0.673198425769,5.537659152861));
#12669 = CARTESIAN_POINT('',(-0.448798950513,5.564933343858));
#12670 = CARTESIAN_POINT('',(-0.224399475256,5.578571428571));
#12671 = CARTESIAN_POINT('',(0.,5.578571428571));
#12672 = ( GEOMETRIC_REPRESENTATION_CONTEXT(2) 
PARAMETRIC_REPRESENTATION_CONTEXT() REPRESENTATION_CONTEXT('2D SPACE',''
  ) );
#12673 = ADVANCED_FACE('',(#12674),#7784,.T.);
#12674 = FACE_BOUND('',#12675,.F.);
#12675 = EDGE_LOOP('',(#12676,#12677,#12705,#12726));
#12676 = ORIENTED_EDGE('',*,*,#7768,.F.);
#12677 = ORIENTED_EDGE('',*,*,#12678,.T.);
#12678 = EDGE_CURVE('',#7741,#12679,#12681,.T.);
#12679 = VERTEX_POINT('',#12680);
#12680 = CARTESIAN_POINT('',(6.,0.75,17.9));
#12681 = SURFACE_CURVE('',#12682,(#12687,#12694),.PCURVE_S1.);
#12682 = CIRCLE('',#12683,0.65);
#12683 = AXIS2_PLACEMENT_3D('',#12684,#12685,#12686);
#12684 = CARTESIAN_POINT('',(6.65,0.75,17.9));
#12685 = DIRECTION('',(0.,0.,-1.));
#12686 = DIRECTION('',(-1.,-1.110223024625E-16,-0.));
#12687 = PCURVE('',#7784,#12688);
#12688 = DEFINITIONAL_REPRESENTATION('',(#12689),#12693);
#12689 = LINE('',#12690,#12691);
#12690 = CARTESIAN_POINT('',(4.712388980385,-0.));
#12691 = VECTOR('',#12692,1.);
#12692 = DIRECTION('',(-1.,0.));
#12693 = ( GEOMETRIC_REPRESENTATION_CONTEXT(2) 
PARAMETRIC_REPRESENTATION_CONTEXT() REPRESENTATION_CONTEXT('2D SPACE',''
  ) );
#12694 = PCURVE('',#7756,#12695);
#12695 = DEFINITIONAL_REPRESENTATION('',(#12696),#12704);
#12696 = ( BOUNDED_CURVE() B_SPLINE_CURVE(2,(#12697,#12698,#12699,#12700
    ,#12701,#12702,#12703),.UNSPECIFIED.,.T.,.F.) 
B_SPLINE_CURVE_WITH_KNOTS((1,2,2,2,2,1),(-2.094395102393,0.,
    2.094395102393,4.188790204786,6.28318530718,8.377580409573),
.UNSPECIFIED.) CURVE() GEOMETRIC_REPRESENTATION_ITEM() 
RATIONAL_B_SPLINE_CURVE((1.,0.5,1.,0.5,1.,0.5,1.)) REPRESENTATION_ITEM(
  '') );
#12697 = CARTESIAN_POINT('',(-0.65,1.110223024625E-16));
#12698 = CARTESIAN_POINT('',(-1.77583302492,1.110223024625E-16));
#12699 = CARTESIAN_POINT('',(-1.21291651246,0.975));
#12700 = CARTESIAN_POINT('',(-0.65,1.95));
#12701 = CARTESIAN_POINT('',(-8.708348754012E-02,0.975));
#12702 = CARTESIAN_POINT('',(0.47583302492,1.110223024625E-15));
#12703 = CARTESIAN_POINT('',(-0.65,1.110223024625E-16));
#12704 = ( GEOMETRIC_REPRESENTATION_CONTEXT(2) 
PARAMETRIC_REPRESENTATION_CONTEXT() REPRESENTATION_CONTEXT('2D SPACE',''
  ) );
#12705 = ORIENTED_EDGE('',*,*,#12706,.T.);
#12706 = EDGE_CURVE('',#12679,#12600,#12707,.T.);
#12707 = SURFACE_CURVE('',#12708,(#12712,#12719),.PCURVE_S1.);
#12708 = LINE('',#12709,#12710);
#12709 = CARTESIAN_POINT('',(6.,0.75,17.9));
#12710 = VECTOR('',#12711,1.);
#12711 = DIRECTION('',(0.,0.,1.));
#12712 = PCURVE('',#7784,#12713);
#12713 = DEFINITIONAL_REPRESENTATION('',(#12714),#12718);
#12714 = LINE('',#12715,#12716);
#12715 = CARTESIAN_POINT('',(-1.570796326795,0.));
#12716 = VECTOR('',#12717,1.);
#12717 = DIRECTION('',(-0.,1.));
#12718 = ( GEOMETRIC_REPRESENTATION_CONTEXT(2) 
PARAMETRIC_REPRESENTATION_CONTEXT() REPRESENTATION_CONTEXT('2D SPACE',''
  ) );
#12719 = PCURVE('',#12615,#12720);
#12720 = DEFINITIONAL_REPRESENTATION('',(#12721),#12725);
#12721 = LINE('',#12722,#12723);
#12722 = CARTESIAN_POINT('',(-0.,0.65));
#12723 = VECTOR('',#12724,1.);
#12724 = DIRECTION('',(-1.,0.));
#12725 = ( GEOMETRIC_REPRESENTATION_CONTEXT(2) 
PARAMETRIC_REPRESENTATION_CONTEXT() REPRESENTATION_CONTEXT('2D SPACE',''
  ) );
#12726 = ORIENTED_EDGE('',*,*,#12647,.T.);
#12727 = ADVANCED_FACE('',(#12728,#13121),#7756,.F.);
#12728 = FACE_BOUND('',#12729,.T.);
#12729 = EDGE_LOOP('',(#12730,#12731,#12732,#12755,#12775,#12800,#12823,
    #12851,#12874,#12902,#12930,#12959,#12987,#13020,#13048,#13076,
    #13099));
#12730 = ORIENTED_EDGE('',*,*,#7740,.F.);
#12731 = ORIENTED_EDGE('',*,*,#12678,.T.);
#12732 = ORIENTED_EDGE('',*,*,#12733,.T.);
#12733 = EDGE_CURVE('',#12679,#12734,#12736,.T.);
#12734 = VERTEX_POINT('',#12735);
#12735 = CARTESIAN_POINT('',(6.,10.701369863014,17.9));
#12736 = SURFACE_CURVE('',#12737,(#12741,#12748),.PCURVE_S1.);
#12737 = LINE('',#12738,#12739);
#12738 = CARTESIAN_POINT('',(6.,9.999999999999E-02,17.9));
#12739 = VECTOR('',#12740,1.);
#12740 = DIRECTION('',(-1.110223024625E-16,1.,0.));
#12741 = PCURVE('',#7756,#12742);
#12742 = DEFINITIONAL_REPRESENTATION('',(#12743),#12747);
#12743 = LINE('',#12744,#12745);
#12744 = CARTESIAN_POINT('',(-0.,0.));
#12745 = VECTOR('',#12746,1.);
#12746 = DIRECTION('',(-1.,0.));
#12747 = ( GEOMETRIC_REPRESENTATION_CONTEXT(2) 
PARAMETRIC_REPRESENTATION_CONTEXT() REPRESENTATION_CONTEXT('2D SPACE',''
  ) );
#12748 = PCURVE('',#12615,#12749);
#12749 = DEFINITIONAL_REPRESENTATION('',(#12750),#12754);
#12750 = LINE('',#12751,#12752);
#12751 = CARTESIAN_POINT('',(-0.,0.));
#12752 = VECTOR('',#12753,1.);
#12753 = DIRECTION('',(-0.,1.));
#12754 = ( GEOMETRIC_REPRESENTATION_CONTEXT(2) 
PARAMETRIC_REPRESENTATION_CONTEXT() REPRESENTATION_CONTEXT('2D SPACE',''
  ) );
#12755 = ORIENTED_EDGE('',*,*,#12756,.F.);
#12756 = EDGE_CURVE('',#12757,#12734,#12759,.T.);
#12757 = VERTEX_POINT('',#12758);
#12758 = CARTESIAN_POINT('',(10.698630136986,10.701369863014,17.9));
#12759 = SURFACE_CURVE('',#12760,(#12763,#12769),.PCURVE_S1.);
#12760 = B_SPLINE_CURVE_WITH_KNOTS('',1,(#12761,#12762),.UNSPECIFIED.,
  .F.,.F.,(2,2),(0.,1.),.PIECEWISE_BEZIER_KNOTS.);
#12761 = CARTESIAN_POINT('',(10.698630136986,10.701369863014,17.9));
#12762 = CARTESIAN_POINT('',(6.,10.701369863014,17.9));
#12763 = PCURVE('',#7756,#12764);
#12764 = DEFINITIONAL_REPRESENTATION('',(#12765),#12768);
#12765 = B_SPLINE_CURVE_WITH_KNOTS('',1,(#12766,#12767),.UNSPECIFIED.,
  .F.,.F.,(2,2),(0.,1.),.PIECEWISE_BEZIER_KNOTS.);
#12766 = CARTESIAN_POINT('',(-10.60136986301,4.698630136986));
#12767 = CARTESIAN_POINT('',(-10.60136986301,0.));
#12768 = ( GEOMETRIC_REPRESENTATION_CONTEXT(2) 
PARAMETRIC_REPRESENTATION_CONTEXT() REPRESENTATION_CONTEXT('2D SPACE',''
  ) );
#12769 = PCURVE('',#10347,#12770);
#12770 = DEFINITIONAL_REPRESENTATION('',(#12771),#12774);
#12771 = B_SPLINE_CURVE_WITH_KNOTS('',1,(#12772,#12773),.UNSPECIFIED.,
  .F.,.F.,(2,2),(0.,1.),.PIECEWISE_BEZIER_KNOTS.);
#12772 = CARTESIAN_POINT('',(12.8,5.479452054795E-02));
#12773 = CARTESIAN_POINT('',(6.4,5.479452054795E-02));
#12774 = ( GEOMETRIC_REPRESENTATION_CONTEXT(2) 
PARAMETRIC_REPRESENTATION_CONTEXT() REPRESENTATION_CONTEXT('2D SPACE',''
  ) );
#12775 = ORIENTED_EDGE('',*,*,#12776,.F.);
#12776 = EDGE_CURVE('',#12777,#12757,#12779,.T.);
#12777 = VERTEX_POINT('',#12778);
#12778 = CARTESIAN_POINT('',(10.698630136986,12.1,17.9));
#12779 = SURFACE_CURVE('',#12780,(#12783,#12789),.PCURVE_S1.);
#12780 = B_SPLINE_CURVE_WITH_KNOTS('',1,(#12781,#12782),.UNSPECIFIED.,
  .F.,.F.,(2,2),(0.,1.),.PIECEWISE_BEZIER_KNOTS.);
#12781 = CARTESIAN_POINT('',(10.698630136986,12.1,17.9));
#12782 = CARTESIAN_POINT('',(10.698630136986,10.701369863014,17.9));
#12783 = PCURVE('',#7756,#12784);
#12784 = DEFINITIONAL_REPRESENTATION('',(#12785),#12788);
#12785 = B_SPLINE_CURVE_WITH_KNOTS('',1,(#12786,#12787),.UNSPECIFIED.,
  .F.,.F.,(2,2),(0.,1.),.PIECEWISE_BEZIER_KNOTS.);
#12786 = CARTESIAN_POINT('',(-12.,4.698630136986));
#12787 = CARTESIAN_POINT('',(-10.60136986301,4.698630136986));
#12788 = ( GEOMETRIC_REPRESENTATION_CONTEXT(2) 
PARAMETRIC_REPRESENTATION_CONTEXT() REPRESENTATION_CONTEXT('2D SPACE',''
  ) );
#12789 = PCURVE('',#12790,#12795);
#12790 = B_SPLINE_SURFACE_WITH_KNOTS('',1,1,(
    (#12791,#12792)
    ,(#12793,#12794
    )),.UNSPECIFIED.,.F.,.F.,.F.,(2,2),(2,2),(0.,14.),(0.,1.),
  .PIECEWISE_BEZIER_KNOTS.);
#12791 = CARTESIAN_POINT('',(10.6,10.8,17.5));
#12792 = CARTESIAN_POINT('',(12.4,9.,24.8));
#12793 = CARTESIAN_POINT('',(10.6,21.2,17.5));
#12794 = CARTESIAN_POINT('',(12.4,23.,24.8));
#12795 = DEFINITIONAL_REPRESENTATION('',(#12796),#12799);
#12796 = B_SPLINE_CURVE_WITH_KNOTS('',1,(#12797,#12798),.UNSPECIFIED.,
  .F.,.F.,(2,2),(0.,1.),.PIECEWISE_BEZIER_KNOTS.);
#12797 = CARTESIAN_POINT('',(1.847724922441,5.479452054795E-02));
#12798 = CARTESIAN_POINT('',(0.,5.479452054795E-02));
#12799 = ( GEOMETRIC_REPRESENTATION_CONTEXT(2) 
PARAMETRIC_REPRESENTATION_CONTEXT() REPRESENTATION_CONTEXT('2D SPACE',''
  ) );
#12800 = ORIENTED_EDGE('',*,*,#12801,.T.);
#12801 = EDGE_CURVE('',#12777,#12802,#12804,.T.);
#12802 = VERTEX_POINT('',#12803);
#12803 = CARTESIAN_POINT('',(21.55,12.1,17.9));
#12804 = SURFACE_CURVE('',#12805,(#12809,#12816),.PCURVE_S1.);
#12805 = LINE('',#12806,#12807);
#12806 = CARTESIAN_POINT('',(6.,12.1,17.9));
#12807 = VECTOR('',#12808,1.);
#12808 = DIRECTION('',(1.,1.110223024625E-16,0.));
#12809 = PCURVE('',#7756,#12810);
#12810 = DEFINITIONAL_REPRESENTATION('',(#12811),#12815);
#12811 = LINE('',#12812,#12813);
#12812 = CARTESIAN_POINT('',(-12.,-4.440892098501E-16));
#12813 = VECTOR('',#12814,1.);
#12814 = DIRECTION('',(-0.,1.));
#12815 = ( GEOMETRIC_REPRESENTATION_CONTEXT(2) 
PARAMETRIC_REPRESENTATION_CONTEXT() REPRESENTATION_CONTEXT('2D SPACE',''
  ) );
#12816 = PCURVE('',#10926,#12817);
#12817 = DEFINITIONAL_REPRESENTATION('',(#12818),#12822);
#12818 = LINE('',#12819,#12820);
#12819 = CARTESIAN_POINT('',(-0.,-0.));
#12820 = VECTOR('',#12821,1.);
#12821 = DIRECTION('',(-0.,-1.));
#12822 = ( GEOMETRIC_REPRESENTATION_CONTEXT(2) 
PARAMETRIC_REPRESENTATION_CONTEXT() REPRESENTATION_CONTEXT('2D SPACE',''
  ) );
#12823 = ORIENTED_EDGE('',*,*,#12824,.T.);
#12824 = EDGE_CURVE('',#12802,#12825,#12827,.T.);
#12825 = VERTEX_POINT('',#12826);
#12826 = CARTESIAN_POINT('',(22.2,11.45,17.9));
#12827 = SURFACE_CURVE('',#12828,(#12833,#12844),.PCURVE_S1.);
#12828 = CIRCLE('',#12829,0.65);
#12829 = AXIS2_PLACEMENT_3D('',#12830,#12831,#12832);
#12830 = CARTESIAN_POINT('',(21.55,11.45,17.9));
#12831 = DIRECTION('',(0.,0.,-1.));
#12832 = DIRECTION('',(-1.,-1.110223024625E-16,-0.));
#12833 = PCURVE('',#7756,#12834);
#12834 = DEFINITIONAL_REPRESENTATION('',(#12835),#12843);
#12835 = ( BOUNDED_CURVE() B_SPLINE_CURVE(2,(#12836,#12837,#12838,#12839
    ,#12840,#12841,#12842),.UNSPECIFIED.,.T.,.F.) 
B_SPLINE_CURVE_WITH_KNOTS((1,2,2,2,2,1),(-2.094395102393,0.,
    2.094395102393,4.188790204786,6.28318530718,8.377580409573),
.UNSPECIFIED.) CURVE() GEOMETRIC_REPRESENTATION_ITEM() 
RATIONAL_B_SPLINE_CURVE((1.,0.5,1.,0.5,1.,0.5,1.)) REPRESENTATION_ITEM(
  '') );
#12836 = CARTESIAN_POINT('',(-11.35,14.9));
#12837 = CARTESIAN_POINT('',(-12.47583302492,14.9));
#12838 = CARTESIAN_POINT('',(-11.91291651246,15.875));
#12839 = CARTESIAN_POINT('',(-11.35,16.85));
#12840 = CARTESIAN_POINT('',(-10.78708348754,15.875));
#12841 = CARTESIAN_POINT('',(-10.22416697508,14.9));
#12842 = CARTESIAN_POINT('',(-11.35,14.9));
#12843 = ( GEOMETRIC_REPRESENTATION_CONTEXT(2) 
PARAMETRIC_REPRESENTATION_CONTEXT() REPRESENTATION_CONTEXT('2D SPACE',''
  ) );
#12844 = PCURVE('',#10955,#12845);
#12845 = DEFINITIONAL_REPRESENTATION('',(#12846),#12850);
#12846 = LINE('',#12847,#12848);
#12847 = CARTESIAN_POINT('',(1.570796326795,-0.));
#12848 = VECTOR('',#12849,1.);
#12849 = DIRECTION('',(-1.,0.));
#12850 = ( GEOMETRIC_REPRESENTATION_CONTEXT(2) 
PARAMETRIC_REPRESENTATION_CONTEXT() REPRESENTATION_CONTEXT('2D SPACE',''
  ) );
#12851 = ORIENTED_EDGE('',*,*,#12852,.F.);
#12852 = EDGE_CURVE('',#12853,#12825,#12855,.T.);
#12853 = VERTEX_POINT('',#12854);
#12854 = CARTESIAN_POINT('',(22.2,10.073898858075,17.9));
#12855 = SURFACE_CURVE('',#12856,(#12860,#12867),.PCURVE_S1.);
#12856 = LINE('',#12857,#12858);
#12857 = CARTESIAN_POINT('',(22.2,1.E-01,17.9));
#12858 = VECTOR('',#12859,1.);
#12859 = DIRECTION('',(-1.110223024625E-16,1.,0.));
#12860 = PCURVE('',#7756,#12861);
#12861 = DEFINITIONAL_REPRESENTATION('',(#12862),#12866);
#12862 = LINE('',#12863,#12864);
#12863 = CARTESIAN_POINT('',(-5.551115123126E-18,16.2));
#12864 = VECTOR('',#12865,1.);
#12865 = DIRECTION('',(-1.,0.));
#12866 = ( GEOMETRIC_REPRESENTATION_CONTEXT(2) 
PARAMETRIC_REPRESENTATION_CONTEXT() REPRESENTATION_CONTEXT('2D SPACE',''
  ) );
#12867 = PCURVE('',#10983,#12868);
#12868 = DEFINITIONAL_REPRESENTATION('',(#12869),#12873);
#12869 = LINE('',#12870,#12871);
#12870 = CARTESIAN_POINT('',(-0.,0.));
#12871 = VECTOR('',#12872,1.);
#12872 = DIRECTION('',(-0.,1.));
#12873 = ( GEOMETRIC_REPRESENTATION_CONTEXT(2) 
PARAMETRIC_REPRESENTATION_CONTEXT() REPRESENTATION_CONTEXT('2D SPACE',''
  ) );
#12874 = ORIENTED_EDGE('',*,*,#12875,.T.);
#12875 = EDGE_CURVE('',#12853,#12876,#12878,.T.);
#12876 = VERTEX_POINT('',#12877);
#12877 = CARTESIAN_POINT('',(52.05,9.1,17.9));
#12878 = SURFACE_CURVE('',#12879,(#12883,#12890),.PCURVE_S1.);
#12879 = LINE('',#12880,#12881);
#12880 = CARTESIAN_POINT('',(21.4,10.1,17.9));
#12881 = VECTOR('',#12882,1.);
#12882 = DIRECTION('',(0.999468182663,-3.260907610646E-02,0.));
#12883 = PCURVE('',#7756,#12884);
#12884 = DEFINITIONAL_REPRESENTATION('',(#12885),#12889);
#12885 = LINE('',#12886,#12887);
#12886 = CARTESIAN_POINT('',(-10.,15.4));
#12887 = VECTOR('',#12888,1.);
#12888 = DIRECTION('',(3.260907610646E-02,0.999468182663));
#12889 = ( GEOMETRIC_REPRESENTATION_CONTEXT(2) 
PARAMETRIC_REPRESENTATION_CONTEXT() REPRESENTATION_CONTEXT('2D SPACE',''
  ) );
#12890 = PCURVE('',#12891,#12896);
#12891 = PLANE('',#12892);
#12892 = AXIS2_PLACEMENT_3D('',#12893,#12894,#12895);
#12893 = CARTESIAN_POINT('',(21.4,10.1,17.9));
#12894 = DIRECTION('',(-3.260907610646E-02,-0.999468182663,0.));
#12895 = DIRECTION('',(-0.999468182663,3.260907610646E-02,-0.));
#12896 = DEFINITIONAL_REPRESENTATION('',(#12897),#12901);
#12897 = LINE('',#12898,#12899);
#12898 = CARTESIAN_POINT('',(-0.,0.));
#12899 = VECTOR('',#12900,1.);
#12900 = DIRECTION('',(-1.,0.));
#12901 = ( GEOMETRIC_REPRESENTATION_CONTEXT(2) 
PARAMETRIC_REPRESENTATION_CONTEXT() REPRESENTATION_CONTEXT('2D SPACE',''
  ) );
#12902 = ORIENTED_EDGE('',*,*,#12903,.F.);
#12903 = EDGE_CURVE('',#12904,#12876,#12906,.T.);
#12904 = VERTEX_POINT('',#12905);
#12905 = CARTESIAN_POINT('',(52.05,0.85,17.9));
#12906 = SURFACE_CURVE('',#12907,(#12911,#12918),.PCURVE_S1.);
#12907 = LINE('',#12908,#12909);
#12908 = CARTESIAN_POINT('',(52.05,0.85,17.9));
#12909 = VECTOR('',#12910,1.);
#12910 = DIRECTION('',(-1.110223024625E-16,1.,-0.));
#12911 = PCURVE('',#7756,#12912);
#12912 = DEFINITIONAL_REPRESENTATION('',(#12913),#12917);
#12913 = LINE('',#12914,#12915);
#12914 = CARTESIAN_POINT('',(-0.75,46.05));
#12915 = VECTOR('',#12916,1.);
#12916 = DIRECTION('',(-1.,0.));
#12917 = ( GEOMETRIC_REPRESENTATION_CONTEXT(2) 
PARAMETRIC_REPRESENTATION_CONTEXT() REPRESENTATION_CONTEXT('2D SPACE',''
  ) );
#12918 = PCURVE('',#12919,#12924);
#12919 = PLANE('',#12920);
#12920 = AXIS2_PLACEMENT_3D('',#12921,#12922,#12923);
#12921 = CARTESIAN_POINT('',(52.05,9.1,17.9));
#12922 = DIRECTION('',(-1.,-1.110223024625E-16,-0.));
#12923 = DIRECTION('',(-1.110223024625E-16,1.,-0.));
#12924 = DEFINITIONAL_REPRESENTATION('',(#12925),#12929);
#12925 = LINE('',#12926,#12927);
#12926 = CARTESIAN_POINT('',(-8.25,0.));
#12927 = VECTOR('',#12928,1.);
#12928 = DIRECTION('',(1.,-0.));
#12929 = ( GEOMETRIC_REPRESENTATION_CONTEXT(2) 
PARAMETRIC_REPRESENTATION_CONTEXT() REPRESENTATION_CONTEXT('2D SPACE',''
  ) );
#12930 = ORIENTED_EDGE('',*,*,#12931,.F.);
#12931 = EDGE_CURVE('',#12932,#12904,#12934,.T.);
#12932 = VERTEX_POINT('',#12933);
#12933 = CARTESIAN_POINT('',(51.7,0.5,17.9));
#12934 = SURFACE_CURVE('',#12935,(#12940,#12947),.PCURVE_S1.);
#12935 = CIRCLE('',#12936,0.35);
#12936 = AXIS2_PLACEMENT_3D('',#12937,#12938,#12939);
#12937 = CARTESIAN_POINT('',(51.7,0.85,17.9));
#12938 = DIRECTION('',(-0.,0.,1.));
#12939 = DIRECTION('',(-1.,-1.110223024625E-16,-0.));
#12940 = PCURVE('',#7756,#12941);
#12941 = DEFINITIONAL_REPRESENTATION('',(#12942),#12946);
#12942 = CIRCLE('',#12943,0.35);
#12943 = AXIS2_PLACEMENT_2D('',#12944,#12945);
#12944 = CARTESIAN_POINT('',(-0.75,45.7));
#12945 = DIRECTION('',(-0.,-1.));
#12946 = ( GEOMETRIC_REPRESENTATION_CONTEXT(2) 
PARAMETRIC_REPRESENTATION_CONTEXT() REPRESENTATION_CONTEXT('2D SPACE',''
  ) );
#12947 = PCURVE('',#12948,#12953);
#12948 = CYLINDRICAL_SURFACE('',#12949,0.35);
#12949 = AXIS2_PLACEMENT_3D('',#12950,#12951,#12952);
#12950 = CARTESIAN_POINT('',(51.7,0.85,17.9));
#12951 = DIRECTION('',(0.,0.,1.));
#12952 = DIRECTION('',(1.110223024625E-16,-1.,0.));
#12953 = DEFINITIONAL_REPRESENTATION('',(#12954),#12958);
#12954 = LINE('',#12955,#12956);
#12955 = CARTESIAN_POINT('',(-1.570796326795,0.));
#12956 = VECTOR('',#12957,1.);
#12957 = DIRECTION('',(1.,0.));
#12958 = ( GEOMETRIC_REPRESENTATION_CONTEXT(2) 
PARAMETRIC_REPRESENTATION_CONTEXT() REPRESENTATION_CONTEXT('2D SPACE',''
  ) );
#12959 = ORIENTED_EDGE('',*,*,#12960,.F.);
#12960 = EDGE_CURVE('',#12961,#12932,#12963,.T.);
#12961 = VERTEX_POINT('',#12962);
#12962 = CARTESIAN_POINT('',(48.85,0.5,17.9));
#12963 = SURFACE_CURVE('',#12964,(#12968,#12975),.PCURVE_S1.);
#12964 = LINE('',#12965,#12966);
#12965 = CARTESIAN_POINT('',(48.5,0.5,17.9));
#12966 = VECTOR('',#12967,1.);
#12967 = DIRECTION('',(1.,1.110223024625E-16,0.));
#12968 = PCURVE('',#7756,#12969);
#12969 = DEFINITIONAL_REPRESENTATION('',(#12970),#12974);
#12970 = LINE('',#12971,#12972);
#12971 = CARTESIAN_POINT('',(-0.4,42.5));
#12972 = VECTOR('',#12973,1.);
#12973 = DIRECTION('',(-0.,1.));
#12974 = ( GEOMETRIC_REPRESENTATION_CONTEXT(2) 
PARAMETRIC_REPRESENTATION_CONTEXT() REPRESENTATION_CONTEXT('2D SPACE',''
  ) );
#12975 = PCURVE('',#12976,#12981);
#12976 = PLANE('',#12977);
#12977 = AXIS2_PLACEMENT_3D('',#12978,#12979,#12980);
#12978 = CARTESIAN_POINT('',(48.5,0.5,17.9));
#12979 = DIRECTION('',(-1.110223024625E-16,1.,0.));
#12980 = DIRECTION('',(0.,-0.,-1.));
#12981 = DEFINITIONAL_REPRESENTATION('',(#12982),#12986);
#12982 = LINE('',#12983,#12984);
#12983 = CARTESIAN_POINT('',(-0.,-0.));
#12984 = VECTOR('',#12985,1.);
#12985 = DIRECTION('',(-0.,-1.));
#12986 = ( GEOMETRIC_REPRESENTATION_CONTEXT(2) 
PARAMETRIC_REPRESENTATION_CONTEXT() REPRESENTATION_CONTEXT('2D SPACE',''
  ) );
#12987 = ORIENTED_EDGE('',*,*,#12988,.T.);
#12988 = EDGE_CURVE('',#12961,#12989,#12991,.T.);
#12989 = VERTEX_POINT('',#12990);
#12990 = CARTESIAN_POINT('',(48.5,0.85,17.9));
#12991 = SURFACE_CURVE('',#12992,(#12997,#13008),.PCURVE_S1.);
#12992 = CIRCLE('',#12993,0.35);
#12993 = AXIS2_PLACEMENT_3D('',#12994,#12995,#12996);
#12994 = CARTESIAN_POINT('',(48.85,0.85,17.9));
#12995 = DIRECTION('',(0.,0.,-1.));
#12996 = DIRECTION('',(-1.,-1.110223024625E-16,-0.));
#12997 = PCURVE('',#7756,#12998);
#12998 = DEFINITIONAL_REPRESENTATION('',(#12999),#13007);
#12999 = ( BOUNDED_CURVE() B_SPLINE_CURVE(2,(#13000,#13001,#13002,#13003
    ,#13004,#13005,#13006),.UNSPECIFIED.,.T.,.F.) 
B_SPLINE_CURVE_WITH_KNOTS((1,2,2,2,2,1),(-2.094395102393,0.,
    2.094395102393,4.188790204786,6.28318530718,8.377580409573),
.UNSPECIFIED.) CURVE() GEOMETRIC_REPRESENTATION_ITEM() 
RATIONAL_B_SPLINE_CURVE((1.,0.5,1.,0.5,1.,0.5,1.)) REPRESENTATION_ITEM(
  '') );
#13000 = CARTESIAN_POINT('',(-0.75,42.5));
#13001 = CARTESIAN_POINT('',(-1.356217782649,42.5));
#13002 = CARTESIAN_POINT('',(-1.053108891325,43.025));
#13003 = CARTESIAN_POINT('',(-0.75,43.55));
#13004 = CARTESIAN_POINT('',(-0.446891108675,43.025));
#13005 = CARTESIAN_POINT('',(-0.143782217351,42.5));
#13006 = CARTESIAN_POINT('',(-0.75,42.5));
#13007 = ( GEOMETRIC_REPRESENTATION_CONTEXT(2) 
PARAMETRIC_REPRESENTATION_CONTEXT() REPRESENTATION_CONTEXT('2D SPACE',''
  ) );
#13008 = PCURVE('',#13009,#13014);
#13009 = CYLINDRICAL_SURFACE('',#13010,0.35);
#13010 = AXIS2_PLACEMENT_3D('',#13011,#13012,#13013);
#13011 = CARTESIAN_POINT('',(48.85,0.85,17.9));
#13012 = DIRECTION('',(0.,0.,1.));
#13013 = DIRECTION('',(1.110223024625E-16,-1.,0.));
#13014 = DEFINITIONAL_REPRESENTATION('',(#13015),#13019);
#13015 = LINE('',#13016,#13017);
#13016 = CARTESIAN_POINT('',(4.712388980385,-0.));
#13017 = VECTOR('',#13018,1.);
#13018 = DIRECTION('',(-1.,0.));
#13019 = ( GEOMETRIC_REPRESENTATION_CONTEXT(2) 
PARAMETRIC_REPRESENTATION_CONTEXT() REPRESENTATION_CONTEXT('2D SPACE',''
  ) );
#13020 = ORIENTED_EDGE('',*,*,#13021,.T.);
#13021 = EDGE_CURVE('',#12989,#13022,#13024,.T.);
#13022 = VERTEX_POINT('',#13023);
#13023 = CARTESIAN_POINT('',(48.5,2.984176182708,17.9));
#13024 = SURFACE_CURVE('',#13025,(#13029,#13036),.PCURVE_S1.);
#13025 = LINE('',#13026,#13027);
#13026 = CARTESIAN_POINT('',(48.5,0.5,17.9));
#13027 = VECTOR('',#13028,1.);
#13028 = DIRECTION('',(-1.110223024625E-16,1.,0.));
#13029 = PCURVE('',#7756,#13030);
#13030 = DEFINITIONAL_REPRESENTATION('',(#13031),#13035);
#13031 = LINE('',#13032,#13033);
#13032 = CARTESIAN_POINT('',(-0.4,42.5));
#13033 = VECTOR('',#13034,1.);
#13034 = DIRECTION('',(-1.,0.));
#13035 = ( GEOMETRIC_REPRESENTATION_CONTEXT(2) 
PARAMETRIC_REPRESENTATION_CONTEXT() REPRESENTATION_CONTEXT('2D SPACE',''
  ) );
#13036 = PCURVE('',#13037,#13042);
#13037 = PLANE('',#13038);
#13038 = AXIS2_PLACEMENT_3D('',#13039,#13040,#13041);
#13039 = CARTESIAN_POINT('',(48.5,0.5,17.9));
#13040 = DIRECTION('',(1.,1.110223024625E-16,0.));
#13041 = DIRECTION('',(0.,-0.,-1.));
#13042 = DEFINITIONAL_REPRESENTATION('',(#13043),#13047);
#13043 = LINE('',#13044,#13045);
#13044 = CARTESIAN_POINT('',(-0.,0.));
#13045 = VECTOR('',#13046,1.);
#13046 = DIRECTION('',(-0.,1.));
#13047 = ( GEOMETRIC_REPRESENTATION_CONTEXT(2) 
PARAMETRIC_REPRESENTATION_CONTEXT() REPRESENTATION_CONTEXT('2D SPACE',''
  ) );
#13048 = ORIENTED_EDGE('',*,*,#13049,.T.);
#13049 = EDGE_CURVE('',#13022,#13050,#13052,.T.);
#13050 = VERTEX_POINT('',#13051);
#13051 = CARTESIAN_POINT('',(22.2,2.126101141925,17.9));
#13052 = SURFACE_CURVE('',#13053,(#13057,#13064),.PCURVE_S1.);
#13053 = LINE('',#13054,#13055);
#13054 = CARTESIAN_POINT('',(52.05,3.1,17.9));
#13055 = VECTOR('',#13056,1.);
#13056 = DIRECTION('',(-0.999468182663,-3.260907610646E-02,0.));
#13057 = PCURVE('',#7756,#13058);
#13058 = DEFINITIONAL_REPRESENTATION('',(#13059),#13063);
#13059 = LINE('',#13060,#13061);
#13060 = CARTESIAN_POINT('',(-3.,46.05));
#13061 = VECTOR('',#13062,1.);
#13062 = DIRECTION('',(3.260907610646E-02,-0.999468182663));
#13063 = ( GEOMETRIC_REPRESENTATION_CONTEXT(2) 
PARAMETRIC_REPRESENTATION_CONTEXT() REPRESENTATION_CONTEXT('2D SPACE',''
  ) );
#13064 = PCURVE('',#13065,#13070);
#13065 = PLANE('',#13066);
#13066 = AXIS2_PLACEMENT_3D('',#13067,#13068,#13069);
#13067 = CARTESIAN_POINT('',(52.05,3.1,17.9));
#13068 = DIRECTION('',(-3.260907610646E-02,0.999468182663,-0.));
#13069 = DIRECTION('',(0.999468182663,3.260907610646E-02,-0.));
#13070 = DEFINITIONAL_REPRESENTATION('',(#13071),#13075);
#13071 = LINE('',#13072,#13073);
#13072 = CARTESIAN_POINT('',(-0.,0.));
#13073 = VECTOR('',#13074,1.);
#13074 = DIRECTION('',(-1.,0.));
#13075 = ( GEOMETRIC_REPRESENTATION_CONTEXT(2) 
PARAMETRIC_REPRESENTATION_CONTEXT() REPRESENTATION_CONTEXT('2D SPACE',''
  ) );
#13076 = ORIENTED_EDGE('',*,*,#13077,.F.);
#13077 = EDGE_CURVE('',#13078,#13050,#13080,.T.);
#13078 = VERTEX_POINT('',#13079);
#13079 = CARTESIAN_POINT('',(22.2,0.75,17.9));
#13080 = SURFACE_CURVE('',#13081,(#13085,#13092),.PCURVE_S1.);
#13081 = LINE('',#13082,#13083);
#13082 = CARTESIAN_POINT('',(22.2,1.E-01,17.9));
#13083 = VECTOR('',#13084,1.);
#13084 = DIRECTION('',(-1.110223024625E-16,1.,0.));
#13085 = PCURVE('',#7756,#13086);
#13086 = DEFINITIONAL_REPRESENTATION('',(#13087),#13091);
#13087 = LINE('',#13088,#13089);
#13088 = CARTESIAN_POINT('',(-5.551115123126E-18,16.2));
#13089 = VECTOR('',#13090,1.);
#13090 = DIRECTION('',(-1.,0.));
#13091 = ( GEOMETRIC_REPRESENTATION_CONTEXT(2) 
PARAMETRIC_REPRESENTATION_CONTEXT() REPRESENTATION_CONTEXT('2D SPACE',''
  ) );
#13092 = PCURVE('',#10983,#13093);
#13093 = DEFINITIONAL_REPRESENTATION('',(#13094),#13098);
#13094 = LINE('',#13095,#13096);
#13095 = CARTESIAN_POINT('',(-0.,0.));
#13096 = VECTOR('',#13097,1.);
#13097 = DIRECTION('',(-0.,1.));
#13098 = ( GEOMETRIC_REPRESENTATION_CONTEXT(2) 
PARAMETRIC_REPRESENTATION_CONTEXT() REPRESENTATION_CONTEXT('2D SPACE',''
  ) );
#13099 = ORIENTED_EDGE('',*,*,#13100,.F.);
#13100 = EDGE_CURVE('',#7713,#13078,#13101,.T.);
#13101 = SURFACE_CURVE('',#13102,(#13107,#13114),.PCURVE_S1.);
#13102 = CIRCLE('',#13103,0.65);
#13103 = AXIS2_PLACEMENT_3D('',#13104,#13105,#13106);
#13104 = CARTESIAN_POINT('',(21.55,0.75,17.9));
#13105 = DIRECTION('',(-0.,0.,1.));
#13106 = DIRECTION('',(-1.,-1.110223024625E-16,-0.));
#13107 = PCURVE('',#7756,#13108);
#13108 = DEFINITIONAL_REPRESENTATION('',(#13109),#13113);
#13109 = CIRCLE('',#13110,0.65);
#13110 = AXIS2_PLACEMENT_2D('',#13111,#13112);
#13111 = CARTESIAN_POINT('',(-0.65,15.55));
#13112 = DIRECTION('',(-0.,-1.));
#13113 = ( GEOMETRIC_REPRESENTATION_CONTEXT(2) 
PARAMETRIC_REPRESENTATION_CONTEXT() REPRESENTATION_CONTEXT('2D SPACE',''
  ) );
#13114 = PCURVE('',#7728,#13115);
#13115 = DEFINITIONAL_REPRESENTATION('',(#13116),#13120);
#13116 = LINE('',#13117,#13118);
#13117 = CARTESIAN_POINT('',(-1.570796326795,0.));
#13118 = VECTOR('',#13119,1.);
#13119 = DIRECTION('',(1.,0.));
#13120 = ( GEOMETRIC_REPRESENTATION_CONTEXT(2) 
PARAMETRIC_REPRESENTATION_CONTEXT() REPRESENTATION_CONTEXT('2D SPACE',''
  ) );
#13121 = FACE_BOUND('',#13122,.T.);
#13122 = EDGE_LOOP('',(#13123,#13153,#13181,#13209));
#13123 = ORIENTED_EDGE('',*,*,#13124,.T.);
#13124 = EDGE_CURVE('',#13125,#13127,#13129,.T.);
#13125 = VERTEX_POINT('',#13126);
#13126 = CARTESIAN_POINT('',(47.05,4.1,17.9));
#13127 = VERTEX_POINT('',#13128);
#13128 = CARTESIAN_POINT('',(51.976363636364,4.1,17.9));
#13129 = SURFACE_CURVE('',#13130,(#13134,#13141),.PCURVE_S1.);
#13130 = LINE('',#13131,#13132);
#13131 = CARTESIAN_POINT('',(27.536925751215,4.1,17.9));
#13132 = VECTOR('',#13133,1.);
#13133 = DIRECTION('',(1.,1.110223024625E-16,0.));
#13134 = PCURVE('',#7756,#13135);
#13135 = DEFINITIONAL_REPRESENTATION('',(#13136),#13140);
#13136 = LINE('',#13137,#13138);
#13137 = CARTESIAN_POINT('',(-4.,21.536925751215));
#13138 = VECTOR('',#13139,1.);
#13139 = DIRECTION('',(-0.,1.));
#13140 = ( GEOMETRIC_REPRESENTATION_CONTEXT(2) 
PARAMETRIC_REPRESENTATION_CONTEXT() REPRESENTATION_CONTEXT('2D SPACE',''
  ) );
#13141 = PCURVE('',#13142,#13147);
#13142 = PLANE('',#13143);
#13143 = AXIS2_PLACEMENT_3D('',#13144,#13145,#13146);
#13144 = CARTESIAN_POINT('',(49.07385150243,4.1,16.984605273724));
#13145 = DIRECTION('',(-1.110223024625E-16,1.,-0.));
#13146 = DIRECTION('',(-0.,-0.,-1.));
#13147 = DEFINITIONAL_REPRESENTATION('',(#13148),#13152);
#13148 = LINE('',#13149,#13150);
#13149 = CARTESIAN_POINT('',(-0.915394726276,21.536925751215));
#13150 = VECTOR('',#13151,1.);
#13151 = DIRECTION('',(-0.,-1.));
#13152 = ( GEOMETRIC_REPRESENTATION_CONTEXT(2) 
PARAMETRIC_REPRESENTATION_CONTEXT() REPRESENTATION_CONTEXT('2D SPACE',''
  ) );
#13153 = ORIENTED_EDGE('',*,*,#13154,.T.);
#13154 = EDGE_CURVE('',#13127,#13155,#13157,.T.);
#13155 = VERTEX_POINT('',#13156);
#13156 = CARTESIAN_POINT('',(51.976363636364,8.1,17.9));
#13157 = SURFACE_CURVE('',#13158,(#13162,#13169),.PCURVE_S1.);
#13158 = LINE('',#13159,#13160);
#13159 = CARTESIAN_POINT('',(51.976363636364,2.1,17.9));
#13160 = VECTOR('',#13161,1.);
#13161 = DIRECTION('',(-1.110223024625E-16,1.,-0.));
#13162 = PCURVE('',#7756,#13163);
#13163 = DEFINITIONAL_REPRESENTATION('',(#13164),#13168);
#13164 = LINE('',#13165,#13166);
#13165 = CARTESIAN_POINT('',(-2.,45.976363636364));
#13166 = VECTOR('',#13167,1.);
#13167 = DIRECTION('',(-1.,0.));
#13168 = ( GEOMETRIC_REPRESENTATION_CONTEXT(2) 
PARAMETRIC_REPRESENTATION_CONTEXT() REPRESENTATION_CONTEXT('2D SPACE',''
  ) );
#13169 = PCURVE('',#13170,#13175);
#13170 = PLANE('',#13171);
#13171 = AXIS2_PLACEMENT_3D('',#13172,#13173,#13174);
#13172 = CARTESIAN_POINT('',(48.,4.1,15.2));
#13173 = DIRECTION('',(-0.561751159054,-6.236690708916E-17,
    0.827306252425));
#13174 = DIRECTION('',(-0.827306252425,-9.184944498586E-17,
    -0.561751159054));
#13175 = DEFINITIONAL_REPRESENTATION('',(#13176),#13180);
#13176 = LINE('',#13177,#13178);
#13177 = CARTESIAN_POINT('',(-4.806398627725,2.));
#13178 = VECTOR('',#13179,1.);
#13179 = DIRECTION('',(-0.,-1.));
#13180 = ( GEOMETRIC_REPRESENTATION_CONTEXT(2) 
PARAMETRIC_REPRESENTATION_CONTEXT() REPRESENTATION_CONTEXT('2D SPACE',''
  ) );
#13181 = ORIENTED_EDGE('',*,*,#13182,.F.);
#13182 = EDGE_CURVE('',#13183,#13155,#13185,.T.);
#13183 = VERTEX_POINT('',#13184);
#13184 = CARTESIAN_POINT('',(47.05,8.1,17.9));
#13185 = SURFACE_CURVE('',#13186,(#13190,#13197),.PCURVE_S1.);
#13186 = LINE('',#13187,#13188);
#13187 = CARTESIAN_POINT('',(27.536925751215,8.1,17.9));
#13188 = VECTOR('',#13189,1.);
#13189 = DIRECTION('',(1.,1.110223024625E-16,0.));
#13190 = PCURVE('',#7756,#13191);
#13191 = DEFINITIONAL_REPRESENTATION('',(#13192),#13196);
#13192 = LINE('',#13193,#13194);
#13193 = CARTESIAN_POINT('',(-8.,21.536925751215));
#13194 = VECTOR('',#13195,1.);
#13195 = DIRECTION('',(-0.,1.));
#13196 = ( GEOMETRIC_REPRESENTATION_CONTEXT(2) 
PARAMETRIC_REPRESENTATION_CONTEXT() REPRESENTATION_CONTEXT('2D SPACE',''
  ) );
#13197 = PCURVE('',#13198,#13203);
#13198 = PLANE('',#13199);
#13199 = AXIS2_PLACEMENT_3D('',#13200,#13201,#13202);
#13200 = CARTESIAN_POINT('',(49.07385150243,8.1,16.984605273724));
#13201 = DIRECTION('',(-1.110223024625E-16,1.,-0.));
#13202 = DIRECTION('',(-0.,-0.,-1.));
#13203 = DEFINITIONAL_REPRESENTATION('',(#13204),#13208);
#13204 = LINE('',#13205,#13206);
#13205 = CARTESIAN_POINT('',(-0.915394726276,21.536925751215));
#13206 = VECTOR('',#13207,1.);
#13207 = DIRECTION('',(-0.,-1.));
#13208 = ( GEOMETRIC_REPRESENTATION_CONTEXT(2) 
PARAMETRIC_REPRESENTATION_CONTEXT() REPRESENTATION_CONTEXT('2D SPACE',''
  ) );
#13209 = ORIENTED_EDGE('',*,*,#13210,.T.);
#13210 = EDGE_CURVE('',#13183,#13125,#13211,.T.);
#13211 = SURFACE_CURVE('',#13212,(#13216,#13223),.PCURVE_S1.);
#13212 = LINE('',#13213,#13214);
#13213 = CARTESIAN_POINT('',(47.05,2.1,17.9));
#13214 = VECTOR('',#13215,1.);
#13215 = DIRECTION('',(1.110223024625E-16,-1.,0.));
#13216 = PCURVE('',#7756,#13217);
#13217 = DEFINITIONAL_REPRESENTATION('',(#13218),#13222);
#13218 = LINE('',#13219,#13220);
#13219 = CARTESIAN_POINT('',(-2.,41.05));
#13220 = VECTOR('',#13221,1.);
#13221 = DIRECTION('',(1.,-0.));
#13222 = ( GEOMETRIC_REPRESENTATION_CONTEXT(2) 
PARAMETRIC_REPRESENTATION_CONTEXT() REPRESENTATION_CONTEXT('2D SPACE',''
  ) );
#13223 = PCURVE('',#13224,#13229);
#13224 = PLANE('',#13225);
#13225 = AXIS2_PLACEMENT_3D('',#13226,#13227,#13228);
#13226 = CARTESIAN_POINT('',(47.05,4.1,17.95));
#13227 = DIRECTION('',(1.,1.110223024625E-16,0.));
#13228 = DIRECTION('',(0.,-0.,1.));
#13229 = DEFINITIONAL_REPRESENTATION('',(#13230),#13234);
#13230 = LINE('',#13231,#13232);
#13231 = CARTESIAN_POINT('',(-5.E-02,2.));
#13232 = VECTOR('',#13233,1.);
#13233 = DIRECTION('',(0.,1.));
#13234 = ( GEOMETRIC_REPRESENTATION_CONTEXT(2) 
PARAMETRIC_REPRESENTATION_CONTEXT() REPRESENTATION_CONTEXT('2D SPACE',''
  ) );
#13235 = ADVANCED_FACE('',(#13236),#7728,.T.);
#13236 = FACE_BOUND('',#13237,.T.);
#13237 = EDGE_LOOP('',(#13238,#13239,#13240,#13261));
#13238 = ORIENTED_EDGE('',*,*,#7712,.F.);
#13239 = ORIENTED_EDGE('',*,*,#13100,.T.);
#13240 = ORIENTED_EDGE('',*,*,#13241,.T.);
#13241 = EDGE_CURVE('',#13078,#10968,#13242,.T.);
#13242 = SURFACE_CURVE('',#13243,(#13247,#13254),.PCURVE_S1.);
#13243 = LINE('',#13244,#13245);
#13244 = CARTESIAN_POINT('',(22.2,0.75,17.9));
#13245 = VECTOR('',#13246,1.);
#13246 = DIRECTION('',(0.,0.,1.));
#13247 = PCURVE('',#7728,#13248);
#13248 = DEFINITIONAL_REPRESENTATION('',(#13249),#13253);
#13249 = LINE('',#13250,#13251);
#13250 = CARTESIAN_POINT('',(1.570796326795,0.));
#13251 = VECTOR('',#13252,1.);
#13252 = DIRECTION('',(0.,1.));
#13253 = ( GEOMETRIC_REPRESENTATION_CONTEXT(2) 
PARAMETRIC_REPRESENTATION_CONTEXT() REPRESENTATION_CONTEXT('2D SPACE',''
  ) );
#13254 = PCURVE('',#10983,#13255);
#13255 = DEFINITIONAL_REPRESENTATION('',(#13256),#13260);
#13256 = LINE('',#13257,#13258);
#13257 = CARTESIAN_POINT('',(-0.,0.65));
#13258 = VECTOR('',#13259,1.);
#13259 = DIRECTION('',(-1.,0.));
#13260 = ( GEOMETRIC_REPRESENTATION_CONTEXT(2) 
PARAMETRIC_REPRESENTATION_CONTEXT() REPRESENTATION_CONTEXT('2D SPACE',''
  ) );
#13261 = ORIENTED_EDGE('',*,*,#10995,.F.);
#13262 = ADVANCED_FACE('',(#13263),#7921,.F.);
#13263 = FACE_BOUND('',#13264,.F.);
#13264 = EDGE_LOOP('',(#13265,#13266,#13289,#13310));
#13265 = ORIENTED_EDGE('',*,*,#7903,.F.);
#13266 = ORIENTED_EDGE('',*,*,#13267,.F.);
#13267 = EDGE_CURVE('',#13268,#7904,#13270,.T.);
#13268 = VERTEX_POINT('',#13269);
#13269 = CARTESIAN_POINT('',(119.,3.6,16.3));
#13270 = SURFACE_CURVE('',#13271,(#13275,#13282),.PCURVE_S1.);
#13271 = LINE('',#13272,#13273);
#13272 = CARTESIAN_POINT('',(119.,3.6,16.3));
#13273 = VECTOR('',#13274,1.);
#13274 = DIRECTION('',(1.110223024625E-16,-1.,0.));
#13275 = PCURVE('',#7921,#13276);
#13276 = DEFINITIONAL_REPRESENTATION('',(#13277),#13281);
#13277 = LINE('',#13278,#13279);
#13278 = CARTESIAN_POINT('',(0.,0.));
#13279 = VECTOR('',#13280,1.);
#13280 = DIRECTION('',(0.,1.));
#13281 = ( GEOMETRIC_REPRESENTATION_CONTEXT(2) 
PARAMETRIC_REPRESENTATION_CONTEXT() REPRESENTATION_CONTEXT('2D SPACE',''
  ) );
#13282 = PCURVE('',#7949,#13283);
#13283 = DEFINITIONAL_REPRESENTATION('',(#13284),#13288);
#13284 = LINE('',#13285,#13286);
#13285 = CARTESIAN_POINT('',(0.,0.));
#13286 = VECTOR('',#13287,1.);
#13287 = DIRECTION('',(1.,0.));
#13288 = ( GEOMETRIC_REPRESENTATION_CONTEXT(2) 
PARAMETRIC_REPRESENTATION_CONTEXT() REPRESENTATION_CONTEXT('2D SPACE',''
  ) );
#13289 = ORIENTED_EDGE('',*,*,#13290,.T.);
#13290 = EDGE_CURVE('',#13268,#11037,#13291,.T.);
#13291 = SURFACE_CURVE('',#13292,(#13296,#13303),.PCURVE_S1.);
#13292 = LINE('',#13293,#13294);
#13293 = CARTESIAN_POINT('',(119.,3.6,16.3));
#13294 = VECTOR('',#13295,1.);
#13295 = DIRECTION('',(0.,0.,1.));
#13296 = PCURVE('',#7921,#13297);
#13297 = DEFINITIONAL_REPRESENTATION('',(#13298),#13302);
#13298 = LINE('',#13299,#13300);
#13299 = CARTESIAN_POINT('',(0.,0.));
#13300 = VECTOR('',#13301,1.);
#13301 = DIRECTION('',(1.,0.));
#13302 = ( GEOMETRIC_REPRESENTATION_CONTEXT(2) 
PARAMETRIC_REPRESENTATION_CONTEXT() REPRESENTATION_CONTEXT('2D SPACE',''
  ) );
#13303 = PCURVE('',#8048,#13304);
#13304 = DEFINITIONAL_REPRESENTATION('',(#13305),#13309);
#13305 = LINE('',#13306,#13307);
#13306 = CARTESIAN_POINT('',(0.,0.));
#13307 = VECTOR('',#13308,1.);
#13308 = DIRECTION('',(1.,0.));
#13309 = ( GEOMETRIC_REPRESENTATION_CONTEXT(2) 
PARAMETRIC_REPRESENTATION_CONTEXT() REPRESENTATION_CONTEXT('2D SPACE',''
  ) );
#13310 = ORIENTED_EDGE('',*,*,#11036,.F.);
#13311 = ADVANCED_FACE('',(#13312),#7949,.F.);
#13312 = FACE_BOUND('',#13313,.F.);
#13313 = EDGE_LOOP('',(#13314,#13335,#13336,#13337));
#13314 = ORIENTED_EDGE('',*,*,#13315,.F.);
#13315 = EDGE_CURVE('',#13268,#8010,#13316,.T.);
#13316 = SURFACE_CURVE('',#13317,(#13321,#13328),.PCURVE_S1.);
#13317 = LINE('',#13318,#13319);
#13318 = CARTESIAN_POINT('',(119.,3.6,16.3));
#13319 = VECTOR('',#13320,1.);
#13320 = DIRECTION('',(1.,1.110223024625E-16,0.));
#13321 = PCURVE('',#7949,#13322);
#13322 = DEFINITIONAL_REPRESENTATION('',(#13323),#13327);
#13323 = LINE('',#13324,#13325);
#13324 = CARTESIAN_POINT('',(0.,0.));
#13325 = VECTOR('',#13326,1.);
#13326 = DIRECTION('',(0.,1.));
#13327 = ( GEOMETRIC_REPRESENTATION_CONTEXT(2) 
PARAMETRIC_REPRESENTATION_CONTEXT() REPRESENTATION_CONTEXT('2D SPACE',''
  ) );
#13328 = PCURVE('',#8048,#13329);
#13329 = DEFINITIONAL_REPRESENTATION('',(#13330),#13334);
#13330 = LINE('',#13331,#13332);
#13331 = CARTESIAN_POINT('',(0.,0.));
#13332 = VECTOR('',#13333,1.);
#13333 = DIRECTION('',(0.,-1.));
#13334 = ( GEOMETRIC_REPRESENTATION_CONTEXT(2) 
PARAMETRIC_REPRESENTATION_CONTEXT() REPRESENTATION_CONTEXT('2D SPACE',''
  ) );
#13335 = ORIENTED_EDGE('',*,*,#13267,.T.);
#13336 = ORIENTED_EDGE('',*,*,#7933,.T.);
#13337 = ORIENTED_EDGE('',*,*,#8009,.F.);
#13338 = ADVANCED_FACE('',(#13339),#8048,.F.);
#13339 = FACE_BOUND('',#13340,.F.);
#13340 = EDGE_LOOP('',(#13341,#13342,#13343,#13344));
#13341 = ORIENTED_EDGE('',*,*,#13290,.F.);
#13342 = ORIENTED_EDGE('',*,*,#13315,.T.);
#13343 = ORIENTED_EDGE('',*,*,#8032,.T.);
#13344 = ORIENTED_EDGE('',*,*,#11059,.F.);
#13345 = ADVANCED_FACE('',(#13346),#8361,.T.);
#13346 = FACE_BOUND('',#13347,.T.);
#13347 = EDGE_LOOP('',(#13348,#13371,#13392,#13393));
#13348 = ORIENTED_EDGE('',*,*,#13349,.F.);
#13349 = EDGE_CURVE('',#13350,#11084,#13352,.T.);
#13350 = VERTEX_POINT('',#13351);
#13351 = CARTESIAN_POINT('',(118.6,28.35,24.75));
#13352 = SURFACE_CURVE('',#13353,(#13357,#13364),.PCURVE_S1.);
#13353 = LINE('',#13354,#13355);
#13354 = CARTESIAN_POINT('',(118.6,28.35,24.75));
#13355 = VECTOR('',#13356,1.);
#13356 = DIRECTION('',(0.,0.,1.));
#13357 = PCURVE('',#8361,#13358);
#13358 = DEFINITIONAL_REPRESENTATION('',(#13359),#13363);
#13359 = LINE('',#13360,#13361);
#13360 = CARTESIAN_POINT('',(0.,0.));
#13361 = VECTOR('',#13362,1.);
#13362 = DIRECTION('',(1.,0.));
#13363 = ( GEOMETRIC_REPRESENTATION_CONTEXT(2) 
PARAMETRIC_REPRESENTATION_CONTEXT() REPRESENTATION_CONTEXT('2D SPACE',''
  ) );
#13364 = PCURVE('',#11122,#13365);
#13365 = DEFINITIONAL_REPRESENTATION('',(#13366),#13370);
#13366 = LINE('',#13367,#13368);
#13367 = CARTESIAN_POINT('',(0.,14.));
#13368 = VECTOR('',#13369,1.);
#13369 = DIRECTION('',(1.,0.));
#13370 = ( GEOMETRIC_REPRESENTATION_CONTEXT(2) 
PARAMETRIC_REPRESENTATION_CONTEXT() REPRESENTATION_CONTEXT('2D SPACE',''
  ) );
#13371 = ORIENTED_EDGE('',*,*,#13372,.T.);
#13372 = EDGE_CURVE('',#13350,#8318,#13373,.T.);
#13373 = SURFACE_CURVE('',#13374,(#13378,#13385),.PCURVE_S1.);
#13374 = LINE('',#13375,#13376);
#13375 = CARTESIAN_POINT('',(118.6,28.35,24.75));
#13376 = VECTOR('',#13377,1.);
#13377 = DIRECTION('',(1.,1.110223024625E-16,0.));
#13378 = PCURVE('',#8361,#13379);
#13379 = DEFINITIONAL_REPRESENTATION('',(#13380),#13384);
#13380 = LINE('',#13381,#13382);
#13381 = CARTESIAN_POINT('',(0.,0.));
#13382 = VECTOR('',#13383,1.);
#13383 = DIRECTION('',(0.,-1.));
#13384 = ( GEOMETRIC_REPRESENTATION_CONTEXT(2) 
PARAMETRIC_REPRESENTATION_CONTEXT() REPRESENTATION_CONTEXT('2D SPACE',''
  ) );
#13385 = PCURVE('',#8333,#13386);
#13386 = DEFINITIONAL_REPRESENTATION('',(#13387),#13391);
#13387 = LINE('',#13388,#13389);
#13388 = CARTESIAN_POINT('',(14.,-1.554312234475E-15));
#13389 = VECTOR('',#13390,1.);
#13390 = DIRECTION('',(0.,1.));
#13391 = ( GEOMETRIC_REPRESENTATION_CONTEXT(2) 
PARAMETRIC_REPRESENTATION_CONTEXT() REPRESENTATION_CONTEXT('2D SPACE',''
  ) );
#13392 = ORIENTED_EDGE('',*,*,#8345,.F.);
#13393 = ORIENTED_EDGE('',*,*,#11083,.F.);
#13394 = ADVANCED_FACE('',(#13395),#8333,.F.);
#13395 = FACE_BOUND('',#13396,.F.);
#13396 = EDGE_LOOP('',(#13397,#13420,#13441,#13442,#13443,#13463,#13488,
    #13506));
#13397 = ORIENTED_EDGE('',*,*,#13398,.F.);
#13398 = EDGE_CURVE('',#13399,#8874,#13401,.T.);
#13399 = VERTEX_POINT('',#13400);
#13400 = CARTESIAN_POINT('',(118.6,42.35,24.75));
#13401 = SURFACE_CURVE('',#13402,(#13406,#13413),.PCURVE_S1.);
#13402 = LINE('',#13403,#13404);
#13403 = CARTESIAN_POINT('',(118.6,42.35,24.75));
#13404 = VECTOR('',#13405,1.);
#13405 = DIRECTION('',(1.,1.110223024625E-16,0.));
#13406 = PCURVE('',#8333,#13407);
#13407 = DEFINITIONAL_REPRESENTATION('',(#13408),#13412);
#13408 = LINE('',#13409,#13410);
#13409 = CARTESIAN_POINT('',(0.,0.));
#13410 = VECTOR('',#13411,1.);
#13411 = DIRECTION('',(0.,1.));
#13412 = ( GEOMETRIC_REPRESENTATION_CONTEXT(2) 
PARAMETRIC_REPRESENTATION_CONTEXT() REPRESENTATION_CONTEXT('2D SPACE',''
  ) );
#13413 = PCURVE('',#8889,#13414);
#13414 = DEFINITIONAL_REPRESENTATION('',(#13415),#13419);
#13415 = LINE('',#13416,#13417);
#13416 = CARTESIAN_POINT('',(0.,0.));
#13417 = VECTOR('',#13418,1.);
#13418 = DIRECTION('',(0.,-1.));
#13419 = ( GEOMETRIC_REPRESENTATION_CONTEXT(2) 
PARAMETRIC_REPRESENTATION_CONTEXT() REPRESENTATION_CONTEXT('2D SPACE',''
  ) );
#13420 = ORIENTED_EDGE('',*,*,#13421,.T.);
#13421 = EDGE_CURVE('',#13399,#13350,#13422,.T.);
#13422 = SURFACE_CURVE('',#13423,(#13427,#13434),.PCURVE_S1.);
#13423 = LINE('',#13424,#13425);
#13424 = CARTESIAN_POINT('',(118.6,42.35,24.75));
#13425 = VECTOR('',#13426,1.);
#13426 = DIRECTION('',(1.110223024625E-16,-1.,0.));
#13427 = PCURVE('',#8333,#13428);
#13428 = DEFINITIONAL_REPRESENTATION('',(#13429),#13433);
#13429 = LINE('',#13430,#13431);
#13430 = CARTESIAN_POINT('',(0.,0.));
#13431 = VECTOR('',#13432,1.);
#13432 = DIRECTION('',(1.,0.));
#13433 = ( GEOMETRIC_REPRESENTATION_CONTEXT(2) 
PARAMETRIC_REPRESENTATION_CONTEXT() REPRESENTATION_CONTEXT('2D SPACE',''
  ) );
#13434 = PCURVE('',#11122,#13435);
#13435 = DEFINITIONAL_REPRESENTATION('',(#13436),#13440);
#13436 = LINE('',#13437,#13438);
#13437 = CARTESIAN_POINT('',(0.,0.));
#13438 = VECTOR('',#13439,1.);
#13439 = DIRECTION('',(0.,1.));
#13440 = ( GEOMETRIC_REPRESENTATION_CONTEXT(2) 
PARAMETRIC_REPRESENTATION_CONTEXT() REPRESENTATION_CONTEXT('2D SPACE',''
  ) );
#13441 = ORIENTED_EDGE('',*,*,#13372,.T.);
#13442 = ORIENTED_EDGE('',*,*,#8317,.F.);
#13443 = ORIENTED_EDGE('',*,*,#13444,.T.);
#13444 = EDGE_CURVE('',#8245,#13445,#13447,.T.);
#13445 = VERTEX_POINT('',#13446);
#13446 = CARTESIAN_POINT('',(118.61232876712,28.362328767123,24.75));
#13447 = SURFACE_CURVE('',#13448,(#13451,#13457),.PCURVE_S1.);
#13448 = B_SPLINE_CURVE_WITH_KNOTS('',1,(#13449,#13450),.UNSPECIFIED.,
  .F.,.F.,(2,2),(0.,1.),.PIECEWISE_BEZIER_KNOTS.);
#13449 = CARTESIAN_POINT('',(131.38767123287,28.362328767123,24.75));
#13450 = CARTESIAN_POINT('',(118.61232876712,28.362328767123,24.75));
#13451 = PCURVE('',#8333,#13452);
#13452 = DEFINITIONAL_REPRESENTATION('',(#13453),#13456);
#13453 = B_SPLINE_CURVE_WITH_KNOTS('',1,(#13454,#13455),.UNSPECIFIED.,
  .F.,.F.,(2,2),(0.,1.),.PIECEWISE_BEZIER_KNOTS.);
#13454 = CARTESIAN_POINT('',(13.987671232877,12.787671232877));
#13455 = CARTESIAN_POINT('',(13.987671232877,1.232876712329E-02));
#13456 = ( GEOMETRIC_REPRESENTATION_CONTEXT(2) 
PARAMETRIC_REPRESENTATION_CONTEXT() REPRESENTATION_CONTEXT('2D SPACE',''
  ) );
#13457 = PCURVE('',#8290,#13458);
#13458 = DEFINITIONAL_REPRESENTATION('',(#13459),#13462);
#13459 = B_SPLINE_CURVE_WITH_KNOTS('',1,(#13460,#13461),.UNSPECIFIED.,
  .F.,.F.,(2,2),(0.,1.),.PIECEWISE_BEZIER_KNOTS.);
#13460 = CARTESIAN_POINT('',(12.8,0.993150684932));
#13461 = CARTESIAN_POINT('',(0.,0.993150684932));
#13462 = ( GEOMETRIC_REPRESENTATION_CONTEXT(2) 
PARAMETRIC_REPRESENTATION_CONTEXT() REPRESENTATION_CONTEXT('2D SPACE',''
  ) );
#13463 = ORIENTED_EDGE('',*,*,#13464,.T.);
#13464 = EDGE_CURVE('',#13445,#13465,#13467,.T.);
#13465 = VERTEX_POINT('',#13466);
#13466 = CARTESIAN_POINT('',(118.61232876712,42.337671232877,24.75));
#13467 = SURFACE_CURVE('',#13468,(#13471,#13477),.PCURVE_S1.);
#13468 = B_SPLINE_CURVE_WITH_KNOTS('',1,(#13469,#13470),.UNSPECIFIED.,
  .F.,.F.,(2,2),(0.,1.),.PIECEWISE_BEZIER_KNOTS.);
#13469 = CARTESIAN_POINT('',(118.61232876712,28.362328767123,24.75));
#13470 = CARTESIAN_POINT('',(118.61232876712,42.337671232877,24.75));
#13471 = PCURVE('',#8333,#13472);
#13472 = DEFINITIONAL_REPRESENTATION('',(#13473),#13476);
#13473 = B_SPLINE_CURVE_WITH_KNOTS('',1,(#13474,#13475),.UNSPECIFIED.,
  .F.,.F.,(2,2),(0.,1.),.PIECEWISE_BEZIER_KNOTS.);
#13474 = CARTESIAN_POINT('',(13.987671232877,1.232876712329E-02));
#13475 = CARTESIAN_POINT('',(1.232876712329E-02,1.232876712329E-02));
#13476 = ( GEOMETRIC_REPRESENTATION_CONTEXT(2) 
PARAMETRIC_REPRESENTATION_CONTEXT() REPRESENTATION_CONTEXT('2D SPACE',''
  ) );
#13477 = PCURVE('',#13478,#13483);
#13478 = B_SPLINE_SURFACE_WITH_KNOTS('',1,1,(
    (#13479,#13480)
    ,(#13481,#13482
    )),.UNSPECIFIED.,.F.,.F.,.F.,(2,2),(2,2),(0.,14.),(0.,1.),
  .PIECEWISE_BEZIER_KNOTS.);
#13479 = CARTESIAN_POINT('',(120.4,40.55,17.5));
#13480 = CARTESIAN_POINT('',(118.6,42.35,24.8));
#13481 = CARTESIAN_POINT('',(120.4,30.15,17.5));
#13482 = CARTESIAN_POINT('',(118.6,28.35,24.8));
#13483 = DEFINITIONAL_REPRESENTATION('',(#13484),#13487);
#13484 = B_SPLINE_CURVE_WITH_KNOTS('',1,(#13485,#13486),.UNSPECIFIED.,
  .F.,.F.,(2,2),(0.,1.),.PIECEWISE_BEZIER_KNOTS.);
#13485 = CARTESIAN_POINT('',(14.,0.993150684932));
#13486 = CARTESIAN_POINT('',(0.,0.993150684932));
#13487 = ( GEOMETRIC_REPRESENTATION_CONTEXT(2) 
PARAMETRIC_REPRESENTATION_CONTEXT() REPRESENTATION_CONTEXT('2D SPACE',''
  ) );
#13488 = ORIENTED_EDGE('',*,*,#13489,.T.);
#13489 = EDGE_CURVE('',#13465,#8902,#13490,.T.);
#13490 = SURFACE_CURVE('',#13491,(#13494,#13500),.PCURVE_S1.);
#13491 = B_SPLINE_CURVE_WITH_KNOTS('',1,(#13492,#13493),.UNSPECIFIED.,
  .F.,.F.,(2,2),(0.,1.),.PIECEWISE_BEZIER_KNOTS.);
#13492 = CARTESIAN_POINT('',(118.61232876712,42.337671232877,24.75));
#13493 = CARTESIAN_POINT('',(131.38767123287,42.337671232877,24.75));
#13494 = PCURVE('',#8333,#13495);
#13495 = DEFINITIONAL_REPRESENTATION('',(#13496),#13499);
#13496 = B_SPLINE_CURVE_WITH_KNOTS('',1,(#13497,#13498),.UNSPECIFIED.,
  .F.,.F.,(2,2),(0.,1.),.PIECEWISE_BEZIER_KNOTS.);
#13497 = CARTESIAN_POINT('',(1.232876712329E-02,1.232876712329E-02));
#13498 = CARTESIAN_POINT('',(1.232876712329E-02,12.787671232877));
#13499 = ( GEOMETRIC_REPRESENTATION_CONTEXT(2) 
PARAMETRIC_REPRESENTATION_CONTEXT() REPRESENTATION_CONTEXT('2D SPACE',''
  ) );
#13500 = PCURVE('',#8970,#13501);
#13501 = DEFINITIONAL_REPRESENTATION('',(#13502),#13505);
#13502 = B_SPLINE_CURVE_WITH_KNOTS('',1,(#13503,#13504),.UNSPECIFIED.,
  .F.,.F.,(2,2),(0.,1.),.PIECEWISE_BEZIER_KNOTS.);
#13503 = CARTESIAN_POINT('',(12.8,0.993150684932));
#13504 = CARTESIAN_POINT('',(0.,0.993150684932));
#13505 = ( GEOMETRIC_REPRESENTATION_CONTEXT(2) 
PARAMETRIC_REPRESENTATION_CONTEXT() REPRESENTATION_CONTEXT('2D SPACE',''
  ) );
#13506 = ORIENTED_EDGE('',*,*,#8901,.F.);
#13507 = ADVANCED_FACE('',(#13508),#8290,.T.);
#13508 = FACE_BOUND('',#13509,.T.);
#13509 = EDGE_LOOP('',(#13510,#13532,#13552,#13553));
#13510 = ORIENTED_EDGE('',*,*,#13511,.F.);
#13511 = EDGE_CURVE('',#13512,#13445,#13514,.T.);
#13512 = VERTEX_POINT('',#13513);
#13513 = CARTESIAN_POINT('',(120.4,30.15,17.5));
#13514 = SURFACE_CURVE('',#13515,(#13518,#13525),.PCURVE_S1.);
#13515 = B_SPLINE_CURVE_WITH_KNOTS('',1,(#13516,#13517),.UNSPECIFIED.,
  .F.,.F.,(2,2),(0.,1.),.PIECEWISE_BEZIER_KNOTS.);
#13516 = CARTESIAN_POINT('',(120.4,30.15,17.5));
#13517 = CARTESIAN_POINT('',(118.6,28.35,24.8));
#13518 = PCURVE('',#8290,#13519);
#13519 = DEFINITIONAL_REPRESENTATION('',(#13520),#13524);
#13520 = LINE('',#13521,#13522);
#13521 = CARTESIAN_POINT('',(0.,0.));
#13522 = VECTOR('',#13523,1.);
#13523 = DIRECTION('',(0.,1.));
#13524 = ( GEOMETRIC_REPRESENTATION_CONTEXT(2) 
PARAMETRIC_REPRESENTATION_CONTEXT() REPRESENTATION_CONTEXT('2D SPACE',''
  ) );
#13525 = PCURVE('',#13478,#13526);
#13526 = DEFINITIONAL_REPRESENTATION('',(#13527),#13531);
#13527 = LINE('',#13528,#13529);
#13528 = CARTESIAN_POINT('',(14.,0.));
#13529 = VECTOR('',#13530,1.);
#13530 = DIRECTION('',(0.,1.));
#13531 = ( GEOMETRIC_REPRESENTATION_CONTEXT(2) 
PARAMETRIC_REPRESENTATION_CONTEXT() REPRESENTATION_CONTEXT('2D SPACE',''
  ) );
#13532 = ORIENTED_EDGE('',*,*,#13533,.T.);
#13533 = EDGE_CURVE('',#13512,#8217,#13534,.T.);
#13534 = SURFACE_CURVE('',#13535,(#13539,#13545),.PCURVE_S1.);
#13535 = LINE('',#13536,#13537);
#13536 = CARTESIAN_POINT('',(120.4,30.15,17.5));
#13537 = VECTOR('',#13538,1.);
#13538 = DIRECTION('',(1.,1.110223024625E-16,0.));
#13539 = PCURVE('',#8290,#13540);
#13540 = DEFINITIONAL_REPRESENTATION('',(#13541),#13544);
#13541 = B_SPLINE_CURVE_WITH_KNOTS('',1,(#13542,#13543),.UNSPECIFIED.,
  .F.,.F.,(2,2),(0.,9.2),.PIECEWISE_BEZIER_KNOTS.);
#13542 = CARTESIAN_POINT('',(0.,0.));
#13543 = CARTESIAN_POINT('',(12.8,0.));
#13544 = ( GEOMETRIC_REPRESENTATION_CONTEXT(2) 
PARAMETRIC_REPRESENTATION_CONTEXT() REPRESENTATION_CONTEXT('2D SPACE',''
  ) );
#13545 = PCURVE('',#8232,#13546);
#13546 = DEFINITIONAL_REPRESENTATION('',(#13547),#13551);
#13547 = LINE('',#13548,#13549);
#13548 = CARTESIAN_POINT('',(7.7895642499,6.890768374911));
#13549 = VECTOR('',#13550,1.);
#13550 = DIRECTION('',(0.662573882203,-0.74899656249));
#13551 = ( GEOMETRIC_REPRESENTATION_CONTEXT(2) 
PARAMETRIC_REPRESENTATION_CONTEXT() REPRESENTATION_CONTEXT('2D SPACE',''
  ) );
#13552 = ORIENTED_EDGE('',*,*,#8244,.T.);
#13553 = ORIENTED_EDGE('',*,*,#13444,.T.);
#13554 = ADVANCED_FACE('',(#13555),#8232,.T.);
#13555 = FACE_BOUND('',#13556,.T.);
#13556 = EDGE_LOOP('',(#13557,#13558,#13581,#13609,#13630,#13631,#13632,
    #13654));
#13557 = ORIENTED_EDGE('',*,*,#8997,.F.);
#13558 = ORIENTED_EDGE('',*,*,#13559,.T.);
#13559 = EDGE_CURVE('',#8998,#13560,#13562,.T.);
#13560 = VERTEX_POINT('',#13561);
#13561 = CARTESIAN_POINT('',(122.65,38.3,17.5));
#13562 = SURFACE_CURVE('',#13563,(#13567,#13574),.PCURVE_S1.);
#13563 = LINE('',#13564,#13565);
#13564 = CARTESIAN_POINT('',(126.6,38.3,17.5));
#13565 = VECTOR('',#13566,1.);
#13566 = DIRECTION('',(-1.,-1.110223024625E-16,0.));
#13567 = PCURVE('',#8232,#13568);
#13568 = DEFINITIONAL_REPRESENTATION('',(#13569),#13573);
#13569 = LINE('',#13570,#13571);
#13570 = CARTESIAN_POINT('',(5.793200335262,-3.152987452484));
#13571 = VECTOR('',#13572,1.);
#13572 = DIRECTION('',(-0.662573882203,0.74899656249));
#13573 = ( GEOMETRIC_REPRESENTATION_CONTEXT(2) 
PARAMETRIC_REPRESENTATION_CONTEXT() REPRESENTATION_CONTEXT('2D SPACE',''
  ) );
#13574 = PCURVE('',#8743,#13575);
#13575 = DEFINITIONAL_REPRESENTATION('',(#13576),#13580);
#13576 = LINE('',#13577,#13578);
#13577 = CARTESIAN_POINT('',(-0.,0.));
#13578 = VECTOR('',#13579,1.);
#13579 = DIRECTION('',(-0.,1.));
#13580 = ( GEOMETRIC_REPRESENTATION_CONTEXT(2) 
PARAMETRIC_REPRESENTATION_CONTEXT() REPRESENTATION_CONTEXT('2D SPACE',''
  ) );
#13581 = ORIENTED_EDGE('',*,*,#13582,.T.);
#13582 = EDGE_CURVE('',#13560,#13583,#13585,.T.);
#13583 = VERTEX_POINT('',#13584);
#13584 = CARTESIAN_POINT('',(122.65,32.4,17.5));
#13585 = SURFACE_CURVE('',#13586,(#13590,#13597),.PCURVE_S1.);
#13586 = LINE('',#13587,#13588);
#13587 = CARTESIAN_POINT('',(122.65,37.55,17.5));
#13588 = VECTOR('',#13589,1.);
#13589 = DIRECTION('',(1.110223024625E-16,-1.,0.));
#13590 = PCURVE('',#8232,#13591);
#13591 = DEFINITIONAL_REPRESENTATION('',(#13592),#13596);
#13592 = LINE('',#13593,#13594);
#13593 = CARTESIAN_POINT('',(3.737780922428,0.302479381006));
#13594 = VECTOR('',#13595,1.);
#13595 = DIRECTION('',(0.74899656249,0.662573882203));
#13596 = ( GEOMETRIC_REPRESENTATION_CONTEXT(2) 
PARAMETRIC_REPRESENTATION_CONTEXT() REPRESENTATION_CONTEXT('2D SPACE',''
  ) );
#13597 = PCURVE('',#13598,#13603);
#13598 = CYLINDRICAL_SURFACE('',#13599,0.75);
#13599 = AXIS2_PLACEMENT_3D('',#13600,#13601,#13602);
#13600 = CARTESIAN_POINT('',(122.65,37.55,16.75));
#13601 = DIRECTION('',(1.110223024625E-16,-1.,0.));
#13602 = DIRECTION('',(0.,0.,1.));
#13603 = DEFINITIONAL_REPRESENTATION('',(#13604),#13608);
#13604 = LINE('',#13605,#13606);
#13605 = CARTESIAN_POINT('',(-0.,0.));
#13606 = VECTOR('',#13607,1.);
#13607 = DIRECTION('',(-0.,1.));
#13608 = ( GEOMETRIC_REPRESENTATION_CONTEXT(2) 
PARAMETRIC_REPRESENTATION_CONTEXT() REPRESENTATION_CONTEXT('2D SPACE',''
  ) );
#13609 = ORIENTED_EDGE('',*,*,#13610,.F.);
#13610 = EDGE_CURVE('',#8184,#13583,#13611,.T.);
#13611 = SURFACE_CURVE('',#13612,(#13616,#13623),.PCURVE_S1.);
#13612 = LINE('',#13613,#13614);
#13613 = CARTESIAN_POINT('',(126.6,32.4,17.5));
#13614 = VECTOR('',#13615,1.);
#13615 = DIRECTION('',(-1.,-1.110223024625E-16,0.));
#13616 = PCURVE('',#8232,#13617);
#13617 = DEFINITIONAL_REPRESENTATION('',(#13618),#13622);
#13618 = LINE('',#13619,#13620);
#13619 = CARTESIAN_POINT('',(10.212280053955,0.756198452514));
#13620 = VECTOR('',#13621,1.);
#13621 = DIRECTION('',(-0.662573882203,0.74899656249));
#13622 = ( GEOMETRIC_REPRESENTATION_CONTEXT(2) 
PARAMETRIC_REPRESENTATION_CONTEXT() REPRESENTATION_CONTEXT('2D SPACE',''
  ) );
#13623 = PCURVE('',#8204,#13624);
#13624 = DEFINITIONAL_REPRESENTATION('',(#13625),#13629);
#13625 = LINE('',#13626,#13627);
#13626 = CARTESIAN_POINT('',(0.,0.));
#13627 = VECTOR('',#13628,1.);
#13628 = DIRECTION('',(0.,1.));
#13629 = ( GEOMETRIC_REPRESENTATION_CONTEXT(2) 
PARAMETRIC_REPRESENTATION_CONTEXT() REPRESENTATION_CONTEXT('2D SPACE',''
  ) );
#13630 = ORIENTED_EDGE('',*,*,#8216,.F.);
#13631 = ORIENTED_EDGE('',*,*,#13533,.F.);
#13632 = ORIENTED_EDGE('',*,*,#13633,.F.);
#13633 = EDGE_CURVE('',#13634,#13512,#13636,.T.);
#13634 = VERTEX_POINT('',#13635);
#13635 = CARTESIAN_POINT('',(120.4,40.55,17.5));
#13636 = SURFACE_CURVE('',#13637,(#13641,#13648),.PCURVE_S1.);
#13637 = LINE('',#13638,#13639);
#13638 = CARTESIAN_POINT('',(120.4,40.55,17.5));
#13639 = VECTOR('',#13640,1.);
#13640 = DIRECTION('',(1.110223024625E-16,-1.,0.));
#13641 = PCURVE('',#8232,#13642);
#13642 = DEFINITIONAL_REPRESENTATION('',(#13643),#13647);
#13643 = LINE('',#13644,#13645);
#13644 = CARTESIAN_POINT('',(-1.064388133174E-14,-9.415741178075E-15));
#13645 = VECTOR('',#13646,1.);
#13646 = DIRECTION('',(0.74899656249,0.662573882203));
#13647 = ( GEOMETRIC_REPRESENTATION_CONTEXT(2) 
PARAMETRIC_REPRESENTATION_CONTEXT() REPRESENTATION_CONTEXT('2D SPACE',''
  ) );
#13648 = PCURVE('',#13478,#13649);
#13649 = DEFINITIONAL_REPRESENTATION('',(#13650),#13653);
#13650 = B_SPLINE_CURVE_WITH_KNOTS('',1,(#13651,#13652),.UNSPECIFIED.,
  .F.,.F.,(2,2),(0.,10.4),.PIECEWISE_BEZIER_KNOTS.);
#13651 = CARTESIAN_POINT('',(0.,0.));
#13652 = CARTESIAN_POINT('',(14.,0.));
#13653 = ( GEOMETRIC_REPRESENTATION_CONTEXT(2) 
PARAMETRIC_REPRESENTATION_CONTEXT() REPRESENTATION_CONTEXT('2D SPACE',''
  ) );
#13654 = ORIENTED_EDGE('',*,*,#13655,.F.);
#13655 = EDGE_CURVE('',#8925,#13634,#13656,.T.);
#13656 = SURFACE_CURVE('',#13657,(#13661,#13668),.PCURVE_S1.);
#13657 = LINE('',#13658,#13659);
#13658 = CARTESIAN_POINT('',(129.6,40.55,17.5));
#13659 = VECTOR('',#13660,1.);
#13660 = DIRECTION('',(-1.,-1.110223024625E-16,0.));
#13661 = PCURVE('',#8232,#13662);
#13662 = DEFINITIONAL_REPRESENTATION('',(#13663),#13667);
#13663 = LINE('',#13664,#13665);
#13664 = CARTESIAN_POINT('',(6.095679716268,-6.890768374912));
#13665 = VECTOR('',#13666,1.);
#13666 = DIRECTION('',(-0.662573882203,0.74899656249));
#13667 = ( GEOMETRIC_REPRESENTATION_CONTEXT(2) 
PARAMETRIC_REPRESENTATION_CONTEXT() REPRESENTATION_CONTEXT('2D SPACE',''
  ) );
#13668 = PCURVE('',#8970,#13669);
#13669 = DEFINITIONAL_REPRESENTATION('',(#13670),#13673);
#13670 = B_SPLINE_CURVE_WITH_KNOTS('',1,(#13671,#13672),.UNSPECIFIED.,
  .F.,.F.,(2,2),(0.,9.2),.PIECEWISE_BEZIER_KNOTS.);
#13671 = CARTESIAN_POINT('',(0.,0.));
#13672 = CARTESIAN_POINT('',(12.8,0.));
#13673 = ( GEOMETRIC_REPRESENTATION_CONTEXT(2) 
PARAMETRIC_REPRESENTATION_CONTEXT() REPRESENTATION_CONTEXT('2D SPACE',''
  ) );
#13674 = ADVANCED_FACE('',(#13675),#8204,.F.);
#13675 = FACE_BOUND('',#13676,.F.);
#13676 = EDGE_LOOP('',(#13677,#13678,#13679,#13680));
#13677 = ORIENTED_EDGE('',*,*,#13610,.F.);
#13678 = ORIENTED_EDGE('',*,*,#8183,.T.);
#13679 = ORIENTED_EDGE('',*,*,#8397,.T.);
#13680 = ORIENTED_EDGE('',*,*,#13681,.F.);
#13681 = EDGE_CURVE('',#13583,#8398,#13682,.T.);
#13682 = SURFACE_CURVE('',#13683,(#13688,#13700),.PCURVE_S1.);
#13683 = ELLIPSE('',#13684,1.06066017178,0.75);
#13684 = AXIS2_PLACEMENT_3D('',#13685,#13686,#13687);
#13685 = CARTESIAN_POINT('',(122.65,32.4,16.75));
#13686 = DIRECTION('',(-0.707106781187,0.707106781187,0.));
#13687 = DIRECTION('',(-0.707106781187,-0.707106781187,0.));
#13688 = PCURVE('',#8204,#13689);
#13689 = DEFINITIONAL_REPRESENTATION('',(#13690),#13699);
#13690 = B_SPLINE_CURVE_WITH_KNOTS('',7,(#13691,#13692,#13693,#13694,
    #13695,#13696,#13697,#13698),.UNSPECIFIED.,.F.,.F.,(8,8),(
    1.570796326795,3.14159265359),.PIECEWISE_BEZIER_KNOTS.);
#13691 = CARTESIAN_POINT('',(0.,3.95));
#13692 = CARTESIAN_POINT('',(0.224399475256,3.781700393558));
#13693 = CARTESIAN_POINT('',(0.448798950513,3.61340147051));
#13694 = CARTESIAN_POINT('',(0.673198425769,3.458939880671));
#13695 = CARTESIAN_POINT('',(0.897597901026,3.33217812153));
#13696 = CARTESIAN_POINT('',(1.121997376282,3.244061504458));
#13697 = CARTESIAN_POINT('',(1.346396851538,3.2));
#13698 = CARTESIAN_POINT('',(1.570796326795,3.2));
#13699 = ( GEOMETRIC_REPRESENTATION_CONTEXT(2) 
PARAMETRIC_REPRESENTATION_CONTEXT() REPRESENTATION_CONTEXT('2D SPACE',''
  ) );
#13700 = PCURVE('',#13598,#13701);
#13701 = DEFINITIONAL_REPRESENTATION('',(#13702),#13711);
#13702 = B_SPLINE_CURVE_WITH_KNOTS('',7,(#13703,#13704,#13705,#13706,
    #13707,#13708,#13709,#13710),.UNSPECIFIED.,.F.,.F.,(8,8),(
    1.570796326795,3.14159265359),.PIECEWISE_BEZIER_KNOTS.);
#13703 = CARTESIAN_POINT('',(0.,5.15));
#13704 = CARTESIAN_POINT('',(-0.224399475256,4.981700393558));
#13705 = CARTESIAN_POINT('',(-0.448798950513,4.81340147051));
#13706 = CARTESIAN_POINT('',(-0.673198425769,4.65893988067));
#13707 = CARTESIAN_POINT('',(-0.897597901026,4.532178121531));
#13708 = CARTESIAN_POINT('',(-1.121997376282,4.444061504458));
#13709 = CARTESIAN_POINT('',(-1.346396851538,4.4));
#13710 = CARTESIAN_POINT('',(-1.570796326795,4.4));
#13711 = ( GEOMETRIC_REPRESENTATION_CONTEXT(2) 
PARAMETRIC_REPRESENTATION_CONTEXT() REPRESENTATION_CONTEXT('2D SPACE',''
  ) );
#13712 = ADVANCED_FACE('',(#13713),#8464,.F.);
#13713 = FACE_BOUND('',#13714,.F.);
#13714 = EDGE_LOOP('',(#13715,#13739,#13740,#13741));
#13715 = ORIENTED_EDGE('',*,*,#13716,.T.);
#13716 = EDGE_CURVE('',#13717,#8421,#13719,.T.);
#13717 = VERTEX_POINT('',#13718);
#13718 = CARTESIAN_POINT('',(123.4,32.95,14.2));
#13719 = SURFACE_CURVE('',#13720,(#13725,#13732),.PCURVE_S1.);
#13720 = CIRCLE('',#13721,0.2);
#13721 = AXIS2_PLACEMENT_3D('',#13722,#13723,#13724);
#13722 = CARTESIAN_POINT('',(123.4,32.95,14.4));
#13723 = DIRECTION('',(1.,1.110223024625E-16,-0.));
#13724 = DIRECTION('',(0.,0.,1.));
#13725 = PCURVE('',#8464,#13726);
#13726 = DEFINITIONAL_REPRESENTATION('',(#13727),#13731);
#13727 = LINE('',#13728,#13729);
#13728 = CARTESIAN_POINT('',(-3.14159265359,0.));
#13729 = VECTOR('',#13730,1.);
#13730 = DIRECTION('',(1.,0.));
#13731 = ( GEOMETRIC_REPRESENTATION_CONTEXT(2) 
PARAMETRIC_REPRESENTATION_CONTEXT() REPRESENTATION_CONTEXT('2D SPACE',''
  ) );
#13732 = PCURVE('',#8436,#13733);
#13733 = DEFINITIONAL_REPRESENTATION('',(#13734),#13738);
#13734 = CIRCLE('',#13735,0.2);
#13735 = AXIS2_PLACEMENT_2D('',#13736,#13737);
#13736 = CARTESIAN_POINT('',(2.2,6.6));
#13737 = DIRECTION('',(1.,0.));
#13738 = ( GEOMETRIC_REPRESENTATION_CONTEXT(2) 
PARAMETRIC_REPRESENTATION_CONTEXT() REPRESENTATION_CONTEXT('2D SPACE',''
  ) );
#13739 = ORIENTED_EDGE('',*,*,#8448,.T.);
#13740 = ORIENTED_EDGE('',*,*,#8503,.F.);
#13741 = ORIENTED_EDGE('',*,*,#13742,.F.);
#13742 = EDGE_CURVE('',#13717,#8504,#13743,.T.);
#13743 = SURFACE_CURVE('',#13744,(#13748,#13755),.PCURVE_S1.);
#13744 = LINE('',#13745,#13746);
#13745 = CARTESIAN_POINT('',(123.4,32.95,14.2));
#13746 = VECTOR('',#13747,1.);
#13747 = DIRECTION('',(1.,1.110223024625E-16,0.));
#13748 = PCURVE('',#8464,#13749);
#13749 = DEFINITIONAL_REPRESENTATION('',(#13750),#13754);
#13750 = LINE('',#13751,#13752);
#13751 = CARTESIAN_POINT('',(0.,0.));
#13752 = VECTOR('',#13753,1.);
#13753 = DIRECTION('',(0.,1.));
#13754 = ( GEOMETRIC_REPRESENTATION_CONTEXT(2) 
PARAMETRIC_REPRESENTATION_CONTEXT() REPRESENTATION_CONTEXT('2D SPACE',''
  ) );
#13755 = PCURVE('',#8543,#13756);
#13756 = DEFINITIONAL_REPRESENTATION('',(#13757),#13761);
#13757 = LINE('',#13758,#13759);
#13758 = CARTESIAN_POINT('',(6.6,-7.327471962526E-16));
#13759 = VECTOR('',#13760,1.);
#13760 = DIRECTION('',(0.,1.));
#13761 = ( GEOMETRIC_REPRESENTATION_CONTEXT(2) 
PARAMETRIC_REPRESENTATION_CONTEXT() REPRESENTATION_CONTEXT('2D SPACE',''
  ) );
#13762 = ADVANCED_FACE('',(#13763),#8436,.F.);
#13763 = FACE_BOUND('',#13764,.F.);
#13764 = EDGE_LOOP('',(#13765,#13766,#13767,#13790,#13813,#13836,#13859,
    #13882,#13908,#13909));
#13765 = ORIENTED_EDGE('',*,*,#8420,.F.);
#13766 = ORIENTED_EDGE('',*,*,#13716,.F.);
#13767 = ORIENTED_EDGE('',*,*,#13768,.T.);
#13768 = EDGE_CURVE('',#13717,#13769,#13771,.T.);
#13769 = VERTEX_POINT('',#13770);
#13770 = CARTESIAN_POINT('',(123.4,31.15,14.2));
#13771 = SURFACE_CURVE('',#13772,(#13776,#13783),.PCURVE_S1.);
#13772 = LINE('',#13773,#13774);
#13773 = CARTESIAN_POINT('',(123.4,39.55,14.2));
#13774 = VECTOR('',#13775,1.);
#13775 = DIRECTION('',(1.110223024625E-16,-1.,0.));
#13776 = PCURVE('',#8436,#13777);
#13777 = DEFINITIONAL_REPRESENTATION('',(#13778),#13782);
#13778 = LINE('',#13779,#13780);
#13779 = CARTESIAN_POINT('',(2.,0.));
#13780 = VECTOR('',#13781,1.);
#13781 = DIRECTION('',(0.,1.));
#13782 = ( GEOMETRIC_REPRESENTATION_CONTEXT(2) 
PARAMETRIC_REPRESENTATION_CONTEXT() REPRESENTATION_CONTEXT('2D SPACE',''
  ) );
#13783 = PCURVE('',#8543,#13784);
#13784 = DEFINITIONAL_REPRESENTATION('',(#13785),#13789);
#13785 = LINE('',#13786,#13787);
#13786 = CARTESIAN_POINT('',(0.,0.));
#13787 = VECTOR('',#13788,1.);
#13788 = DIRECTION('',(1.,0.));
#13789 = ( GEOMETRIC_REPRESENTATION_CONTEXT(2) 
PARAMETRIC_REPRESENTATION_CONTEXT() REPRESENTATION_CONTEXT('2D SPACE',''
  ) );
#13790 = ORIENTED_EDGE('',*,*,#13791,.F.);
#13791 = EDGE_CURVE('',#13792,#13769,#13794,.T.);
#13792 = VERTEX_POINT('',#13793);
#13793 = CARTESIAN_POINT('',(123.4,31.15,12.2));
#13794 = SURFACE_CURVE('',#13795,(#13799,#13806),.PCURVE_S1.);
#13795 = LINE('',#13796,#13797);
#13796 = CARTESIAN_POINT('',(123.4,31.15,12.2));
#13797 = VECTOR('',#13798,1.);
#13798 = DIRECTION('',(0.,0.,1.));
#13799 = PCURVE('',#8436,#13800);
#13800 = DEFINITIONAL_REPRESENTATION('',(#13801),#13805);
#13801 = LINE('',#13802,#13803);
#13802 = CARTESIAN_POINT('',(0.,8.4));
#13803 = VECTOR('',#13804,1.);
#13804 = DIRECTION('',(1.,0.));
#13805 = ( GEOMETRIC_REPRESENTATION_CONTEXT(2) 
PARAMETRIC_REPRESENTATION_CONTEXT() REPRESENTATION_CONTEXT('2D SPACE',''
  ) );
#13806 = PCURVE('',#8571,#13807);
#13807 = DEFINITIONAL_REPRESENTATION('',(#13808),#13812);
#13808 = LINE('',#13809,#13810);
#13809 = CARTESIAN_POINT('',(0.,0.));
#13810 = VECTOR('',#13811,1.);
#13811 = DIRECTION('',(1.,0.));
#13812 = ( GEOMETRIC_REPRESENTATION_CONTEXT(2) 
PARAMETRIC_REPRESENTATION_CONTEXT() REPRESENTATION_CONTEXT('2D SPACE',''
  ) );
#13813 = ORIENTED_EDGE('',*,*,#13814,.F.);
#13814 = EDGE_CURVE('',#13815,#13792,#13817,.T.);
#13815 = VERTEX_POINT('',#13816);
#13816 = CARTESIAN_POINT('',(123.4,39.55,12.2));
#13817 = SURFACE_CURVE('',#13818,(#13822,#13829),.PCURVE_S1.);
#13818 = LINE('',#13819,#13820);
#13819 = CARTESIAN_POINT('',(123.4,39.55,12.2));
#13820 = VECTOR('',#13821,1.);
#13821 = DIRECTION('',(1.110223024625E-16,-1.,0.));
#13822 = PCURVE('',#8436,#13823);
#13823 = DEFINITIONAL_REPRESENTATION('',(#13824),#13828);
#13824 = LINE('',#13825,#13826);
#13825 = CARTESIAN_POINT('',(0.,0.));
#13826 = VECTOR('',#13827,1.);
#13827 = DIRECTION('',(0.,1.));
#13828 = ( GEOMETRIC_REPRESENTATION_CONTEXT(2) 
PARAMETRIC_REPRESENTATION_CONTEXT() REPRESENTATION_CONTEXT('2D SPACE',''
  ) );
#13829 = PCURVE('',#8599,#13830);
#13830 = DEFINITIONAL_REPRESENTATION('',(#13831),#13835);
#13831 = LINE('',#13832,#13833);
#13832 = CARTESIAN_POINT('',(0.,0.));
#13833 = VECTOR('',#13834,1.);
#13834 = DIRECTION('',(1.,0.));
#13835 = ( GEOMETRIC_REPRESENTATION_CONTEXT(2) 
PARAMETRIC_REPRESENTATION_CONTEXT() REPRESENTATION_CONTEXT('2D SPACE',''
  ) );
#13836 = ORIENTED_EDGE('',*,*,#13837,.T.);
#13837 = EDGE_CURVE('',#13815,#13838,#13840,.T.);
#13838 = VERTEX_POINT('',#13839);
#13839 = CARTESIAN_POINT('',(123.4,39.55,14.2));
#13840 = SURFACE_CURVE('',#13841,(#13845,#13852),.PCURVE_S1.);
#13841 = LINE('',#13842,#13843);
#13842 = CARTESIAN_POINT('',(123.4,39.55,12.2));
#13843 = VECTOR('',#13844,1.);
#13844 = DIRECTION('',(0.,0.,1.));
#13845 = PCURVE('',#8436,#13846);
#13846 = DEFINITIONAL_REPRESENTATION('',(#13847),#13851);
#13847 = LINE('',#13848,#13849);
#13848 = CARTESIAN_POINT('',(0.,0.));
#13849 = VECTOR('',#13850,1.);
#13850 = DIRECTION('',(1.,0.));
#13851 = ( GEOMETRIC_REPRESENTATION_CONTEXT(2) 
PARAMETRIC_REPRESENTATION_CONTEXT() REPRESENTATION_CONTEXT('2D SPACE',''
  ) );
#13852 = PCURVE('',#8627,#13853);
#13853 = DEFINITIONAL_REPRESENTATION('',(#13854),#13858);
#13854 = LINE('',#13855,#13856);
#13855 = CARTESIAN_POINT('',(0.,0.));
#13856 = VECTOR('',#13857,1.);
#13857 = DIRECTION('',(1.,0.));
#13858 = ( GEOMETRIC_REPRESENTATION_CONTEXT(2) 
PARAMETRIC_REPRESENTATION_CONTEXT() REPRESENTATION_CONTEXT('2D SPACE',''
  ) );
#13859 = ORIENTED_EDGE('',*,*,#13860,.T.);
#13860 = EDGE_CURVE('',#13838,#13861,#13863,.T.);
#13861 = VERTEX_POINT('',#13862);
#13862 = CARTESIAN_POINT('',(123.4,37.75,14.2));
#13863 = SURFACE_CURVE('',#13864,(#13868,#13875),.PCURVE_S1.);
#13864 = LINE('',#13865,#13866);
#13865 = CARTESIAN_POINT('',(123.4,39.55,14.2));
#13866 = VECTOR('',#13867,1.);
#13867 = DIRECTION('',(1.110223024625E-16,-1.,0.));
#13868 = PCURVE('',#8436,#13869);
#13869 = DEFINITIONAL_REPRESENTATION('',(#13870),#13874);
#13870 = LINE('',#13871,#13872);
#13871 = CARTESIAN_POINT('',(2.,0.));
#13872 = VECTOR('',#13873,1.);
#13873 = DIRECTION('',(0.,1.));
#13874 = ( GEOMETRIC_REPRESENTATION_CONTEXT(2) 
PARAMETRIC_REPRESENTATION_CONTEXT() REPRESENTATION_CONTEXT('2D SPACE',''
  ) );
#13875 = PCURVE('',#8655,#13876);
#13876 = DEFINITIONAL_REPRESENTATION('',(#13877),#13881);
#13877 = LINE('',#13878,#13879);
#13878 = CARTESIAN_POINT('',(0.,0.));
#13879 = VECTOR('',#13880,1.);
#13880 = DIRECTION('',(1.,0.));
#13881 = ( GEOMETRIC_REPRESENTATION_CONTEXT(2) 
PARAMETRIC_REPRESENTATION_CONTEXT() REPRESENTATION_CONTEXT('2D SPACE',''
  ) );
#13882 = ORIENTED_EDGE('',*,*,#13883,.T.);
#13883 = EDGE_CURVE('',#13861,#8756,#13884,.T.);
#13884 = SURFACE_CURVE('',#13885,(#13890,#13901),.PCURVE_S1.);
#13885 = CIRCLE('',#13886,0.2);
#13886 = AXIS2_PLACEMENT_3D('',#13887,#13888,#13889);
#13887 = CARTESIAN_POINT('',(123.4,37.75,14.4));
#13888 = DIRECTION('',(-1.,-1.110223024625E-16,0.));
#13889 = DIRECTION('',(0.,0.,1.));
#13890 = PCURVE('',#8436,#13891);
#13891 = DEFINITIONAL_REPRESENTATION('',(#13892),#13900);
#13892 = ( BOUNDED_CURVE() B_SPLINE_CURVE(2,(#13893,#13894,#13895,#13896
    ,#13897,#13898,#13899),.UNSPECIFIED.,.T.,.F.) 
B_SPLINE_CURVE_WITH_KNOTS((1,2,2,2,2,1),(-2.094395102393,0.,
    2.094395102393,4.188790204786,6.28318530718,8.377580409573),
.UNSPECIFIED.) CURVE() GEOMETRIC_REPRESENTATION_ITEM() 
RATIONAL_B_SPLINE_CURVE((1.,0.5,1.,0.5,1.,0.5,1.)) REPRESENTATION_ITEM(
  '') );
#13893 = CARTESIAN_POINT('',(2.4,1.8));
#13894 = CARTESIAN_POINT('',(2.4,1.453589838486));
#13895 = CARTESIAN_POINT('',(2.1,1.626794919243));
#13896 = CARTESIAN_POINT('',(1.8,1.8));
#13897 = CARTESIAN_POINT('',(2.1,1.973205080757));
#13898 = CARTESIAN_POINT('',(2.4,2.146410161514));
#13899 = CARTESIAN_POINT('',(2.4,1.8));
#13900 = ( GEOMETRIC_REPRESENTATION_CONTEXT(2) 
PARAMETRIC_REPRESENTATION_CONTEXT() REPRESENTATION_CONTEXT('2D SPACE',''
  ) );
#13901 = PCURVE('',#8688,#13902);
#13902 = DEFINITIONAL_REPRESENTATION('',(#13903),#13907);
#13903 = LINE('',#13904,#13905);
#13904 = CARTESIAN_POINT('',(3.14159265359,-0.));
#13905 = VECTOR('',#13906,1.);
#13906 = DIRECTION('',(-1.,0.));
#13907 = ( GEOMETRIC_REPRESENTATION_CONTEXT(2) 
PARAMETRIC_REPRESENTATION_CONTEXT() REPRESENTATION_CONTEXT('2D SPACE',''
  ) );
#13908 = ORIENTED_EDGE('',*,*,#8755,.T.);
#13909 = ORIENTED_EDGE('',*,*,#13910,.T.);
#13910 = EDGE_CURVE('',#8728,#8398,#13911,.T.);
#13911 = SURFACE_CURVE('',#13912,(#13916,#13923),.PCURVE_S1.);
#13912 = LINE('',#13913,#13914);
#13913 = CARTESIAN_POINT('',(123.4,37.55,16.75));
#13914 = VECTOR('',#13915,1.);
#13915 = DIRECTION('',(1.110223024625E-16,-1.,0.));
#13916 = PCURVE('',#8436,#13917);
#13917 = DEFINITIONAL_REPRESENTATION('',(#13918),#13922);
#13918 = LINE('',#13919,#13920);
#13919 = CARTESIAN_POINT('',(4.55,2.));
#13920 = VECTOR('',#13921,1.);
#13921 = DIRECTION('',(0.,1.));
#13922 = ( GEOMETRIC_REPRESENTATION_CONTEXT(2) 
PARAMETRIC_REPRESENTATION_CONTEXT() REPRESENTATION_CONTEXT('2D SPACE',''
  ) );
#13923 = PCURVE('',#13598,#13924);
#13924 = DEFINITIONAL_REPRESENTATION('',(#13925),#13929);
#13925 = LINE('',#13926,#13927);
#13926 = CARTESIAN_POINT('',(-1.570796326795,0.));
#13927 = VECTOR('',#13928,1.);
#13928 = DIRECTION('',(-0.,1.));
#13929 = ( GEOMETRIC_REPRESENTATION_CONTEXT(2) 
PARAMETRIC_REPRESENTATION_CONTEXT() REPRESENTATION_CONTEXT('2D SPACE',''
  ) );
#13930 = ADVANCED_FACE('',(#13931),#8688,.F.);
#13931 = FACE_BOUND('',#13932,.T.);
#13932 = EDGE_LOOP('',(#13933,#13934,#13935,#13936));
#13933 = ORIENTED_EDGE('',*,*,#13883,.T.);
#13934 = ORIENTED_EDGE('',*,*,#8778,.T.);
#13935 = ORIENTED_EDGE('',*,*,#8667,.F.);
#13936 = ORIENTED_EDGE('',*,*,#13937,.F.);
#13937 = EDGE_CURVE('',#13861,#8640,#13938,.T.);
#13938 = SURFACE_CURVE('',#13939,(#13943,#13950),.PCURVE_S1.);
#13939 = LINE('',#13940,#13941);
#13940 = CARTESIAN_POINT('',(123.4,37.75,14.2));
#13941 = VECTOR('',#13942,1.);
#13942 = DIRECTION('',(1.,1.110223024625E-16,0.));
#13943 = PCURVE('',#8688,#13944);
#13944 = DEFINITIONAL_REPRESENTATION('',(#13945),#13949);
#13945 = LINE('',#13946,#13947);
#13946 = CARTESIAN_POINT('',(-0.,0.));
#13947 = VECTOR('',#13948,1.);
#13948 = DIRECTION('',(-0.,1.));
#13949 = ( GEOMETRIC_REPRESENTATION_CONTEXT(2) 
PARAMETRIC_REPRESENTATION_CONTEXT() REPRESENTATION_CONTEXT('2D SPACE',''
  ) );
#13950 = PCURVE('',#8655,#13951);
#13951 = DEFINITIONAL_REPRESENTATION('',(#13952),#13956);
#13952 = LINE('',#13953,#13954);
#13953 = CARTESIAN_POINT('',(1.8,-1.998401444325E-16));
#13954 = VECTOR('',#13955,1.);
#13955 = DIRECTION('',(0.,1.));
#13956 = ( GEOMETRIC_REPRESENTATION_CONTEXT(2) 
PARAMETRIC_REPRESENTATION_CONTEXT() REPRESENTATION_CONTEXT('2D SPACE',''
  ) );
#13957 = ADVANCED_FACE('',(#13958),#8655,.T.);
#13958 = FACE_BOUND('',#13959,.T.);
#13959 = EDGE_LOOP('',(#13960,#13961,#13982,#13983));
#13960 = ORIENTED_EDGE('',*,*,#8639,.F.);
#13961 = ORIENTED_EDGE('',*,*,#13962,.F.);
#13962 = EDGE_CURVE('',#13838,#8612,#13963,.T.);
#13963 = SURFACE_CURVE('',#13964,(#13968,#13975),.PCURVE_S1.);
#13964 = LINE('',#13965,#13966);
#13965 = CARTESIAN_POINT('',(123.4,39.55,14.2));
#13966 = VECTOR('',#13967,1.);
#13967 = DIRECTION('',(1.,1.110223024625E-16,0.));
#13968 = PCURVE('',#8655,#13969);
#13969 = DEFINITIONAL_REPRESENTATION('',(#13970),#13974);
#13970 = LINE('',#13971,#13972);
#13971 = CARTESIAN_POINT('',(0.,0.));
#13972 = VECTOR('',#13973,1.);
#13973 = DIRECTION('',(0.,1.));
#13974 = ( GEOMETRIC_REPRESENTATION_CONTEXT(2) 
PARAMETRIC_REPRESENTATION_CONTEXT() REPRESENTATION_CONTEXT('2D SPACE',''
  ) );
#13975 = PCURVE('',#8627,#13976);
#13976 = DEFINITIONAL_REPRESENTATION('',(#13977),#13981);
#13977 = LINE('',#13978,#13979);
#13978 = CARTESIAN_POINT('',(2.,0.));
#13979 = VECTOR('',#13980,1.);
#13980 = DIRECTION('',(0.,-1.));
#13981 = ( GEOMETRIC_REPRESENTATION_CONTEXT(2) 
PARAMETRIC_REPRESENTATION_CONTEXT() REPRESENTATION_CONTEXT('2D SPACE',''
  ) );
#13982 = ORIENTED_EDGE('',*,*,#13860,.T.);
#13983 = ORIENTED_EDGE('',*,*,#13937,.T.);
#13984 = ADVANCED_FACE('',(#13985),#8627,.F.);
#13985 = FACE_BOUND('',#13986,.F.);
#13986 = EDGE_LOOP('',(#13987,#13988,#14009,#14010));
#13987 = ORIENTED_EDGE('',*,*,#13837,.F.);
#13988 = ORIENTED_EDGE('',*,*,#13989,.T.);
#13989 = EDGE_CURVE('',#13815,#8584,#13990,.T.);
#13990 = SURFACE_CURVE('',#13991,(#13995,#14002),.PCURVE_S1.);
#13991 = LINE('',#13992,#13993);
#13992 = CARTESIAN_POINT('',(123.4,39.55,12.2));
#13993 = VECTOR('',#13994,1.);
#13994 = DIRECTION('',(1.,1.110223024625E-16,0.));
#13995 = PCURVE('',#8627,#13996);
#13996 = DEFINITIONAL_REPRESENTATION('',(#13997),#14001);
#13997 = LINE('',#13998,#13999);
#13998 = CARTESIAN_POINT('',(0.,0.));
#13999 = VECTOR('',#14000,1.);
#14000 = DIRECTION('',(0.,-1.));
#14001 = ( GEOMETRIC_REPRESENTATION_CONTEXT(2) 
PARAMETRIC_REPRESENTATION_CONTEXT() REPRESENTATION_CONTEXT('2D SPACE',''
  ) );
#14002 = PCURVE('',#8599,#14003);
#14003 = DEFINITIONAL_REPRESENTATION('',(#14004),#14008);
#14004 = LINE('',#14005,#14006);
#14005 = CARTESIAN_POINT('',(0.,0.));
#14006 = VECTOR('',#14007,1.);
#14007 = DIRECTION('',(0.,1.));
#14008 = ( GEOMETRIC_REPRESENTATION_CONTEXT(2) 
PARAMETRIC_REPRESENTATION_CONTEXT() REPRESENTATION_CONTEXT('2D SPACE',''
  ) );
#14009 = ORIENTED_EDGE('',*,*,#8611,.T.);
#14010 = ORIENTED_EDGE('',*,*,#13962,.F.);
#14011 = ADVANCED_FACE('',(#14012),#8599,.F.);
#14012 = FACE_BOUND('',#14013,.F.);
#14013 = EDGE_LOOP('',(#14014,#14015,#14016,#14037));
#14014 = ORIENTED_EDGE('',*,*,#13989,.F.);
#14015 = ORIENTED_EDGE('',*,*,#13814,.T.);
#14016 = ORIENTED_EDGE('',*,*,#14017,.T.);
#14017 = EDGE_CURVE('',#13792,#8556,#14018,.T.);
#14018 = SURFACE_CURVE('',#14019,(#14023,#14030),.PCURVE_S1.);
#14019 = LINE('',#14020,#14021);
#14020 = CARTESIAN_POINT('',(123.4,31.15,12.2));
#14021 = VECTOR('',#14022,1.);
#14022 = DIRECTION('',(1.,1.110223024625E-16,0.));
#14023 = PCURVE('',#8599,#14024);
#14024 = DEFINITIONAL_REPRESENTATION('',(#14025),#14029);
#14025 = LINE('',#14026,#14027);
#14026 = CARTESIAN_POINT('',(8.4,-9.325873406851E-16));
#14027 = VECTOR('',#14028,1.);
#14028 = DIRECTION('',(0.,1.));
#14029 = ( GEOMETRIC_REPRESENTATION_CONTEXT(2) 
PARAMETRIC_REPRESENTATION_CONTEXT() REPRESENTATION_CONTEXT('2D SPACE',''
  ) );
#14030 = PCURVE('',#8571,#14031);
#14031 = DEFINITIONAL_REPRESENTATION('',(#14032),#14036);
#14032 = LINE('',#14033,#14034);
#14033 = CARTESIAN_POINT('',(0.,0.));
#14034 = VECTOR('',#14035,1.);
#14035 = DIRECTION('',(0.,-1.));
#14036 = ( GEOMETRIC_REPRESENTATION_CONTEXT(2) 
PARAMETRIC_REPRESENTATION_CONTEXT() REPRESENTATION_CONTEXT('2D SPACE',''
  ) );
#14037 = ORIENTED_EDGE('',*,*,#8583,.F.);
#14038 = ADVANCED_FACE('',(#14039),#8571,.T.);
#14039 = FACE_BOUND('',#14040,.T.);
#14040 = EDGE_LOOP('',(#14041,#14042,#14043,#14044));
#14041 = ORIENTED_EDGE('',*,*,#13791,.F.);
#14042 = ORIENTED_EDGE('',*,*,#14017,.T.);
#14043 = ORIENTED_EDGE('',*,*,#8555,.T.);
#14044 = ORIENTED_EDGE('',*,*,#14045,.F.);
#14045 = EDGE_CURVE('',#13769,#8528,#14046,.T.);
#14046 = SURFACE_CURVE('',#14047,(#14051,#14058),.PCURVE_S1.);
#14047 = LINE('',#14048,#14049);
#14048 = CARTESIAN_POINT('',(123.4,31.15,14.2));
#14049 = VECTOR('',#14050,1.);
#14050 = DIRECTION('',(1.,1.110223024625E-16,0.));
#14051 = PCURVE('',#8571,#14052);
#14052 = DEFINITIONAL_REPRESENTATION('',(#14053),#14057);
#14053 = LINE('',#14054,#14055);
#14054 = CARTESIAN_POINT('',(2.,0.));
#14055 = VECTOR('',#14056,1.);
#14056 = DIRECTION('',(0.,-1.));
#14057 = ( GEOMETRIC_REPRESENTATION_CONTEXT(2) 
PARAMETRIC_REPRESENTATION_CONTEXT() REPRESENTATION_CONTEXT('2D SPACE',''
  ) );
#14058 = PCURVE('',#8543,#14059);
#14059 = DEFINITIONAL_REPRESENTATION('',(#14060),#14064);
#14060 = LINE('',#14061,#14062);
#14061 = CARTESIAN_POINT('',(8.4,-9.325873406851E-16));
#14062 = VECTOR('',#14063,1.);
#14063 = DIRECTION('',(0.,1.));
#14064 = ( GEOMETRIC_REPRESENTATION_CONTEXT(2) 
PARAMETRIC_REPRESENTATION_CONTEXT() REPRESENTATION_CONTEXT('2D SPACE',''
  ) );
#14065 = ADVANCED_FACE('',(#14066),#8543,.T.);
#14066 = FACE_BOUND('',#14067,.T.);
#14067 = EDGE_LOOP('',(#14068,#14069,#14070,#14071));
#14068 = ORIENTED_EDGE('',*,*,#8527,.F.);
#14069 = ORIENTED_EDGE('',*,*,#13742,.F.);
#14070 = ORIENTED_EDGE('',*,*,#13768,.T.);
#14071 = ORIENTED_EDGE('',*,*,#14045,.T.);
#14072 = ADVANCED_FACE('',(#14073),#8743,.F.);
#14073 = FACE_BOUND('',#14074,.T.);
#14074 = EDGE_LOOP('',(#14075,#14076,#14077,#14078));
#14075 = ORIENTED_EDGE('',*,*,#13559,.F.);
#14076 = ORIENTED_EDGE('',*,*,#9020,.F.);
#14077 = ORIENTED_EDGE('',*,*,#8725,.T.);
#14078 = ORIENTED_EDGE('',*,*,#14079,.F.);
#14079 = EDGE_CURVE('',#13560,#8728,#14080,.T.);
#14080 = SURFACE_CURVE('',#14081,(#14086,#14098),.PCURVE_S1.);
#14081 = ELLIPSE('',#14082,1.06066017178,0.75);
#14082 = AXIS2_PLACEMENT_3D('',#14083,#14084,#14085);
#14083 = CARTESIAN_POINT('',(122.65,38.3,16.75));
#14084 = DIRECTION('',(0.707106781187,0.707106781187,-0.));
#14085 = DIRECTION('',(-0.707106781187,0.707106781187,0.));
#14086 = PCURVE('',#8743,#14087);
#14087 = DEFINITIONAL_REPRESENTATION('',(#14088),#14097);
#14088 = B_SPLINE_CURVE_WITH_KNOTS('',7,(#14089,#14090,#14091,#14092,
    #14093,#14094,#14095,#14096),.UNSPECIFIED.,.F.,.F.,(8,8),(
    1.570796326795,3.14159265359),.PIECEWISE_BEZIER_KNOTS.);
#14089 = CARTESIAN_POINT('',(0.,3.95));
#14090 = CARTESIAN_POINT('',(-0.224399475256,3.781700393558));
#14091 = CARTESIAN_POINT('',(-0.448798950513,3.613401470512));
#14092 = CARTESIAN_POINT('',(-0.673198425769,3.458939880667));
#14093 = CARTESIAN_POINT('',(-0.897597901026,3.332178121534));
#14094 = CARTESIAN_POINT('',(-1.121997376282,3.244061504456));
#14095 = CARTESIAN_POINT('',(-1.346396851538,3.2));
#14096 = CARTESIAN_POINT('',(-1.570796326795,3.2));
#14097 = ( GEOMETRIC_REPRESENTATION_CONTEXT(2) 
PARAMETRIC_REPRESENTATION_CONTEXT() REPRESENTATION_CONTEXT('2D SPACE',''
  ) );
#14098 = PCURVE('',#13598,#14099);
#14099 = DEFINITIONAL_REPRESENTATION('',(#14100),#14109);
#14100 = B_SPLINE_CURVE_WITH_KNOTS('',7,(#14101,#14102,#14103,#14104,
    #14105,#14106,#14107,#14108),.UNSPECIFIED.,.F.,.F.,(8,8),(
    1.570796326795,3.14159265359),.PIECEWISE_BEZIER_KNOTS.);
#14101 = CARTESIAN_POINT('',(0.,-0.75));
#14102 = CARTESIAN_POINT('',(-0.224399475256,-0.581700393558));
#14103 = CARTESIAN_POINT('',(-0.448798950513,-0.413401470511));
#14104 = CARTESIAN_POINT('',(-0.673198425769,-0.25893988067));
#14105 = CARTESIAN_POINT('',(-0.897597901026,-0.132178121531));
#14106 = CARTESIAN_POINT('',(-1.121997376282,-4.40615044575E-02));
#14107 = CARTESIAN_POINT('',(-1.346396851538,2.061075743273E-17));
#14108 = CARTESIAN_POINT('',(-1.570796326795,0.));
#14109 = ( GEOMETRIC_REPRESENTATION_CONTEXT(2) 
PARAMETRIC_REPRESENTATION_CONTEXT() REPRESENTATION_CONTEXT('2D SPACE',''
  ) );
#14110 = ADVANCED_FACE('',(#14111),#8970,.T.);
#14111 = FACE_BOUND('',#14112,.T.);
#14112 = EDGE_LOOP('',(#14113,#14114,#14115,#14135));
#14113 = ORIENTED_EDGE('',*,*,#8924,.F.);
#14114 = ORIENTED_EDGE('',*,*,#13655,.T.);
#14115 = ORIENTED_EDGE('',*,*,#14116,.T.);
#14116 = EDGE_CURVE('',#13634,#13465,#14117,.T.);
#14117 = SURFACE_CURVE('',#14118,(#14121,#14128),.PCURVE_S1.);
#14118 = B_SPLINE_CURVE_WITH_KNOTS('',1,(#14119,#14120),.UNSPECIFIED.,
  .F.,.F.,(2,2),(0.,1.),.PIECEWISE_BEZIER_KNOTS.);
#14119 = CARTESIAN_POINT('',(120.4,40.55,17.5));
#14120 = CARTESIAN_POINT('',(118.6,42.35,24.8));
#14121 = PCURVE('',#8970,#14122);
#14122 = DEFINITIONAL_REPRESENTATION('',(#14123),#14127);
#14123 = LINE('',#14124,#14125);
#14124 = CARTESIAN_POINT('',(12.8,0.));
#14125 = VECTOR('',#14126,1.);
#14126 = DIRECTION('',(0.,1.));
#14127 = ( GEOMETRIC_REPRESENTATION_CONTEXT(2) 
PARAMETRIC_REPRESENTATION_CONTEXT() REPRESENTATION_CONTEXT('2D SPACE',''
  ) );
#14128 = PCURVE('',#13478,#14129);
#14129 = DEFINITIONAL_REPRESENTATION('',(#14130),#14134);
#14130 = LINE('',#14131,#14132);
#14131 = CARTESIAN_POINT('',(0.,0.));
#14132 = VECTOR('',#14133,1.);
#14133 = DIRECTION('',(0.,1.));
#14134 = ( GEOMETRIC_REPRESENTATION_CONTEXT(2) 
PARAMETRIC_REPRESENTATION_CONTEXT() REPRESENTATION_CONTEXT('2D SPACE',''
  ) );
#14135 = ORIENTED_EDGE('',*,*,#13489,.T.);
#14136 = ADVANCED_FACE('',(#14137),#8889,.F.);
#14137 = FACE_BOUND('',#14138,.F.);
#14138 = EDGE_LOOP('',(#14139,#14160,#14161,#14162));
#14139 = ORIENTED_EDGE('',*,*,#14140,.F.);
#14140 = EDGE_CURVE('',#13399,#11107,#14141,.T.);
#14141 = SURFACE_CURVE('',#14142,(#14146,#14153),.PCURVE_S1.);
#14142 = LINE('',#14143,#14144);
#14143 = CARTESIAN_POINT('',(118.6,42.35,24.75));
#14144 = VECTOR('',#14145,1.);
#14145 = DIRECTION('',(0.,0.,1.));
#14146 = PCURVE('',#8889,#14147);
#14147 = DEFINITIONAL_REPRESENTATION('',(#14148),#14152);
#14148 = LINE('',#14149,#14150);
#14149 = CARTESIAN_POINT('',(0.,0.));
#14150 = VECTOR('',#14151,1.);
#14151 = DIRECTION('',(1.,0.));
#14152 = ( GEOMETRIC_REPRESENTATION_CONTEXT(2) 
PARAMETRIC_REPRESENTATION_CONTEXT() REPRESENTATION_CONTEXT('2D SPACE',''
  ) );
#14153 = PCURVE('',#11122,#14154);
#14154 = DEFINITIONAL_REPRESENTATION('',(#14155),#14159);
#14155 = LINE('',#14156,#14157);
#14156 = CARTESIAN_POINT('',(0.,0.));
#14157 = VECTOR('',#14158,1.);
#14158 = DIRECTION('',(1.,0.));
#14159 = ( GEOMETRIC_REPRESENTATION_CONTEXT(2) 
PARAMETRIC_REPRESENTATION_CONTEXT() REPRESENTATION_CONTEXT('2D SPACE',''
  ) );
#14160 = ORIENTED_EDGE('',*,*,#13398,.T.);
#14161 = ORIENTED_EDGE('',*,*,#8873,.F.);
#14162 = ORIENTED_EDGE('',*,*,#11134,.F.);
#14163 = ADVANCED_FACE('',(#14164),#9117,.T.);
#14164 = FACE_BOUND('',#14165,.T.);
#14165 = EDGE_LOOP('',(#14166,#14167,#14188,#14189));
#14166 = ORIENTED_EDGE('',*,*,#9253,.F.);
#14167 = ORIENTED_EDGE('',*,*,#14168,.T.);
#14168 = EDGE_CURVE('',#9254,#9100,#14169,.T.);
#14169 = SURFACE_CURVE('',#14170,(#14174,#14181),.PCURVE_S1.);
#14170 = LINE('',#14171,#14172);
#14171 = CARTESIAN_POINT('',(119.,68.1,16.3));
#14172 = VECTOR('',#14173,1.);
#14173 = DIRECTION('',(1.,1.110223024625E-16,0.));
#14174 = PCURVE('',#9117,#14175);
#14175 = DEFINITIONAL_REPRESENTATION('',(#14176),#14180);
#14176 = LINE('',#14177,#14178);
#14177 = CARTESIAN_POINT('',(0.,0.));
#14178 = VECTOR('',#14179,1.);
#14179 = DIRECTION('',(0.,-1.));
#14180 = ( GEOMETRIC_REPRESENTATION_CONTEXT(2) 
PARAMETRIC_REPRESENTATION_CONTEXT() REPRESENTATION_CONTEXT('2D SPACE',''
  ) );
#14181 = PCURVE('',#9145,#14182);
#14182 = DEFINITIONAL_REPRESENTATION('',(#14183),#14187);
#14183 = LINE('',#14184,#14185);
#14184 = CARTESIAN_POINT('',(2.8,-3.10862446895E-16));
#14185 = VECTOR('',#14186,1.);
#14186 = DIRECTION('',(0.,1.));
#14187 = ( GEOMETRIC_REPRESENTATION_CONTEXT(2) 
PARAMETRIC_REPRESENTATION_CONTEXT() REPRESENTATION_CONTEXT('2D SPACE',''
  ) );
#14188 = ORIENTED_EDGE('',*,*,#9099,.T.);
#14189 = ORIENTED_EDGE('',*,*,#11158,.F.);
#14190 = ADVANCED_FACE('',(#14191),#9145,.F.);
#14191 = FACE_BOUND('',#14192,.F.);
#14192 = EDGE_LOOP('',(#14193,#14194,#14195,#14196));
#14193 = ORIENTED_EDGE('',*,*,#9227,.F.);
#14194 = ORIENTED_EDGE('',*,*,#9278,.T.);
#14195 = ORIENTED_EDGE('',*,*,#14168,.T.);
#14196 = ORIENTED_EDGE('',*,*,#9129,.F.);
#14197 = ADVANCED_FACE('',(#14198),#9439,.T.);
#14198 = FACE_BOUND('',#14199,.T.);
#14199 = EDGE_LOOP('',(#14200,#14201,#14222,#14223));
#14200 = ORIENTED_EDGE('',*,*,#9575,.F.);
#14201 = ORIENTED_EDGE('',*,*,#14202,.T.);
#14202 = EDGE_CURVE('',#9576,#9422,#14203,.T.);
#14203 = SURFACE_CURVE('',#14204,(#14208,#14215),.PCURVE_S1.);
#14204 = LINE('',#14205,#14206);
#14205 = CARTESIAN_POINT('',(58.,68.1,16.3));
#14206 = VECTOR('',#14207,1.);
#14207 = DIRECTION('',(1.,1.110223024625E-16,0.));
#14208 = PCURVE('',#9439,#14209);
#14209 = DEFINITIONAL_REPRESENTATION('',(#14210),#14214);
#14210 = LINE('',#14211,#14212);
#14211 = CARTESIAN_POINT('',(0.,0.));
#14212 = VECTOR('',#14213,1.);
#14213 = DIRECTION('',(0.,-1.));
#14214 = ( GEOMETRIC_REPRESENTATION_CONTEXT(2) 
PARAMETRIC_REPRESENTATION_CONTEXT() REPRESENTATION_CONTEXT('2D SPACE',''
  ) );
#14215 = PCURVE('',#9467,#14216);
#14216 = DEFINITIONAL_REPRESENTATION('',(#14217),#14221);
#14217 = LINE('',#14218,#14219);
#14218 = CARTESIAN_POINT('',(2.8,-3.10862446895E-16));
#14219 = VECTOR('',#14220,1.);
#14220 = DIRECTION('',(0.,1.));
#14221 = ( GEOMETRIC_REPRESENTATION_CONTEXT(2) 
PARAMETRIC_REPRESENTATION_CONTEXT() REPRESENTATION_CONTEXT('2D SPACE',''
  ) );
#14222 = ORIENTED_EDGE('',*,*,#9421,.T.);
#14223 = ORIENTED_EDGE('',*,*,#11182,.F.);
#14224 = ADVANCED_FACE('',(#14225),#9467,.F.);
#14225 = FACE_BOUND('',#14226,.F.);
#14226 = EDGE_LOOP('',(#14227,#14228,#14229,#14230));
#14227 = ORIENTED_EDGE('',*,*,#9549,.F.);
#14228 = ORIENTED_EDGE('',*,*,#9600,.T.);
#14229 = ORIENTED_EDGE('',*,*,#14202,.T.);
#14230 = ORIENTED_EDGE('',*,*,#9451,.F.);
#14231 = ADVANCED_FACE('',(#14232),#9688,.F.);
#14232 = FACE_BOUND('',#14233,.F.);
#14233 = EDGE_LOOP('',(#14234,#14235,#14236,#14237,#14260));
#14234 = ORIENTED_EDGE('',*,*,#9670,.F.);
#14235 = ORIENTED_EDGE('',*,*,#9856,.T.);
#14236 = ORIENTED_EDGE('',*,*,#9906,.F.);
#14237 = ORIENTED_EDGE('',*,*,#14238,.T.);
#14238 = EDGE_CURVE('',#9907,#14239,#14241,.T.);
#14239 = VERTEX_POINT('',#14240);
#14240 = CARTESIAN_POINT('',(5.,61.7,24.8));
#14241 = SURFACE_CURVE('',#14242,(#14246,#14253),.PCURVE_S1.);
#14242 = LINE('',#14243,#14244);
#14243 = CARTESIAN_POINT('',(-0.775,61.7,24.8));
#14244 = VECTOR('',#14245,1.);
#14245 = DIRECTION('',(1.,1.110223024625E-16,0.));
#14246 = PCURVE('',#9688,#14247);
#14247 = DEFINITIONAL_REPRESENTATION('',(#14248),#14252);
#14248 = LINE('',#14249,#14250);
#14249 = CARTESIAN_POINT('',(10.15,0.375));
#14250 = VECTOR('',#14251,1.);
#14251 = DIRECTION('',(0.,1.));
#14252 = ( GEOMETRIC_REPRESENTATION_CONTEXT(2) 
PARAMETRIC_REPRESENTATION_CONTEXT() REPRESENTATION_CONTEXT('2D SPACE',''
  ) );
#14253 = PCURVE('',#9945,#14254);
#14254 = DEFINITIONAL_REPRESENTATION('',(#14255),#14259);
#14255 = LINE('',#14256,#14257);
#14256 = CARTESIAN_POINT('',(5.E-02,0.375));
#14257 = VECTOR('',#14258,1.);
#14258 = DIRECTION('',(0.,-1.));
#14259 = ( GEOMETRIC_REPRESENTATION_CONTEXT(2) 
PARAMETRIC_REPRESENTATION_CONTEXT() REPRESENTATION_CONTEXT('2D SPACE',''
  ) );
#14260 = ORIENTED_EDGE('',*,*,#14261,.T.);
#14261 = EDGE_CURVE('',#14239,#9673,#14262,.T.);
#14262 = SURFACE_CURVE('',#14263,(#14267,#14274),.PCURVE_S1.);
#14263 = LINE('',#14264,#14265);
#14264 = CARTESIAN_POINT('',(5.,66.604124075452,24.8));
#14265 = VECTOR('',#14266,1.);
#14266 = DIRECTION('',(-1.110223024625E-16,1.,0.));
#14267 = PCURVE('',#9688,#14268);
#14268 = DEFINITIONAL_REPRESENTATION('',(#14269),#14273);
#14269 = LINE('',#14270,#14271);
#14270 = CARTESIAN_POINT('',(5.245875924548,6.15));
#14271 = VECTOR('',#14272,1.);
#14272 = DIRECTION('',(-1.,0.));
#14273 = ( GEOMETRIC_REPRESENTATION_CONTEXT(2) 
PARAMETRIC_REPRESENTATION_CONTEXT() REPRESENTATION_CONTEXT('2D SPACE',''
  ) );
#14274 = PCURVE('',#9816,#14275);
#14275 = DEFINITIONAL_REPRESENTATION('',(#14276),#14280);
#14276 = LINE('',#14277,#14278);
#14277 = CARTESIAN_POINT('',(2.263168905513,-5.245875924548));
#14278 = VECTOR('',#14279,1.);
#14279 = DIRECTION('',(0.,-1.));
#14280 = ( GEOMETRIC_REPRESENTATION_CONTEXT(2) 
PARAMETRIC_REPRESENTATION_CONTEXT() REPRESENTATION_CONTEXT('2D SPACE',''
  ) );
#14281 = ADVANCED_FACE('',(#14282),#9816,.F.);
#14282 = FACE_BOUND('',#14283,.F.);
#14283 = EDGE_LOOP('',(#14284,#14351,#14372,#14373,#14374,#14397));
#14284 = ORIENTED_EDGE('',*,*,#14285,.F.);
#14285 = EDGE_CURVE('',#14286,#14288,#14290,.T.);
#14286 = VERTEX_POINT('',#14287);
#14287 = CARTESIAN_POINT('',(5.,60.483261802575,19.865450643777));
#14288 = VERTEX_POINT('',#14289);
#14289 = CARTESIAN_POINT('',(5.,61.687671232877,24.75));
#14290 = SURFACE_CURVE('',#14291,(#14309,#14330),.PCURVE_S1.);
#14291 = B_SPLINE_CURVE_WITH_KNOTS('',4,(#14292,#14293,#14294,#14295,
    #14296,#14297,#14298,#14299,#14300,#14301,#14302,#14303,#14304,
    #14305,#14306,#14307,#14308),.UNSPECIFIED.,.F.,.F.,(5,3,3,3,3,5),(0.
    ,0.238679008257,0.475524384036,0.713319235839,0.950005850725,1.),
  .UNSPECIFIED.);
#14292 = CARTESIAN_POINT('',(5.,59.97397260274,17.8));
#14293 = CARTESIAN_POINT('',(5.,60.076118689347,18.21425912902));
#14294 = CARTESIAN_POINT('',(5.,60.178293378407,18.628634256872));
#14295 = CARTESIAN_POINT('',(5.,60.280490619213,19.043100844587));
#14296 = CARTESIAN_POINT('',(5.,60.484137659226,19.869002729083));
#14297 = CARTESIAN_POINT('',(5.,60.58558712305,20.280436665705));
#14298 = CARTESIAN_POINT('',(5.,60.687051552083,20.691931294558));
#14299 = CARTESIAN_POINT('',(5.,60.890412622662,21.516673414131));
#14300 = CARTESIAN_POINT('',(5.,60.992309340366,21.929921213706));
#14301 = CARTESIAN_POINT('',(5.,61.094216517312,22.343211431322));
#14302 = CARTESIAN_POINT('',(5.,61.297573812009,23.16793823759));
#14303 = CARTESIAN_POINT('',(5.,61.399023831931,23.579374429499));
#14304 = CARTESIAN_POINT('',(5.,61.500481217314,23.99084049244));
#14305 = CARTESIAN_POINT('',(5.,61.623376659487,24.489249785699));
#14306 = CARTESIAN_POINT('',(5.,61.644808632687,24.576168343674));
#14307 = CARTESIAN_POINT('',(5.,61.666240880109,24.663088013773));
#14308 = CARTESIAN_POINT('',(5.,61.687673392877,24.75000876));
#14309 = PCURVE('',#9816,#14310);
#14310 = DEFINITIONAL_REPRESENTATION('',(#14311),#14329);
#14311 = B_SPLINE_CURVE_WITH_KNOTS('',4,(#14312,#14313,#14314,#14315,
    #14316,#14317,#14318,#14319,#14320,#14321,#14322,#14323,#14324,
    #14325,#14326,#14327,#14328),.UNSPECIFIED.,.F.,.F.,(5,3,3,3,3,5),(0.
    ,0.238679008257,0.475524384036,0.713319235839,0.950005850725,1.),
  .UNSPECIFIED.);
#14312 = CARTESIAN_POINT('',(-4.736831094487,1.384275548164));
#14313 = CARTESIAN_POINT('',(-4.322571965468,1.282129461556));
#14314 = CARTESIAN_POINT('',(-3.908196837615,1.179954772496));
#14315 = CARTESIAN_POINT('',(-3.493730249901,1.07775753169));
#14316 = CARTESIAN_POINT('',(-2.667828365405,0.874110491677));
#14317 = CARTESIAN_POINT('',(-2.256394428783,0.772661027853));
#14318 = CARTESIAN_POINT('',(-1.84489979993,0.671196598821));
#14319 = CARTESIAN_POINT('',(-1.020157680357,0.467835528241));
#14320 = CARTESIAN_POINT('',(-0.606909880781,0.365938810537));
#14321 = CARTESIAN_POINT('',(-0.193619663165,0.264031633591));
#14322 = CARTESIAN_POINT('',(0.631107143103,6.067433889478E-02));
#14323 = CARTESIAN_POINT('',(1.042543335012,-4.077568102799E-02));
#14324 = CARTESIAN_POINT('',(1.454009397953,-0.142233066411));
#14325 = CARTESIAN_POINT('',(1.952418691211,-0.265128508584));
#14326 = CARTESIAN_POINT('',(2.039337249186,-0.286560481783));
#14327 = CARTESIAN_POINT('',(2.126256919286,-0.307992729205));
#14328 = CARTESIAN_POINT('',(2.213177665513,-0.329425241973));
#14329 = ( GEOMETRIC_REPRESENTATION_CONTEXT(2) 
PARAMETRIC_REPRESENTATION_CONTEXT() REPRESENTATION_CONTEXT('2D SPACE',''
  ) );
#14330 = PCURVE('',#10015,#14331);
#14331 = DEFINITIONAL_REPRESENTATION('',(#14332),#14350);
#14332 = B_SPLINE_CURVE_WITH_KNOTS('',4,(#14333,#14334,#14335,#14336,
    #14337,#14338,#14339,#14340,#14341,#14342,#14343,#14344,#14345,
    #14346,#14347,#14348,#14349),.UNSPECIFIED.,.F.,.F.,(5,3,3,3,3,5),(0.
    ,0.238679008257,0.475524384036,0.713319235839,0.950005850725,1.),
  .UNSPECIFIED.);
#14333 = CARTESIAN_POINT('',(7.769284923891,4.109589041096E-02));
#14334 = CARTESIAN_POINT('',(7.739360252029,9.784371630407E-02));
#14335 = CARTESIAN_POINT('',(7.71117060252,0.154607432448));
#14336 = CARTESIAN_POINT('',(7.684494260459,0.211383677341));
#14337 = CARTESIAN_POINT('',(7.63404347117,0.324520921792));
#14338 = CARTESIAN_POINT('',(7.610247699128,0.380881735028));
#14339 = CARTESIAN_POINT('',(7.587627806047,0.437250862268));
#14340 = CARTESIAN_POINT('',(7.544422616284,0.550229234812));
#14341 = CARTESIAN_POINT('',(7.523845415503,0.606838522426));
#14342 = CARTESIAN_POINT('',(7.504219662725,0.663453620729));
#14343 = CARTESIAN_POINT('',(7.466782300803,0.77642989556));
#14344 = CARTESIAN_POINT('',(7.448962386178,0.83279101774));
#14345 = CARTESIAN_POINT('',(7.431910387597,0.889156231841));
#14346 = CARTESIAN_POINT('',(7.412105766519,0.957431477493));
#14347 = CARTESIAN_POINT('',(7.408683321563,0.96933812927));
#14348 = CARTESIAN_POINT('',(7.405291516517,0.981244933394));
#14349 = CARTESIAN_POINT('',(7.401929749122,0.993151884932));
#14350 = ( GEOMETRIC_REPRESENTATION_CONTEXT(2) 
PARAMETRIC_REPRESENTATION_CONTEXT() REPRESENTATION_CONTEXT('2D SPACE',''
  ) );
#14351 = ORIENTED_EDGE('',*,*,#14352,.T.);
#14352 = EDGE_CURVE('',#14286,#9775,#14353,.T.);
#14353 = SURFACE_CURVE('',#14354,(#14358,#14365),.PCURVE_S1.);
#14354 = LINE('',#14355,#14356);
#14355 = CARTESIAN_POINT('',(5.,54.7,17.8));
#14356 = VECTOR('',#14357,1.);
#14357 = DIRECTION('',(-1.045543553507E-16,0.941741911595,0.336336396998
    ));
#14358 = PCURVE('',#9816,#14359);
#14359 = DEFINITIONAL_REPRESENTATION('',(#14360),#14364);
#14360 = LINE('',#14361,#14362);
#14361 = CARTESIAN_POINT('',(-4.736831094487,6.658248150903));
#14362 = VECTOR('',#14363,1.);
#14363 = DIRECTION('',(0.336336396998,-0.941741911595));
#14364 = ( GEOMETRIC_REPRESENTATION_CONTEXT(2) 
PARAMETRIC_REPRESENTATION_CONTEXT() REPRESENTATION_CONTEXT('2D SPACE',''
  ) );
#14365 = PCURVE('',#9790,#14366);
#14366 = DEFINITIONAL_REPRESENTATION('',(#14367),#14371);
#14367 = LINE('',#14368,#14369);
#14368 = CARTESIAN_POINT('',(2.509304528417E-16,-2.4));
#14369 = VECTOR('',#14370,1.);
#14370 = DIRECTION('',(1.,0.));
#14371 = ( GEOMETRIC_REPRESENTATION_CONTEXT(2) 
PARAMETRIC_REPRESENTATION_CONTEXT() REPRESENTATION_CONTEXT('2D SPACE',''
  ) );
#14372 = ORIENTED_EDGE('',*,*,#9802,.T.);
#14373 = ORIENTED_EDGE('',*,*,#14261,.F.);
#14374 = ORIENTED_EDGE('',*,*,#14375,.F.);
#14375 = EDGE_CURVE('',#14376,#14239,#14378,.T.);
#14376 = VERTEX_POINT('',#14377);
#14377 = CARTESIAN_POINT('',(5.,61.7,24.75));
#14378 = SURFACE_CURVE('',#14379,(#14383,#14390),.PCURVE_S1.);
#14379 = LINE('',#14380,#14381);
#14380 = CARTESIAN_POINT('',(5.,61.7,23.643415547244));
#14381 = VECTOR('',#14382,1.);
#14382 = DIRECTION('',(0.,0.,1.));
#14383 = PCURVE('',#9816,#14384);
#14384 = DEFINITIONAL_REPRESENTATION('',(#14385),#14389);
#14385 = LINE('',#14386,#14387);
#14386 = CARTESIAN_POINT('',(1.106584452756,-0.341751849097));
#14387 = VECTOR('',#14388,1.);
#14388 = DIRECTION('',(1.,0.));
#14389 = ( GEOMETRIC_REPRESENTATION_CONTEXT(2) 
PARAMETRIC_REPRESENTATION_CONTEXT() REPRESENTATION_CONTEXT('2D SPACE',''
  ) );
#14390 = PCURVE('',#9945,#14391);
#14391 = DEFINITIONAL_REPRESENTATION('',(#14392),#14396);
#14392 = LINE('',#14393,#14394);
#14393 = CARTESIAN_POINT('',(-1.106584452756,-5.4));
#14394 = VECTOR('',#14395,1.);
#14395 = DIRECTION('',(1.,0.));
#14396 = ( GEOMETRIC_REPRESENTATION_CONTEXT(2) 
PARAMETRIC_REPRESENTATION_CONTEXT() REPRESENTATION_CONTEXT('2D SPACE',''
  ) );
#14397 = ORIENTED_EDGE('',*,*,#14398,.F.);
#14398 = EDGE_CURVE('',#14288,#14376,#14399,.T.);
#14399 = SURFACE_CURVE('',#14400,(#14404,#14411),.PCURVE_S1.);
#14400 = LINE('',#14401,#14402);
#14401 = CARTESIAN_POINT('',(5.,61.529124075452,24.75));
#14402 = VECTOR('',#14403,1.);
#14403 = DIRECTION('',(-1.110223024625E-16,1.,0.));
#14404 = PCURVE('',#9816,#14405);
#14405 = DEFINITIONAL_REPRESENTATION('',(#14406),#14410);
#14406 = LINE('',#14407,#14408);
#14407 = CARTESIAN_POINT('',(2.213168905513,-0.170875924548));
#14408 = VECTOR('',#14409,1.);
#14409 = DIRECTION('',(0.,-1.));
#14410 = ( GEOMETRIC_REPRESENTATION_CONTEXT(2) 
PARAMETRIC_REPRESENTATION_CONTEXT() REPRESENTATION_CONTEXT('2D SPACE',''
  ) );
#14411 = PCURVE('',#9973,#14412);
#14412 = DEFINITIONAL_REPRESENTATION('',(#14413),#14417);
#14413 = LINE('',#14414,#14415);
#14414 = CARTESIAN_POINT('',(0.170875924548,5.4));
#14415 = VECTOR('',#14416,1.);
#14416 = DIRECTION('',(-1.,0.));
#14417 = ( GEOMETRIC_REPRESENTATION_CONTEXT(2) 
PARAMETRIC_REPRESENTATION_CONTEXT() REPRESENTATION_CONTEXT('2D SPACE',''
  ) );
#14418 = ADVANCED_FACE('',(#14419),#9790,.T.);
#14419 = FACE_BOUND('',#14420,.T.);
#14420 = EDGE_LOOP('',(#14421,#14444,#14462,#14463));
#14421 = ORIENTED_EDGE('',*,*,#14422,.F.);
#14422 = EDGE_CURVE('',#14423,#9747,#14425,.T.);
#14423 = VERTEX_POINT('',#14424);
#14424 = CARTESIAN_POINT('',(7.4,60.483261802575,19.865450643777));
#14425 = SURFACE_CURVE('',#14426,(#14430,#14437),.PCURVE_S1.);
#14426 = LINE('',#14427,#14428);
#14427 = CARTESIAN_POINT('',(7.4,54.7,17.8));
#14428 = VECTOR('',#14429,1.);
#14429 = DIRECTION('',(-1.045543553507E-16,0.941741911595,0.336336396998
    ));
#14430 = PCURVE('',#9790,#14431);
#14431 = DEFINITIONAL_REPRESENTATION('',(#14432),#14436);
#14432 = LINE('',#14433,#14434);
#14433 = CARTESIAN_POINT('',(0.,0.));
#14434 = VECTOR('',#14435,1.);
#14435 = DIRECTION('',(1.,0.));
#14436 = ( GEOMETRIC_REPRESENTATION_CONTEXT(2) 
PARAMETRIC_REPRESENTATION_CONTEXT() REPRESENTATION_CONTEXT('2D SPACE',''
  ) );
#14437 = PCURVE('',#9762,#14438);
#14438 = DEFINITIONAL_REPRESENTATION('',(#14439),#14443);
#14439 = LINE('',#14440,#14441);
#14440 = CARTESIAN_POINT('',(-4.736831094487,6.658248150903));
#14441 = VECTOR('',#14442,1.);
#14442 = DIRECTION('',(0.336336396998,-0.941741911595));
#14443 = ( GEOMETRIC_REPRESENTATION_CONTEXT(2) 
PARAMETRIC_REPRESENTATION_CONTEXT() REPRESENTATION_CONTEXT('2D SPACE',''
  ) );
#14444 = ORIENTED_EDGE('',*,*,#14445,.F.);
#14445 = EDGE_CURVE('',#14286,#14423,#14446,.T.);
#14446 = SURFACE_CURVE('',#14447,(#14450,#14456),.PCURVE_S1.);
#14447 = B_SPLINE_CURVE_WITH_KNOTS('',1,(#14448,#14449),.UNSPECIFIED.,
  .F.,.F.,(2,2),(0.,1.),.PIECEWISE_BEZIER_KNOTS.);
#14448 = CARTESIAN_POINT('',(5.,60.483261802575,19.865450643777));
#14449 = CARTESIAN_POINT('',(7.4,60.483261802575,19.865450643777));
#14450 = PCURVE('',#9790,#14451);
#14451 = DEFINITIONAL_REPRESENTATION('',(#14452),#14455);
#14452 = B_SPLINE_CURVE_WITH_KNOTS('',1,(#14453,#14454),.UNSPECIFIED.,
  .F.,.F.,(2,2),(0.,1.),.PIECEWISE_BEZIER_KNOTS.);
#14453 = CARTESIAN_POINT('',(6.141026252916,-2.4));
#14454 = CARTESIAN_POINT('',(6.141026252916,0.));
#14455 = ( GEOMETRIC_REPRESENTATION_CONTEXT(2) 
PARAMETRIC_REPRESENTATION_CONTEXT() REPRESENTATION_CONTEXT('2D SPACE',''
  ) );
#14456 = PCURVE('',#10015,#14457);
#14457 = DEFINITIONAL_REPRESENTATION('',(#14458),#14461);
#14458 = B_SPLINE_CURVE_WITH_KNOTS('',1,(#14459,#14460),.UNSPECIFIED.,
  .F.,.F.,(2,2),(0.,1.),.PIECEWISE_BEZIER_KNOTS.);
#14459 = CARTESIAN_POINT('',(7.634743727747,0.324034334764));
#14460 = CARTESIAN_POINT('',(4.671358781154,0.324034334764));
#14461 = ( GEOMETRIC_REPRESENTATION_CONTEXT(2) 
PARAMETRIC_REPRESENTATION_CONTEXT() REPRESENTATION_CONTEXT('2D SPACE',''
  ) );
#14462 = ORIENTED_EDGE('',*,*,#14352,.T.);
#14463 = ORIENTED_EDGE('',*,*,#9774,.T.);
#14464 = ADVANCED_FACE('',(#14465),#9762,.T.);
#14465 = FACE_BOUND('',#14466,.T.);
#14466 = EDGE_LOOP('',(#14467,#14532,#14533,#14534,#14535,#14558));
#14467 = ORIENTED_EDGE('',*,*,#14468,.F.);
#14468 = EDGE_CURVE('',#14423,#14469,#14471,.T.);
#14469 = VERTEX_POINT('',#14470);
#14470 = CARTESIAN_POINT('',(7.4,61.687671232877,24.75));
#14471 = SURFACE_CURVE('',#14472,(#14490,#14511),.PCURVE_S1.);
#14472 = B_SPLINE_CURVE_WITH_KNOTS('',4,(#14473,#14474,#14475,#14476,
    #14477,#14478,#14479,#14480,#14481,#14482,#14483,#14484,#14485,
    #14486,#14487,#14488,#14489),.UNSPECIFIED.,.F.,.F.,(5,3,3,3,3,5),(0.
    ,0.240942026086,0.479913664495,0.718701990904,0.957362381291,1.),
  .UNSPECIFIED.);
#14473 = CARTESIAN_POINT('',(7.4,59.97397260274,17.8));
#14474 = CARTESIAN_POINT('',(7.4,60.076981431926,18.217758029477));
#14475 = CARTESIAN_POINT('',(7.4,60.180047011248,18.635746212285));
#14476 = CARTESIAN_POINT('',(7.4,60.283157320227,19.053915798699));
#14477 = CARTESIAN_POINT('',(7.4,60.488609393276,19.887138094952));
#14478 = CARTESIAN_POINT('',(7.4,60.590950456128,20.302187960965));
#14479 = CARTESIAN_POINT('',(7.4,60.693321136001,20.71735794045));
#14480 = CARTESIAN_POINT('',(7.4,60.898034200169,21.54758314513));
#14481 = CARTESIAN_POINT('',(7.4,61.000376495295,21.962638008698));
#14482 = CARTESIAN_POINT('',(7.4,61.102739284705,22.377775987968));
#14483 = CARTESIAN_POINT('',(7.4,61.307445119132,23.207971872036));
#14484 = CARTESIAN_POINT('',(7.4,61.409788116755,23.623029584617));
#14485 = CARTESIAN_POINT('',(7.4,61.512145653184,24.038146260133));
#14486 = CARTESIAN_POINT('',(7.4,61.632804571649,24.527485207242));
#14487 = CARTESIAN_POINT('',(7.4,61.651093793296,24.601658161699));
#14488 = CARTESIAN_POINT('',(7.4,61.669383403964,24.675832693854));
#14489 = CARTESIAN_POINT('',(7.4,61.687673392877,24.75000876));
#14490 = PCURVE('',#9762,#14491);
#14491 = DEFINITIONAL_REPRESENTATION('',(#14492),#14510);
#14492 = B_SPLINE_CURVE_WITH_KNOTS('',4,(#14493,#14494,#14495,#14496,
    #14497,#14498,#14499,#14500,#14501,#14502,#14503,#14504,#14505,
    #14506,#14507,#14508,#14509),.UNSPECIFIED.,.F.,.F.,(5,3,3,3,3,5),(0.
    ,0.240942026086,0.479913664495,0.718701990904,0.957362381291,1.),
  .UNSPECIFIED.);
#14493 = CARTESIAN_POINT('',(-4.736831094487,1.384275548164));
#14494 = CARTESIAN_POINT('',(-4.31907306501,1.281266718977));
#14495 = CARTESIAN_POINT('',(-3.901084882203,1.178201139655));
#14496 = CARTESIAN_POINT('',(-3.482915295788,1.075090830676));
#14497 = CARTESIAN_POINT('',(-2.649692999535,0.869638757627));
#14498 = CARTESIAN_POINT('',(-2.234643133523,0.767297694775));
#14499 = CARTESIAN_POINT('',(-1.819473154037,0.664927014902));
#14500 = CARTESIAN_POINT('',(-0.989247949357,0.460213950734));
#14501 = CARTESIAN_POINT('',(-0.574193085789,0.357871655608));
#14502 = CARTESIAN_POINT('',(-0.159055106519,0.255508866199));
#14503 = CARTESIAN_POINT('',(0.671140777548,5.080303177122E-02));
#14504 = CARTESIAN_POINT('',(1.08619849013,-5.15399658517E-02));
#14505 = CARTESIAN_POINT('',(1.501315165646,-0.15389750228));
#14506 = CARTESIAN_POINT('',(1.990654112754,-0.274556420745));
#14507 = CARTESIAN_POINT('',(2.064827067211,-0.292845642392));
#14508 = CARTESIAN_POINT('',(2.139001599367,-0.311135253061));
#14509 = CARTESIAN_POINT('',(2.213177665513,-0.329425241973));
#14510 = ( GEOMETRIC_REPRESENTATION_CONTEXT(2) 
PARAMETRIC_REPRESENTATION_CONTEXT() REPRESENTATION_CONTEXT('2D SPACE',''
  ) );
#14511 = PCURVE('',#10015,#14512);
#14512 = DEFINITIONAL_REPRESENTATION('',(#14513),#14531);
#14513 = B_SPLINE_CURVE_WITH_KNOTS('',4,(#14514,#14515,#14516,#14517,
    #14518,#14519,#14520,#14521,#14522,#14523,#14524,#14525,#14526,
    #14527,#14528,#14529,#14530),.UNSPECIFIED.,.F.,.F.,(5,3,3,3,3,5),(0.
    ,0.240942026086,0.479913664495,0.718701990904,0.957362381291,1.),
  .UNSPECIFIED.);
#14514 = CARTESIAN_POINT('',(4.4830011067,4.109589041096E-02));
#14515 = CARTESIAN_POINT('',(4.525249495455,9.832301773663E-02));
#14516 = CARTESIAN_POINT('',(4.565038969915,0.155581672916));
#14517 = CARTESIAN_POINT('',(4.602682647506,0.212865177904));
#14518 = CARTESIAN_POINT('',(4.673839006693,0.327005218487));
#14519 = CARTESIAN_POINT('',(4.707383775914,0.383861364516));
#14520 = CARTESIAN_POINT('',(4.739262706366,0.440733964445));
#14521 = CARTESIAN_POINT('',(4.799992926629,0.554463444538));
#14522 = CARTESIAN_POINT('',(4.828847098,0.611320275164));
#14523 = CARTESIAN_POINT('',(4.856365818546,0.668188491503));
#14524 = CARTESIAN_POINT('',(4.908965223399,0.781913955073));
#14525 = CARTESIAN_POINT('',(4.934047590119,0.838771175975));
#14526 = CARTESIAN_POINT('',(4.958043292763,0.895636473991));
#14527 = CARTESIAN_POINT('',(4.985156902214,0.962669206471));
#14528 = CARTESIAN_POINT('',(4.989234983817,0.972829885164));
#14529 = CARTESIAN_POINT('',(4.993281959653,0.98299077998));
#14530 = CARTESIAN_POINT('',(4.997298351229,0.993151884932));
#14531 = ( GEOMETRIC_REPRESENTATION_CONTEXT(2) 
PARAMETRIC_REPRESENTATION_CONTEXT() REPRESENTATION_CONTEXT('2D SPACE',''
  ) );
#14532 = ORIENTED_EDGE('',*,*,#14422,.T.);
#14533 = ORIENTED_EDGE('',*,*,#9746,.T.);
#14534 = ORIENTED_EDGE('',*,*,#10758,.F.);
#14535 = ORIENTED_EDGE('',*,*,#14536,.F.);
#14536 = EDGE_CURVE('',#14537,#10759,#14539,.T.);
#14537 = VERTEX_POINT('',#14538);
#14538 = CARTESIAN_POINT('',(7.4,61.7,24.75));
#14539 = SURFACE_CURVE('',#14540,(#14544,#14551),.PCURVE_S1.);
#14540 = LINE('',#14541,#14542);
#14541 = CARTESIAN_POINT('',(7.4,61.7,23.643415547244));
#14542 = VECTOR('',#14543,1.);
#14543 = DIRECTION('',(0.,0.,1.));
#14544 = PCURVE('',#9762,#14545);
#14545 = DEFINITIONAL_REPRESENTATION('',(#14546),#14550);
#14546 = LINE('',#14547,#14548);
#14547 = CARTESIAN_POINT('',(1.106584452756,-0.341751849097));
#14548 = VECTOR('',#14549,1.);
#14549 = DIRECTION('',(1.,0.));
#14550 = ( GEOMETRIC_REPRESENTATION_CONTEXT(2) 
PARAMETRIC_REPRESENTATION_CONTEXT() REPRESENTATION_CONTEXT('2D SPACE',''
  ) );
#14551 = PCURVE('',#10797,#14552);
#14552 = DEFINITIONAL_REPRESENTATION('',(#14553),#14557);
#14553 = LINE('',#14554,#14555);
#14554 = CARTESIAN_POINT('',(-1.106584452756,-7.8));
#14555 = VECTOR('',#14556,1.);
#14556 = DIRECTION('',(1.,0.));
#14557 = ( GEOMETRIC_REPRESENTATION_CONTEXT(2) 
PARAMETRIC_REPRESENTATION_CONTEXT() REPRESENTATION_CONTEXT('2D SPACE',''
  ) );
#14558 = ORIENTED_EDGE('',*,*,#14559,.F.);
#14559 = EDGE_CURVE('',#14469,#14537,#14560,.T.);
#14560 = SURFACE_CURVE('',#14561,(#14565,#14572),.PCURVE_S1.);
#14561 = LINE('',#14562,#14563);
#14562 = CARTESIAN_POINT('',(7.4,61.529124075452,24.75));
#14563 = VECTOR('',#14564,1.);
#14564 = DIRECTION('',(-1.110223024625E-16,1.,0.));
#14565 = PCURVE('',#9762,#14566);
#14566 = DEFINITIONAL_REPRESENTATION('',(#14567),#14571);
#14567 = LINE('',#14568,#14569);
#14568 = CARTESIAN_POINT('',(2.213168905513,-0.170875924548));
#14569 = VECTOR('',#14570,1.);
#14570 = DIRECTION('',(0.,-1.));
#14571 = ( GEOMETRIC_REPRESENTATION_CONTEXT(2) 
PARAMETRIC_REPRESENTATION_CONTEXT() REPRESENTATION_CONTEXT('2D SPACE',''
  ) );
#14572 = PCURVE('',#10124,#14573);
#14573 = DEFINITIONAL_REPRESENTATION('',(#14574),#14578);
#14574 = LINE('',#14575,#14576);
#14575 = CARTESIAN_POINT('',(0.170875924548,7.8));
#14576 = VECTOR('',#14577,1.);
#14577 = DIRECTION('',(-1.,0.));
#14578 = ( GEOMETRIC_REPRESENTATION_CONTEXT(2) 
PARAMETRIC_REPRESENTATION_CONTEXT() REPRESENTATION_CONTEXT('2D SPACE',''
  ) );
#14579 = ADVANCED_FACE('',(#14580),#10410,.T.);
#14580 = FACE_BOUND('',#14581,.T.);
#14581 = EDGE_LOOP('',(#14582,#14583,#14584,#14605));
#14582 = ORIENTED_EDGE('',*,*,#12433,.F.);
#14583 = ORIENTED_EDGE('',*,*,#10394,.T.);
#14584 = ORIENTED_EDGE('',*,*,#14585,.T.);
#14585 = EDGE_CURVE('',#10367,#12551,#14586,.T.);
#14586 = SURFACE_CURVE('',#14587,(#14591,#14598),.PCURVE_S1.);
#14587 = LINE('',#14588,#14589);
#14588 = CARTESIAN_POINT('',(-0.4,9.,24.75));
#14589 = VECTOR('',#14590,1.);
#14590 = DIRECTION('',(1.,1.110223024625E-16,0.));
#14591 = PCURVE('',#10410,#14592);
#14592 = DEFINITIONAL_REPRESENTATION('',(#14593),#14597);
#14593 = LINE('',#14594,#14595);
#14594 = CARTESIAN_POINT('',(0.,0.));
#14595 = VECTOR('',#14596,1.);
#14596 = DIRECTION('',(0.,-1.));
#14597 = ( GEOMETRIC_REPRESENTATION_CONTEXT(2) 
PARAMETRIC_REPRESENTATION_CONTEXT() REPRESENTATION_CONTEXT('2D SPACE',''
  ) );
#14598 = PCURVE('',#10382,#14599);
#14599 = DEFINITIONAL_REPRESENTATION('',(#14600),#14604);
#14600 = LINE('',#14601,#14602);
#14601 = CARTESIAN_POINT('',(14.,0.));
#14602 = VECTOR('',#14603,1.);
#14603 = DIRECTION('',(0.,1.));
#14604 = ( GEOMETRIC_REPRESENTATION_CONTEXT(2) 
PARAMETRIC_REPRESENTATION_CONTEXT() REPRESENTATION_CONTEXT('2D SPACE',''
  ) );
#14605 = ORIENTED_EDGE('',*,*,#12550,.F.);
#14606 = ADVANCED_FACE('',(#14607),#10382,.F.);
#14607 = FACE_BOUND('',#14608,.F.);
#14608 = EDGE_LOOP('',(#14609,#14610,#14611,#14629));
#14609 = ORIENTED_EDGE('',*,*,#14585,.T.);
#14610 = ORIENTED_EDGE('',*,*,#12573,.F.);
#14611 = ORIENTED_EDGE('',*,*,#14612,.T.);
#14612 = EDGE_CURVE('',#12463,#10318,#14613,.T.);
#14613 = SURFACE_CURVE('',#14614,(#14617,#14623),.PCURVE_S1.);
#14614 = B_SPLINE_CURVE_WITH_KNOTS('',1,(#14615,#14616),.UNSPECIFIED.,
  .F.,.F.,(2,2),(0.,1.),.PIECEWISE_BEZIER_KNOTS.);
#14615 = CARTESIAN_POINT('',(12.387671232877,9.012328767123,24.75));
#14616 = CARTESIAN_POINT('',(-0.387671232877,9.012328767123,24.75));
#14617 = PCURVE('',#10382,#14618);
#14618 = DEFINITIONAL_REPRESENTATION('',(#14619),#14622);
#14619 = B_SPLINE_CURVE_WITH_KNOTS('',1,(#14620,#14621),.UNSPECIFIED.,
  .F.,.F.,(2,2),(0.,1.),.PIECEWISE_BEZIER_KNOTS.);
#14620 = CARTESIAN_POINT('',(13.987671232877,12.787671232877));
#14621 = CARTESIAN_POINT('',(13.987671232877,1.232876712329E-02));
#14622 = ( GEOMETRIC_REPRESENTATION_CONTEXT(2) 
PARAMETRIC_REPRESENTATION_CONTEXT() REPRESENTATION_CONTEXT('2D SPACE',''
  ) );
#14623 = PCURVE('',#10347,#14624);
#14624 = DEFINITIONAL_REPRESENTATION('',(#14625),#14628);
#14625 = B_SPLINE_CURVE_WITH_KNOTS('',1,(#14626,#14627),.UNSPECIFIED.,
  .F.,.F.,(2,2),(0.,1.),.PIECEWISE_BEZIER_KNOTS.);
#14626 = CARTESIAN_POINT('',(12.8,0.993150684932));
#14627 = CARTESIAN_POINT('',(0.,0.993150684932));
#14628 = ( GEOMETRIC_REPRESENTATION_CONTEXT(2) 
PARAMETRIC_REPRESENTATION_CONTEXT() REPRESENTATION_CONTEXT('2D SPACE',''
  ) );
#14629 = ORIENTED_EDGE('',*,*,#10366,.T.);
#14630 = ADVANCED_FACE('',(#14631),#10347,.T.);
#14631 = FACE_BOUND('',#14632,.T.);
#14632 = EDGE_LOOP('',(#14633,#14655,#14682,#14702,#14703,#14721,#14722,
    #14723,#14724));
#14633 = ORIENTED_EDGE('',*,*,#14634,.F.);
#14634 = EDGE_CURVE('',#14635,#10293,#14637,.T.);
#14635 = VERTEX_POINT('',#14636);
#14636 = CARTESIAN_POINT('',(1.4,10.8,17.5));
#14637 = SURFACE_CURVE('',#14638,(#14641,#14648),.PCURVE_S1.);
#14638 = B_SPLINE_CURVE_WITH_KNOTS('',1,(#14639,#14640),.UNSPECIFIED.,
  .F.,.F.,(2,2),(0.,1.),.PIECEWISE_BEZIER_KNOTS.);
#14639 = CARTESIAN_POINT('',(1.4,10.8,17.5));
#14640 = CARTESIAN_POINT('',(-0.4,9.,24.8));
#14641 = PCURVE('',#10347,#14642);
#14642 = DEFINITIONAL_REPRESENTATION('',(#14643),#14647);
#14643 = LINE('',#14644,#14645);
#14644 = CARTESIAN_POINT('',(0.,0.));
#14645 = VECTOR('',#14646,1.);
#14646 = DIRECTION('',(0.,1.));
#14647 = ( GEOMETRIC_REPRESENTATION_CONTEXT(2) 
PARAMETRIC_REPRESENTATION_CONTEXT() REPRESENTATION_CONTEXT('2D SPACE',''
  ) );
#14648 = PCURVE('',#10306,#14649);
#14649 = DEFINITIONAL_REPRESENTATION('',(#14650),#14654);
#14650 = LINE('',#14651,#14652);
#14651 = CARTESIAN_POINT('',(14.,0.));
#14652 = VECTOR('',#14653,1.);
#14653 = DIRECTION('',(0.,1.));
#14654 = ( GEOMETRIC_REPRESENTATION_CONTEXT(2) 
PARAMETRIC_REPRESENTATION_CONTEXT() REPRESENTATION_CONTEXT('2D SPACE',''
  ) );
#14655 = ORIENTED_EDGE('',*,*,#14656,.T.);
#14656 = EDGE_CURVE('',#14635,#14657,#14659,.T.);
#14657 = VERTEX_POINT('',#14658);
#14658 = CARTESIAN_POINT('',(10.6,10.8,17.5));
#14659 = SURFACE_CURVE('',#14660,(#14664,#14670),.PCURVE_S1.);
#14660 = LINE('',#14661,#14662);
#14661 = CARTESIAN_POINT('',(1.4,10.8,17.5));
#14662 = VECTOR('',#14663,1.);
#14663 = DIRECTION('',(1.,1.110223024625E-16,0.));
#14664 = PCURVE('',#10347,#14665);
#14665 = DEFINITIONAL_REPRESENTATION('',(#14666),#14669);
#14666 = B_SPLINE_CURVE_WITH_KNOTS('',1,(#14667,#14668),.UNSPECIFIED.,
  .F.,.F.,(2,2),(0.,9.2),.PIECEWISE_BEZIER_KNOTS.);
#14667 = CARTESIAN_POINT('',(0.,0.));
#14668 = CARTESIAN_POINT('',(12.8,0.));
#14669 = ( GEOMETRIC_REPRESENTATION_CONTEXT(2) 
PARAMETRIC_REPRESENTATION_CONTEXT() REPRESENTATION_CONTEXT('2D SPACE',''
  ) );
#14670 = PCURVE('',#14671,#14676);
#14671 = PLANE('',#14672);
#14672 = AXIS2_PLACEMENT_3D('',#14673,#14674,#14675);
#14673 = CARTESIAN_POINT('',(1.4,21.2,17.5));
#14674 = DIRECTION('',(0.,0.,-1.));
#14675 = DIRECTION('',(0.662573882203,-0.74899656249,0.));
#14676 = DEFINITIONAL_REPRESENTATION('',(#14677),#14681);
#14677 = LINE('',#14678,#14679);
#14678 = CARTESIAN_POINT('',(7.7895642499,6.890768374912));
#14679 = VECTOR('',#14680,1.);
#14680 = DIRECTION('',(0.662573882203,-0.74899656249));
#14681 = ( GEOMETRIC_REPRESENTATION_CONTEXT(2) 
PARAMETRIC_REPRESENTATION_CONTEXT() REPRESENTATION_CONTEXT('2D SPACE',''
  ) );
#14682 = ORIENTED_EDGE('',*,*,#14683,.T.);
#14683 = EDGE_CURVE('',#14657,#12757,#14684,.T.);
#14684 = SURFACE_CURVE('',#14685,(#14688,#14695),.PCURVE_S1.);
#14685 = B_SPLINE_CURVE_WITH_KNOTS('',1,(#14686,#14687),.UNSPECIFIED.,
  .F.,.F.,(2,2),(0.,1.),.PIECEWISE_BEZIER_KNOTS.);
#14686 = CARTESIAN_POINT('',(10.6,10.8,17.5));
#14687 = CARTESIAN_POINT('',(12.4,9.,24.8));
#14688 = PCURVE('',#10347,#14689);
#14689 = DEFINITIONAL_REPRESENTATION('',(#14690),#14694);
#14690 = LINE('',#14691,#14692);
#14691 = CARTESIAN_POINT('',(12.8,0.));
#14692 = VECTOR('',#14693,1.);
#14693 = DIRECTION('',(0.,1.));
#14694 = ( GEOMETRIC_REPRESENTATION_CONTEXT(2) 
PARAMETRIC_REPRESENTATION_CONTEXT() REPRESENTATION_CONTEXT('2D SPACE',''
  ) );
#14695 = PCURVE('',#12790,#14696);
#14696 = DEFINITIONAL_REPRESENTATION('',(#14697),#14701);
#14697 = LINE('',#14698,#14699);
#14698 = CARTESIAN_POINT('',(0.,0.));
#14699 = VECTOR('',#14700,1.);
#14700 = DIRECTION('',(0.,1.));
#14701 = ( GEOMETRIC_REPRESENTATION_CONTEXT(2) 
PARAMETRIC_REPRESENTATION_CONTEXT() REPRESENTATION_CONTEXT('2D SPACE',''
  ) );
#14702 = ORIENTED_EDGE('',*,*,#12756,.T.);
#14703 = ORIENTED_EDGE('',*,*,#14704,.T.);
#14704 = EDGE_CURVE('',#12734,#12598,#14705,.T.);
#14705 = SURFACE_CURVE('',#14706,(#14709,#14715),.PCURVE_S1.);
#14706 = B_SPLINE_CURVE_WITH_KNOTS('',1,(#14707,#14708),.UNSPECIFIED.,
  .F.,.F.,(2,2),(0.,1.),.PIECEWISE_BEZIER_KNOTS.);
#14707 = CARTESIAN_POINT('',(6.,10.701369863014,17.9));
#14708 = CARTESIAN_POINT('',(6.,9.012326607123,24.75000876));
#14709 = PCURVE('',#10347,#14710);
#14710 = DEFINITIONAL_REPRESENTATION('',(#14711),#14714);
#14711 = B_SPLINE_CURVE_WITH_KNOTS('',1,(#14712,#14713),.UNSPECIFIED.,
  .F.,.F.,(2,2),(0.,1.),.PIECEWISE_BEZIER_KNOTS.);
#14712 = CARTESIAN_POINT('',(6.4,5.479452054795E-02));
#14713 = CARTESIAN_POINT('',(6.4,0.993151884932));
#14714 = ( GEOMETRIC_REPRESENTATION_CONTEXT(2) 
PARAMETRIC_REPRESENTATION_CONTEXT() REPRESENTATION_CONTEXT('2D SPACE',''
  ) );
#14715 = PCURVE('',#12615,#14716);
#14716 = DEFINITIONAL_REPRESENTATION('',(#14717),#14720);
#14717 = B_SPLINE_CURVE_WITH_KNOTS('',1,(#14718,#14719),.UNSPECIFIED.,
  .F.,.F.,(2,2),(0.,1.),.PIECEWISE_BEZIER_KNOTS.);
#14718 = CARTESIAN_POINT('',(0.,10.601369863014));
#14719 = CARTESIAN_POINT('',(-6.85000876,8.912326607123));
#14720 = ( GEOMETRIC_REPRESENTATION_CONTEXT(2) 
PARAMETRIC_REPRESENTATION_CONTEXT() REPRESENTATION_CONTEXT('2D SPACE',''
  ) );
#14721 = ORIENTED_EDGE('',*,*,#12627,.T.);
#14722 = ORIENTED_EDGE('',*,*,#12460,.T.);
#14723 = ORIENTED_EDGE('',*,*,#14612,.T.);
#14724 = ORIENTED_EDGE('',*,*,#10317,.T.);
#14725 = ADVANCED_FACE('',(#14726),#10306,.T.);
#14726 = FACE_BOUND('',#14727,.T.);
#14727 = EDGE_LOOP('',(#14728,#14750,#14770,#14771));
#14728 = ORIENTED_EDGE('',*,*,#14729,.F.);
#14729 = EDGE_CURVE('',#14730,#10244,#14732,.T.);
#14730 = VERTEX_POINT('',#14731);
#14731 = CARTESIAN_POINT('',(1.4,21.2,17.5));
#14732 = SURFACE_CURVE('',#14733,(#14736,#14743),.PCURVE_S1.);
#14733 = B_SPLINE_CURVE_WITH_KNOTS('',1,(#14734,#14735),.UNSPECIFIED.,
  .F.,.F.,(2,2),(0.,1.),.PIECEWISE_BEZIER_KNOTS.);
#14734 = CARTESIAN_POINT('',(1.4,21.2,17.5));
#14735 = CARTESIAN_POINT('',(-0.4,23.,24.8));
#14736 = PCURVE('',#10306,#14737);
#14737 = DEFINITIONAL_REPRESENTATION('',(#14738),#14742);
#14738 = LINE('',#14739,#14740);
#14739 = CARTESIAN_POINT('',(0.,0.));
#14740 = VECTOR('',#14741,1.);
#14741 = DIRECTION('',(0.,1.));
#14742 = ( GEOMETRIC_REPRESENTATION_CONTEXT(2) 
PARAMETRIC_REPRESENTATION_CONTEXT() REPRESENTATION_CONTEXT('2D SPACE',''
  ) );
#14743 = PCURVE('',#10273,#14744);
#14744 = DEFINITIONAL_REPRESENTATION('',(#14745),#14749);
#14745 = LINE('',#14746,#14747);
#14746 = CARTESIAN_POINT('',(12.8,0.));
#14747 = VECTOR('',#14748,1.);
#14748 = DIRECTION('',(0.,1.));
#14749 = ( GEOMETRIC_REPRESENTATION_CONTEXT(2) 
PARAMETRIC_REPRESENTATION_CONTEXT() REPRESENTATION_CONTEXT('2D SPACE',''
  ) );
#14750 = ORIENTED_EDGE('',*,*,#14751,.T.);
#14751 = EDGE_CURVE('',#14730,#14635,#14752,.T.);
#14752 = SURFACE_CURVE('',#14753,(#14757,#14763),.PCURVE_S1.);
#14753 = LINE('',#14754,#14755);
#14754 = CARTESIAN_POINT('',(1.4,21.2,17.5));
#14755 = VECTOR('',#14756,1.);
#14756 = DIRECTION('',(1.110223024625E-16,-1.,0.));
#14757 = PCURVE('',#10306,#14758);
#14758 = DEFINITIONAL_REPRESENTATION('',(#14759),#14762);
#14759 = B_SPLINE_CURVE_WITH_KNOTS('',1,(#14760,#14761),.UNSPECIFIED.,
  .F.,.F.,(2,2),(0.,10.4),.PIECEWISE_BEZIER_KNOTS.);
#14760 = CARTESIAN_POINT('',(0.,0.));
#14761 = CARTESIAN_POINT('',(14.,0.));
#14762 = ( GEOMETRIC_REPRESENTATION_CONTEXT(2) 
PARAMETRIC_REPRESENTATION_CONTEXT() REPRESENTATION_CONTEXT('2D SPACE',''
  ) );
#14763 = PCURVE('',#14671,#14764);
#14764 = DEFINITIONAL_REPRESENTATION('',(#14765),#14769);
#14765 = LINE('',#14766,#14767);
#14766 = CARTESIAN_POINT('',(4.413628677222E-16,-4.989319374251E-16));
#14767 = VECTOR('',#14768,1.);
#14768 = DIRECTION('',(0.74899656249,0.662573882203));
#14769 = ( GEOMETRIC_REPRESENTATION_CONTEXT(2) 
PARAMETRIC_REPRESENTATION_CONTEXT() REPRESENTATION_CONTEXT('2D SPACE',''
  ) );
#14770 = ORIENTED_EDGE('',*,*,#14634,.T.);
#14771 = ORIENTED_EDGE('',*,*,#10292,.T.);
#14772 = ADVANCED_FACE('',(#14773),#10273,.T.);
#14773 = FACE_BOUND('',#14774,.T.);
#14774 = EDGE_LOOP('',(#14775,#14799,#14819,#14820,#14821));
#14775 = ORIENTED_EDGE('',*,*,#14776,.F.);
#14776 = EDGE_CURVE('',#14777,#14779,#14781,.T.);
#14777 = VERTEX_POINT('',#14778);
#14778 = CARTESIAN_POINT('',(10.6,21.2,17.5));
#14779 = VERTEX_POINT('',#14780);
#14780 = CARTESIAN_POINT('',(12.387671232877,22.987671232877,24.75));
#14781 = SURFACE_CURVE('',#14782,(#14785,#14792),.PCURVE_S1.);
#14782 = B_SPLINE_CURVE_WITH_KNOTS('',1,(#14783,#14784),.UNSPECIFIED.,
  .F.,.F.,(2,2),(0.,1.),.PIECEWISE_BEZIER_KNOTS.);
#14783 = CARTESIAN_POINT('',(10.6,21.2,17.5));
#14784 = CARTESIAN_POINT('',(12.4,23.,24.8));
#14785 = PCURVE('',#10273,#14786);
#14786 = DEFINITIONAL_REPRESENTATION('',(#14787),#14791);
#14787 = LINE('',#14788,#14789);
#14788 = CARTESIAN_POINT('',(0.,0.));
#14789 = VECTOR('',#14790,1.);
#14790 = DIRECTION('',(0.,1.));
#14791 = ( GEOMETRIC_REPRESENTATION_CONTEXT(2) 
PARAMETRIC_REPRESENTATION_CONTEXT() REPRESENTATION_CONTEXT('2D SPACE',''
  ) );
#14792 = PCURVE('',#12790,#14793);
#14793 = DEFINITIONAL_REPRESENTATION('',(#14794),#14798);
#14794 = LINE('',#14795,#14796);
#14795 = CARTESIAN_POINT('',(14.,0.));
#14796 = VECTOR('',#14797,1.);
#14797 = DIRECTION('',(0.,1.));
#14798 = ( GEOMETRIC_REPRESENTATION_CONTEXT(2) 
PARAMETRIC_REPRESENTATION_CONTEXT() REPRESENTATION_CONTEXT('2D SPACE',''
  ) );
#14799 = ORIENTED_EDGE('',*,*,#14800,.T.);
#14800 = EDGE_CURVE('',#14777,#14730,#14801,.T.);
#14801 = SURFACE_CURVE('',#14802,(#14806,#14812),.PCURVE_S1.);
#14802 = LINE('',#14803,#14804);
#14803 = CARTESIAN_POINT('',(10.6,21.2,17.5));
#14804 = VECTOR('',#14805,1.);
#14805 = DIRECTION('',(-1.,-1.110223024625E-16,0.));
#14806 = PCURVE('',#10273,#14807);
#14807 = DEFINITIONAL_REPRESENTATION('',(#14808),#14811);
#14808 = B_SPLINE_CURVE_WITH_KNOTS('',1,(#14809,#14810),.UNSPECIFIED.,
  .F.,.F.,(2,2),(0.,9.2),.PIECEWISE_BEZIER_KNOTS.);
#14809 = CARTESIAN_POINT('',(0.,0.));
#14810 = CARTESIAN_POINT('',(12.8,0.));
#14811 = ( GEOMETRIC_REPRESENTATION_CONTEXT(2) 
PARAMETRIC_REPRESENTATION_CONTEXT() REPRESENTATION_CONTEXT('2D SPACE',''
  ) );
#14812 = PCURVE('',#14671,#14813);
#14813 = DEFINITIONAL_REPRESENTATION('',(#14814),#14818);
#14814 = LINE('',#14815,#14816);
#14815 = CARTESIAN_POINT('',(6.095679716268,-6.890768374912));
#14816 = VECTOR('',#14817,1.);
#14817 = DIRECTION('',(-0.662573882203,0.74899656249));
#14818 = ( GEOMETRIC_REPRESENTATION_CONTEXT(2) 
PARAMETRIC_REPRESENTATION_CONTEXT() REPRESENTATION_CONTEXT('2D SPACE',''
  ) );
#14819 = ORIENTED_EDGE('',*,*,#14729,.T.);
#14820 = ORIENTED_EDGE('',*,*,#10243,.T.);
#14821 = ORIENTED_EDGE('',*,*,#14822,.T.);
#14822 = EDGE_CURVE('',#10216,#14779,#14823,.T.);
#14823 = SURFACE_CURVE('',#14824,(#14827,#14833),.PCURVE_S1.);
#14824 = B_SPLINE_CURVE_WITH_KNOTS('',1,(#14825,#14826),.UNSPECIFIED.,
  .F.,.F.,(2,2),(0.,1.),.PIECEWISE_BEZIER_KNOTS.);
#14825 = CARTESIAN_POINT('',(-0.387671232877,22.987671232877,24.75));
#14826 = CARTESIAN_POINT('',(12.387671232877,22.987671232877,24.75));
#14827 = PCURVE('',#10273,#14828);
#14828 = DEFINITIONAL_REPRESENTATION('',(#14829),#14832);
#14829 = B_SPLINE_CURVE_WITH_KNOTS('',1,(#14830,#14831),.UNSPECIFIED.,
  .F.,.F.,(2,2),(0.,1.),.PIECEWISE_BEZIER_KNOTS.);
#14830 = CARTESIAN_POINT('',(12.8,0.993150684932));
#14831 = CARTESIAN_POINT('',(0.,0.993150684932));
#14832 = ( GEOMETRIC_REPRESENTATION_CONTEXT(2) 
PARAMETRIC_REPRESENTATION_CONTEXT() REPRESENTATION_CONTEXT('2D SPACE',''
  ) );
#14833 = PCURVE('',#10231,#14834);
#14834 = DEFINITIONAL_REPRESENTATION('',(#14835),#14838);
#14835 = B_SPLINE_CURVE_WITH_KNOTS('',1,(#14836,#14837),.UNSPECIFIED.,
  .F.,.F.,(2,2),(0.,1.),.PIECEWISE_BEZIER_KNOTS.);
#14836 = CARTESIAN_POINT('',(1.232876712329E-02,1.232876712329E-02));
#14837 = CARTESIAN_POINT('',(1.232876712329E-02,12.787671232877));
#14838 = ( GEOMETRIC_REPRESENTATION_CONTEXT(2) 
PARAMETRIC_REPRESENTATION_CONTEXT() REPRESENTATION_CONTEXT('2D SPACE',''
  ) );
#14839 = ADVANCED_FACE('',(#14840),#10231,.F.);
#14840 = FACE_BOUND('',#14841,.F.);
#14841 = EDGE_LOOP('',(#14842,#14865,#14866,#14867,#14887,#14910));
#14842 = ORIENTED_EDGE('',*,*,#14843,.F.);
#14843 = EDGE_CURVE('',#10188,#14844,#14846,.T.);
#14844 = VERTEX_POINT('',#14845);
#14845 = CARTESIAN_POINT('',(12.4,23.,24.75));
#14846 = SURFACE_CURVE('',#14847,(#14851,#14858),.PCURVE_S1.);
#14847 = LINE('',#14848,#14849);
#14848 = CARTESIAN_POINT('',(-0.4,23.,24.75));
#14849 = VECTOR('',#14850,1.);
#14850 = DIRECTION('',(1.,1.110223024625E-16,0.));
#14851 = PCURVE('',#10231,#14852);
#14852 = DEFINITIONAL_REPRESENTATION('',(#14853),#14857);
#14853 = LINE('',#14854,#14855);
#14854 = CARTESIAN_POINT('',(0.,0.));
#14855 = VECTOR('',#14856,1.);
#14856 = DIRECTION('',(0.,1.));
#14857 = ( GEOMETRIC_REPRESENTATION_CONTEXT(2) 
PARAMETRIC_REPRESENTATION_CONTEXT() REPRESENTATION_CONTEXT('2D SPACE',''
  ) );
#14858 = PCURVE('',#10203,#14859);
#14859 = DEFINITIONAL_REPRESENTATION('',(#14860),#14864);
#14860 = LINE('',#14861,#14862);
#14861 = CARTESIAN_POINT('',(0.,0.));
#14862 = VECTOR('',#14863,1.);
#14863 = DIRECTION('',(0.,-1.));
#14864 = ( GEOMETRIC_REPRESENTATION_CONTEXT(2) 
PARAMETRIC_REPRESENTATION_CONTEXT() REPRESENTATION_CONTEXT('2D SPACE',''
  ) );
#14865 = ORIENTED_EDGE('',*,*,#10215,.T.);
#14866 = ORIENTED_EDGE('',*,*,#14822,.T.);
#14867 = ORIENTED_EDGE('',*,*,#14868,.T.);
#14868 = EDGE_CURVE('',#14779,#14869,#14871,.T.);
#14869 = VERTEX_POINT('',#14870);
#14870 = CARTESIAN_POINT('',(12.387671232877,12.1,24.75));
#14871 = SURFACE_CURVE('',#14872,(#14875,#14881),.PCURVE_S1.);
#14872 = B_SPLINE_CURVE_WITH_KNOTS('',1,(#14873,#14874),.UNSPECIFIED.,
  .F.,.F.,(2,2),(0.,1.),.PIECEWISE_BEZIER_KNOTS.);
#14873 = CARTESIAN_POINT('',(12.387671232877,22.987671232877,24.75));
#14874 = CARTESIAN_POINT('',(12.387671232877,9.012328767123,24.75));
#14875 = PCURVE('',#10231,#14876);
#14876 = DEFINITIONAL_REPRESENTATION('',(#14877),#14880);
#14877 = B_SPLINE_CURVE_WITH_KNOTS('',1,(#14878,#14879),.UNSPECIFIED.,
  .F.,.F.,(2,2),(0.,1.),.PIECEWISE_BEZIER_KNOTS.);
#14878 = CARTESIAN_POINT('',(1.232876712329E-02,12.787671232877));
#14879 = CARTESIAN_POINT('',(13.987671232877,12.787671232877));
#14880 = ( GEOMETRIC_REPRESENTATION_CONTEXT(2) 
PARAMETRIC_REPRESENTATION_CONTEXT() REPRESENTATION_CONTEXT('2D SPACE',''
  ) );
#14881 = PCURVE('',#12790,#14882);
#14882 = DEFINITIONAL_REPRESENTATION('',(#14883),#14886);
#14883 = B_SPLINE_CURVE_WITH_KNOTS('',1,(#14884,#14885),.UNSPECIFIED.,
  .F.,.F.,(2,2),(0.,1.),.PIECEWISE_BEZIER_KNOTS.);
#14884 = CARTESIAN_POINT('',(14.,0.993150684932));
#14885 = CARTESIAN_POINT('',(0.,0.993150684932));
#14886 = ( GEOMETRIC_REPRESENTATION_CONTEXT(2) 
PARAMETRIC_REPRESENTATION_CONTEXT() REPRESENTATION_CONTEXT('2D SPACE',''
  ) );
#14887 = ORIENTED_EDGE('',*,*,#14888,.T.);
#14888 = EDGE_CURVE('',#14869,#14889,#14891,.T.);
#14889 = VERTEX_POINT('',#14890);
#14890 = CARTESIAN_POINT('',(12.4,12.1,24.75));
#14891 = SURFACE_CURVE('',#14892,(#14896,#14903),.PCURVE_S1.);
#14892 = LINE('',#14893,#14894);
#14893 = CARTESIAN_POINT('',(2.8,12.1,24.75));
#14894 = VECTOR('',#14895,1.);
#14895 = DIRECTION('',(1.,1.110223024625E-16,0.));
#14896 = PCURVE('',#10231,#14897);
#14897 = DEFINITIONAL_REPRESENTATION('',(#14898),#14902);
#14898 = LINE('',#14899,#14900);
#14899 = CARTESIAN_POINT('',(10.9,3.2));
#14900 = VECTOR('',#14901,1.);
#14901 = DIRECTION('',(0.,1.));
#14902 = ( GEOMETRIC_REPRESENTATION_CONTEXT(2) 
PARAMETRIC_REPRESENTATION_CONTEXT() REPRESENTATION_CONTEXT('2D SPACE',''
  ) );
#14903 = PCURVE('',#10926,#14904);
#14904 = DEFINITIONAL_REPRESENTATION('',(#14905),#14909);
#14905 = LINE('',#14906,#14907);
#14906 = CARTESIAN_POINT('',(-6.85,3.2));
#14907 = VECTOR('',#14908,1.);
#14908 = DIRECTION('',(-0.,-1.));
#14909 = ( GEOMETRIC_REPRESENTATION_CONTEXT(2) 
PARAMETRIC_REPRESENTATION_CONTEXT() REPRESENTATION_CONTEXT('2D SPACE',''
  ) );
#14910 = ORIENTED_EDGE('',*,*,#14911,.F.);
#14911 = EDGE_CURVE('',#14844,#14889,#14912,.T.);
#14912 = SURFACE_CURVE('',#14913,(#14917,#14924),.PCURVE_S1.);
#14913 = LINE('',#14914,#14915);
#14914 = CARTESIAN_POINT('',(12.4,23.,24.75));
#14915 = VECTOR('',#14916,1.);
#14916 = DIRECTION('',(1.110223024625E-16,-1.,0.));
#14917 = PCURVE('',#10231,#14918);
#14918 = DEFINITIONAL_REPRESENTATION('',(#14919),#14923);
#14919 = LINE('',#14920,#14921);
#14920 = CARTESIAN_POINT('',(1.42108547152E-15,12.8));
#14921 = VECTOR('',#14922,1.);
#14922 = DIRECTION('',(1.,0.));
#14923 = ( GEOMETRIC_REPRESENTATION_CONTEXT(2) 
PARAMETRIC_REPRESENTATION_CONTEXT() REPRESENTATION_CONTEXT('2D SPACE',''
  ) );
#14924 = PCURVE('',#10898,#14925);
#14925 = DEFINITIONAL_REPRESENTATION('',(#14926),#14930);
#14926 = LINE('',#14927,#14928);
#14927 = CARTESIAN_POINT('',(0.,0.));
#14928 = VECTOR('',#14929,1.);
#14929 = DIRECTION('',(0.,1.));
#14930 = ( GEOMETRIC_REPRESENTATION_CONTEXT(2) 
PARAMETRIC_REPRESENTATION_CONTEXT() REPRESENTATION_CONTEXT('2D SPACE',''
  ) );
#14931 = ADVANCED_FACE('',(#14932),#10203,.F.);
#14932 = FACE_BOUND('',#14933,.F.);
#14933 = EDGE_LOOP('',(#14934,#14935,#14936,#14957));
#14934 = ORIENTED_EDGE('',*,*,#10187,.T.);
#14935 = ORIENTED_EDGE('',*,*,#14843,.T.);
#14936 = ORIENTED_EDGE('',*,*,#14937,.F.);
#14937 = EDGE_CURVE('',#10860,#14844,#14938,.T.);
#14938 = SURFACE_CURVE('',#14939,(#14943,#14950),.PCURVE_S1.);
#14939 = LINE('',#14940,#14941);
#14940 = CARTESIAN_POINT('',(12.4,23.,27.8));
#14941 = VECTOR('',#14942,1.);
#14942 = DIRECTION('',(0.,0.,-1.));
#14943 = PCURVE('',#10203,#14944);
#14944 = DEFINITIONAL_REPRESENTATION('',(#14945),#14949);
#14945 = LINE('',#14946,#14947);
#14946 = CARTESIAN_POINT('',(3.05,-12.8));
#14947 = VECTOR('',#14948,1.);
#14948 = DIRECTION('',(-1.,-0.));
#14949 = ( GEOMETRIC_REPRESENTATION_CONTEXT(2) 
PARAMETRIC_REPRESENTATION_CONTEXT() REPRESENTATION_CONTEXT('2D SPACE',''
  ) );
#14950 = PCURVE('',#10898,#14951);
#14951 = DEFINITIONAL_REPRESENTATION('',(#14952),#14956);
#14952 = LINE('',#14953,#14954);
#14953 = CARTESIAN_POINT('',(3.05,0.));
#14954 = VECTOR('',#14955,1.);
#14955 = DIRECTION('',(-1.,0.));
#14956 = ( GEOMETRIC_REPRESENTATION_CONTEXT(2) 
PARAMETRIC_REPRESENTATION_CONTEXT() REPRESENTATION_CONTEXT('2D SPACE',''
  ) );
#14957 = ORIENTED_EDGE('',*,*,#10859,.F.);
#14958 = ADVANCED_FACE('',(#14959),#10152,.T.);
#14959 = FACE_BOUND('',#14960,.T.);
#14960 = EDGE_LOOP('',(#14961,#14962,#14985,#15006));
#14961 = ORIENTED_EDGE('',*,*,#10136,.T.);
#14962 = ORIENTED_EDGE('',*,*,#14963,.T.);
#14963 = EDGE_CURVE('',#10109,#14964,#14966,.T.);
#14964 = VERTEX_POINT('',#14965);
#14965 = CARTESIAN_POINT('',(12.4,47.7,24.75));
#14966 = SURFACE_CURVE('',#14967,(#14971,#14978),.PCURVE_S1.);
#14967 = LINE('',#14968,#14969);
#14968 = CARTESIAN_POINT('',(-0.4,47.7,24.75));
#14969 = VECTOR('',#14970,1.);
#14970 = DIRECTION('',(1.,1.110223024625E-16,0.));
#14971 = PCURVE('',#10152,#14972);
#14972 = DEFINITIONAL_REPRESENTATION('',(#14973),#14977);
#14973 = LINE('',#14974,#14975);
#14974 = CARTESIAN_POINT('',(0.,0.));
#14975 = VECTOR('',#14976,1.);
#14976 = DIRECTION('',(0.,-1.));
#14977 = ( GEOMETRIC_REPRESENTATION_CONTEXT(2) 
PARAMETRIC_REPRESENTATION_CONTEXT() REPRESENTATION_CONTEXT('2D SPACE',''
  ) );
#14978 = PCURVE('',#10124,#14979);
#14979 = DEFINITIONAL_REPRESENTATION('',(#14980),#14984);
#14980 = LINE('',#14981,#14982);
#14981 = CARTESIAN_POINT('',(14.,0.));
#14982 = VECTOR('',#14983,1.);
#14983 = DIRECTION('',(0.,1.));
#14984 = ( GEOMETRIC_REPRESENTATION_CONTEXT(2) 
PARAMETRIC_REPRESENTATION_CONTEXT() REPRESENTATION_CONTEXT('2D SPACE',''
  ) );
#14985 = ORIENTED_EDGE('',*,*,#14986,.F.);
#14986 = EDGE_CURVE('',#10810,#14964,#14987,.T.);
#14987 = SURFACE_CURVE('',#14988,(#14992,#14999),.PCURVE_S1.);
#14988 = LINE('',#14989,#14990);
#14989 = CARTESIAN_POINT('',(12.4,47.7,27.8));
#14990 = VECTOR('',#14991,1.);
#14991 = DIRECTION('',(0.,0.,-1.));
#14992 = PCURVE('',#10152,#14993);
#14993 = DEFINITIONAL_REPRESENTATION('',(#14994),#14998);
#14994 = LINE('',#14995,#14996);
#14995 = CARTESIAN_POINT('',(3.05,-12.8));
#14996 = VECTOR('',#14997,1.);
#14997 = DIRECTION('',(-1.,-0.));
#14998 = ( GEOMETRIC_REPRESENTATION_CONTEXT(2) 
PARAMETRIC_REPRESENTATION_CONTEXT() REPRESENTATION_CONTEXT('2D SPACE',''
  ) );
#14999 = PCURVE('',#10825,#15000);
#15000 = DEFINITIONAL_REPRESENTATION('',(#15001),#15005);
#15001 = LINE('',#15002,#15003);
#15002 = CARTESIAN_POINT('',(3.05,14.));
#15003 = VECTOR('',#15004,1.);
#15004 = DIRECTION('',(-1.,0.));
#15005 = ( GEOMETRIC_REPRESENTATION_CONTEXT(2) 
PARAMETRIC_REPRESENTATION_CONTEXT() REPRESENTATION_CONTEXT('2D SPACE',''
  ) );
#15006 = ORIENTED_EDGE('',*,*,#10837,.F.);
#15007 = ADVANCED_FACE('',(#15008),#10124,.F.);
#15008 = FACE_BOUND('',#15009,.F.);
#15009 = EDGE_LOOP('',(#15010,#15033,#15034,#15054,#15079,#15097,#15098,
    #15099));
#15010 = ORIENTED_EDGE('',*,*,#15011,.F.);
#15011 = EDGE_CURVE('',#14537,#15012,#15014,.T.);
#15012 = VERTEX_POINT('',#15013);
#15013 = CARTESIAN_POINT('',(12.4,61.7,24.75));
#15014 = SURFACE_CURVE('',#15015,(#15019,#15026),.PCURVE_S1.);
#15015 = LINE('',#15016,#15017);
#15016 = CARTESIAN_POINT('',(-0.4,61.7,24.75));
#15017 = VECTOR('',#15018,1.);
#15018 = DIRECTION('',(1.,1.110223024625E-16,0.));
#15019 = PCURVE('',#10124,#15020);
#15020 = DEFINITIONAL_REPRESENTATION('',(#15021),#15025);
#15021 = LINE('',#15022,#15023);
#15022 = CARTESIAN_POINT('',(0.,0.));
#15023 = VECTOR('',#15024,1.);
#15024 = DIRECTION('',(0.,1.));
#15025 = ( GEOMETRIC_REPRESENTATION_CONTEXT(2) 
PARAMETRIC_REPRESENTATION_CONTEXT() REPRESENTATION_CONTEXT('2D SPACE',''
  ) );
#15026 = PCURVE('',#10797,#15027);
#15027 = DEFINITIONAL_REPRESENTATION('',(#15028),#15032);
#15028 = LINE('',#15029,#15030);
#15029 = CARTESIAN_POINT('',(0.,0.));
#15030 = VECTOR('',#15031,1.);
#15031 = DIRECTION('',(0.,-1.));
#15032 = ( GEOMETRIC_REPRESENTATION_CONTEXT(2) 
PARAMETRIC_REPRESENTATION_CONTEXT() REPRESENTATION_CONTEXT('2D SPACE',''
  ) );
#15033 = ORIENTED_EDGE('',*,*,#14559,.F.);
#15034 = ORIENTED_EDGE('',*,*,#15035,.T.);
#15035 = EDGE_CURVE('',#14469,#15036,#15038,.T.);
#15036 = VERTEX_POINT('',#15037);
#15037 = CARTESIAN_POINT('',(12.387671232877,61.687671232877,24.75));
#15038 = SURFACE_CURVE('',#15039,(#15042,#15048),.PCURVE_S1.);
#15039 = B_SPLINE_CURVE_WITH_KNOTS('',1,(#15040,#15041),.UNSPECIFIED.,
  .F.,.F.,(2,2),(0.,1.),.PIECEWISE_BEZIER_KNOTS.);
#15040 = CARTESIAN_POINT('',(-0.387671232877,61.687671232877,24.75));
#15041 = CARTESIAN_POINT('',(12.387671232877,61.687671232877,24.75));
#15042 = PCURVE('',#10124,#15043);
#15043 = DEFINITIONAL_REPRESENTATION('',(#15044),#15047);
#15044 = B_SPLINE_CURVE_WITH_KNOTS('',1,(#15045,#15046),.UNSPECIFIED.,
  .F.,.F.,(2,2),(0.,1.),.PIECEWISE_BEZIER_KNOTS.);
#15045 = CARTESIAN_POINT('',(1.232876712329E-02,1.232876712329E-02));
#15046 = CARTESIAN_POINT('',(1.232876712329E-02,12.787671232877));
#15047 = ( GEOMETRIC_REPRESENTATION_CONTEXT(2) 
PARAMETRIC_REPRESENTATION_CONTEXT() REPRESENTATION_CONTEXT('2D SPACE',''
  ) );
#15048 = PCURVE('',#10015,#15049);
#15049 = DEFINITIONAL_REPRESENTATION('',(#15050),#15053);
#15050 = B_SPLINE_CURVE_WITH_KNOTS('',1,(#15051,#15052),.UNSPECIFIED.,
  .F.,.F.,(2,2),(0.,1.),.PIECEWISE_BEZIER_KNOTS.);
#15051 = CARTESIAN_POINT('',(12.8,0.993150684932));
#15052 = CARTESIAN_POINT('',(0.,0.993150684932));
#15053 = ( GEOMETRIC_REPRESENTATION_CONTEXT(2) 
PARAMETRIC_REPRESENTATION_CONTEXT() REPRESENTATION_CONTEXT('2D SPACE',''
  ) );
#15054 = ORIENTED_EDGE('',*,*,#15055,.T.);
#15055 = EDGE_CURVE('',#15036,#15056,#15058,.T.);
#15056 = VERTEX_POINT('',#15057);
#15057 = CARTESIAN_POINT('',(12.387671232877,47.712328767123,24.75));
#15058 = SURFACE_CURVE('',#15059,(#15062,#15068),.PCURVE_S1.);
#15059 = B_SPLINE_CURVE_WITH_KNOTS('',1,(#15060,#15061),.UNSPECIFIED.,
  .F.,.F.,(2,2),(0.,1.),.PIECEWISE_BEZIER_KNOTS.);
#15060 = CARTESIAN_POINT('',(12.387671232877,61.687671232877,24.75));
#15061 = CARTESIAN_POINT('',(12.387671232877,47.712328767123,24.75));
#15062 = PCURVE('',#10124,#15063);
#15063 = DEFINITIONAL_REPRESENTATION('',(#15064),#15067);
#15064 = B_SPLINE_CURVE_WITH_KNOTS('',1,(#15065,#15066),.UNSPECIFIED.,
  .F.,.F.,(2,2),(0.,1.),.PIECEWISE_BEZIER_KNOTS.);
#15065 = CARTESIAN_POINT('',(1.232876712329E-02,12.787671232877));
#15066 = CARTESIAN_POINT('',(13.987671232877,12.787671232877));
#15067 = ( GEOMETRIC_REPRESENTATION_CONTEXT(2) 
PARAMETRIC_REPRESENTATION_CONTEXT() REPRESENTATION_CONTEXT('2D SPACE',''
  ) );
#15068 = PCURVE('',#15069,#15074);
#15069 = B_SPLINE_SURFACE_WITH_KNOTS('',1,1,(
    (#15070,#15071)
    ,(#15072,#15073
    )),.UNSPECIFIED.,.F.,.F.,.F.,(2,2),(2,2),(0.,14.),(0.,1.),
  .PIECEWISE_BEZIER_KNOTS.);
#15070 = CARTESIAN_POINT('',(10.6,49.5,17.5));
#15071 = CARTESIAN_POINT('',(12.4,47.7,24.8));
#15072 = CARTESIAN_POINT('',(10.6,59.9,17.5));
#15073 = CARTESIAN_POINT('',(12.4,61.7,24.8));
#15074 = DEFINITIONAL_REPRESENTATION('',(#15075),#15078);
#15075 = B_SPLINE_CURVE_WITH_KNOTS('',1,(#15076,#15077),.UNSPECIFIED.,
  .F.,.F.,(2,2),(0.,1.),.PIECEWISE_BEZIER_KNOTS.);
#15076 = CARTESIAN_POINT('',(14.,0.993150684932));
#15077 = CARTESIAN_POINT('',(0.,0.993150684932));
#15078 = ( GEOMETRIC_REPRESENTATION_CONTEXT(2) 
PARAMETRIC_REPRESENTATION_CONTEXT() REPRESENTATION_CONTEXT('2D SPACE',''
  ) );
#15079 = ORIENTED_EDGE('',*,*,#15080,.T.);
#15080 = EDGE_CURVE('',#15056,#10060,#15081,.T.);
#15081 = SURFACE_CURVE('',#15082,(#15085,#15091),.PCURVE_S1.);
#15082 = B_SPLINE_CURVE_WITH_KNOTS('',1,(#15083,#15084),.UNSPECIFIED.,
  .F.,.F.,(2,2),(0.,1.),.PIECEWISE_BEZIER_KNOTS.);
#15083 = CARTESIAN_POINT('',(12.387671232877,47.712328767123,24.75));
#15084 = CARTESIAN_POINT('',(-0.387671232877,47.712328767123,24.75));
#15085 = PCURVE('',#10124,#15086);
#15086 = DEFINITIONAL_REPRESENTATION('',(#15087),#15090);
#15087 = B_SPLINE_CURVE_WITH_KNOTS('',1,(#15088,#15089),.UNSPECIFIED.,
  .F.,.F.,(2,2),(0.,1.),.PIECEWISE_BEZIER_KNOTS.);
#15088 = CARTESIAN_POINT('',(13.987671232877,12.787671232877));
#15089 = CARTESIAN_POINT('',(13.987671232877,1.232876712329E-02));
#15090 = ( GEOMETRIC_REPRESENTATION_CONTEXT(2) 
PARAMETRIC_REPRESENTATION_CONTEXT() REPRESENTATION_CONTEXT('2D SPACE',''
  ) );
#15091 = PCURVE('',#10089,#15092);
#15092 = DEFINITIONAL_REPRESENTATION('',(#15093),#15096);
#15093 = B_SPLINE_CURVE_WITH_KNOTS('',1,(#15094,#15095),.UNSPECIFIED.,
  .F.,.F.,(2,2),(0.,1.),.PIECEWISE_BEZIER_KNOTS.);
#15094 = CARTESIAN_POINT('',(12.8,0.993150684932));
#15095 = CARTESIAN_POINT('',(0.,0.993150684932));
#15096 = ( GEOMETRIC_REPRESENTATION_CONTEXT(2) 
PARAMETRIC_REPRESENTATION_CONTEXT() REPRESENTATION_CONTEXT('2D SPACE',''
  ) );
#15097 = ORIENTED_EDGE('',*,*,#10108,.T.);
#15098 = ORIENTED_EDGE('',*,*,#14963,.T.);
#15099 = ORIENTED_EDGE('',*,*,#15100,.F.);
#15100 = EDGE_CURVE('',#15012,#14964,#15101,.T.);
#15101 = SURFACE_CURVE('',#15102,(#15106,#15113),.PCURVE_S1.);
#15102 = LINE('',#15103,#15104);
#15103 = CARTESIAN_POINT('',(12.4,61.7,24.75));
#15104 = VECTOR('',#15105,1.);
#15105 = DIRECTION('',(1.110223024625E-16,-1.,0.));
#15106 = PCURVE('',#10124,#15107);
#15107 = DEFINITIONAL_REPRESENTATION('',(#15108),#15112);
#15108 = LINE('',#15109,#15110);
#15109 = CARTESIAN_POINT('',(1.42108547152E-15,12.8));
#15110 = VECTOR('',#15111,1.);
#15111 = DIRECTION('',(1.,0.));
#15112 = ( GEOMETRIC_REPRESENTATION_CONTEXT(2) 
PARAMETRIC_REPRESENTATION_CONTEXT() REPRESENTATION_CONTEXT('2D SPACE',''
  ) );
#15113 = PCURVE('',#10825,#15114);
#15114 = DEFINITIONAL_REPRESENTATION('',(#15115),#15119);
#15115 = LINE('',#15116,#15117);
#15116 = CARTESIAN_POINT('',(0.,0.));
#15117 = VECTOR('',#15118,1.);
#15118 = DIRECTION('',(0.,1.));
#15119 = ( GEOMETRIC_REPRESENTATION_CONTEXT(2) 
PARAMETRIC_REPRESENTATION_CONTEXT() REPRESENTATION_CONTEXT('2D SPACE',''
  ) );
#15120 = ADVANCED_FACE('',(#15121),#10089,.T.);
#15121 = FACE_BOUND('',#15122,.T.);
#15122 = EDGE_LOOP('',(#15123,#15145,#15172,#15192,#15193));
#15123 = ORIENTED_EDGE('',*,*,#15124,.F.);
#15124 = EDGE_CURVE('',#15125,#10035,#15127,.T.);
#15125 = VERTEX_POINT('',#15126);
#15126 = CARTESIAN_POINT('',(1.4,49.5,17.5));
#15127 = SURFACE_CURVE('',#15128,(#15131,#15138),.PCURVE_S1.);
#15128 = B_SPLINE_CURVE_WITH_KNOTS('',1,(#15129,#15130),.UNSPECIFIED.,
  .F.,.F.,(2,2),(0.,1.),.PIECEWISE_BEZIER_KNOTS.);
#15129 = CARTESIAN_POINT('',(1.4,49.5,17.5));
#15130 = CARTESIAN_POINT('',(-0.4,47.7,24.8));
#15131 = PCURVE('',#10089,#15132);
#15132 = DEFINITIONAL_REPRESENTATION('',(#15133),#15137);
#15133 = LINE('',#15134,#15135);
#15134 = CARTESIAN_POINT('',(0.,0.));
#15135 = VECTOR('',#15136,1.);
#15136 = DIRECTION('',(0.,1.));
#15137 = ( GEOMETRIC_REPRESENTATION_CONTEXT(2) 
PARAMETRIC_REPRESENTATION_CONTEXT() REPRESENTATION_CONTEXT('2D SPACE',''
  ) );
#15138 = PCURVE('',#10048,#15139);
#15139 = DEFINITIONAL_REPRESENTATION('',(#15140),#15144);
#15140 = LINE('',#15141,#15142);
#15141 = CARTESIAN_POINT('',(14.,0.));
#15142 = VECTOR('',#15143,1.);
#15143 = DIRECTION('',(0.,1.));
#15144 = ( GEOMETRIC_REPRESENTATION_CONTEXT(2) 
PARAMETRIC_REPRESENTATION_CONTEXT() REPRESENTATION_CONTEXT('2D SPACE',''
  ) );
#15145 = ORIENTED_EDGE('',*,*,#15146,.T.);
#15146 = EDGE_CURVE('',#15125,#15147,#15149,.T.);
#15147 = VERTEX_POINT('',#15148);
#15148 = CARTESIAN_POINT('',(10.6,49.5,17.5));
#15149 = SURFACE_CURVE('',#15150,(#15154,#15160),.PCURVE_S1.);
#15150 = LINE('',#15151,#15152);
#15151 = CARTESIAN_POINT('',(1.4,49.5,17.5));
#15152 = VECTOR('',#15153,1.);
#15153 = DIRECTION('',(1.,1.110223024625E-16,0.));
#15154 = PCURVE('',#10089,#15155);
#15155 = DEFINITIONAL_REPRESENTATION('',(#15156),#15159);
#15156 = B_SPLINE_CURVE_WITH_KNOTS('',1,(#15157,#15158),.UNSPECIFIED.,
  .F.,.F.,(2,2),(0.,9.2),.PIECEWISE_BEZIER_KNOTS.);
#15157 = CARTESIAN_POINT('',(0.,0.));
#15158 = CARTESIAN_POINT('',(12.8,0.));
#15159 = ( GEOMETRIC_REPRESENTATION_CONTEXT(2) 
PARAMETRIC_REPRESENTATION_CONTEXT() REPRESENTATION_CONTEXT('2D SPACE',''
  ) );
#15160 = PCURVE('',#15161,#15166);
#15161 = PLANE('',#15162);
#15162 = AXIS2_PLACEMENT_3D('',#15163,#15164,#15165);
#15163 = CARTESIAN_POINT('',(1.4,59.9,17.5));
#15164 = DIRECTION('',(0.,0.,-1.));
#15165 = DIRECTION('',(0.662573882203,-0.74899656249,0.));
#15166 = DEFINITIONAL_REPRESENTATION('',(#15167),#15171);
#15167 = LINE('',#15168,#15169);
#15168 = CARTESIAN_POINT('',(7.7895642499,6.890768374912));
#15169 = VECTOR('',#15170,1.);
#15170 = DIRECTION('',(0.662573882203,-0.74899656249));
#15171 = ( GEOMETRIC_REPRESENTATION_CONTEXT(2) 
PARAMETRIC_REPRESENTATION_CONTEXT() REPRESENTATION_CONTEXT('2D SPACE',''
  ) );
#15172 = ORIENTED_EDGE('',*,*,#15173,.T.);
#15173 = EDGE_CURVE('',#15147,#15056,#15174,.T.);
#15174 = SURFACE_CURVE('',#15175,(#15178,#15185),.PCURVE_S1.);
#15175 = B_SPLINE_CURVE_WITH_KNOTS('',1,(#15176,#15177),.UNSPECIFIED.,
  .F.,.F.,(2,2),(0.,1.),.PIECEWISE_BEZIER_KNOTS.);
#15176 = CARTESIAN_POINT('',(10.6,49.5,17.5));
#15177 = CARTESIAN_POINT('',(12.4,47.7,24.8));
#15178 = PCURVE('',#10089,#15179);
#15179 = DEFINITIONAL_REPRESENTATION('',(#15180),#15184);
#15180 = LINE('',#15181,#15182);
#15181 = CARTESIAN_POINT('',(12.8,0.));
#15182 = VECTOR('',#15183,1.);
#15183 = DIRECTION('',(0.,1.));
#15184 = ( GEOMETRIC_REPRESENTATION_CONTEXT(2) 
PARAMETRIC_REPRESENTATION_CONTEXT() REPRESENTATION_CONTEXT('2D SPACE',''
  ) );
#15185 = PCURVE('',#15069,#15186);
#15186 = DEFINITIONAL_REPRESENTATION('',(#15187),#15191);
#15187 = LINE('',#15188,#15189);
#15188 = CARTESIAN_POINT('',(0.,0.));
#15189 = VECTOR('',#15190,1.);
#15190 = DIRECTION('',(0.,1.));
#15191 = ( GEOMETRIC_REPRESENTATION_CONTEXT(2) 
PARAMETRIC_REPRESENTATION_CONTEXT() REPRESENTATION_CONTEXT('2D SPACE',''
  ) );
#15192 = ORIENTED_EDGE('',*,*,#15080,.T.);
#15193 = ORIENTED_EDGE('',*,*,#10059,.T.);
#15194 = ADVANCED_FACE('',(#15195),#10048,.T.);
#15195 = FACE_BOUND('',#15196,.T.);
#15196 = EDGE_LOOP('',(#15197,#15219,#15239,#15240));
#15197 = ORIENTED_EDGE('',*,*,#15198,.F.);
#15198 = EDGE_CURVE('',#15199,#9986,#15201,.T.);
#15199 = VERTEX_POINT('',#15200);
#15200 = CARTESIAN_POINT('',(1.4,59.9,17.5));
#15201 = SURFACE_CURVE('',#15202,(#15205,#15212),.PCURVE_S1.);
#15202 = B_SPLINE_CURVE_WITH_KNOTS('',1,(#15203,#15204),.UNSPECIFIED.,
  .F.,.F.,(2,2),(0.,1.),.PIECEWISE_BEZIER_KNOTS.);
#15203 = CARTESIAN_POINT('',(1.4,59.9,17.5));
#15204 = CARTESIAN_POINT('',(-0.4,61.7,24.8));
#15205 = PCURVE('',#10048,#15206);
#15206 = DEFINITIONAL_REPRESENTATION('',(#15207),#15211);
#15207 = LINE('',#15208,#15209);
#15208 = CARTESIAN_POINT('',(0.,0.));
#15209 = VECTOR('',#15210,1.);
#15210 = DIRECTION('',(0.,1.));
#15211 = ( GEOMETRIC_REPRESENTATION_CONTEXT(2) 
PARAMETRIC_REPRESENTATION_CONTEXT() REPRESENTATION_CONTEXT('2D SPACE',''
  ) );
#15212 = PCURVE('',#10015,#15213);
#15213 = DEFINITIONAL_REPRESENTATION('',(#15214),#15218);
#15214 = LINE('',#15215,#15216);
#15215 = CARTESIAN_POINT('',(12.8,0.));
#15216 = VECTOR('',#15217,1.);
#15217 = DIRECTION('',(0.,1.));
#15218 = ( GEOMETRIC_REPRESENTATION_CONTEXT(2) 
PARAMETRIC_REPRESENTATION_CONTEXT() REPRESENTATION_CONTEXT('2D SPACE',''
  ) );
#15219 = ORIENTED_EDGE('',*,*,#15220,.T.);
#15220 = EDGE_CURVE('',#15199,#15125,#15221,.T.);
#15221 = SURFACE_CURVE('',#15222,(#15226,#15232),.PCURVE_S1.);
#15222 = LINE('',#15223,#15224);
#15223 = CARTESIAN_POINT('',(1.4,59.9,17.5));
#15224 = VECTOR('',#15225,1.);
#15225 = DIRECTION('',(1.110223024625E-16,-1.,0.));
#15226 = PCURVE('',#10048,#15227);
#15227 = DEFINITIONAL_REPRESENTATION('',(#15228),#15231);
#15228 = B_SPLINE_CURVE_WITH_KNOTS('',1,(#15229,#15230),.UNSPECIFIED.,
  .F.,.F.,(2,2),(0.,10.4),.PIECEWISE_BEZIER_KNOTS.);
#15229 = CARTESIAN_POINT('',(0.,0.));
#15230 = CARTESIAN_POINT('',(14.,0.));
#15231 = ( GEOMETRIC_REPRESENTATION_CONTEXT(2) 
PARAMETRIC_REPRESENTATION_CONTEXT() REPRESENTATION_CONTEXT('2D SPACE',''
  ) );
#15232 = PCURVE('',#15161,#15233);
#15233 = DEFINITIONAL_REPRESENTATION('',(#15234),#15238);
#15234 = LINE('',#15235,#15236);
#15235 = CARTESIAN_POINT('',(8.827257354445E-16,-9.978638748503E-16));
#15236 = VECTOR('',#15237,1.);
#15237 = DIRECTION('',(0.74899656249,0.662573882203));
#15238 = ( GEOMETRIC_REPRESENTATION_CONTEXT(2) 
PARAMETRIC_REPRESENTATION_CONTEXT() REPRESENTATION_CONTEXT('2D SPACE',''
  ) );
#15239 = ORIENTED_EDGE('',*,*,#15124,.T.);
#15240 = ORIENTED_EDGE('',*,*,#10034,.T.);
#15241 = ADVANCED_FACE('',(#15242),#10015,.T.);
#15242 = FACE_BOUND('',#15243,.T.);
#15243 = EDGE_LOOP('',(#15244,#15266,#15286,#15287,#15288,#15306,#15307,
    #15308,#15309));
#15244 = ORIENTED_EDGE('',*,*,#15245,.F.);
#15245 = EDGE_CURVE('',#15246,#15036,#15248,.T.);
#15246 = VERTEX_POINT('',#15247);
#15247 = CARTESIAN_POINT('',(10.6,59.9,17.5));
#15248 = SURFACE_CURVE('',#15249,(#15252,#15259),.PCURVE_S1.);
#15249 = B_SPLINE_CURVE_WITH_KNOTS('',1,(#15250,#15251),.UNSPECIFIED.,
  .F.,.F.,(2,2),(0.,1.),.PIECEWISE_BEZIER_KNOTS.);
#15250 = CARTESIAN_POINT('',(10.6,59.9,17.5));
#15251 = CARTESIAN_POINT('',(12.4,61.7,24.8));
#15252 = PCURVE('',#10015,#15253);
#15253 = DEFINITIONAL_REPRESENTATION('',(#15254),#15258);
#15254 = LINE('',#15255,#15256);
#15255 = CARTESIAN_POINT('',(0.,0.));
#15256 = VECTOR('',#15257,1.);
#15257 = DIRECTION('',(0.,1.));
#15258 = ( GEOMETRIC_REPRESENTATION_CONTEXT(2) 
PARAMETRIC_REPRESENTATION_CONTEXT() REPRESENTATION_CONTEXT('2D SPACE',''
  ) );
#15259 = PCURVE('',#15069,#15260);
#15260 = DEFINITIONAL_REPRESENTATION('',(#15261),#15265);
#15261 = LINE('',#15262,#15263);
#15262 = CARTESIAN_POINT('',(14.,0.));
#15263 = VECTOR('',#15264,1.);
#15264 = DIRECTION('',(0.,1.));
#15265 = ( GEOMETRIC_REPRESENTATION_CONTEXT(2) 
PARAMETRIC_REPRESENTATION_CONTEXT() REPRESENTATION_CONTEXT('2D SPACE',''
  ) );
#15266 = ORIENTED_EDGE('',*,*,#15267,.T.);
#15267 = EDGE_CURVE('',#15246,#15199,#15268,.T.);
#15268 = SURFACE_CURVE('',#15269,(#15273,#15279),.PCURVE_S1.);
#15269 = LINE('',#15270,#15271);
#15270 = CARTESIAN_POINT('',(10.6,59.9,17.5));
#15271 = VECTOR('',#15272,1.);
#15272 = DIRECTION('',(-1.,-1.110223024625E-16,0.));
#15273 = PCURVE('',#10015,#15274);
#15274 = DEFINITIONAL_REPRESENTATION('',(#15275),#15278);
#15275 = B_SPLINE_CURVE_WITH_KNOTS('',1,(#15276,#15277),.UNSPECIFIED.,
  .F.,.F.,(2,2),(0.,9.2),.PIECEWISE_BEZIER_KNOTS.);
#15276 = CARTESIAN_POINT('',(0.,0.));
#15277 = CARTESIAN_POINT('',(12.8,0.));
#15278 = ( GEOMETRIC_REPRESENTATION_CONTEXT(2) 
PARAMETRIC_REPRESENTATION_CONTEXT() REPRESENTATION_CONTEXT('2D SPACE',''
  ) );
#15279 = PCURVE('',#15161,#15280);
#15280 = DEFINITIONAL_REPRESENTATION('',(#15281),#15285);
#15281 = LINE('',#15282,#15283);
#15282 = CARTESIAN_POINT('',(6.095679716268,-6.890768374912));
#15283 = VECTOR('',#15284,1.);
#15284 = DIRECTION('',(-0.662573882203,0.74899656249));
#15285 = ( GEOMETRIC_REPRESENTATION_CONTEXT(2) 
PARAMETRIC_REPRESENTATION_CONTEXT() REPRESENTATION_CONTEXT('2D SPACE',''
  ) );
#15286 = ORIENTED_EDGE('',*,*,#15198,.T.);
#15287 = ORIENTED_EDGE('',*,*,#9985,.T.);
#15288 = ORIENTED_EDGE('',*,*,#15289,.T.);
#15289 = EDGE_CURVE('',#9958,#14288,#15290,.T.);
#15290 = SURFACE_CURVE('',#15291,(#15294,#15300),.PCURVE_S1.);
#15291 = B_SPLINE_CURVE_WITH_KNOTS('',1,(#15292,#15293),.UNSPECIFIED.,
  .F.,.F.,(2,2),(0.,1.),.PIECEWISE_BEZIER_KNOTS.);
#15292 = CARTESIAN_POINT('',(-0.387671232877,61.687671232877,24.75));
#15293 = CARTESIAN_POINT('',(12.387671232877,61.687671232877,24.75));
#15294 = PCURVE('',#10015,#15295);
#15295 = DEFINITIONAL_REPRESENTATION('',(#15296),#15299);
#15296 = B_SPLINE_CURVE_WITH_KNOTS('',1,(#15297,#15298),.UNSPECIFIED.,
  .F.,.F.,(2,2),(0.,1.),.PIECEWISE_BEZIER_KNOTS.);
#15297 = CARTESIAN_POINT('',(12.8,0.993150684932));
#15298 = CARTESIAN_POINT('',(0.,0.993150684932));
#15299 = ( GEOMETRIC_REPRESENTATION_CONTEXT(2) 
PARAMETRIC_REPRESENTATION_CONTEXT() REPRESENTATION_CONTEXT('2D SPACE',''
  ) );
#15300 = PCURVE('',#9973,#15301);
#15301 = DEFINITIONAL_REPRESENTATION('',(#15302),#15305);
#15302 = B_SPLINE_CURVE_WITH_KNOTS('',1,(#15303,#15304),.UNSPECIFIED.,
  .F.,.F.,(2,2),(0.,1.),.PIECEWISE_BEZIER_KNOTS.);
#15303 = CARTESIAN_POINT('',(1.232876712329E-02,1.232876712329E-02));
#15304 = CARTESIAN_POINT('',(1.232876712329E-02,12.787671232877));
#15305 = ( GEOMETRIC_REPRESENTATION_CONTEXT(2) 
PARAMETRIC_REPRESENTATION_CONTEXT() REPRESENTATION_CONTEXT('2D SPACE',''
  ) );
#15306 = ORIENTED_EDGE('',*,*,#14285,.F.);
#15307 = ORIENTED_EDGE('',*,*,#14445,.T.);
#15308 = ORIENTED_EDGE('',*,*,#14468,.T.);
#15309 = ORIENTED_EDGE('',*,*,#15035,.T.);
#15310 = ADVANCED_FACE('',(#15311),#9973,.F.);
#15311 = FACE_BOUND('',#15312,.F.);
#15312 = EDGE_LOOP('',(#15313,#15334,#15335,#15336));
#15313 = ORIENTED_EDGE('',*,*,#15314,.F.);
#15314 = EDGE_CURVE('',#9930,#14376,#15315,.T.);
#15315 = SURFACE_CURVE('',#15316,(#15320,#15327),.PCURVE_S1.);
#15316 = LINE('',#15317,#15318);
#15317 = CARTESIAN_POINT('',(-0.4,61.7,24.75));
#15318 = VECTOR('',#15319,1.);
#15319 = DIRECTION('',(1.,1.110223024625E-16,0.));
#15320 = PCURVE('',#9973,#15321);
#15321 = DEFINITIONAL_REPRESENTATION('',(#15322),#15326);
#15322 = LINE('',#15323,#15324);
#15323 = CARTESIAN_POINT('',(0.,0.));
#15324 = VECTOR('',#15325,1.);
#15325 = DIRECTION('',(0.,1.));
#15326 = ( GEOMETRIC_REPRESENTATION_CONTEXT(2) 
PARAMETRIC_REPRESENTATION_CONTEXT() REPRESENTATION_CONTEXT('2D SPACE',''
  ) );
#15327 = PCURVE('',#9945,#15328);
#15328 = DEFINITIONAL_REPRESENTATION('',(#15329),#15333);
#15329 = LINE('',#15330,#15331);
#15330 = CARTESIAN_POINT('',(0.,0.));
#15331 = VECTOR('',#15332,1.);
#15332 = DIRECTION('',(0.,-1.));
#15333 = ( GEOMETRIC_REPRESENTATION_CONTEXT(2) 
PARAMETRIC_REPRESENTATION_CONTEXT() REPRESENTATION_CONTEXT('2D SPACE',''
  ) );
#15334 = ORIENTED_EDGE('',*,*,#9957,.T.);
#15335 = ORIENTED_EDGE('',*,*,#15289,.T.);
#15336 = ORIENTED_EDGE('',*,*,#14398,.T.);
#15337 = ADVANCED_FACE('',(#15338),#9945,.F.);
#15338 = FACE_BOUND('',#15339,.F.);
#15339 = EDGE_LOOP('',(#15340,#15341,#15342,#15343));
#15340 = ORIENTED_EDGE('',*,*,#14238,.F.);
#15341 = ORIENTED_EDGE('',*,*,#9929,.T.);
#15342 = ORIENTED_EDGE('',*,*,#15314,.T.);
#15343 = ORIENTED_EDGE('',*,*,#14375,.T.);
#15344 = ADVANCED_FACE('',(#15345),#10526,.T.);
#15345 = FACE_BOUND('',#15346,.T.);
#15346 = EDGE_LOOP('',(#15347,#15348,#15369,#15370));
#15347 = ORIENTED_EDGE('',*,*,#10508,.F.);
#15348 = ORIENTED_EDGE('',*,*,#15349,.F.);
#15349 = EDGE_CURVE('',#11207,#10509,#15350,.T.);
#15350 = SURFACE_CURVE('',#15351,(#15355,#15362),.PCURVE_S1.);
#15351 = LINE('',#15352,#15353);
#15352 = CARTESIAN_POINT('',(15.025,39.55,24.7));
#15353 = VECTOR('',#15354,1.);
#15354 = DIRECTION('',(0.,0.,1.));
#15355 = PCURVE('',#10526,#15356);
#15356 = DEFINITIONAL_REPRESENTATION('',(#15357),#15361);
#15357 = LINE('',#15358,#15359);
#15358 = CARTESIAN_POINT('',(0.,-4.19));
#15359 = VECTOR('',#15360,1.);
#15360 = DIRECTION('',(1.,0.));
#15361 = ( GEOMETRIC_REPRESENTATION_CONTEXT(2) 
PARAMETRIC_REPRESENTATION_CONTEXT() REPRESENTATION_CONTEXT('2D SPACE',''
  ) );
#15362 = PCURVE('',#10555,#15363);
#15363 = DEFINITIONAL_REPRESENTATION('',(#15364),#15368);
#15364 = LINE('',#15365,#15366);
#15365 = CARTESIAN_POINT('',(0.,0.));
#15366 = VECTOR('',#15367,1.);
#15367 = DIRECTION('',(0.,1.));
#15368 = ( GEOMETRIC_REPRESENTATION_CONTEXT(2) 
PARAMETRIC_REPRESENTATION_CONTEXT() REPRESENTATION_CONTEXT('2D SPACE',''
  ) );
#15369 = ORIENTED_EDGE('',*,*,#11232,.T.);
#15370 = ORIENTED_EDGE('',*,*,#15371,.T.);
#15371 = EDGE_CURVE('',#11233,#10511,#15372,.T.);
#15372 = SURFACE_CURVE('',#15373,(#15377,#15384),.PCURVE_S1.);
#15373 = LINE('',#15374,#15375);
#15374 = CARTESIAN_POINT('',(21.79,39.55,24.7));
#15375 = VECTOR('',#15376,1.);
#15376 = DIRECTION('',(0.,0.,1.));
#15377 = PCURVE('',#10526,#15378);
#15378 = DEFINITIONAL_REPRESENTATION('',(#15379),#15383);
#15379 = LINE('',#15380,#15381);
#15380 = CARTESIAN_POINT('',(0.,-10.955));
#15381 = VECTOR('',#15382,1.);
#15382 = DIRECTION('',(1.,0.));
#15383 = ( GEOMETRIC_REPRESENTATION_CONTEXT(2) 
PARAMETRIC_REPRESENTATION_CONTEXT() REPRESENTATION_CONTEXT('2D SPACE',''
  ) );
#15384 = PCURVE('',#10732,#15385);
#15385 = DEFINITIONAL_REPRESENTATION('',(#15386),#15390);
#15386 = LINE('',#15387,#15388);
#15387 = CARTESIAN_POINT('',(-0.,0.));
#15388 = VECTOR('',#15389,1.);
#15389 = DIRECTION('',(-0.,1.));
#15390 = ( GEOMETRIC_REPRESENTATION_CONTEXT(2) 
PARAMETRIC_REPRESENTATION_CONTEXT() REPRESENTATION_CONTEXT('2D SPACE',''
  ) );
#15391 = ADVANCED_FACE('',(#15392),#10555,.F.);
#15392 = FACE_BOUND('',#15393,.F.);
#15393 = EDGE_LOOP('',(#15394,#15395,#15396,#15417));
#15394 = ORIENTED_EDGE('',*,*,#15349,.F.);
#15395 = ORIENTED_EDGE('',*,*,#11206,.T.);
#15396 = ORIENTED_EDGE('',*,*,#15397,.T.);
#15397 = EDGE_CURVE('',#11209,#10539,#15398,.T.);
#15398 = SURFACE_CURVE('',#15399,(#15403,#15410),.PCURVE_S1.);
#15399 = LINE('',#15400,#15401);
#15400 = CARTESIAN_POINT('',(10.835,35.36,24.7));
#15401 = VECTOR('',#15402,1.);
#15402 = DIRECTION('',(0.,0.,1.));
#15403 = PCURVE('',#10555,#15404);
#15404 = DEFINITIONAL_REPRESENTATION('',(#15405),#15409);
#15405 = LINE('',#15406,#15407);
#15406 = CARTESIAN_POINT('',(1.570796326795,0.));
#15407 = VECTOR('',#15408,1.);
#15408 = DIRECTION('',(0.,1.));
#15409 = ( GEOMETRIC_REPRESENTATION_CONTEXT(2) 
PARAMETRIC_REPRESENTATION_CONTEXT() REPRESENTATION_CONTEXT('2D SPACE',''
  ) );
#15410 = PCURVE('',#10583,#15411);
#15411 = DEFINITIONAL_REPRESENTATION('',(#15412),#15416);
#15412 = LINE('',#15413,#15414);
#15413 = CARTESIAN_POINT('',(0.,4.19));
#15414 = VECTOR('',#15415,1.);
#15415 = DIRECTION('',(1.,0.));
#15416 = ( GEOMETRIC_REPRESENTATION_CONTEXT(2) 
PARAMETRIC_REPRESENTATION_CONTEXT() REPRESENTATION_CONTEXT('2D SPACE',''
  ) );
#15417 = ORIENTED_EDGE('',*,*,#10538,.F.);
#15418 = ADVANCED_FACE('',(#15419),#10732,.F.);
#15419 = FACE_BOUND('',#15420,.T.);
#15420 = EDGE_LOOP('',(#15421,#15422,#15423,#15444));
#15421 = ORIENTED_EDGE('',*,*,#15371,.F.);
#15422 = ORIENTED_EDGE('',*,*,#11255,.F.);
#15423 = ORIENTED_EDGE('',*,*,#15424,.T.);
#15424 = EDGE_CURVE('',#11256,#10686,#15425,.T.);
#15425 = SURFACE_CURVE('',#15426,(#15430,#15437),.PCURVE_S1.);
#15426 = LINE('',#15427,#15428);
#15427 = CARTESIAN_POINT('',(25.98,35.36,24.7));
#15428 = VECTOR('',#15429,1.);
#15429 = DIRECTION('',(0.,0.,1.));
#15430 = PCURVE('',#10732,#15431);
#15431 = DEFINITIONAL_REPRESENTATION('',(#15432),#15436);
#15432 = LINE('',#15433,#15434);
#15433 = CARTESIAN_POINT('',(-1.570796326795,0.));
#15434 = VECTOR('',#15435,1.);
#15435 = DIRECTION('',(-0.,1.));
#15436 = ( GEOMETRIC_REPRESENTATION_CONTEXT(2) 
PARAMETRIC_REPRESENTATION_CONTEXT() REPRESENTATION_CONTEXT('2D SPACE',''
  ) );
#15437 = PCURVE('',#10701,#15438);
#15438 = DEFINITIONAL_REPRESENTATION('',(#15439),#15443);
#15439 = LINE('',#15440,#15441);
#15440 = CARTESIAN_POINT('',(0.,4.19));
#15441 = VECTOR('',#15442,1.);
#15442 = DIRECTION('',(1.,0.));
#15443 = ( GEOMETRIC_REPRESENTATION_CONTEXT(2) 
PARAMETRIC_REPRESENTATION_CONTEXT() REPRESENTATION_CONTEXT('2D SPACE',''
  ) );
#15444 = ORIENTED_EDGE('',*,*,#10713,.F.);
#15445 = ADVANCED_FACE('',(#15446),#10583,.T.);
#15446 = FACE_BOUND('',#15447,.T.);
#15447 = EDGE_LOOP('',(#15448,#15449,#15450,#15451));
#15448 = ORIENTED_EDGE('',*,*,#11373,.T.);
#15449 = ORIENTED_EDGE('',*,*,#15397,.T.);
#15450 = ORIENTED_EDGE('',*,*,#10567,.T.);
#15451 = ORIENTED_EDGE('',*,*,#15452,.F.);
#15452 = EDGE_CURVE('',#11350,#10568,#15453,.T.);
#15453 = SURFACE_CURVE('',#15454,(#15458,#15465),.PCURVE_S1.);
#15454 = LINE('',#15455,#15456);
#15455 = CARTESIAN_POINT('',(10.835,35.34,24.7));
#15456 = VECTOR('',#15457,1.);
#15457 = DIRECTION('',(0.,0.,1.));
#15458 = PCURVE('',#10583,#15459);
#15459 = DEFINITIONAL_REPRESENTATION('',(#15460),#15464);
#15460 = LINE('',#15461,#15462);
#15461 = CARTESIAN_POINT('',(0.,4.21));
#15462 = VECTOR('',#15463,1.);
#15463 = DIRECTION('',(1.,0.));
#15464 = ( GEOMETRIC_REPRESENTATION_CONTEXT(2) 
PARAMETRIC_REPRESENTATION_CONTEXT() REPRESENTATION_CONTEXT('2D SPACE',''
  ) );
#15465 = PCURVE('',#10616,#15466);
#15466 = DEFINITIONAL_REPRESENTATION('',(#15467),#15471);
#15467 = LINE('',#15468,#15469);
#15468 = CARTESIAN_POINT('',(-1.570796326795,0.));
#15469 = VECTOR('',#15470,1.);
#15470 = DIRECTION('',(-0.,1.));
#15471 = ( GEOMETRIC_REPRESENTATION_CONTEXT(2) 
PARAMETRIC_REPRESENTATION_CONTEXT() REPRESENTATION_CONTEXT('2D SPACE',''
  ) );
#15472 = ADVANCED_FACE('',(#15473),#10701,.F.);
#15473 = FACE_BOUND('',#15474,.F.);
#15474 = EDGE_LOOP('',(#15475,#15476,#15477,#15478));
#15475 = ORIENTED_EDGE('',*,*,#11279,.T.);
#15476 = ORIENTED_EDGE('',*,*,#15424,.T.);
#15477 = ORIENTED_EDGE('',*,*,#10685,.T.);
#15478 = ORIENTED_EDGE('',*,*,#15479,.F.);
#15479 = EDGE_CURVE('',#11280,#10657,#15480,.T.);
#15480 = SURFACE_CURVE('',#15481,(#15485,#15492),.PCURVE_S1.);
#15481 = LINE('',#15482,#15483);
#15482 = CARTESIAN_POINT('',(25.98,35.34,24.7));
#15483 = VECTOR('',#15484,1.);
#15484 = DIRECTION('',(0.,0.,1.));
#15485 = PCURVE('',#10701,#15486);
#15486 = DEFINITIONAL_REPRESENTATION('',(#15487),#15491);
#15487 = LINE('',#15488,#15489);
#15488 = CARTESIAN_POINT('',(0.,4.21));
#15489 = VECTOR('',#15490,1.);
#15490 = DIRECTION('',(1.,0.));
#15491 = ( GEOMETRIC_REPRESENTATION_CONTEXT(2) 
PARAMETRIC_REPRESENTATION_CONTEXT() REPRESENTATION_CONTEXT('2D SPACE',''
  ) );
#15492 = PCURVE('',#10673,#15493);
#15493 = DEFINITIONAL_REPRESENTATION('',(#15494),#15498);
#15494 = LINE('',#15495,#15496);
#15495 = CARTESIAN_POINT('',(1.570796326795,0.));
#15496 = VECTOR('',#15497,1.);
#15497 = DIRECTION('',(0.,1.));
#15498 = ( GEOMETRIC_REPRESENTATION_CONTEXT(2) 
PARAMETRIC_REPRESENTATION_CONTEXT() REPRESENTATION_CONTEXT('2D SPACE',''
  ) );
#15499 = ADVANCED_FACE('',(#15500),#10616,.F.);
#15500 = FACE_BOUND('',#15501,.T.);
#15501 = EDGE_LOOP('',(#15502,#15523,#15524,#15525));
#15502 = ORIENTED_EDGE('',*,*,#15503,.F.);
#15503 = EDGE_CURVE('',#11327,#10596,#15504,.T.);
#15504 = SURFACE_CURVE('',#15505,(#15509,#15516),.PCURVE_S1.);
#15505 = LINE('',#15506,#15507);
#15506 = CARTESIAN_POINT('',(15.025,31.15,24.7));
#15507 = VECTOR('',#15508,1.);
#15508 = DIRECTION('',(0.,0.,1.));
#15509 = PCURVE('',#10616,#15510);
#15510 = DEFINITIONAL_REPRESENTATION('',(#15511),#15515);
#15511 = LINE('',#15512,#15513);
#15512 = CARTESIAN_POINT('',(-0.,0.));
#15513 = VECTOR('',#15514,1.);
#15514 = DIRECTION('',(-0.,1.));
#15515 = ( GEOMETRIC_REPRESENTATION_CONTEXT(2) 
PARAMETRIC_REPRESENTATION_CONTEXT() REPRESENTATION_CONTEXT('2D SPACE',''
  ) );
#15516 = PCURVE('',#10644,#15517);
#15517 = DEFINITIONAL_REPRESENTATION('',(#15518),#15522);
#15518 = LINE('',#15519,#15520);
#15519 = CARTESIAN_POINT('',(0.,-4.19));
#15520 = VECTOR('',#15521,1.);
#15521 = DIRECTION('',(1.,0.));
#15522 = ( GEOMETRIC_REPRESENTATION_CONTEXT(2) 
PARAMETRIC_REPRESENTATION_CONTEXT() REPRESENTATION_CONTEXT('2D SPACE',''
  ) );
#15523 = ORIENTED_EDGE('',*,*,#11349,.F.);
#15524 = ORIENTED_EDGE('',*,*,#15452,.T.);
#15525 = ORIENTED_EDGE('',*,*,#10595,.F.);
#15526 = ADVANCED_FACE('',(#15527),#10673,.F.);
#15527 = FACE_BOUND('',#15528,.F.);
#15528 = EDGE_LOOP('',(#15529,#15550,#15551,#15552));
#15529 = ORIENTED_EDGE('',*,*,#15530,.F.);
#15530 = EDGE_CURVE('',#11303,#10629,#15531,.T.);
#15531 = SURFACE_CURVE('',#15532,(#15536,#15543),.PCURVE_S1.);
#15532 = LINE('',#15533,#15534);
#15533 = CARTESIAN_POINT('',(21.79,31.15,24.7));
#15534 = VECTOR('',#15535,1.);
#15535 = DIRECTION('',(0.,0.,1.));
#15536 = PCURVE('',#10673,#15537);
#15537 = DEFINITIONAL_REPRESENTATION('',(#15538),#15542);
#15538 = LINE('',#15539,#15540);
#15539 = CARTESIAN_POINT('',(0.,0.));
#15540 = VECTOR('',#15541,1.);
#15541 = DIRECTION('',(0.,1.));
#15542 = ( GEOMETRIC_REPRESENTATION_CONTEXT(2) 
PARAMETRIC_REPRESENTATION_CONTEXT() REPRESENTATION_CONTEXT('2D SPACE',''
  ) );
#15543 = PCURVE('',#10644,#15544);
#15544 = DEFINITIONAL_REPRESENTATION('',(#15545),#15549);
#15545 = LINE('',#15546,#15547);
#15546 = CARTESIAN_POINT('',(0.,-10.955));
#15547 = VECTOR('',#15548,1.);
#15548 = DIRECTION('',(1.,0.));
#15549 = ( GEOMETRIC_REPRESENTATION_CONTEXT(2) 
PARAMETRIC_REPRESENTATION_CONTEXT() REPRESENTATION_CONTEXT('2D SPACE',''
  ) );
#15550 = ORIENTED_EDGE('',*,*,#11302,.T.);
#15551 = ORIENTED_EDGE('',*,*,#15479,.T.);
#15552 = ORIENTED_EDGE('',*,*,#10656,.F.);
#15553 = ADVANCED_FACE('',(#15554),#10644,.F.);
#15554 = FACE_BOUND('',#15555,.F.);
#15555 = EDGE_LOOP('',(#15556,#15557,#15558,#15559));
#15556 = ORIENTED_EDGE('',*,*,#10628,.F.);
#15557 = ORIENTED_EDGE('',*,*,#15503,.F.);
#15558 = ORIENTED_EDGE('',*,*,#11326,.T.);
#15559 = ORIENTED_EDGE('',*,*,#15530,.T.);
#15560 = ADVANCED_FACE('',(#15561),#11122,.F.);
#15561 = FACE_BOUND('',#15562,.F.);
#15562 = EDGE_LOOP('',(#15563,#15564,#15565,#15566));
#15563 = ORIENTED_EDGE('',*,*,#13349,.F.);
#15564 = ORIENTED_EDGE('',*,*,#13421,.F.);
#15565 = ORIENTED_EDGE('',*,*,#14140,.T.);
#15566 = ORIENTED_EDGE('',*,*,#11106,.F.);
#15567 = ADVANCED_FACE('',(#15568),#10983,.T.);
#15568 = FACE_BOUND('',#15569,.F.);
#15569 = EDGE_LOOP('',(#15570,#15593,#15594,#15595,#15596,#15617,#15618,
    #15641));
#15570 = ORIENTED_EDGE('',*,*,#15571,.F.);
#15571 = EDGE_CURVE('',#13050,#15572,#15574,.T.);
#15572 = VERTEX_POINT('',#15573);
#15573 = CARTESIAN_POINT('',(22.2,2.126101141925,20.7));
#15574 = SURFACE_CURVE('',#15575,(#15579,#15586),.PCURVE_S1.);
#15575 = LINE('',#15576,#15577);
#15576 = CARTESIAN_POINT('',(22.2,2.126101141925,17.9));
#15577 = VECTOR('',#15578,1.);
#15578 = DIRECTION('',(0.,0.,1.));
#15579 = PCURVE('',#10983,#15580);
#15580 = DEFINITIONAL_REPRESENTATION('',(#15581),#15585);
#15581 = LINE('',#15582,#15583);
#15582 = CARTESIAN_POINT('',(-0.,2.026101141925));
#15583 = VECTOR('',#15584,1.);
#15584 = DIRECTION('',(-1.,0.));
#15585 = ( GEOMETRIC_REPRESENTATION_CONTEXT(2) 
PARAMETRIC_REPRESENTATION_CONTEXT() REPRESENTATION_CONTEXT('2D SPACE',''
  ) );
#15586 = PCURVE('',#13065,#15587);
#15587 = DEFINITIONAL_REPRESENTATION('',(#15588),#15592);
#15588 = LINE('',#15589,#15590);
#15589 = CARTESIAN_POINT('',(-29.86588319447,0.));
#15590 = VECTOR('',#15591,1.);
#15591 = DIRECTION('',(-0.,-1.));
#15592 = ( GEOMETRIC_REPRESENTATION_CONTEXT(2) 
PARAMETRIC_REPRESENTATION_CONTEXT() REPRESENTATION_CONTEXT('2D SPACE',''
  ) );
#15593 = ORIENTED_EDGE('',*,*,#13077,.F.);
#15594 = ORIENTED_EDGE('',*,*,#13241,.T.);
#15595 = ORIENTED_EDGE('',*,*,#10967,.F.);
#15596 = ORIENTED_EDGE('',*,*,#15597,.F.);
#15597 = EDGE_CURVE('',#12825,#10939,#15598,.T.);
#15598 = SURFACE_CURVE('',#15599,(#15603,#15610),.PCURVE_S1.);
#15599 = LINE('',#15600,#15601);
#15600 = CARTESIAN_POINT('',(22.2,11.45,17.9));
#15601 = VECTOR('',#15602,1.);
#15602 = DIRECTION('',(0.,0.,1.));
#15603 = PCURVE('',#10983,#15604);
#15604 = DEFINITIONAL_REPRESENTATION('',(#15605),#15609);
#15605 = LINE('',#15606,#15607);
#15606 = CARTESIAN_POINT('',(-0.,11.35));
#15607 = VECTOR('',#15608,1.);
#15608 = DIRECTION('',(-1.,0.));
#15609 = ( GEOMETRIC_REPRESENTATION_CONTEXT(2) 
PARAMETRIC_REPRESENTATION_CONTEXT() REPRESENTATION_CONTEXT('2D SPACE',''
  ) );
#15610 = PCURVE('',#10955,#15611);
#15611 = DEFINITIONAL_REPRESENTATION('',(#15612),#15616);
#15612 = LINE('',#15613,#15614);
#15613 = CARTESIAN_POINT('',(-1.570796326795,0.));
#15614 = VECTOR('',#15615,1.);
#15615 = DIRECTION('',(-0.,1.));
#15616 = ( GEOMETRIC_REPRESENTATION_CONTEXT(2) 
PARAMETRIC_REPRESENTATION_CONTEXT() REPRESENTATION_CONTEXT('2D SPACE',''
  ) );
#15617 = ORIENTED_EDGE('',*,*,#12852,.F.);
#15618 = ORIENTED_EDGE('',*,*,#15619,.T.);
#15619 = EDGE_CURVE('',#12853,#15620,#15622,.T.);
#15620 = VERTEX_POINT('',#15621);
#15621 = CARTESIAN_POINT('',(22.2,10.073898858075,20.7));
#15622 = SURFACE_CURVE('',#15623,(#15627,#15634),.PCURVE_S1.);
#15623 = LINE('',#15624,#15625);
#15624 = CARTESIAN_POINT('',(22.2,10.073898858075,17.9));
#15625 = VECTOR('',#15626,1.);
#15626 = DIRECTION('',(0.,0.,1.));
#15627 = PCURVE('',#10983,#15628);
#15628 = DEFINITIONAL_REPRESENTATION('',(#15629),#15633);
#15629 = LINE('',#15630,#15631);
#15630 = CARTESIAN_POINT('',(-0.,9.973898858075));
#15631 = VECTOR('',#15632,1.);
#15632 = DIRECTION('',(-1.,0.));
#15633 = ( GEOMETRIC_REPRESENTATION_CONTEXT(2) 
PARAMETRIC_REPRESENTATION_CONTEXT() REPRESENTATION_CONTEXT('2D SPACE',''
  ) );
#15634 = PCURVE('',#12891,#15635);
#15635 = DEFINITIONAL_REPRESENTATION('',(#15636),#15640);
#15636 = LINE('',#15637,#15638);
#15637 = CARTESIAN_POINT('',(-0.800425680254,0.));
#15638 = VECTOR('',#15639,1.);
#15639 = DIRECTION('',(-0.,-1.));
#15640 = ( GEOMETRIC_REPRESENTATION_CONTEXT(2) 
PARAMETRIC_REPRESENTATION_CONTEXT() REPRESENTATION_CONTEXT('2D SPACE',''
  ) );
#15641 = ORIENTED_EDGE('',*,*,#15642,.F.);
#15642 = EDGE_CURVE('',#15572,#15620,#15643,.T.);
#15643 = SURFACE_CURVE('',#15644,(#15648,#15655),.PCURVE_S1.);
#15644 = LINE('',#15645,#15646);
#15645 = CARTESIAN_POINT('',(22.2,2.126101141925,20.7));
#15646 = VECTOR('',#15647,1.);
#15647 = DIRECTION('',(-1.110223024625E-16,1.,-0.));
#15648 = PCURVE('',#10983,#15649);
#15649 = DEFINITIONAL_REPRESENTATION('',(#15650),#15654);
#15650 = LINE('',#15651,#15652);
#15651 = CARTESIAN_POINT('',(-2.8,2.026101141925));
#15652 = VECTOR('',#15653,1.);
#15653 = DIRECTION('',(-0.,1.));
#15654 = ( GEOMETRIC_REPRESENTATION_CONTEXT(2) 
PARAMETRIC_REPRESENTATION_CONTEXT() REPRESENTATION_CONTEXT('2D SPACE',''
  ) );
#15655 = PCURVE('',#15656,#15661);
#15656 = CYLINDRICAL_SURFACE('',#15657,1.2);
#15657 = AXIS2_PLACEMENT_3D('',#15658,#15659,#15660);
#15658 = CARTESIAN_POINT('',(23.4,2.126101141925,20.7));
#15659 = DIRECTION('',(-1.110223024625E-16,1.,-0.));
#15660 = DIRECTION('',(-0.,0.,-1.));
#15661 = DEFINITIONAL_REPRESENTATION('',(#15662),#15666);
#15662 = LINE('',#15663,#15664);
#15663 = CARTESIAN_POINT('',(1.570796326795,0.));
#15664 = VECTOR('',#15665,1.);
#15665 = DIRECTION('',(0.,1.));
#15666 = ( GEOMETRIC_REPRESENTATION_CONTEXT(2) 
PARAMETRIC_REPRESENTATION_CONTEXT() REPRESENTATION_CONTEXT('2D SPACE',''
  ) );
#15667 = ADVANCED_FACE('',(#15668),#10955,.T.);
#15668 = FACE_BOUND('',#15669,.F.);
#15669 = EDGE_LOOP('',(#15670,#15691,#15692,#15693));
#15670 = ORIENTED_EDGE('',*,*,#15671,.F.);
#15671 = EDGE_CURVE('',#12802,#10911,#15672,.T.);
#15672 = SURFACE_CURVE('',#15673,(#15677,#15684),.PCURVE_S1.);
#15673 = LINE('',#15674,#15675);
#15674 = CARTESIAN_POINT('',(21.55,12.1,17.9));
#15675 = VECTOR('',#15676,1.);
#15676 = DIRECTION('',(0.,0.,1.));
#15677 = PCURVE('',#10955,#15678);
#15678 = DEFINITIONAL_REPRESENTATION('',(#15679),#15683);
#15679 = LINE('',#15680,#15681);
#15680 = CARTESIAN_POINT('',(-0.,0.));
#15681 = VECTOR('',#15682,1.);
#15682 = DIRECTION('',(-0.,1.));
#15683 = ( GEOMETRIC_REPRESENTATION_CONTEXT(2) 
PARAMETRIC_REPRESENTATION_CONTEXT() REPRESENTATION_CONTEXT('2D SPACE',''
  ) );
#15684 = PCURVE('',#10926,#15685);
#15685 = DEFINITIONAL_REPRESENTATION('',(#15686),#15690);
#15686 = LINE('',#15687,#15688);
#15687 = CARTESIAN_POINT('',(-0.,-15.55));
#15688 = VECTOR('',#15689,1.);
#15689 = DIRECTION('',(-1.,-0.));
#15690 = ( GEOMETRIC_REPRESENTATION_CONTEXT(2) 
PARAMETRIC_REPRESENTATION_CONTEXT() REPRESENTATION_CONTEXT('2D SPACE',''
  ) );
#15691 = ORIENTED_EDGE('',*,*,#12824,.T.);
#15692 = ORIENTED_EDGE('',*,*,#15597,.T.);
#15693 = ORIENTED_EDGE('',*,*,#10938,.T.);
#15694 = ADVANCED_FACE('',(#15695),#10926,.T.);
#15695 = FACE_BOUND('',#15696,.F.);
#15696 = EDGE_LOOP('',(#15697,#15698,#15699,#15720,#15721,#15844));
#15697 = ORIENTED_EDGE('',*,*,#15671,.T.);
#15698 = ORIENTED_EDGE('',*,*,#10910,.F.);
#15699 = ORIENTED_EDGE('',*,*,#15700,.T.);
#15700 = EDGE_CURVE('',#10883,#14889,#15701,.T.);
#15701 = SURFACE_CURVE('',#15702,(#15706,#15713),.PCURVE_S1.);
#15702 = LINE('',#15703,#15704);
#15703 = CARTESIAN_POINT('',(12.4,12.1,21.325));
#15704 = VECTOR('',#15705,1.);
#15705 = DIRECTION('',(0.,0.,-1.));
#15706 = PCURVE('',#10926,#15707);
#15707 = DEFINITIONAL_REPRESENTATION('',(#15708),#15712);
#15708 = LINE('',#15709,#15710);
#15709 = CARTESIAN_POINT('',(-3.425,-6.4));
#15710 = VECTOR('',#15711,1.);
#15711 = DIRECTION('',(1.,-0.));
#15712 = ( GEOMETRIC_REPRESENTATION_CONTEXT(2) 
PARAMETRIC_REPRESENTATION_CONTEXT() REPRESENTATION_CONTEXT('2D SPACE',''
  ) );
#15713 = PCURVE('',#10898,#15714);
#15714 = DEFINITIONAL_REPRESENTATION('',(#15715),#15719);
#15715 = LINE('',#15716,#15717);
#15716 = CARTESIAN_POINT('',(-3.425,10.9));
#15717 = VECTOR('',#15718,1.);
#15718 = DIRECTION('',(-1.,0.));
#15719 = ( GEOMETRIC_REPRESENTATION_CONTEXT(2) 
PARAMETRIC_REPRESENTATION_CONTEXT() REPRESENTATION_CONTEXT('2D SPACE',''
  ) );
#15720 = ORIENTED_EDGE('',*,*,#14888,.F.);
#15721 = ORIENTED_EDGE('',*,*,#15722,.F.);
#15722 = EDGE_CURVE('',#12777,#14869,#15723,.T.);
#15723 = SURFACE_CURVE('',#15724,(#15762,#15803),.PCURVE_S1.);
#15724 = B_SPLINE_CURVE_WITH_KNOTS('',8,(#15725,#15726,#15727,#15728,
    #15729,#15730,#15731,#15732,#15733,#15734,#15735,#15736,#15737,
    #15738,#15739,#15740,#15741,#15742,#15743,#15744,#15745,#15746,
    #15747,#15748,#15749,#15750,#15751,#15752,#15753,#15754,#15755,
    #15756,#15757,#15758,#15759,#15760,#15761),.UNSPECIFIED.,.F.,.F.,(9,
    7,7,7,7,9),(0.,3.084088877083E-02,0.252471131134,0.502620673143,
    0.75177016601,1.),.UNSPECIFIED.);
#15725 = CARTESIAN_POINT('',(10.698630136986,12.1,17.9));
#15726 = CARTESIAN_POINT('',(10.705073626039,12.1,17.926131927825));
#15727 = CARTESIAN_POINT('',(10.711517986017,12.1,17.952267387735));
#15728 = CARTESIAN_POINT('',(10.717963365791,12.1,17.978406983484));
#15729 = CARTESIAN_POINT('',(10.724409436842,12.1,18.00454938275));
#15730 = CARTESIAN_POINT('',(10.730856597073,12.1,18.030696199242));
#15731 = CARTESIAN_POINT('',(10.737304505793,12.1,18.05684605127));
#15732 = CARTESIAN_POINT('',(10.743753336377,12.1,18.082999641973));
#15733 = CARTESIAN_POINT('',(10.796552073516,12.1,18.297127853704));
#15734 = CARTESIAN_POINT('',(10.842945827474,12.1,18.485280300312));
#15735 = CARTESIAN_POINT('',(10.889381933967,12.1,18.673604509978));
#15736 = CARTESIAN_POINT('',(10.935858183143,12.1,18.862091520523));
#15737 = CARTESIAN_POINT('',(10.9823725074,12.1,19.050732946678));
#15738 = CARTESIAN_POINT('',(11.028922981391,12.1,19.239520980085));
#15739 = CARTESIAN_POINT('',(11.075507822018,12.1,19.428448389294));
#15740 = CARTESIAN_POINT('',(11.174741686485,12.1,19.830896839632));
#15741 = CARTESIAN_POINT('',(11.227399627682,12.1,20.044454045601));
#15742 = CARTESIAN_POINT('',(11.280096847511,12.1,20.258170548239));
#15743 = CARTESIAN_POINT('',(11.332831135613,12.1,20.472037383318));
#15744 = CARTESIAN_POINT('',(11.385600435789,12.1,20.686046211811));
#15745 = CARTESIAN_POINT('',(11.438402846002,12.1,20.900189319895));
#15746 = CARTESIAN_POINT('',(11.491236618372,12.1,21.114459618952));
#15747 = CARTESIAN_POINT('',(11.59675236185,12.1,21.542384578613));
#15748 = CARTESIAN_POINT('',(11.649434058355,12.1,21.756038125549));
#15749 = CARTESIAN_POINT('',(11.702143662402,12.1,21.969804853073));
#15750 = CARTESIAN_POINT('',(11.754879687236,12.1,22.183678731567));
#15751 = CARTESIAN_POINT('',(11.80764074564,12.1,22.397654135094));
#15752 = CARTESIAN_POINT('',(11.860425549935,12.1,22.611725841402));
#15753 = CARTESIAN_POINT('',(11.91323291198,12.1,22.825889031918));
#15754 = CARTESIAN_POINT('',(12.018695572949,12.1,23.253598712516));
#15755 = CARTESIAN_POINT('',(12.07135069047,12.1,23.467144466906));
#15756 = CARTESIAN_POINT('',(12.124026011924,12.1,23.680772159472));
#15757 = CARTESIAN_POINT('',(12.176720518761,12.1,23.894477659419));
#15758 = CARTESIAN_POINT('',(12.229433257684,12.1,24.108257100607));
#15759 = CARTESIAN_POINT('',(12.282163340655,12.1,24.322106881547));
#15760 = CARTESIAN_POINT('',(12.334909944894,12.1,24.536023665405));
#15761 = CARTESIAN_POINT('',(12.387672312877,12.1,24.75000438));
#15762 = PCURVE('',#10926,#15763);
#15763 = DEFINITIONAL_REPRESENTATION('',(#15764),#15802);
#15764 = B_SPLINE_CURVE_WITH_KNOTS('',8,(#15765,#15766,#15767,#15768,
    #15769,#15770,#15771,#15772,#15773,#15774,#15775,#15776,#15777,
    #15778,#15779,#15780,#15781,#15782,#15783,#15784,#15785,#15786,
    #15787,#15788,#15789,#15790,#15791,#15792,#15793,#15794,#15795,
    #15796,#15797,#15798,#15799,#15800,#15801),.UNSPECIFIED.,.F.,.F.,(9,
    7,7,7,7,9),(0.,3.084088877083E-02,0.252471131134,0.502620673143,
    0.75177016601,1.),.UNSPECIFIED.);
#15765 = CARTESIAN_POINT('',(0.,-4.698630136986));
#15766 = CARTESIAN_POINT('',(-2.613192782483E-02,-4.705073626039));
#15767 = CARTESIAN_POINT('',(-5.226738773528E-02,-4.711517986017));
#15768 = CARTESIAN_POINT('',(-7.840698348354E-02,-4.717963365791));
#15769 = CARTESIAN_POINT('',(-0.10454938275,-4.724409436842));
#15770 = CARTESIAN_POINT('',(-0.130696199242,-4.730856597073));
#15771 = CARTESIAN_POINT('',(-0.15684605127,-4.737304505793));
#15772 = CARTESIAN_POINT('',(-0.182999641973,-4.743753336377));
#15773 = CARTESIAN_POINT('',(-0.397127853704,-4.796552073516));
#15774 = CARTESIAN_POINT('',(-0.585280300312,-4.842945827474));
#15775 = CARTESIAN_POINT('',(-0.773604509978,-4.889381933967));
#15776 = CARTESIAN_POINT('',(-0.962091520523,-4.935858183143));
#15777 = CARTESIAN_POINT('',(-1.150732946678,-4.9823725074));
#15778 = CARTESIAN_POINT('',(-1.339520980085,-5.028922981391));
#15779 = CARTESIAN_POINT('',(-1.528448389294,-5.075507822018));
#15780 = CARTESIAN_POINT('',(-1.930896839632,-5.174741686485));
#15781 = CARTESIAN_POINT('',(-2.144454045601,-5.227399627682));
#15782 = CARTESIAN_POINT('',(-2.358170548239,-5.280096847511));
#15783 = CARTESIAN_POINT('',(-2.572037383318,-5.332831135613));
#15784 = CARTESIAN_POINT('',(-2.786046211811,-5.385600435789));
#15785 = CARTESIAN_POINT('',(-3.000189319895,-5.438402846002));
#15786 = CARTESIAN_POINT('',(-3.214459618952,-5.491236618372));
#15787 = CARTESIAN_POINT('',(-3.642384578613,-5.59675236185));
#15788 = CARTESIAN_POINT('',(-3.856038125549,-5.649434058355));
#15789 = CARTESIAN_POINT('',(-4.069804853073,-5.702143662402));
#15790 = CARTESIAN_POINT('',(-4.283678731567,-5.754879687236));
#15791 = CARTESIAN_POINT('',(-4.497654135094,-5.80764074564));
#15792 = CARTESIAN_POINT('',(-4.711725841402,-5.860425549935));
#15793 = CARTESIAN_POINT('',(-4.925889031918,-5.91323291198));
#15794 = CARTESIAN_POINT('',(-5.353598712516,-6.018695572949));
#15795 = CARTESIAN_POINT('',(-5.567144466906,-6.07135069047));
#15796 = CARTESIAN_POINT('',(-5.780772159472,-6.124026011925));
#15797 = CARTESIAN_POINT('',(-5.994477659419,-6.176720518761));
#15798 = CARTESIAN_POINT('',(-6.208257100607,-6.229433257684));
#15799 = CARTESIAN_POINT('',(-6.422106881547,-6.282163340655));
#15800 = CARTESIAN_POINT('',(-6.636023665405,-6.334909944894));
#15801 = CARTESIAN_POINT('',(-6.85000438,-6.387672312877));
#15802 = ( GEOMETRIC_REPRESENTATION_CONTEXT(2) 
PARAMETRIC_REPRESENTATION_CONTEXT() REPRESENTATION_CONTEXT('2D SPACE',''
  ) );
#15803 = PCURVE('',#12790,#15804);
#15804 = DEFINITIONAL_REPRESENTATION('',(#15805),#15843);
#15805 = B_SPLINE_CURVE_WITH_KNOTS('',8,(#15806,#15807,#15808,#15809,
    #15810,#15811,#15812,#15813,#15814,#15815,#15816,#15817,#15818,
    #15819,#15820,#15821,#15822,#15823,#15824,#15825,#15826,#15827,
    #15828,#15829,#15830,#15831,#15832,#15833,#15834,#15835,#15836,
    #15837,#15838,#15839,#15840,#15841,#15842),.UNSPECIFIED.,.F.,.F.,(9,
    7,7,7,7,9),(0.,3.084088877083E-02,0.252471131134,0.502620673143,
    0.75177016601,1.),.UNSPECIFIED.);
#15806 = CARTESIAN_POINT('',(1.847724844363,5.479452054795E-02));
#15807 = CARTESIAN_POINT('',(1.853990355958,5.837423668833E-02));
#15808 = CARTESIAN_POINT('',(1.860239942484,6.195443667607E-02));
#15809 = CARTESIAN_POINT('',(1.866470898352,6.553520321692E-02));
#15810 = CARTESIAN_POINT('',(1.872689056605,6.911635380143E-02));
#15811 = CARTESIAN_POINT('',(1.87888724553,7.269810948519E-02));
#15812 = CARTESIAN_POINT('',(1.885071493871,7.628028099586E-02));
#15813 = CARTESIAN_POINT('',(1.8912386841,7.986296465377E-02));
#15814 = CARTESIAN_POINT('',(1.941594038522,0.109195596398));
#15815 = CARTESIAN_POINT('',(1.984965575113,0.134969904152));
#15816 = CARTESIAN_POINT('',(2.02752952491,0.160767741093));
#15817 = CARTESIAN_POINT('',(2.069309968084,0.186587879524));
#15818 = CARTESIAN_POINT('',(2.110330047648,0.212429170778));
#15819 = CARTESIAN_POINT('',(2.150611969466,0.238290545217));
#15820 = CARTESIAN_POINT('',(2.190177002246,0.264171012232));
#15821 = CARTESIAN_POINT('',(2.272915534229,0.319300936936));
#15822 = CARTESIAN_POINT('',(2.315898353635,0.348555348712));
#15823 = CARTESIAN_POINT('',(2.358023143715,0.377831581951));
#15824 = CARTESIAN_POINT('',(2.399317885659,0.407128408674));
#15825 = CARTESIAN_POINT('',(2.439809333896,0.436444686549));
#15826 = CARTESIAN_POINT('',(2.479523016093,0.46577935889));
#15827 = CARTESIAN_POINT('',(2.518483233159,0.495131454651));
#15828 = CARTESIAN_POINT('',(2.594790049925,0.553751312139));
#15829 = CARTESIAN_POINT('',(2.632142603041,0.583018921308));
#15830 = CARTESIAN_POINT('',(2.668793536567,0.612302034668));
#15831 = CARTESIAN_POINT('',(2.704764726217,0.641599826242));
#15832 = CARTESIAN_POINT('',(2.740077105447,0.670911525355));
#15833 = CARTESIAN_POINT('',(2.774750665447,0.70023641663));
#15834 = CARTESIAN_POINT('',(2.808804455147,0.729573839989));
#15835 = CARTESIAN_POINT('',(2.87558522903,0.788164207194));
#15836 = CARTESIAN_POINT('',(2.908316747321,0.817417050261));
#15837 = CARTESIAN_POINT('',(2.940469062226,0.846681117736));
#15838 = CARTESIAN_POINT('',(2.972059379873,0.875955843756));
#15839 = CARTESIAN_POINT('',(3.00310418638,0.905240698713));
#15840 = CARTESIAN_POINT('',(3.033619247857,0.934535189253));
#15841 = CARTESIAN_POINT('',(3.063619610405,0.963838858275));
#15842 = CARTESIAN_POINT('',(3.093119600115,0.993151284932));
#15843 = ( GEOMETRIC_REPRESENTATION_CONTEXT(2) 
PARAMETRIC_REPRESENTATION_CONTEXT() REPRESENTATION_CONTEXT('2D SPACE',''
  ) );
#15844 = ORIENTED_EDGE('',*,*,#12801,.T.);
#15845 = ADVANCED_FACE('',(#15846),#10898,.T.);
#15846 = FACE_BOUND('',#15847,.T.);
#15847 = EDGE_LOOP('',(#15848,#15849,#15850,#15851));
#15848 = ORIENTED_EDGE('',*,*,#10882,.F.);
#15849 = ORIENTED_EDGE('',*,*,#15700,.T.);
#15850 = ORIENTED_EDGE('',*,*,#14911,.F.);
#15851 = ORIENTED_EDGE('',*,*,#14937,.F.);
#15852 = ADVANCED_FACE('',(#15853),#10825,.T.);
#15853 = FACE_BOUND('',#15854,.T.);
#15854 = EDGE_LOOP('',(#15855,#15856,#15857,#15878));
#15855 = ORIENTED_EDGE('',*,*,#14986,.T.);
#15856 = ORIENTED_EDGE('',*,*,#15100,.F.);
#15857 = ORIENTED_EDGE('',*,*,#15858,.F.);
#15858 = EDGE_CURVE('',#10782,#15012,#15859,.T.);
#15859 = SURFACE_CURVE('',#15860,(#15864,#15871),.PCURVE_S1.);
#15860 = LINE('',#15861,#15862);
#15861 = CARTESIAN_POINT('',(12.4,61.7,27.8));
#15862 = VECTOR('',#15863,1.);
#15863 = DIRECTION('',(0.,0.,-1.));
#15864 = PCURVE('',#10825,#15865);
#15865 = DEFINITIONAL_REPRESENTATION('',(#15866),#15870);
#15866 = LINE('',#15867,#15868);
#15867 = CARTESIAN_POINT('',(3.05,0.));
#15868 = VECTOR('',#15869,1.);
#15869 = DIRECTION('',(-1.,0.));
#15870 = ( GEOMETRIC_REPRESENTATION_CONTEXT(2) 
PARAMETRIC_REPRESENTATION_CONTEXT() REPRESENTATION_CONTEXT('2D SPACE',''
  ) );
#15871 = PCURVE('',#10797,#15872);
#15872 = DEFINITIONAL_REPRESENTATION('',(#15873),#15877);
#15873 = LINE('',#15874,#15875);
#15874 = CARTESIAN_POINT('',(3.05,-12.8));
#15875 = VECTOR('',#15876,1.);
#15876 = DIRECTION('',(-1.,-0.));
#15877 = ( GEOMETRIC_REPRESENTATION_CONTEXT(2) 
PARAMETRIC_REPRESENTATION_CONTEXT() REPRESENTATION_CONTEXT('2D SPACE',''
  ) );
#15878 = ORIENTED_EDGE('',*,*,#10809,.F.);
#15879 = ADVANCED_FACE('',(#15880),#10797,.F.);
#15880 = FACE_BOUND('',#15881,.F.);
#15881 = EDGE_LOOP('',(#15882,#15883,#15884,#15885));
#15882 = ORIENTED_EDGE('',*,*,#10781,.F.);
#15883 = ORIENTED_EDGE('',*,*,#14536,.F.);
#15884 = ORIENTED_EDGE('',*,*,#15011,.T.);
#15885 = ORIENTED_EDGE('',*,*,#15858,.F.);
#15886 = ADVANCED_FACE('',(#15887),#11457,.T.);
#15887 = FACE_BOUND('',#15888,.T.);
#15888 = EDGE_LOOP('',(#15889,#15912,#15934,#15935));
#15889 = ORIENTED_EDGE('',*,*,#15890,.F.);
#15890 = EDGE_CURVE('',#15891,#11441,#15893,.T.);
#15891 = VERTEX_POINT('',#15892);
#15892 = CARTESIAN_POINT('',(50.9,9.,21.8));
#15893 = SURFACE_CURVE('',#15894,(#15898,#15905),.PCURVE_S1.);
#15894 = LINE('',#15895,#15896);
#15895 = CARTESIAN_POINT('',(50.9,9.,21.8));
#15896 = VECTOR('',#15897,1.);
#15897 = DIRECTION('',(0.,0.,1.));
#15898 = PCURVE('',#11457,#15899);
#15899 = DEFINITIONAL_REPRESENTATION('',(#15900),#15904);
#15900 = LINE('',#15901,#15902);
#15901 = CARTESIAN_POINT('',(0.,0.));
#15902 = VECTOR('',#15903,1.);
#15903 = DIRECTION('',(0.,1.));
#15904 = ( GEOMETRIC_REPRESENTATION_CONTEXT(2) 
PARAMETRIC_REPRESENTATION_CONTEXT() REPRESENTATION_CONTEXT('2D SPACE',''
  ) );
#15905 = PCURVE('',#11485,#15906);
#15906 = DEFINITIONAL_REPRESENTATION('',(#15907),#15911);
#15907 = LINE('',#15908,#15909);
#15908 = CARTESIAN_POINT('',(-0.,-0.4));
#15909 = VECTOR('',#15910,1.);
#15910 = DIRECTION('',(-1.,-0.));
#15911 = ( GEOMETRIC_REPRESENTATION_CONTEXT(2) 
PARAMETRIC_REPRESENTATION_CONTEXT() REPRESENTATION_CONTEXT('2D SPACE',''
  ) );
#15912 = ORIENTED_EDGE('',*,*,#15913,.T.);
#15913 = EDGE_CURVE('',#15891,#12124,#15914,.T.);
#15914 = SURFACE_CURVE('',#15915,(#15920,#15927),.PCURVE_S1.);
#15915 = CIRCLE('',#15916,0.4);
#15916 = AXIS2_PLACEMENT_3D('',#15917,#15918,#15919);
#15917 = CARTESIAN_POINT('',(50.9,8.6,21.8));
#15918 = DIRECTION('',(-0.,0.,1.));
#15919 = DIRECTION('',(-1.,-1.110223024625E-16,-0.));
#15920 = PCURVE('',#11457,#15921);
#15921 = DEFINITIONAL_REPRESENTATION('',(#15922),#15926);
#15922 = LINE('',#15923,#15924);
#15923 = CARTESIAN_POINT('',(-4.712388980385,0.));
#15924 = VECTOR('',#15925,1.);
#15925 = DIRECTION('',(1.,0.));
#15926 = ( GEOMETRIC_REPRESENTATION_CONTEXT(2) 
PARAMETRIC_REPRESENTATION_CONTEXT() REPRESENTATION_CONTEXT('2D SPACE',''
  ) );
#15927 = PCURVE('',#11927,#15928);
#15928 = DEFINITIONAL_REPRESENTATION('',(#15929),#15933);
#15929 = CIRCLE('',#15930,0.4);
#15930 = AXIS2_PLACEMENT_2D('',#15931,#15932);
#15931 = CARTESIAN_POINT('',(-5.4,0.4));
#15932 = DIRECTION('',(-0.,-1.));
#15933 = ( GEOMETRIC_REPRESENTATION_CONTEXT(2) 
PARAMETRIC_REPRESENTATION_CONTEXT() REPRESENTATION_CONTEXT('2D SPACE',''
  ) );
#15934 = ORIENTED_EDGE('',*,*,#12170,.T.);
#15935 = ORIENTED_EDGE('',*,*,#11440,.F.);
#15936 = ADVANCED_FACE('',(#15937),#11485,.T.);
#15937 = FACE_BOUND('',#15938,.F.);
#15938 = EDGE_LOOP('',(#15939,#15940,#15941,#15964));
#15939 = ORIENTED_EDGE('',*,*,#11469,.F.);
#15940 = ORIENTED_EDGE('',*,*,#15890,.F.);
#15941 = ORIENTED_EDGE('',*,*,#15942,.T.);
#15942 = EDGE_CURVE('',#15891,#15943,#15945,.T.);
#15943 = VERTEX_POINT('',#15944);
#15944 = CARTESIAN_POINT('',(52.1,9.,21.8));
#15945 = SURFACE_CURVE('',#15946,(#15950,#15957),.PCURVE_S1.);
#15946 = LINE('',#15947,#15948);
#15947 = CARTESIAN_POINT('',(50.5,9.,21.8));
#15948 = VECTOR('',#15949,1.);
#15949 = DIRECTION('',(1.,1.110223024625E-16,0.));
#15950 = PCURVE('',#11485,#15951);
#15951 = DEFINITIONAL_REPRESENTATION('',(#15952),#15956);
#15952 = LINE('',#15953,#15954);
#15953 = CARTESIAN_POINT('',(-0.,-0.));
#15954 = VECTOR('',#15955,1.);
#15955 = DIRECTION('',(-0.,-1.));
#15956 = ( GEOMETRIC_REPRESENTATION_CONTEXT(2) 
PARAMETRIC_REPRESENTATION_CONTEXT() REPRESENTATION_CONTEXT('2D SPACE',''
  ) );
#15957 = PCURVE('',#11927,#15958);
#15958 = DEFINITIONAL_REPRESENTATION('',(#15959),#15963);
#15959 = LINE('',#15960,#15961);
#15960 = CARTESIAN_POINT('',(-5.8,6.439293542826E-16));
#15961 = VECTOR('',#15962,1.);
#15962 = DIRECTION('',(-0.,1.));
#15963 = ( GEOMETRIC_REPRESENTATION_CONTEXT(2) 
PARAMETRIC_REPRESENTATION_CONTEXT() REPRESENTATION_CONTEXT('2D SPACE',''
  ) );
#15964 = ORIENTED_EDGE('',*,*,#15965,.T.);
#15965 = EDGE_CURVE('',#15943,#11470,#15966,.T.);
#15966 = SURFACE_CURVE('',#15967,(#15971,#15978),.PCURVE_S1.);
#15967 = LINE('',#15968,#15969);
#15968 = CARTESIAN_POINT('',(52.1,9.,21.8));
#15969 = VECTOR('',#15970,1.);
#15970 = DIRECTION('',(0.,0.,1.));
#15971 = PCURVE('',#11485,#15972);
#15972 = DEFINITIONAL_REPRESENTATION('',(#15973),#15977);
#15973 = LINE('',#15974,#15975);
#15974 = CARTESIAN_POINT('',(-0.,-1.6));
#15975 = VECTOR('',#15976,1.);
#15976 = DIRECTION('',(-1.,-0.));
#15977 = ( GEOMETRIC_REPRESENTATION_CONTEXT(2) 
PARAMETRIC_REPRESENTATION_CONTEXT() REPRESENTATION_CONTEXT('2D SPACE',''
  ) );
#15978 = PCURVE('',#11514,#15979);
#15979 = DEFINITIONAL_REPRESENTATION('',(#15980),#15984);
#15980 = LINE('',#15981,#15982);
#15981 = CARTESIAN_POINT('',(-0.,0.));
#15982 = VECTOR('',#15983,1.);
#15983 = DIRECTION('',(-0.,1.));
#15984 = ( GEOMETRIC_REPRESENTATION_CONTEXT(2) 
PARAMETRIC_REPRESENTATION_CONTEXT() REPRESENTATION_CONTEXT('2D SPACE',''
  ) );
#15985 = ADVANCED_FACE('',(#15986),#11514,.T.);
#15986 = FACE_BOUND('',#15987,.F.);
#15987 = EDGE_LOOP('',(#15988,#15989,#16015,#16016));
#15988 = ORIENTED_EDGE('',*,*,#15965,.F.);
#15989 = ORIENTED_EDGE('',*,*,#15990,.T.);
#15990 = EDGE_CURVE('',#15943,#11912,#15991,.T.);
#15991 = SURFACE_CURVE('',#15992,(#15997,#16004),.PCURVE_S1.);
#15992 = CIRCLE('',#15993,0.4);
#15993 = AXIS2_PLACEMENT_3D('',#15994,#15995,#15996);
#15994 = CARTESIAN_POINT('',(52.1,8.6,21.8));
#15995 = DIRECTION('',(0.,0.,-1.));
#15996 = DIRECTION('',(-1.,-1.110223024625E-16,-0.));
#15997 = PCURVE('',#11514,#15998);
#15998 = DEFINITIONAL_REPRESENTATION('',(#15999),#16003);
#15999 = LINE('',#16000,#16001);
#16000 = CARTESIAN_POINT('',(1.570796326795,-0.));
#16001 = VECTOR('',#16002,1.);
#16002 = DIRECTION('',(-1.,0.));
#16003 = ( GEOMETRIC_REPRESENTATION_CONTEXT(2) 
PARAMETRIC_REPRESENTATION_CONTEXT() REPRESENTATION_CONTEXT('2D SPACE',''
  ) );
#16004 = PCURVE('',#11927,#16005);
#16005 = DEFINITIONAL_REPRESENTATION('',(#16006),#16014);
#16006 = ( BOUNDED_CURVE() B_SPLINE_CURVE(2,(#16007,#16008,#16009,#16010
    ,#16011,#16012,#16013),.UNSPECIFIED.,.T.,.F.) 
B_SPLINE_CURVE_WITH_KNOTS((1,2,2,2,2,1),(-2.094395102393,0.,
    2.094395102393,4.188790204786,6.28318530718,8.377580409573),
.UNSPECIFIED.) CURVE() GEOMETRIC_REPRESENTATION_ITEM() 
RATIONAL_B_SPLINE_CURVE((1.,0.5,1.,0.5,1.,0.5,1.)) REPRESENTATION_ITEM(
  '') );
#16007 = CARTESIAN_POINT('',(-5.4,1.2));
#16008 = CARTESIAN_POINT('',(-6.092820323028,1.2));
#16009 = CARTESIAN_POINT('',(-5.746410161514,1.8));
#16010 = CARTESIAN_POINT('',(-5.4,2.4));
#16011 = CARTESIAN_POINT('',(-5.053589838486,1.8));
#16012 = CARTESIAN_POINT('',(-4.707179676972,1.2));
#16013 = CARTESIAN_POINT('',(-5.4,1.2));
#16014 = ( GEOMETRIC_REPRESENTATION_CONTEXT(2) 
PARAMETRIC_REPRESENTATION_CONTEXT() REPRESENTATION_CONTEXT('2D SPACE',''
  ) );
#16015 = ORIENTED_EDGE('',*,*,#11990,.T.);
#16016 = ORIENTED_EDGE('',*,*,#11497,.T.);
#16017 = ADVANCED_FACE('',(#16018),#11575,.F.);
#16018 = FACE_BOUND('',#16019,.F.);
#16019 = EDGE_LOOP('',(#16020,#16043,#16071,#16092));
#16020 = ORIENTED_EDGE('',*,*,#16021,.F.);
#16021 = EDGE_CURVE('',#16022,#11558,#16024,.T.);
#16022 = VERTEX_POINT('',#16023);
#16023 = CARTESIAN_POINT('',(58.,0.8,16.3));
#16024 = SURFACE_CURVE('',#16025,(#16029,#16036),.PCURVE_S1.);
#16025 = LINE('',#16026,#16027);
#16026 = CARTESIAN_POINT('',(58.,0.8,16.3));
#16027 = VECTOR('',#16028,1.);
#16028 = DIRECTION('',(0.,0.,1.));
#16029 = PCURVE('',#11575,#16030);
#16030 = DEFINITIONAL_REPRESENTATION('',(#16031),#16035);
#16031 = LINE('',#16032,#16033);
#16032 = CARTESIAN_POINT('',(0.,2.8));
#16033 = VECTOR('',#16034,1.);
#16034 = DIRECTION('',(1.,0.));
#16035 = ( GEOMETRIC_REPRESENTATION_CONTEXT(2) 
PARAMETRIC_REPRESENTATION_CONTEXT() REPRESENTATION_CONTEXT('2D SPACE',''
  ) );
#16036 = PCURVE('',#11657,#16037);
#16037 = DEFINITIONAL_REPRESENTATION('',(#16038),#16042);
#16038 = LINE('',#16039,#16040);
#16039 = CARTESIAN_POINT('',(0.,0.));
#16040 = VECTOR('',#16041,1.);
#16041 = DIRECTION('',(1.,0.));
#16042 = ( GEOMETRIC_REPRESENTATION_CONTEXT(2) 
PARAMETRIC_REPRESENTATION_CONTEXT() REPRESENTATION_CONTEXT('2D SPACE',''
  ) );
#16043 = ORIENTED_EDGE('',*,*,#16044,.F.);
#16044 = EDGE_CURVE('',#16045,#16022,#16047,.T.);
#16045 = VERTEX_POINT('',#16046);
#16046 = CARTESIAN_POINT('',(58.,3.6,16.3));
#16047 = SURFACE_CURVE('',#16048,(#16052,#16059),.PCURVE_S1.);
#16048 = LINE('',#16049,#16050);
#16049 = CARTESIAN_POINT('',(58.,3.6,16.3));
#16050 = VECTOR('',#16051,1.);
#16051 = DIRECTION('',(1.110223024625E-16,-1.,0.));
#16052 = PCURVE('',#11575,#16053);
#16053 = DEFINITIONAL_REPRESENTATION('',(#16054),#16058);
#16054 = LINE('',#16055,#16056);
#16055 = CARTESIAN_POINT('',(0.,0.));
#16056 = VECTOR('',#16057,1.);
#16057 = DIRECTION('',(0.,1.));
#16058 = ( GEOMETRIC_REPRESENTATION_CONTEXT(2) 
PARAMETRIC_REPRESENTATION_CONTEXT() REPRESENTATION_CONTEXT('2D SPACE',''
  ) );
#16059 = PCURVE('',#16060,#16065);
#16060 = PLANE('',#16061);
#16061 = AXIS2_PLACEMENT_3D('',#16062,#16063,#16064);
#16062 = CARTESIAN_POINT('',(58.,3.6,16.3));
#16063 = DIRECTION('',(0.,0.,1.));
#16064 = DIRECTION('',(1.110223024625E-16,-1.,0.));
#16065 = DEFINITIONAL_REPRESENTATION('',(#16066),#16070);
#16066 = LINE('',#16067,#16068);
#16067 = CARTESIAN_POINT('',(0.,0.));
#16068 = VECTOR('',#16069,1.);
#16069 = DIRECTION('',(1.,0.));
#16070 = ( GEOMETRIC_REPRESENTATION_CONTEXT(2) 
PARAMETRIC_REPRESENTATION_CONTEXT() REPRESENTATION_CONTEXT('2D SPACE',''
  ) );
#16071 = ORIENTED_EDGE('',*,*,#16072,.T.);
#16072 = EDGE_CURVE('',#16045,#11560,#16073,.T.);
#16073 = SURFACE_CURVE('',#16074,(#16078,#16085),.PCURVE_S1.);
#16074 = LINE('',#16075,#16076);
#16075 = CARTESIAN_POINT('',(58.,3.6,16.3));
#16076 = VECTOR('',#16077,1.);
#16077 = DIRECTION('',(0.,0.,1.));
#16078 = PCURVE('',#11575,#16079);
#16079 = DEFINITIONAL_REPRESENTATION('',(#16080),#16084);
#16080 = LINE('',#16081,#16082);
#16081 = CARTESIAN_POINT('',(0.,0.));
#16082 = VECTOR('',#16083,1.);
#16083 = DIRECTION('',(1.,0.));
#16084 = ( GEOMETRIC_REPRESENTATION_CONTEXT(2) 
PARAMETRIC_REPRESENTATION_CONTEXT() REPRESENTATION_CONTEXT('2D SPACE',''
  ) );
#16085 = PCURVE('',#11603,#16086);
#16086 = DEFINITIONAL_REPRESENTATION('',(#16087),#16091);
#16087 = LINE('',#16088,#16089);
#16088 = CARTESIAN_POINT('',(0.,0.));
#16089 = VECTOR('',#16090,1.);
#16090 = DIRECTION('',(1.,0.));
#16091 = ( GEOMETRIC_REPRESENTATION_CONTEXT(2) 
PARAMETRIC_REPRESENTATION_CONTEXT() REPRESENTATION_CONTEXT('2D SPACE',''
  ) );
#16092 = ORIENTED_EDGE('',*,*,#11557,.F.);
#16093 = ADVANCED_FACE('',(#16094),#11657,.T.);
#16094 = FACE_BOUND('',#16095,.T.);
#16095 = EDGE_LOOP('',(#16096,#16097,#16120,#16141));
#16096 = ORIENTED_EDGE('',*,*,#16021,.F.);
#16097 = ORIENTED_EDGE('',*,*,#16098,.T.);
#16098 = EDGE_CURVE('',#16022,#16099,#16101,.T.);
#16099 = VERTEX_POINT('',#16100);
#16100 = CARTESIAN_POINT('',(65.,0.8,16.3));
#16101 = SURFACE_CURVE('',#16102,(#16106,#16113),.PCURVE_S1.);
#16102 = LINE('',#16103,#16104);
#16103 = CARTESIAN_POINT('',(58.,0.8,16.3));
#16104 = VECTOR('',#16105,1.);
#16105 = DIRECTION('',(1.,1.110223024625E-16,0.));
#16106 = PCURVE('',#11657,#16107);
#16107 = DEFINITIONAL_REPRESENTATION('',(#16108),#16112);
#16108 = LINE('',#16109,#16110);
#16109 = CARTESIAN_POINT('',(0.,0.));
#16110 = VECTOR('',#16111,1.);
#16111 = DIRECTION('',(0.,-1.));
#16112 = ( GEOMETRIC_REPRESENTATION_CONTEXT(2) 
PARAMETRIC_REPRESENTATION_CONTEXT() REPRESENTATION_CONTEXT('2D SPACE',''
  ) );
#16113 = PCURVE('',#16060,#16114);
#16114 = DEFINITIONAL_REPRESENTATION('',(#16115),#16119);
#16115 = LINE('',#16116,#16117);
#16116 = CARTESIAN_POINT('',(2.8,-3.10862446895E-16));
#16117 = VECTOR('',#16118,1.);
#16118 = DIRECTION('',(0.,1.));
#16119 = ( GEOMETRIC_REPRESENTATION_CONTEXT(2) 
PARAMETRIC_REPRESENTATION_CONTEXT() REPRESENTATION_CONTEXT('2D SPACE',''
  ) );
#16120 = ORIENTED_EDGE('',*,*,#16121,.T.);
#16121 = EDGE_CURVE('',#16099,#11616,#16122,.T.);
#16122 = SURFACE_CURVE('',#16123,(#16127,#16134),.PCURVE_S1.);
#16123 = LINE('',#16124,#16125);
#16124 = CARTESIAN_POINT('',(65.,0.8,16.3));
#16125 = VECTOR('',#16126,1.);
#16126 = DIRECTION('',(0.,0.,1.));
#16127 = PCURVE('',#11657,#16128);
#16128 = DEFINITIONAL_REPRESENTATION('',(#16129),#16133);
#16129 = LINE('',#16130,#16131);
#16130 = CARTESIAN_POINT('',(0.,-7.));
#16131 = VECTOR('',#16132,1.);
#16132 = DIRECTION('',(1.,0.));
#16133 = ( GEOMETRIC_REPRESENTATION_CONTEXT(2) 
PARAMETRIC_REPRESENTATION_CONTEXT() REPRESENTATION_CONTEXT('2D SPACE',''
  ) );
#16134 = PCURVE('',#11631,#16135);
#16135 = DEFINITIONAL_REPRESENTATION('',(#16136),#16140);
#16136 = LINE('',#16137,#16138);
#16137 = CARTESIAN_POINT('',(0.,2.8));
#16138 = VECTOR('',#16139,1.);
#16139 = DIRECTION('',(1.,0.));
#16140 = ( GEOMETRIC_REPRESENTATION_CONTEXT(2) 
PARAMETRIC_REPRESENTATION_CONTEXT() REPRESENTATION_CONTEXT('2D SPACE',''
  ) );
#16141 = ORIENTED_EDGE('',*,*,#11643,.F.);
#16142 = ADVANCED_FACE('',(#16143),#11603,.F.);
#16143 = FACE_BOUND('',#16144,.F.);
#16144 = EDGE_LOOP('',(#16145,#16146,#16169,#16190));
#16145 = ORIENTED_EDGE('',*,*,#16072,.F.);
#16146 = ORIENTED_EDGE('',*,*,#16147,.T.);
#16147 = EDGE_CURVE('',#16045,#16148,#16150,.T.);
#16148 = VERTEX_POINT('',#16149);
#16149 = CARTESIAN_POINT('',(65.,3.6,16.3));
#16150 = SURFACE_CURVE('',#16151,(#16155,#16162),.PCURVE_S1.);
#16151 = LINE('',#16152,#16153);
#16152 = CARTESIAN_POINT('',(58.,3.6,16.3));
#16153 = VECTOR('',#16154,1.);
#16154 = DIRECTION('',(1.,1.110223024625E-16,0.));
#16155 = PCURVE('',#11603,#16156);
#16156 = DEFINITIONAL_REPRESENTATION('',(#16157),#16161);
#16157 = LINE('',#16158,#16159);
#16158 = CARTESIAN_POINT('',(0.,0.));
#16159 = VECTOR('',#16160,1.);
#16160 = DIRECTION('',(0.,-1.));
#16161 = ( GEOMETRIC_REPRESENTATION_CONTEXT(2) 
PARAMETRIC_REPRESENTATION_CONTEXT() REPRESENTATION_CONTEXT('2D SPACE',''
  ) );
#16162 = PCURVE('',#16060,#16163);
#16163 = DEFINITIONAL_REPRESENTATION('',(#16164),#16168);
#16164 = LINE('',#16165,#16166);
#16165 = CARTESIAN_POINT('',(0.,0.));
#16166 = VECTOR('',#16167,1.);
#16167 = DIRECTION('',(0.,1.));
#16168 = ( GEOMETRIC_REPRESENTATION_CONTEXT(2) 
PARAMETRIC_REPRESENTATION_CONTEXT() REPRESENTATION_CONTEXT('2D SPACE',''
  ) );
#16169 = ORIENTED_EDGE('',*,*,#16170,.T.);
#16170 = EDGE_CURVE('',#16148,#11588,#16171,.T.);
#16171 = SURFACE_CURVE('',#16172,(#16176,#16183),.PCURVE_S1.);
#16172 = LINE('',#16173,#16174);
#16173 = CARTESIAN_POINT('',(65.,3.6,16.3));
#16174 = VECTOR('',#16175,1.);
#16175 = DIRECTION('',(0.,0.,1.));
#16176 = PCURVE('',#11603,#16177);
#16177 = DEFINITIONAL_REPRESENTATION('',(#16178),#16182);
#16178 = LINE('',#16179,#16180);
#16179 = CARTESIAN_POINT('',(0.,-7.));
#16180 = VECTOR('',#16181,1.);
#16181 = DIRECTION('',(1.,0.));
#16182 = ( GEOMETRIC_REPRESENTATION_CONTEXT(2) 
PARAMETRIC_REPRESENTATION_CONTEXT() REPRESENTATION_CONTEXT('2D SPACE',''
  ) );
#16183 = PCURVE('',#11631,#16184);
#16184 = DEFINITIONAL_REPRESENTATION('',(#16185),#16189);
#16185 = LINE('',#16186,#16187);
#16186 = CARTESIAN_POINT('',(0.,0.));
#16187 = VECTOR('',#16188,1.);
#16188 = DIRECTION('',(1.,0.));
#16189 = ( GEOMETRIC_REPRESENTATION_CONTEXT(2) 
PARAMETRIC_REPRESENTATION_CONTEXT() REPRESENTATION_CONTEXT('2D SPACE',''
  ) );
#16190 = ORIENTED_EDGE('',*,*,#11587,.F.);
#16191 = ADVANCED_FACE('',(#16192),#11631,.T.);
#16192 = FACE_BOUND('',#16193,.T.);
#16193 = EDGE_LOOP('',(#16194,#16195,#16216,#16217));
#16194 = ORIENTED_EDGE('',*,*,#16121,.F.);
#16195 = ORIENTED_EDGE('',*,*,#16196,.F.);
#16196 = EDGE_CURVE('',#16148,#16099,#16197,.T.);
#16197 = SURFACE_CURVE('',#16198,(#16202,#16209),.PCURVE_S1.);
#16198 = LINE('',#16199,#16200);
#16199 = CARTESIAN_POINT('',(65.,3.6,16.3));
#16200 = VECTOR('',#16201,1.);
#16201 = DIRECTION('',(1.110223024625E-16,-1.,0.));
#16202 = PCURVE('',#11631,#16203);
#16203 = DEFINITIONAL_REPRESENTATION('',(#16204),#16208);
#16204 = LINE('',#16205,#16206);
#16205 = CARTESIAN_POINT('',(0.,0.));
#16206 = VECTOR('',#16207,1.);
#16207 = DIRECTION('',(0.,1.));
#16208 = ( GEOMETRIC_REPRESENTATION_CONTEXT(2) 
PARAMETRIC_REPRESENTATION_CONTEXT() REPRESENTATION_CONTEXT('2D SPACE',''
  ) );
#16209 = PCURVE('',#16060,#16210);
#16210 = DEFINITIONAL_REPRESENTATION('',(#16211),#16215);
#16211 = LINE('',#16212,#16213);
#16212 = CARTESIAN_POINT('',(-1.110223024625E-16,7.));
#16213 = VECTOR('',#16214,1.);
#16214 = DIRECTION('',(1.,0.));
#16215 = ( GEOMETRIC_REPRESENTATION_CONTEXT(2) 
PARAMETRIC_REPRESENTATION_CONTEXT() REPRESENTATION_CONTEXT('2D SPACE',''
  ) );
#16216 = ORIENTED_EDGE('',*,*,#16170,.T.);
#16217 = ORIENTED_EDGE('',*,*,#11615,.F.);
#16218 = ADVANCED_FACE('',(#16219),#11690,.F.);
#16219 = FACE_BOUND('',#16220,.F.);
#16220 = EDGE_LOOP('',(#16221,#16242,#16243,#16264));
#16221 = ORIENTED_EDGE('',*,*,#16222,.F.);
#16222 = EDGE_CURVE('',#11672,#12202,#16223,.T.);
#16223 = SURFACE_CURVE('',#16224,(#16228,#16235),.PCURVE_S1.);
#16224 = LINE('',#16225,#16226);
#16225 = CARTESIAN_POINT('',(105.11,39.55,24.7));
#16226 = VECTOR('',#16227,1.);
#16227 = DIRECTION('',(0.,0.,1.));
#16228 = PCURVE('',#11690,#16229);
#16229 = DEFINITIONAL_REPRESENTATION('',(#16230),#16234);
#16230 = LINE('',#16231,#16232);
#16231 = CARTESIAN_POINT('',(0.,0.));
#16232 = VECTOR('',#16233,1.);
#16233 = DIRECTION('',(0.,1.));
#16234 = ( GEOMETRIC_REPRESENTATION_CONTEXT(2) 
PARAMETRIC_REPRESENTATION_CONTEXT() REPRESENTATION_CONTEXT('2D SPACE',''
  ) );
#16235 = PCURVE('',#11718,#16236);
#16236 = DEFINITIONAL_REPRESENTATION('',(#16237),#16241);
#16237 = LINE('',#16238,#16239);
#16238 = CARTESIAN_POINT('',(0.,-4.19));
#16239 = VECTOR('',#16240,1.);
#16240 = DIRECTION('',(1.,0.));
#16241 = ( GEOMETRIC_REPRESENTATION_CONTEXT(2) 
PARAMETRIC_REPRESENTATION_CONTEXT() REPRESENTATION_CONTEXT('2D SPACE',''
  ) );
#16242 = ORIENTED_EDGE('',*,*,#11671,.T.);
#16243 = ORIENTED_EDGE('',*,*,#16244,.T.);
#16244 = EDGE_CURVE('',#11674,#12227,#16245,.T.);
#16245 = SURFACE_CURVE('',#16246,(#16250,#16257),.PCURVE_S1.);
#16246 = LINE('',#16247,#16248);
#16247 = CARTESIAN_POINT('',(100.92,35.36,24.7));
#16248 = VECTOR('',#16249,1.);
#16249 = DIRECTION('',(0.,0.,1.));
#16250 = PCURVE('',#11690,#16251);
#16251 = DEFINITIONAL_REPRESENTATION('',(#16252),#16256);
#16252 = LINE('',#16253,#16254);
#16253 = CARTESIAN_POINT('',(1.570796326795,0.));
#16254 = VECTOR('',#16255,1.);
#16255 = DIRECTION('',(0.,1.));
#16256 = ( GEOMETRIC_REPRESENTATION_CONTEXT(2) 
PARAMETRIC_REPRESENTATION_CONTEXT() REPRESENTATION_CONTEXT('2D SPACE',''
  ) );
#16257 = PCURVE('',#11887,#16258);
#16258 = DEFINITIONAL_REPRESENTATION('',(#16259),#16263);
#16259 = LINE('',#16260,#16261);
#16260 = CARTESIAN_POINT('',(0.,4.19));
#16261 = VECTOR('',#16262,1.);
#16262 = DIRECTION('',(1.,0.));
#16263 = ( GEOMETRIC_REPRESENTATION_CONTEXT(2) 
PARAMETRIC_REPRESENTATION_CONTEXT() REPRESENTATION_CONTEXT('2D SPACE',''
  ) );
#16264 = ORIENTED_EDGE('',*,*,#12226,.F.);
#16265 = ADVANCED_FACE('',(#16266),#11718,.T.);
#16266 = FACE_BOUND('',#16267,.T.);
#16267 = EDGE_LOOP('',(#16268,#16269,#16270,#16271));
#16268 = ORIENTED_EDGE('',*,*,#12201,.F.);
#16269 = ORIENTED_EDGE('',*,*,#16222,.F.);
#16270 = ORIENTED_EDGE('',*,*,#11702,.T.);
#16271 = ORIENTED_EDGE('',*,*,#16272,.T.);
#16272 = EDGE_CURVE('',#11703,#12204,#16273,.T.);
#16273 = SURFACE_CURVE('',#16274,(#16278,#16285),.PCURVE_S1.);
#16274 = LINE('',#16275,#16276);
#16275 = CARTESIAN_POINT('',(111.875,39.55,24.7));
#16276 = VECTOR('',#16277,1.);
#16277 = DIRECTION('',(0.,0.,1.));
#16278 = PCURVE('',#11718,#16279);
#16279 = DEFINITIONAL_REPRESENTATION('',(#16280),#16284);
#16280 = LINE('',#16281,#16282);
#16281 = CARTESIAN_POINT('',(0.,-10.955));
#16282 = VECTOR('',#16283,1.);
#16283 = DIRECTION('',(1.,0.));
#16284 = ( GEOMETRIC_REPRESENTATION_CONTEXT(2) 
PARAMETRIC_REPRESENTATION_CONTEXT() REPRESENTATION_CONTEXT('2D SPACE',''
  ) );
#16285 = PCURVE('',#11747,#16286);
#16286 = DEFINITIONAL_REPRESENTATION('',(#16287),#16291);
#16287 = LINE('',#16288,#16289);
#16288 = CARTESIAN_POINT('',(-0.,0.));
#16289 = VECTOR('',#16290,1.);
#16290 = DIRECTION('',(-0.,1.));
#16291 = ( GEOMETRIC_REPRESENTATION_CONTEXT(2) 
PARAMETRIC_REPRESENTATION_CONTEXT() REPRESENTATION_CONTEXT('2D SPACE',''
  ) );
#16292 = ADVANCED_FACE('',(#16293),#11887,.T.);
#16293 = FACE_BOUND('',#16294,.T.);
#16294 = EDGE_LOOP('',(#16295,#16296,#16297,#16298));
#16295 = ORIENTED_EDGE('',*,*,#11873,.T.);
#16296 = ORIENTED_EDGE('',*,*,#16244,.T.);
#16297 = ORIENTED_EDGE('',*,*,#12250,.T.);
#16298 = ORIENTED_EDGE('',*,*,#16299,.F.);
#16299 = EDGE_CURVE('',#11845,#12251,#16300,.T.);
#16300 = SURFACE_CURVE('',#16301,(#16305,#16312),.PCURVE_S1.);
#16301 = LINE('',#16302,#16303);
#16302 = CARTESIAN_POINT('',(100.92,35.34,24.7));
#16303 = VECTOR('',#16304,1.);
#16304 = DIRECTION('',(0.,0.,1.));
#16305 = PCURVE('',#11887,#16306);
#16306 = DEFINITIONAL_REPRESENTATION('',(#16307),#16311);
#16307 = LINE('',#16308,#16309);
#16308 = CARTESIAN_POINT('',(0.,4.21));
#16309 = VECTOR('',#16310,1.);
#16310 = DIRECTION('',(1.,0.));
#16311 = ( GEOMETRIC_REPRESENTATION_CONTEXT(2) 
PARAMETRIC_REPRESENTATION_CONTEXT() REPRESENTATION_CONTEXT('2D SPACE',''
  ) );
#16312 = PCURVE('',#11861,#16313);
#16313 = DEFINITIONAL_REPRESENTATION('',(#16314),#16318);
#16314 = LINE('',#16315,#16316);
#16315 = CARTESIAN_POINT('',(-1.570796326795,0.));
#16316 = VECTOR('',#16317,1.);
#16317 = DIRECTION('',(-0.,1.));
#16318 = ( GEOMETRIC_REPRESENTATION_CONTEXT(2) 
PARAMETRIC_REPRESENTATION_CONTEXT() REPRESENTATION_CONTEXT('2D SPACE',''
  ) );
#16319 = ADVANCED_FACE('',(#16320),#11747,.F.);
#16320 = FACE_BOUND('',#16321,.T.);
#16321 = EDGE_LOOP('',(#16322,#16323,#16324,#16345));
#16322 = ORIENTED_EDGE('',*,*,#16272,.F.);
#16323 = ORIENTED_EDGE('',*,*,#11730,.F.);
#16324 = ORIENTED_EDGE('',*,*,#16325,.T.);
#16325 = EDGE_CURVE('',#11731,#12349,#16326,.T.);
#16326 = SURFACE_CURVE('',#16327,(#16331,#16338),.PCURVE_S1.);
#16327 = LINE('',#16328,#16329);
#16328 = CARTESIAN_POINT('',(116.065,35.36,24.7));
#16329 = VECTOR('',#16330,1.);
#16330 = DIRECTION('',(0.,0.,1.));
#16331 = PCURVE('',#11747,#16332);
#16332 = DEFINITIONAL_REPRESENTATION('',(#16333),#16337);
#16333 = LINE('',#16334,#16335);
#16334 = CARTESIAN_POINT('',(-1.570796326795,0.));
#16335 = VECTOR('',#16336,1.);
#16336 = DIRECTION('',(-0.,1.));
#16337 = ( GEOMETRIC_REPRESENTATION_CONTEXT(2) 
PARAMETRIC_REPRESENTATION_CONTEXT() REPRESENTATION_CONTEXT('2D SPACE',''
  ) );
#16338 = PCURVE('',#11775,#16339);
#16339 = DEFINITIONAL_REPRESENTATION('',(#16340),#16344);
#16340 = LINE('',#16341,#16342);
#16341 = CARTESIAN_POINT('',(0.,4.19));
#16342 = VECTOR('',#16343,1.);
#16343 = DIRECTION('',(1.,0.));
#16344 = ( GEOMETRIC_REPRESENTATION_CONTEXT(2) 
PARAMETRIC_REPRESENTATION_CONTEXT() REPRESENTATION_CONTEXT('2D SPACE',''
  ) );
#16345 = ORIENTED_EDGE('',*,*,#12371,.F.);
#16346 = ADVANCED_FACE('',(#16347),#11861,.F.);
#16347 = FACE_BOUND('',#16348,.T.);
#16348 = EDGE_LOOP('',(#16349,#16370,#16371,#16372));
#16349 = ORIENTED_EDGE('',*,*,#16350,.F.);
#16350 = EDGE_CURVE('',#11817,#12274,#16351,.T.);
#16351 = SURFACE_CURVE('',#16352,(#16356,#16363),.PCURVE_S1.);
#16352 = LINE('',#16353,#16354);
#16353 = CARTESIAN_POINT('',(105.11,31.15,24.7));
#16354 = VECTOR('',#16355,1.);
#16355 = DIRECTION('',(0.,0.,1.));
#16356 = PCURVE('',#11861,#16357);
#16357 = DEFINITIONAL_REPRESENTATION('',(#16358),#16362);
#16358 = LINE('',#16359,#16360);
#16359 = CARTESIAN_POINT('',(-0.,0.));
#16360 = VECTOR('',#16361,1.);
#16361 = DIRECTION('',(-0.,1.));
#16362 = ( GEOMETRIC_REPRESENTATION_CONTEXT(2) 
PARAMETRIC_REPRESENTATION_CONTEXT() REPRESENTATION_CONTEXT('2D SPACE',''
  ) );
#16363 = PCURVE('',#11832,#16364);
#16364 = DEFINITIONAL_REPRESENTATION('',(#16365),#16369);
#16365 = LINE('',#16366,#16367);
#16366 = CARTESIAN_POINT('',(0.,-4.19));
#16367 = VECTOR('',#16368,1.);
#16368 = DIRECTION('',(1.,0.));
#16369 = ( GEOMETRIC_REPRESENTATION_CONTEXT(2) 
PARAMETRIC_REPRESENTATION_CONTEXT() REPRESENTATION_CONTEXT('2D SPACE',''
  ) );
#16370 = ORIENTED_EDGE('',*,*,#11844,.F.);
#16371 = ORIENTED_EDGE('',*,*,#16299,.T.);
#16372 = ORIENTED_EDGE('',*,*,#12273,.F.);
#16373 = ADVANCED_FACE('',(#16374),#11775,.F.);
#16374 = FACE_BOUND('',#16375,.F.);
#16375 = EDGE_LOOP('',(#16376,#16377,#16378,#16379));
#16376 = ORIENTED_EDGE('',*,*,#11759,.T.);
#16377 = ORIENTED_EDGE('',*,*,#16325,.T.);
#16378 = ORIENTED_EDGE('',*,*,#12348,.T.);
#16379 = ORIENTED_EDGE('',*,*,#16380,.F.);
#16380 = EDGE_CURVE('',#11760,#12325,#16381,.T.);
#16381 = SURFACE_CURVE('',#16382,(#16386,#16393),.PCURVE_S1.);
#16382 = LINE('',#16383,#16384);
#16383 = CARTESIAN_POINT('',(116.065,35.34,24.7));
#16384 = VECTOR('',#16385,1.);
#16385 = DIRECTION('',(0.,0.,1.));
#16386 = PCURVE('',#11775,#16387);
#16387 = DEFINITIONAL_REPRESENTATION('',(#16388),#16392);
#16388 = LINE('',#16389,#16390);
#16389 = CARTESIAN_POINT('',(0.,4.21));
#16390 = VECTOR('',#16391,1.);
#16391 = DIRECTION('',(1.,0.));
#16392 = ( GEOMETRIC_REPRESENTATION_CONTEXT(2) 
PARAMETRIC_REPRESENTATION_CONTEXT() REPRESENTATION_CONTEXT('2D SPACE',''
  ) );
#16393 = PCURVE('',#11804,#16394);
#16394 = DEFINITIONAL_REPRESENTATION('',(#16395),#16399);
#16395 = LINE('',#16396,#16397);
#16396 = CARTESIAN_POINT('',(1.570796326795,0.));
#16397 = VECTOR('',#16398,1.);
#16398 = DIRECTION('',(0.,1.));
#16399 = ( GEOMETRIC_REPRESENTATION_CONTEXT(2) 
PARAMETRIC_REPRESENTATION_CONTEXT() REPRESENTATION_CONTEXT('2D SPACE',''
  ) );
#16400 = ADVANCED_FACE('',(#16401),#11832,.F.);
#16401 = FACE_BOUND('',#16402,.F.);
#16402 = EDGE_LOOP('',(#16403,#16404,#16405,#16406));
#16403 = ORIENTED_EDGE('',*,*,#12301,.F.);
#16404 = ORIENTED_EDGE('',*,*,#16350,.F.);
#16405 = ORIENTED_EDGE('',*,*,#11816,.T.);
#16406 = ORIENTED_EDGE('',*,*,#16407,.T.);
#16407 = EDGE_CURVE('',#11788,#12302,#16408,.T.);
#16408 = SURFACE_CURVE('',#16409,(#16413,#16420),.PCURVE_S1.);
#16409 = LINE('',#16410,#16411);
#16410 = CARTESIAN_POINT('',(111.875,31.15,24.7));
#16411 = VECTOR('',#16412,1.);
#16412 = DIRECTION('',(0.,0.,1.));
#16413 = PCURVE('',#11832,#16414);
#16414 = DEFINITIONAL_REPRESENTATION('',(#16415),#16419);
#16415 = LINE('',#16416,#16417);
#16416 = CARTESIAN_POINT('',(0.,-10.955));
#16417 = VECTOR('',#16418,1.);
#16418 = DIRECTION('',(1.,0.));
#16419 = ( GEOMETRIC_REPRESENTATION_CONTEXT(2) 
PARAMETRIC_REPRESENTATION_CONTEXT() REPRESENTATION_CONTEXT('2D SPACE',''
  ) );
#16420 = PCURVE('',#11804,#16421);
#16421 = DEFINITIONAL_REPRESENTATION('',(#16422),#16426);
#16422 = LINE('',#16423,#16424);
#16423 = CARTESIAN_POINT('',(0.,0.));
#16424 = VECTOR('',#16425,1.);
#16425 = DIRECTION('',(0.,1.));
#16426 = ( GEOMETRIC_REPRESENTATION_CONTEXT(2) 
PARAMETRIC_REPRESENTATION_CONTEXT() REPRESENTATION_CONTEXT('2D SPACE',''
  ) );
#16427 = ADVANCED_FACE('',(#16428),#11804,.F.);
#16428 = FACE_BOUND('',#16429,.F.);
#16429 = EDGE_LOOP('',(#16430,#16431,#16432,#16433));
#16430 = ORIENTED_EDGE('',*,*,#16407,.F.);
#16431 = ORIENTED_EDGE('',*,*,#11787,.T.);
#16432 = ORIENTED_EDGE('',*,*,#16380,.T.);
#16433 = ORIENTED_EDGE('',*,*,#12324,.F.);
#16434 = ADVANCED_FACE('',(#16435),#11927,.F.);
#16435 = FACE_BOUND('',#16436,.T.);
#16436 = EDGE_LOOP('',(#16437,#16462,#16488,#16489,#16490,#16491,#16492,
    #16493));
#16437 = ORIENTED_EDGE('',*,*,#16438,.F.);
#16438 = EDGE_CURVE('',#16439,#16441,#16443,.T.);
#16439 = VERTEX_POINT('',#16440);
#16440 = CARTESIAN_POINT('',(50.9,3.2,21.8));
#16441 = VERTEX_POINT('',#16442);
#16442 = CARTESIAN_POINT('',(52.1,3.2,21.8));
#16443 = SURFACE_CURVE('',#16444,(#16448,#16455),.PCURVE_S1.);
#16444 = LINE('',#16445,#16446);
#16445 = CARTESIAN_POINT('',(50.5,3.2,21.8));
#16446 = VECTOR('',#16447,1.);
#16447 = DIRECTION('',(1.,1.110223024625E-16,0.));
#16448 = PCURVE('',#11927,#16449);
#16449 = DEFINITIONAL_REPRESENTATION('',(#16450),#16454);
#16450 = LINE('',#16451,#16452);
#16451 = CARTESIAN_POINT('',(-0.,0.));
#16452 = VECTOR('',#16453,1.);
#16453 = DIRECTION('',(-0.,1.));
#16454 = ( GEOMETRIC_REPRESENTATION_CONTEXT(2) 
PARAMETRIC_REPRESENTATION_CONTEXT() REPRESENTATION_CONTEXT('2D SPACE',''
  ) );
#16455 = PCURVE('',#12083,#16456);
#16456 = DEFINITIONAL_REPRESENTATION('',(#16457),#16461);
#16457 = LINE('',#16458,#16459);
#16458 = CARTESIAN_POINT('',(-0.,-0.));
#16459 = VECTOR('',#16460,1.);
#16460 = DIRECTION('',(-0.,-1.));
#16461 = ( GEOMETRIC_REPRESENTATION_CONTEXT(2) 
PARAMETRIC_REPRESENTATION_CONTEXT() REPRESENTATION_CONTEXT('2D SPACE',''
  ) );
#16462 = ORIENTED_EDGE('',*,*,#16463,.T.);
#16463 = EDGE_CURVE('',#16439,#12122,#16464,.T.);
#16464 = SURFACE_CURVE('',#16465,(#16470,#16481),.PCURVE_S1.);
#16465 = CIRCLE('',#16466,0.4);
#16466 = AXIS2_PLACEMENT_3D('',#16467,#16468,#16469);
#16467 = CARTESIAN_POINT('',(50.9,3.6,21.8));
#16468 = DIRECTION('',(0.,0.,-1.));
#16469 = DIRECTION('',(-1.,-1.110223024625E-16,-0.));
#16470 = PCURVE('',#11927,#16471);
#16471 = DEFINITIONAL_REPRESENTATION('',(#16472),#16480);
#16472 = ( BOUNDED_CURVE() B_SPLINE_CURVE(2,(#16473,#16474,#16475,#16476
    ,#16477,#16478,#16479),.UNSPECIFIED.,.T.,.F.) 
B_SPLINE_CURVE_WITH_KNOTS((1,2,2,2,2,1),(-2.094395102393,0.,
    2.094395102393,4.188790204786,6.28318530718,8.377580409573),
.UNSPECIFIED.) CURVE() GEOMETRIC_REPRESENTATION_ITEM() 
RATIONAL_B_SPLINE_CURVE((1.,0.5,1.,0.5,1.,0.5,1.)) REPRESENTATION_ITEM(
  '') );
#16473 = CARTESIAN_POINT('',(-0.4,5.551115123126E-17));
#16474 = CARTESIAN_POINT('',(-1.092820323028,5.551115123126E-17));
#16475 = CARTESIAN_POINT('',(-0.746410161514,0.6));
#16476 = CARTESIAN_POINT('',(-0.4,1.2));
#16477 = CARTESIAN_POINT('',(-5.358983848622E-02,0.6));
#16478 = CARTESIAN_POINT('',(0.292820323028,6.661338147751E-16));
#16479 = CARTESIAN_POINT('',(-0.4,5.551115123126E-17));
#16480 = ( GEOMETRIC_REPRESENTATION_CONTEXT(2) 
PARAMETRIC_REPRESENTATION_CONTEXT() REPRESENTATION_CONTEXT('2D SPACE',''
  ) );
#16481 = PCURVE('',#12055,#16482);
#16482 = DEFINITIONAL_REPRESENTATION('',(#16483),#16487);
#16483 = LINE('',#16484,#16485);
#16484 = CARTESIAN_POINT('',(4.712388980385,-0.));
#16485 = VECTOR('',#16486,1.);
#16486 = DIRECTION('',(-1.,0.));
#16487 = ( GEOMETRIC_REPRESENTATION_CONTEXT(2) 
PARAMETRIC_REPRESENTATION_CONTEXT() REPRESENTATION_CONTEXT('2D SPACE',''
  ) );
#16488 = ORIENTED_EDGE('',*,*,#12121,.T.);
#16489 = ORIENTED_EDGE('',*,*,#15913,.F.);
#16490 = ORIENTED_EDGE('',*,*,#15942,.T.);
#16491 = ORIENTED_EDGE('',*,*,#15990,.T.);
#16492 = ORIENTED_EDGE('',*,*,#11909,.F.);
#16493 = ORIENTED_EDGE('',*,*,#16494,.F.);
#16494 = EDGE_CURVE('',#16441,#11910,#16495,.T.);
#16495 = SURFACE_CURVE('',#16496,(#16501,#16508),.PCURVE_S1.);
#16496 = CIRCLE('',#16497,0.4);
#16497 = AXIS2_PLACEMENT_3D('',#16498,#16499,#16500);
#16498 = CARTESIAN_POINT('',(52.1,3.6,21.8));
#16499 = DIRECTION('',(-0.,0.,1.));
#16500 = DIRECTION('',(-1.,-1.110223024625E-16,-0.));
#16501 = PCURVE('',#11927,#16502);
#16502 = DEFINITIONAL_REPRESENTATION('',(#16503),#16507);
#16503 = CIRCLE('',#16504,0.4);
#16504 = AXIS2_PLACEMENT_2D('',#16505,#16506);
#16505 = CARTESIAN_POINT('',(-0.4,1.6));
#16506 = DIRECTION('',(-0.,-1.));
#16507 = ( GEOMETRIC_REPRESENTATION_CONTEXT(2) 
PARAMETRIC_REPRESENTATION_CONTEXT() REPRESENTATION_CONTEXT('2D SPACE',''
  ) );
#16508 = PCURVE('',#11955,#16509);
#16509 = DEFINITIONAL_REPRESENTATION('',(#16510),#16514);
#16510 = LINE('',#16511,#16512);
#16511 = CARTESIAN_POINT('',(-1.570796326795,0.));
#16512 = VECTOR('',#16513,1.);
#16513 = DIRECTION('',(1.,0.));
#16514 = ( GEOMETRIC_REPRESENTATION_CONTEXT(2) 
PARAMETRIC_REPRESENTATION_CONTEXT() REPRESENTATION_CONTEXT('2D SPACE',''
  ) );
#16515 = ADVANCED_FACE('',(#16516),#11955,.T.);
#16516 = FACE_BOUND('',#16517,.T.);
#16517 = EDGE_LOOP('',(#16518,#16539,#16540,#16541));
#16518 = ORIENTED_EDGE('',*,*,#16519,.F.);
#16519 = EDGE_CURVE('',#16441,#12068,#16520,.T.);
#16520 = SURFACE_CURVE('',#16521,(#16525,#16532),.PCURVE_S1.);
#16521 = LINE('',#16522,#16523);
#16522 = CARTESIAN_POINT('',(52.1,3.2,21.8));
#16523 = VECTOR('',#16524,1.);
#16524 = DIRECTION('',(0.,0.,1.));
#16525 = PCURVE('',#11955,#16526);
#16526 = DEFINITIONAL_REPRESENTATION('',(#16527),#16531);
#16527 = LINE('',#16528,#16529);
#16528 = CARTESIAN_POINT('',(0.,0.));
#16529 = VECTOR('',#16530,1.);
#16530 = DIRECTION('',(0.,1.));
#16531 = ( GEOMETRIC_REPRESENTATION_CONTEXT(2) 
PARAMETRIC_REPRESENTATION_CONTEXT() REPRESENTATION_CONTEXT('2D SPACE',''
  ) );
#16532 = PCURVE('',#12083,#16533);
#16533 = DEFINITIONAL_REPRESENTATION('',(#16534),#16538);
#16534 = LINE('',#16535,#16536);
#16535 = CARTESIAN_POINT('',(-0.,-1.6));
#16536 = VECTOR('',#16537,1.);
#16537 = DIRECTION('',(-1.,-0.));
#16538 = ( GEOMETRIC_REPRESENTATION_CONTEXT(2) 
PARAMETRIC_REPRESENTATION_CONTEXT() REPRESENTATION_CONTEXT('2D SPACE',''
  ) );
#16539 = ORIENTED_EDGE('',*,*,#16494,.T.);
#16540 = ORIENTED_EDGE('',*,*,#11939,.T.);
#16541 = ORIENTED_EDGE('',*,*,#12095,.F.);
#16542 = ADVANCED_FACE('',(#16543),#12083,.F.);
#16543 = FACE_BOUND('',#16544,.T.);
#16544 = EDGE_LOOP('',(#16545,#16546,#16567,#16568));
#16545 = ORIENTED_EDGE('',*,*,#12067,.T.);
#16546 = ORIENTED_EDGE('',*,*,#16547,.F.);
#16547 = EDGE_CURVE('',#16439,#12039,#16548,.T.);
#16548 = SURFACE_CURVE('',#16549,(#16553,#16560),.PCURVE_S1.);
#16549 = LINE('',#16550,#16551);
#16550 = CARTESIAN_POINT('',(50.9,3.2,21.8));
#16551 = VECTOR('',#16552,1.);
#16552 = DIRECTION('',(0.,0.,1.));
#16553 = PCURVE('',#12083,#16554);
#16554 = DEFINITIONAL_REPRESENTATION('',(#16555),#16559);
#16555 = LINE('',#16556,#16557);
#16556 = CARTESIAN_POINT('',(-0.,-0.4));
#16557 = VECTOR('',#16558,1.);
#16558 = DIRECTION('',(-1.,-0.));
#16559 = ( GEOMETRIC_REPRESENTATION_CONTEXT(2) 
PARAMETRIC_REPRESENTATION_CONTEXT() REPRESENTATION_CONTEXT('2D SPACE',''
  ) );
#16560 = PCURVE('',#12055,#16561);
#16561 = DEFINITIONAL_REPRESENTATION('',(#16562),#16566);
#16562 = LINE('',#16563,#16564);
#16563 = CARTESIAN_POINT('',(-0.,0.));
#16564 = VECTOR('',#16565,1.);
#16565 = DIRECTION('',(-0.,1.));
#16566 = ( GEOMETRIC_REPRESENTATION_CONTEXT(2) 
PARAMETRIC_REPRESENTATION_CONTEXT() REPRESENTATION_CONTEXT('2D SPACE',''
  ) );
#16567 = ORIENTED_EDGE('',*,*,#16438,.T.);
#16568 = ORIENTED_EDGE('',*,*,#16519,.T.);
#16569 = ADVANCED_FACE('',(#16570),#12055,.T.);
#16570 = FACE_BOUND('',#16571,.F.);
#16571 = EDGE_LOOP('',(#16572,#16573,#16574,#16575));
#16572 = ORIENTED_EDGE('',*,*,#16547,.F.);
#16573 = ORIENTED_EDGE('',*,*,#16463,.T.);
#16574 = ORIENTED_EDGE('',*,*,#12146,.T.);
#16575 = ORIENTED_EDGE('',*,*,#12038,.T.);
#16576 = ADVANCED_FACE('',(#16577),#12615,.F.);
#16577 = FACE_BOUND('',#16578,.T.);
#16578 = EDGE_LOOP('',(#16579,#16580,#16581,#16582));
#16579 = ORIENTED_EDGE('',*,*,#12733,.F.);
#16580 = ORIENTED_EDGE('',*,*,#12706,.T.);
#16581 = ORIENTED_EDGE('',*,*,#12597,.F.);
#16582 = ORIENTED_EDGE('',*,*,#14704,.F.);
#16583 = ADVANCED_FACE('',(#16584),#13065,.F.);
#16584 = FACE_BOUND('',#16585,.T.);
#16585 = EDGE_LOOP('',(#16586,#16616,#16641,#16642,#16643));
#16586 = ORIENTED_EDGE('',*,*,#16587,.T.);
#16587 = EDGE_CURVE('',#16588,#16590,#16592,.T.);
#16588 = VERTEX_POINT('',#16589);
#16589 = CARTESIAN_POINT('',(48.5,2.984176182708,19.5));
#16590 = VERTEX_POINT('',#16591);
#16591 = CARTESIAN_POINT('',(23.4,2.165252854812,19.5));
#16592 = SURFACE_CURVE('',#16593,(#16597,#16604),.PCURVE_S1.);
#16593 = LINE('',#16594,#16595);
#16594 = CARTESIAN_POINT('',(52.05,3.1,19.5));
#16595 = VECTOR('',#16596,1.);
#16596 = DIRECTION('',(-0.999468182663,-3.260907610646E-02,0.));
#16597 = PCURVE('',#13065,#16598);
#16598 = DEFINITIONAL_REPRESENTATION('',(#16599),#16603);
#16599 = LINE('',#16600,#16601);
#16600 = CARTESIAN_POINT('',(-0.,-1.6));
#16601 = VECTOR('',#16602,1.);
#16602 = DIRECTION('',(-1.,0.));
#16603 = ( GEOMETRIC_REPRESENTATION_CONTEXT(2) 
PARAMETRIC_REPRESENTATION_CONTEXT() REPRESENTATION_CONTEXT('2D SPACE',''
  ) );
#16604 = PCURVE('',#16605,#16610);
#16605 = PLANE('',#16606);
#16606 = AXIS2_PLACEMENT_3D('',#16607,#16608,#16609);
#16607 = CARTESIAN_POINT('',(36.318137728176,6.1,19.5));
#16608 = DIRECTION('',(0.,0.,1.));
#16609 = DIRECTION('',(1.110223024625E-16,-1.,0.));
#16610 = DEFINITIONAL_REPRESENTATION('',(#16611),#16615);
#16611 = LINE('',#16612,#16613);
#16612 = CARTESIAN_POINT('',(3.,15.731862271824));
#16613 = VECTOR('',#16614,1.);
#16614 = DIRECTION('',(3.260907610646E-02,-0.999468182663));
#16615 = ( GEOMETRIC_REPRESENTATION_CONTEXT(2) 
PARAMETRIC_REPRESENTATION_CONTEXT() REPRESENTATION_CONTEXT('2D SPACE',''
  ) );
#16616 = ORIENTED_EDGE('',*,*,#16617,.T.);
#16617 = EDGE_CURVE('',#16590,#15572,#16618,.T.);
#16618 = SURFACE_CURVE('',#16619,(#16624,#16631),.PCURVE_S1.);
#16619 = ELLIPSE('',#16620,1.200638520381,1.2);
#16620 = AXIS2_PLACEMENT_3D('',#16621,#16622,#16623);
#16621 = CARTESIAN_POINT('',(23.4,2.165252854812,20.7));
#16622 = DIRECTION('',(-3.260907610646E-02,0.999468182663,0.));
#16623 = DIRECTION('',(0.999468182663,3.260907610646E-02,0.));
#16624 = PCURVE('',#13065,#16625);
#16625 = DEFINITIONAL_REPRESENTATION('',(#16626),#16630);
#16626 = ELLIPSE('',#16627,1.200638520381,1.2);
#16627 = AXIS2_PLACEMENT_2D('',#16628,#16629);
#16628 = CARTESIAN_POINT('',(-28.66524467409,-2.8));
#16629 = DIRECTION('',(1.,-0.));
#16630 = ( GEOMETRIC_REPRESENTATION_CONTEXT(2) 
PARAMETRIC_REPRESENTATION_CONTEXT() REPRESENTATION_CONTEXT('2D SPACE',''
  ) );
#16631 = PCURVE('',#15656,#16632);
#16632 = DEFINITIONAL_REPRESENTATION('',(#16633),#16640);
#16633 = B_SPLINE_CURVE_WITH_KNOTS('',5,(#16634,#16635,#16636,#16637,
    #16638,#16639),.UNSPECIFIED.,.F.,.F.,(6,6),(1.570796326795,
    3.14159265359),.PIECEWISE_BEZIER_KNOTS.);
#16634 = CARTESIAN_POINT('',(-1.110223024625E-16,3.915171288744E-02));
#16635 = CARTESIAN_POINT('',(0.314159265359,2.685183952918E-02));
#16636 = CARTESIAN_POINT('',(0.628318516318,1.454083429581E-02));
#16637 = CARTESIAN_POINT('',(0.942477829782,4.816843429292E-03));
#16638 = CARTESIAN_POINT('',(1.256637061436,2.102766291572E-17));
#16639 = CARTESIAN_POINT('',(1.570796326795,0.));
#16640 = ( GEOMETRIC_REPRESENTATION_CONTEXT(2) 
PARAMETRIC_REPRESENTATION_CONTEXT() REPRESENTATION_CONTEXT('2D SPACE',''
  ) );
#16641 = ORIENTED_EDGE('',*,*,#15571,.F.);
#16642 = ORIENTED_EDGE('',*,*,#13049,.F.);
#16643 = ORIENTED_EDGE('',*,*,#16644,.T.);
#16644 = EDGE_CURVE('',#13022,#16588,#16645,.T.);
#16645 = SURFACE_CURVE('',#16646,(#16650,#16657),.PCURVE_S1.);
#16646 = LINE('',#16647,#16648);
#16647 = CARTESIAN_POINT('',(48.5,2.984176182708,17.9));
#16648 = VECTOR('',#16649,1.);
#16649 = DIRECTION('',(0.,0.,1.));
#16650 = PCURVE('',#13065,#16651);
#16651 = DEFINITIONAL_REPRESENTATION('',(#16652),#16656);
#16652 = LINE('',#16653,#16654);
#16653 = CARTESIAN_POINT('',(-3.551888956126,0.));
#16654 = VECTOR('',#16655,1.);
#16655 = DIRECTION('',(-0.,-1.));
#16656 = ( GEOMETRIC_REPRESENTATION_CONTEXT(2) 
PARAMETRIC_REPRESENTATION_CONTEXT() REPRESENTATION_CONTEXT('2D SPACE',''
  ) );
#16657 = PCURVE('',#13037,#16658);
#16658 = DEFINITIONAL_REPRESENTATION('',(#16659),#16663);
#16659 = LINE('',#16660,#16661);
#16660 = CARTESIAN_POINT('',(-0.,2.484176182708));
#16661 = VECTOR('',#16662,1.);
#16662 = DIRECTION('',(-1.,0.));
#16663 = ( GEOMETRIC_REPRESENTATION_CONTEXT(2) 
PARAMETRIC_REPRESENTATION_CONTEXT() REPRESENTATION_CONTEXT('2D SPACE',''
  ) );
#16664 = ADVANCED_FACE('',(#16665),#13037,.F.);
#16665 = FACE_BOUND('',#16666,.T.);
#16666 = EDGE_LOOP('',(#16667,#16668,#16691,#16712));
#16667 = ORIENTED_EDGE('',*,*,#13021,.F.);
#16668 = ORIENTED_EDGE('',*,*,#16669,.T.);
#16669 = EDGE_CURVE('',#12989,#16670,#16672,.T.);
#16670 = VERTEX_POINT('',#16671);
#16671 = CARTESIAN_POINT('',(48.5,0.85,19.5));
#16672 = SURFACE_CURVE('',#16673,(#16677,#16684),.PCURVE_S1.);
#16673 = LINE('',#16674,#16675);
#16674 = CARTESIAN_POINT('',(48.5,0.85,17.9));
#16675 = VECTOR('',#16676,1.);
#16676 = DIRECTION('',(0.,0.,1.));
#16677 = PCURVE('',#13037,#16678);
#16678 = DEFINITIONAL_REPRESENTATION('',(#16679),#16683);
#16679 = LINE('',#16680,#16681);
#16680 = CARTESIAN_POINT('',(-0.,0.35));
#16681 = VECTOR('',#16682,1.);
#16682 = DIRECTION('',(-1.,0.));
#16683 = ( GEOMETRIC_REPRESENTATION_CONTEXT(2) 
PARAMETRIC_REPRESENTATION_CONTEXT() REPRESENTATION_CONTEXT('2D SPACE',''
  ) );
#16684 = PCURVE('',#13009,#16685);
#16685 = DEFINITIONAL_REPRESENTATION('',(#16686),#16690);
#16686 = LINE('',#16687,#16688);
#16687 = CARTESIAN_POINT('',(-1.570796326795,0.));
#16688 = VECTOR('',#16689,1.);
#16689 = DIRECTION('',(-0.,1.));
#16690 = ( GEOMETRIC_REPRESENTATION_CONTEXT(2) 
PARAMETRIC_REPRESENTATION_CONTEXT() REPRESENTATION_CONTEXT('2D SPACE',''
  ) );
#16691 = ORIENTED_EDGE('',*,*,#16692,.T.);
#16692 = EDGE_CURVE('',#16670,#16588,#16693,.T.);
#16693 = SURFACE_CURVE('',#16694,(#16698,#16705),.PCURVE_S1.);
#16694 = LINE('',#16695,#16696);
#16695 = CARTESIAN_POINT('',(48.5,0.5,19.5));
#16696 = VECTOR('',#16697,1.);
#16697 = DIRECTION('',(-1.110223024625E-16,1.,0.));
#16698 = PCURVE('',#13037,#16699);
#16699 = DEFINITIONAL_REPRESENTATION('',(#16700),#16704);
#16700 = LINE('',#16701,#16702);
#16701 = CARTESIAN_POINT('',(-1.6,0.));
#16702 = VECTOR('',#16703,1.);
#16703 = DIRECTION('',(-0.,1.));
#16704 = ( GEOMETRIC_REPRESENTATION_CONTEXT(2) 
PARAMETRIC_REPRESENTATION_CONTEXT() REPRESENTATION_CONTEXT('2D SPACE',''
  ) );
#16705 = PCURVE('',#16605,#16706);
#16706 = DEFINITIONAL_REPRESENTATION('',(#16707),#16711);
#16707 = LINE('',#16708,#16709);
#16708 = CARTESIAN_POINT('',(5.6,12.181862271824));
#16709 = VECTOR('',#16710,1.);
#16710 = DIRECTION('',(-1.,0.));
#16711 = ( GEOMETRIC_REPRESENTATION_CONTEXT(2) 
PARAMETRIC_REPRESENTATION_CONTEXT() REPRESENTATION_CONTEXT('2D SPACE',''
  ) );
#16712 = ORIENTED_EDGE('',*,*,#16644,.F.);
#16713 = ADVANCED_FACE('',(#16714),#13009,.T.);
#16714 = FACE_BOUND('',#16715,.F.);
#16715 = EDGE_LOOP('',(#16716,#16717,#16718,#16746));
#16716 = ORIENTED_EDGE('',*,*,#12988,.T.);
#16717 = ORIENTED_EDGE('',*,*,#16669,.T.);
#16718 = ORIENTED_EDGE('',*,*,#16719,.F.);
#16719 = EDGE_CURVE('',#16720,#16670,#16722,.T.);
#16720 = VERTEX_POINT('',#16721);
#16721 = CARTESIAN_POINT('',(48.85,0.5,19.5));
#16722 = SURFACE_CURVE('',#16723,(#16728,#16735),.PCURVE_S1.);
#16723 = CIRCLE('',#16724,0.35);
#16724 = AXIS2_PLACEMENT_3D('',#16725,#16726,#16727);
#16725 = CARTESIAN_POINT('',(48.85,0.85,19.5));
#16726 = DIRECTION('',(0.,0.,-1.));
#16727 = DIRECTION('',(-1.,-1.110223024625E-16,-0.));
#16728 = PCURVE('',#13009,#16729);
#16729 = DEFINITIONAL_REPRESENTATION('',(#16730),#16734);
#16730 = LINE('',#16731,#16732);
#16731 = CARTESIAN_POINT('',(4.712388980385,1.6));
#16732 = VECTOR('',#16733,1.);
#16733 = DIRECTION('',(-1.,0.));
#16734 = ( GEOMETRIC_REPRESENTATION_CONTEXT(2) 
PARAMETRIC_REPRESENTATION_CONTEXT() REPRESENTATION_CONTEXT('2D SPACE',''
  ) );
#16735 = PCURVE('',#16605,#16736);
#16736 = DEFINITIONAL_REPRESENTATION('',(#16737),#16745);
#16737 = ( BOUNDED_CURVE() B_SPLINE_CURVE(2,(#16738,#16739,#16740,#16741
    ,#16742,#16743,#16744),.UNSPECIFIED.,.T.,.F.) 
B_SPLINE_CURVE_WITH_KNOTS((1,2,2,2,2,1),(-2.094395102393,0.,
    2.094395102393,4.188790204786,6.28318530718,8.377580409573),
.UNSPECIFIED.) CURVE() GEOMETRIC_REPRESENTATION_ITEM() 
RATIONAL_B_SPLINE_CURVE((1.,0.5,1.,0.5,1.,0.5,1.)) REPRESENTATION_ITEM(
  '') );
#16738 = CARTESIAN_POINT('',(5.25,12.181862271824));
#16739 = CARTESIAN_POINT('',(4.643782217351,12.181862271824));
#16740 = CARTESIAN_POINT('',(4.946891108675,12.706862271824));
#16741 = CARTESIAN_POINT('',(5.25,13.231862271824));
#16742 = CARTESIAN_POINT('',(5.553108891325,12.706862271824));
#16743 = CARTESIAN_POINT('',(5.856217782649,12.181862271824));
#16744 = CARTESIAN_POINT('',(5.25,12.181862271824));
#16745 = ( GEOMETRIC_REPRESENTATION_CONTEXT(2) 
PARAMETRIC_REPRESENTATION_CONTEXT() REPRESENTATION_CONTEXT('2D SPACE',''
  ) );
#16746 = ORIENTED_EDGE('',*,*,#16747,.F.);
#16747 = EDGE_CURVE('',#12961,#16720,#16748,.T.);
#16748 = SURFACE_CURVE('',#16749,(#16753,#16760),.PCURVE_S1.);
#16749 = LINE('',#16750,#16751);
#16750 = CARTESIAN_POINT('',(48.85,0.5,17.9));
#16751 = VECTOR('',#16752,1.);
#16752 = DIRECTION('',(0.,0.,1.));
#16753 = PCURVE('',#13009,#16754);
#16754 = DEFINITIONAL_REPRESENTATION('',(#16755),#16759);
#16755 = LINE('',#16756,#16757);
#16756 = CARTESIAN_POINT('',(-0.,0.));
#16757 = VECTOR('',#16758,1.);
#16758 = DIRECTION('',(-0.,1.));
#16759 = ( GEOMETRIC_REPRESENTATION_CONTEXT(2) 
PARAMETRIC_REPRESENTATION_CONTEXT() REPRESENTATION_CONTEXT('2D SPACE',''
  ) );
#16760 = PCURVE('',#12976,#16761);
#16761 = DEFINITIONAL_REPRESENTATION('',(#16762),#16766);
#16762 = LINE('',#16763,#16764);
#16763 = CARTESIAN_POINT('',(-0.,-0.35));
#16764 = VECTOR('',#16765,1.);
#16765 = DIRECTION('',(-1.,-0.));
#16766 = ( GEOMETRIC_REPRESENTATION_CONTEXT(2) 
PARAMETRIC_REPRESENTATION_CONTEXT() REPRESENTATION_CONTEXT('2D SPACE',''
  ) );
#16767 = ADVANCED_FACE('',(#16768),#12976,.F.);
#16768 = FACE_BOUND('',#16769,.T.);
#16769 = EDGE_LOOP('',(#16770,#16793,#16794,#16795));
#16770 = ORIENTED_EDGE('',*,*,#16771,.F.);
#16771 = EDGE_CURVE('',#16720,#16772,#16774,.T.);
#16772 = VERTEX_POINT('',#16773);
#16773 = CARTESIAN_POINT('',(51.7,0.5,19.5));
#16774 = SURFACE_CURVE('',#16775,(#16779,#16786),.PCURVE_S1.);
#16775 = LINE('',#16776,#16777);
#16776 = CARTESIAN_POINT('',(48.5,0.5,19.5));
#16777 = VECTOR('',#16778,1.);
#16778 = DIRECTION('',(1.,1.110223024625E-16,0.));
#16779 = PCURVE('',#12976,#16780);
#16780 = DEFINITIONAL_REPRESENTATION('',(#16781),#16785);
#16781 = LINE('',#16782,#16783);
#16782 = CARTESIAN_POINT('',(-1.6,-0.));
#16783 = VECTOR('',#16784,1.);
#16784 = DIRECTION('',(-0.,-1.));
#16785 = ( GEOMETRIC_REPRESENTATION_CONTEXT(2) 
PARAMETRIC_REPRESENTATION_CONTEXT() REPRESENTATION_CONTEXT('2D SPACE',''
  ) );
#16786 = PCURVE('',#16605,#16787);
#16787 = DEFINITIONAL_REPRESENTATION('',(#16788),#16792);
#16788 = LINE('',#16789,#16790);
#16789 = CARTESIAN_POINT('',(5.6,12.181862271824));
#16790 = VECTOR('',#16791,1.);
#16791 = DIRECTION('',(-0.,1.));
#16792 = ( GEOMETRIC_REPRESENTATION_CONTEXT(2) 
PARAMETRIC_REPRESENTATION_CONTEXT() REPRESENTATION_CONTEXT('2D SPACE',''
  ) );
#16793 = ORIENTED_EDGE('',*,*,#16747,.F.);
#16794 = ORIENTED_EDGE('',*,*,#12960,.T.);
#16795 = ORIENTED_EDGE('',*,*,#16796,.T.);
#16796 = EDGE_CURVE('',#12932,#16772,#16797,.T.);
#16797 = SURFACE_CURVE('',#16798,(#16802,#16809),.PCURVE_S1.);
#16798 = LINE('',#16799,#16800);
#16799 = CARTESIAN_POINT('',(51.7,0.5,17.9));
#16800 = VECTOR('',#16801,1.);
#16801 = DIRECTION('',(0.,0.,1.));
#16802 = PCURVE('',#12976,#16803);
#16803 = DEFINITIONAL_REPRESENTATION('',(#16804),#16808);
#16804 = LINE('',#16805,#16806);
#16805 = CARTESIAN_POINT('',(-0.,-3.2));
#16806 = VECTOR('',#16807,1.);
#16807 = DIRECTION('',(-1.,-0.));
#16808 = ( GEOMETRIC_REPRESENTATION_CONTEXT(2) 
PARAMETRIC_REPRESENTATION_CONTEXT() REPRESENTATION_CONTEXT('2D SPACE',''
  ) );
#16809 = PCURVE('',#12948,#16810);
#16810 = DEFINITIONAL_REPRESENTATION('',(#16811),#16815);
#16811 = LINE('',#16812,#16813);
#16812 = CARTESIAN_POINT('',(0.,0.));
#16813 = VECTOR('',#16814,1.);
#16814 = DIRECTION('',(0.,1.));
#16815 = ( GEOMETRIC_REPRESENTATION_CONTEXT(2) 
PARAMETRIC_REPRESENTATION_CONTEXT() REPRESENTATION_CONTEXT('2D SPACE',''
  ) );
#16816 = ADVANCED_FACE('',(#16817),#12948,.T.);
#16817 = FACE_BOUND('',#16818,.T.);
#16818 = EDGE_LOOP('',(#16819,#16820,#16843,#16865));
#16819 = ORIENTED_EDGE('',*,*,#12931,.T.);
#16820 = ORIENTED_EDGE('',*,*,#16821,.T.);
#16821 = EDGE_CURVE('',#12904,#16822,#16824,.T.);
#16822 = VERTEX_POINT('',#16823);
#16823 = CARTESIAN_POINT('',(52.05,0.85,19.5));
#16824 = SURFACE_CURVE('',#16825,(#16829,#16836),.PCURVE_S1.);
#16825 = LINE('',#16826,#16827);
#16826 = CARTESIAN_POINT('',(52.05,0.85,17.9));
#16827 = VECTOR('',#16828,1.);
#16828 = DIRECTION('',(0.,0.,1.));
#16829 = PCURVE('',#12948,#16830);
#16830 = DEFINITIONAL_REPRESENTATION('',(#16831),#16835);
#16831 = LINE('',#16832,#16833);
#16832 = CARTESIAN_POINT('',(1.570796326795,0.));
#16833 = VECTOR('',#16834,1.);
#16834 = DIRECTION('',(0.,1.));
#16835 = ( GEOMETRIC_REPRESENTATION_CONTEXT(2) 
PARAMETRIC_REPRESENTATION_CONTEXT() REPRESENTATION_CONTEXT('2D SPACE',''
  ) );
#16836 = PCURVE('',#12919,#16837);
#16837 = DEFINITIONAL_REPRESENTATION('',(#16838),#16842);
#16838 = LINE('',#16839,#16840);
#16839 = CARTESIAN_POINT('',(-8.25,0.));
#16840 = VECTOR('',#16841,1.);
#16841 = DIRECTION('',(-0.,-1.));
#16842 = ( GEOMETRIC_REPRESENTATION_CONTEXT(2) 
PARAMETRIC_REPRESENTATION_CONTEXT() REPRESENTATION_CONTEXT('2D SPACE',''
  ) );
#16843 = ORIENTED_EDGE('',*,*,#16844,.F.);
#16844 = EDGE_CURVE('',#16772,#16822,#16845,.T.);
#16845 = SURFACE_CURVE('',#16846,(#16851,#16858),.PCURVE_S1.);
#16846 = CIRCLE('',#16847,0.35);
#16847 = AXIS2_PLACEMENT_3D('',#16848,#16849,#16850);
#16848 = CARTESIAN_POINT('',(51.7,0.85,19.5));
#16849 = DIRECTION('',(-0.,0.,1.));
#16850 = DIRECTION('',(-1.,-1.110223024625E-16,-0.));
#16851 = PCURVE('',#12948,#16852);
#16852 = DEFINITIONAL_REPRESENTATION('',(#16853),#16857);
#16853 = LINE('',#16854,#16855);
#16854 = CARTESIAN_POINT('',(-1.570796326795,1.6));
#16855 = VECTOR('',#16856,1.);
#16856 = DIRECTION('',(1.,0.));
#16857 = ( GEOMETRIC_REPRESENTATION_CONTEXT(2) 
PARAMETRIC_REPRESENTATION_CONTEXT() REPRESENTATION_CONTEXT('2D SPACE',''
  ) );
#16858 = PCURVE('',#16605,#16859);
#16859 = DEFINITIONAL_REPRESENTATION('',(#16860),#16864);
#16860 = CIRCLE('',#16861,0.35);
#16861 = AXIS2_PLACEMENT_2D('',#16862,#16863);
#16862 = CARTESIAN_POINT('',(5.25,15.381862271824));
#16863 = DIRECTION('',(-0.,-1.));
#16864 = ( GEOMETRIC_REPRESENTATION_CONTEXT(2) 
PARAMETRIC_REPRESENTATION_CONTEXT() REPRESENTATION_CONTEXT('2D SPACE',''
  ) );
#16865 = ORIENTED_EDGE('',*,*,#16796,.F.);
#16866 = ADVANCED_FACE('',(#16867),#12919,.F.);
#16867 = FACE_BOUND('',#16868,.T.);
#16868 = EDGE_LOOP('',(#16869,#16892,#16913,#16914));
#16869 = ORIENTED_EDGE('',*,*,#16870,.T.);
#16870 = EDGE_CURVE('',#12876,#16871,#16873,.T.);
#16871 = VERTEX_POINT('',#16872);
#16872 = CARTESIAN_POINT('',(52.05,9.1,19.5));
#16873 = SURFACE_CURVE('',#16874,(#16878,#16885),.PCURVE_S1.);
#16874 = LINE('',#16875,#16876);
#16875 = CARTESIAN_POINT('',(52.05,9.1,17.9));
#16876 = VECTOR('',#16877,1.);
#16877 = DIRECTION('',(0.,0.,1.));
#16878 = PCURVE('',#12919,#16879);
#16879 = DEFINITIONAL_REPRESENTATION('',(#16880),#16884);
#16880 = LINE('',#16881,#16882);
#16881 = CARTESIAN_POINT('',(-0.,0.));
#16882 = VECTOR('',#16883,1.);
#16883 = DIRECTION('',(-0.,-1.));
#16884 = ( GEOMETRIC_REPRESENTATION_CONTEXT(2) 
PARAMETRIC_REPRESENTATION_CONTEXT() REPRESENTATION_CONTEXT('2D SPACE',''
  ) );
#16885 = PCURVE('',#12891,#16886);
#16886 = DEFINITIONAL_REPRESENTATION('',(#16887),#16891);
#16887 = LINE('',#16888,#16889);
#16888 = CARTESIAN_POINT('',(-30.66630887472,0.));
#16889 = VECTOR('',#16890,1.);
#16890 = DIRECTION('',(-0.,-1.));
#16891 = ( GEOMETRIC_REPRESENTATION_CONTEXT(2) 
PARAMETRIC_REPRESENTATION_CONTEXT() REPRESENTATION_CONTEXT('2D SPACE',''
  ) );
#16892 = ORIENTED_EDGE('',*,*,#16893,.F.);
#16893 = EDGE_CURVE('',#16822,#16871,#16894,.T.);
#16894 = SURFACE_CURVE('',#16895,(#16899,#16906),.PCURVE_S1.);
#16895 = LINE('',#16896,#16897);
#16896 = CARTESIAN_POINT('',(52.05,0.85,19.5));
#16897 = VECTOR('',#16898,1.);
#16898 = DIRECTION('',(-1.110223024625E-16,1.,-0.));
#16899 = PCURVE('',#12919,#16900);
#16900 = DEFINITIONAL_REPRESENTATION('',(#16901),#16905);
#16901 = LINE('',#16902,#16903);
#16902 = CARTESIAN_POINT('',(-8.25,-1.6));
#16903 = VECTOR('',#16904,1.);
#16904 = DIRECTION('',(1.,-0.));
#16905 = ( GEOMETRIC_REPRESENTATION_CONTEXT(2) 
PARAMETRIC_REPRESENTATION_CONTEXT() REPRESENTATION_CONTEXT('2D SPACE',''
  ) );
#16906 = PCURVE('',#16605,#16907);
#16907 = DEFINITIONAL_REPRESENTATION('',(#16908),#16912);
#16908 = LINE('',#16909,#16910);
#16909 = CARTESIAN_POINT('',(5.25,15.731862271824));
#16910 = VECTOR('',#16911,1.);
#16911 = DIRECTION('',(-1.,0.));
#16912 = ( GEOMETRIC_REPRESENTATION_CONTEXT(2) 
PARAMETRIC_REPRESENTATION_CONTEXT() REPRESENTATION_CONTEXT('2D SPACE',''
  ) );
#16913 = ORIENTED_EDGE('',*,*,#16821,.F.);
#16914 = ORIENTED_EDGE('',*,*,#12903,.T.);
#16915 = ADVANCED_FACE('',(#16916),#12891,.F.);
#16916 = FACE_BOUND('',#16917,.T.);
#16917 = EDGE_LOOP('',(#16918,#16941,#16942,#16943,#16944));
#16918 = ORIENTED_EDGE('',*,*,#16919,.T.);
#16919 = EDGE_CURVE('',#16920,#16871,#16922,.T.);
#16920 = VERTEX_POINT('',#16921);
#16921 = CARTESIAN_POINT('',(23.4,10.034747145188,19.5));
#16922 = SURFACE_CURVE('',#16923,(#16927,#16934),.PCURVE_S1.);
#16923 = LINE('',#16924,#16925);
#16924 = CARTESIAN_POINT('',(21.4,10.1,19.5));
#16925 = VECTOR('',#16926,1.);
#16926 = DIRECTION('',(0.999468182663,-3.260907610646E-02,0.));
#16927 = PCURVE('',#12891,#16928);
#16928 = DEFINITIONAL_REPRESENTATION('',(#16929),#16933);
#16929 = LINE('',#16930,#16931);
#16930 = CARTESIAN_POINT('',(-0.,-1.6));
#16931 = VECTOR('',#16932,1.);
#16932 = DIRECTION('',(-1.,0.));
#16933 = ( GEOMETRIC_REPRESENTATION_CONTEXT(2) 
PARAMETRIC_REPRESENTATION_CONTEXT() REPRESENTATION_CONTEXT('2D SPACE',''
  ) );
#16934 = PCURVE('',#16605,#16935);
#16935 = DEFINITIONAL_REPRESENTATION('',(#16936),#16940);
#16936 = LINE('',#16937,#16938);
#16937 = CARTESIAN_POINT('',(-4.,-14.91813772817));
#16938 = VECTOR('',#16939,1.);
#16939 = DIRECTION('',(3.260907610646E-02,0.999468182663));
#16940 = ( GEOMETRIC_REPRESENTATION_CONTEXT(2) 
PARAMETRIC_REPRESENTATION_CONTEXT() REPRESENTATION_CONTEXT('2D SPACE',''
  ) );
#16941 = ORIENTED_EDGE('',*,*,#16870,.F.);
#16942 = ORIENTED_EDGE('',*,*,#12875,.F.);
#16943 = ORIENTED_EDGE('',*,*,#15619,.T.);
#16944 = ORIENTED_EDGE('',*,*,#16945,.F.);
#16945 = EDGE_CURVE('',#16920,#15620,#16946,.T.);
#16946 = SURFACE_CURVE('',#16947,(#16952,#16963),.PCURVE_S1.);
#16947 = ELLIPSE('',#16948,1.200638520381,1.2);
#16948 = AXIS2_PLACEMENT_3D('',#16949,#16950,#16951);
#16949 = CARTESIAN_POINT('',(23.4,10.034747145188,20.7));
#16950 = DIRECTION('',(3.260907610646E-02,0.999468182663,-0.));
#16951 = DIRECTION('',(-0.999468182663,3.260907610646E-02,-0.));
#16952 = PCURVE('',#12891,#16953);
#16953 = DEFINITIONAL_REPRESENTATION('',(#16954),#16962);
#16954 = ( BOUNDED_CURVE() B_SPLINE_CURVE(2,(#16955,#16956,#16957,#16958
    ,#16959,#16960,#16961),.UNSPECIFIED.,.T.,.F.) 
B_SPLINE_CURVE_WITH_KNOTS((1,2,2,2,2,1),(-2.094395102393,0.,
    2.094395102393,4.188790204786,6.28318530718,8.377580409573),
.UNSPECIFIED.) CURVE() GEOMETRIC_REPRESENTATION_ITEM() 
RATIONAL_B_SPLINE_CURVE((1.,0.5,1.,0.5,1.,0.5,1.)) REPRESENTATION_ITEM(
  '') );
#16955 = CARTESIAN_POINT('',(-0.800425680254,-2.8));
#16956 = CARTESIAN_POINT('',(-0.800425680254,-4.878460969083));
#16957 = CARTESIAN_POINT('',(-2.601383460825,-3.839230484541));
#16958 = CARTESIAN_POINT('',(-4.402341241396,-2.8));
#16959 = CARTESIAN_POINT('',(-2.601383460825,-1.760769515459));
#16960 = CARTESIAN_POINT('',(-0.800425680254,-0.721539030917));
#16961 = CARTESIAN_POINT('',(-0.800425680254,-2.8));
#16962 = ( GEOMETRIC_REPRESENTATION_CONTEXT(2) 
PARAMETRIC_REPRESENTATION_CONTEXT() REPRESENTATION_CONTEXT('2D SPACE',''
  ) );
#16963 = PCURVE('',#15656,#16964);
#16964 = DEFINITIONAL_REPRESENTATION('',(#16965),#16972);
#16965 = B_SPLINE_CURVE_WITH_KNOTS('',5,(#16966,#16967,#16968,#16969,
    #16970,#16971),.UNSPECIFIED.,.F.,.F.,(6,6),(4.712388980385,
    6.28318530718),.PIECEWISE_BEZIER_KNOTS.);
#16966 = CARTESIAN_POINT('',(0.,7.908646003263));
#16967 = CARTESIAN_POINT('',(0.314159265359,7.920945876621));
#16968 = CARTESIAN_POINT('',(0.628318516318,7.933256881854));
#16969 = CARTESIAN_POINT('',(0.942477829782,7.942980872721));
#16970 = CARTESIAN_POINT('',(1.256637061436,7.94779771615));
#16971 = CARTESIAN_POINT('',(1.570796326795,7.94779771615));
#16972 = ( GEOMETRIC_REPRESENTATION_CONTEXT(2) 
PARAMETRIC_REPRESENTATION_CONTEXT() REPRESENTATION_CONTEXT('2D SPACE',''
  ) );
#16973 = ADVANCED_FACE('',(#16974),#12790,.T.);
#16974 = FACE_BOUND('',#16975,.T.);
#16975 = EDGE_LOOP('',(#16976,#16977,#16997,#16998,#16999,#17000));
#16976 = ORIENTED_EDGE('',*,*,#14683,.F.);
#16977 = ORIENTED_EDGE('',*,*,#16978,.T.);
#16978 = EDGE_CURVE('',#14657,#14777,#16979,.T.);
#16979 = SURFACE_CURVE('',#16980,(#16984,#16990),.PCURVE_S1.);
#16980 = LINE('',#16981,#16982);
#16981 = CARTESIAN_POINT('',(10.6,10.8,17.5));
#16982 = VECTOR('',#16983,1.);
#16983 = DIRECTION('',(-1.110223024625E-16,1.,0.));
#16984 = PCURVE('',#12790,#16985);
#16985 = DEFINITIONAL_REPRESENTATION('',(#16986),#16989);
#16986 = B_SPLINE_CURVE_WITH_KNOTS('',1,(#16987,#16988),.UNSPECIFIED.,
  .F.,.F.,(2,2),(0.,10.4),.PIECEWISE_BEZIER_KNOTS.);
#16987 = CARTESIAN_POINT('',(0.,0.));
#16988 = CARTESIAN_POINT('',(14.,0.));
#16989 = ( GEOMETRIC_REPRESENTATION_CONTEXT(2) 
PARAMETRIC_REPRESENTATION_CONTEXT() REPRESENTATION_CONTEXT('2D SPACE',''
  ) );
#16990 = PCURVE('',#14671,#16991);
#16991 = DEFINITIONAL_REPRESENTATION('',(#16992),#16996);
#16992 = LINE('',#16993,#16994);
#16993 = CARTESIAN_POINT('',(13.885243966168,2.69305466843E-16));
#16994 = VECTOR('',#16995,1.);
#16995 = DIRECTION('',(-0.74899656249,-0.662573882203));
#16996 = ( GEOMETRIC_REPRESENTATION_CONTEXT(2) 
PARAMETRIC_REPRESENTATION_CONTEXT() REPRESENTATION_CONTEXT('2D SPACE',''
  ) );
#16997 = ORIENTED_EDGE('',*,*,#14776,.T.);
#16998 = ORIENTED_EDGE('',*,*,#14868,.T.);
#16999 = ORIENTED_EDGE('',*,*,#15722,.F.);
#17000 = ORIENTED_EDGE('',*,*,#12776,.T.);
#17001 = ADVANCED_FACE('',(#17002),#13142,.F.);
#17002 = FACE_BOUND('',#17003,.T.);
#17003 = EDGE_LOOP('',(#17004,#17027,#17055,#17076));
#17004 = ORIENTED_EDGE('',*,*,#17005,.T.);
#17005 = EDGE_CURVE('',#13125,#17006,#17008,.T.);
#17006 = VERTEX_POINT('',#17007);
#17007 = CARTESIAN_POINT('',(47.05,4.1,15.2));
#17008 = SURFACE_CURVE('',#17009,(#17013,#17020),.PCURVE_S1.);
#17009 = LINE('',#17010,#17011);
#17010 = CARTESIAN_POINT('',(47.05,4.1,17.95));
#17011 = VECTOR('',#17012,1.);
#17012 = DIRECTION('',(-0.,0.,-1.));
#17013 = PCURVE('',#13142,#17014);
#17014 = DEFINITIONAL_REPRESENTATION('',(#17015),#17019);
#17015 = LINE('',#17016,#17017);
#17016 = CARTESIAN_POINT('',(-0.965394726276,2.02385150243));
#17017 = VECTOR('',#17018,1.);
#17018 = DIRECTION('',(1.,-0.));
#17019 = ( GEOMETRIC_REPRESENTATION_CONTEXT(2) 
PARAMETRIC_REPRESENTATION_CONTEXT() REPRESENTATION_CONTEXT('2D SPACE',''
  ) );
#17020 = PCURVE('',#13224,#17021);
#17021 = DEFINITIONAL_REPRESENTATION('',(#17022),#17026);
#17022 = LINE('',#17023,#17024);
#17023 = CARTESIAN_POINT('',(-0.,0.));
#17024 = VECTOR('',#17025,1.);
#17025 = DIRECTION('',(-1.,-0.));
#17026 = ( GEOMETRIC_REPRESENTATION_CONTEXT(2) 
PARAMETRIC_REPRESENTATION_CONTEXT() REPRESENTATION_CONTEXT('2D SPACE',''
  ) );
#17027 = ORIENTED_EDGE('',*,*,#17028,.T.);
#17028 = EDGE_CURVE('',#17006,#17029,#17031,.T.);
#17029 = VERTEX_POINT('',#17030);
#17030 = CARTESIAN_POINT('',(48.,4.1,15.2));
#17031 = SURFACE_CURVE('',#17032,(#17036,#17043),.PCURVE_S1.);
#17032 = LINE('',#17033,#17034);
#17033 = CARTESIAN_POINT('',(47.05,4.1,15.2));
#17034 = VECTOR('',#17035,1.);
#17035 = DIRECTION('',(1.,1.110223024625E-16,0.));
#17036 = PCURVE('',#13142,#17037);
#17037 = DEFINITIONAL_REPRESENTATION('',(#17038),#17042);
#17038 = LINE('',#17039,#17040);
#17039 = CARTESIAN_POINT('',(1.784605273724,2.02385150243));
#17040 = VECTOR('',#17041,1.);
#17041 = DIRECTION('',(-0.,-1.));
#17042 = ( GEOMETRIC_REPRESENTATION_CONTEXT(2) 
PARAMETRIC_REPRESENTATION_CONTEXT() REPRESENTATION_CONTEXT('2D SPACE',''
  ) );
#17043 = PCURVE('',#17044,#17049);
#17044 = PLANE('',#17045);
#17045 = AXIS2_PLACEMENT_3D('',#17046,#17047,#17048);
#17046 = CARTESIAN_POINT('',(47.05,4.1,15.2));
#17047 = DIRECTION('',(0.,0.,1.));
#17048 = DIRECTION('',(-1.,-1.110223024625E-16,-0.));
#17049 = DEFINITIONAL_REPRESENTATION('',(#17050),#17054);
#17050 = LINE('',#17051,#17052);
#17051 = CARTESIAN_POINT('',(-0.,0.));
#17052 = VECTOR('',#17053,1.);
#17053 = DIRECTION('',(-1.,0.));
#17054 = ( GEOMETRIC_REPRESENTATION_CONTEXT(2) 
PARAMETRIC_REPRESENTATION_CONTEXT() REPRESENTATION_CONTEXT('2D SPACE',''
  ) );
#17055 = ORIENTED_EDGE('',*,*,#17056,.T.);
#17056 = EDGE_CURVE('',#17029,#13127,#17057,.T.);
#17057 = SURFACE_CURVE('',#17058,(#17062,#17069),.PCURVE_S1.);
#17058 = LINE('',#17059,#17060);
#17059 = CARTESIAN_POINT('',(48.,4.1,15.2));
#17060 = VECTOR('',#17061,1.);
#17061 = DIRECTION('',(0.827306252425,9.184944498586E-17,0.561751159054)
  );
#17062 = PCURVE('',#13142,#17063);
#17063 = DEFINITIONAL_REPRESENTATION('',(#17064),#17068);
#17064 = LINE('',#17065,#17066);
#17065 = CARTESIAN_POINT('',(1.784605273724,1.07385150243));
#17066 = VECTOR('',#17067,1.);
#17067 = DIRECTION('',(-0.561751159054,-0.827306252425));
#17068 = ( GEOMETRIC_REPRESENTATION_CONTEXT(2) 
PARAMETRIC_REPRESENTATION_CONTEXT() REPRESENTATION_CONTEXT('2D SPACE',''
  ) );
#17069 = PCURVE('',#13170,#17070);
#17070 = DEFINITIONAL_REPRESENTATION('',(#17071),#17075);
#17071 = LINE('',#17072,#17073);
#17072 = CARTESIAN_POINT('',(-0.,0.));
#17073 = VECTOR('',#17074,1.);
#17074 = DIRECTION('',(-1.,0.));
#17075 = ( GEOMETRIC_REPRESENTATION_CONTEXT(2) 
PARAMETRIC_REPRESENTATION_CONTEXT() REPRESENTATION_CONTEXT('2D SPACE',''
  ) );
#17076 = ORIENTED_EDGE('',*,*,#13124,.F.);
#17077 = ADVANCED_FACE('',(#17078),#13224,.F.);
#17078 = FACE_BOUND('',#17079,.T.);
#17079 = EDGE_LOOP('',(#17080,#17081,#17082,#17105));
#17080 = ORIENTED_EDGE('',*,*,#17005,.F.);
#17081 = ORIENTED_EDGE('',*,*,#13210,.F.);
#17082 = ORIENTED_EDGE('',*,*,#17083,.T.);
#17083 = EDGE_CURVE('',#13183,#17084,#17086,.T.);
#17084 = VERTEX_POINT('',#17085);
#17085 = CARTESIAN_POINT('',(47.05,8.1,15.2));
#17086 = SURFACE_CURVE('',#17087,(#17091,#17098),.PCURVE_S1.);
#17087 = LINE('',#17088,#17089);
#17088 = CARTESIAN_POINT('',(47.05,8.1,17.95));
#17089 = VECTOR('',#17090,1.);
#17090 = DIRECTION('',(-0.,0.,-1.));
#17091 = PCURVE('',#13224,#17092);
#17092 = DEFINITIONAL_REPRESENTATION('',(#17093),#17097);
#17093 = LINE('',#17094,#17095);
#17094 = CARTESIAN_POINT('',(-0.,-4.));
#17095 = VECTOR('',#17096,1.);
#17096 = DIRECTION('',(-1.,-0.));
#17097 = ( GEOMETRIC_REPRESENTATION_CONTEXT(2) 
PARAMETRIC_REPRESENTATION_CONTEXT() REPRESENTATION_CONTEXT('2D SPACE',''
  ) );
#17098 = PCURVE('',#13198,#17099);
#17099 = DEFINITIONAL_REPRESENTATION('',(#17100),#17104);
#17100 = LINE('',#17101,#17102);
#17101 = CARTESIAN_POINT('',(-0.965394726276,2.02385150243));
#17102 = VECTOR('',#17103,1.);
#17103 = DIRECTION('',(1.,-0.));
#17104 = ( GEOMETRIC_REPRESENTATION_CONTEXT(2) 
PARAMETRIC_REPRESENTATION_CONTEXT() REPRESENTATION_CONTEXT('2D SPACE',''
  ) );
#17105 = ORIENTED_EDGE('',*,*,#17106,.F.);
#17106 = EDGE_CURVE('',#17006,#17084,#17107,.T.);
#17107 = SURFACE_CURVE('',#17108,(#17112,#17119),.PCURVE_S1.);
#17108 = LINE('',#17109,#17110);
#17109 = CARTESIAN_POINT('',(47.05,4.1,15.2));
#17110 = VECTOR('',#17111,1.);
#17111 = DIRECTION('',(-1.110223024625E-16,1.,-0.));
#17112 = PCURVE('',#13224,#17113);
#17113 = DEFINITIONAL_REPRESENTATION('',(#17114),#17118);
#17114 = LINE('',#17115,#17116);
#17115 = CARTESIAN_POINT('',(-2.75,0.));
#17116 = VECTOR('',#17117,1.);
#17117 = DIRECTION('',(-0.,-1.));
#17118 = ( GEOMETRIC_REPRESENTATION_CONTEXT(2) 
PARAMETRIC_REPRESENTATION_CONTEXT() REPRESENTATION_CONTEXT('2D SPACE',''
  ) );
#17119 = PCURVE('',#17044,#17120);
#17120 = DEFINITIONAL_REPRESENTATION('',(#17121),#17125);
#17121 = LINE('',#17122,#17123);
#17122 = CARTESIAN_POINT('',(-0.,0.));
#17123 = VECTOR('',#17124,1.);
#17124 = DIRECTION('',(-0.,-1.));
#17125 = ( GEOMETRIC_REPRESENTATION_CONTEXT(2) 
PARAMETRIC_REPRESENTATION_CONTEXT() REPRESENTATION_CONTEXT('2D SPACE',''
  ) );
#17126 = ADVANCED_FACE('',(#17127),#13170,.F.);
#17127 = FACE_BOUND('',#17128,.T.);
#17128 = EDGE_LOOP('',(#17129,#17130,#17153,#17174));
#17129 = ORIENTED_EDGE('',*,*,#17056,.F.);
#17130 = ORIENTED_EDGE('',*,*,#17131,.T.);
#17131 = EDGE_CURVE('',#17029,#17132,#17134,.T.);
#17132 = VERTEX_POINT('',#17133);
#17133 = CARTESIAN_POINT('',(48.,8.1,15.2));
#17134 = SURFACE_CURVE('',#17135,(#17139,#17146),.PCURVE_S1.);
#17135 = LINE('',#17136,#17137);
#17136 = CARTESIAN_POINT('',(48.,4.1,15.2));
#17137 = VECTOR('',#17138,1.);
#17138 = DIRECTION('',(-1.110223024625E-16,1.,-0.));
#17139 = PCURVE('',#13170,#17140);
#17140 = DEFINITIONAL_REPRESENTATION('',(#17141),#17145);
#17141 = LINE('',#17142,#17143);
#17142 = CARTESIAN_POINT('',(-0.,0.));
#17143 = VECTOR('',#17144,1.);
#17144 = DIRECTION('',(-0.,-1.));
#17145 = ( GEOMETRIC_REPRESENTATION_CONTEXT(2) 
PARAMETRIC_REPRESENTATION_CONTEXT() REPRESENTATION_CONTEXT('2D SPACE',''
  ) );
#17146 = PCURVE('',#17044,#17147);
#17147 = DEFINITIONAL_REPRESENTATION('',(#17148),#17152);
#17148 = LINE('',#17149,#17150);
#17149 = CARTESIAN_POINT('',(-0.95,1.054711873394E-16));
#17150 = VECTOR('',#17151,1.);
#17151 = DIRECTION('',(-0.,-1.));
#17152 = ( GEOMETRIC_REPRESENTATION_CONTEXT(2) 
PARAMETRIC_REPRESENTATION_CONTEXT() REPRESENTATION_CONTEXT('2D SPACE',''
  ) );
#17153 = ORIENTED_EDGE('',*,*,#17154,.T.);
#17154 = EDGE_CURVE('',#17132,#13155,#17155,.T.);
#17155 = SURFACE_CURVE('',#17156,(#17160,#17167),.PCURVE_S1.);
#17156 = LINE('',#17157,#17158);
#17157 = CARTESIAN_POINT('',(48.,8.1,15.2));
#17158 = VECTOR('',#17159,1.);
#17159 = DIRECTION('',(0.827306252425,9.184944498586E-17,0.561751159054)
  );
#17160 = PCURVE('',#13170,#17161);
#17161 = DEFINITIONAL_REPRESENTATION('',(#17162),#17166);
#17162 = LINE('',#17163,#17164);
#17163 = CARTESIAN_POINT('',(-3.673977799434E-16,-4.));
#17164 = VECTOR('',#17165,1.);
#17165 = DIRECTION('',(-1.,0.));
#17166 = ( GEOMETRIC_REPRESENTATION_CONTEXT(2) 
PARAMETRIC_REPRESENTATION_CONTEXT() REPRESENTATION_CONTEXT('2D SPACE',''
  ) );
#17167 = PCURVE('',#13198,#17168);
#17168 = DEFINITIONAL_REPRESENTATION('',(#17169),#17173);
#17169 = LINE('',#17170,#17171);
#17170 = CARTESIAN_POINT('',(1.784605273724,1.07385150243));
#17171 = VECTOR('',#17172,1.);
#17172 = DIRECTION('',(-0.561751159054,-0.827306252425));
#17173 = ( GEOMETRIC_REPRESENTATION_CONTEXT(2) 
PARAMETRIC_REPRESENTATION_CONTEXT() REPRESENTATION_CONTEXT('2D SPACE',''
  ) );
#17174 = ORIENTED_EDGE('',*,*,#13154,.F.);
#17175 = ADVANCED_FACE('',(#17176),#13198,.T.);
#17176 = FACE_BOUND('',#17177,.F.);
#17177 = EDGE_LOOP('',(#17178,#17179,#17200,#17201));
#17178 = ORIENTED_EDGE('',*,*,#17083,.T.);
#17179 = ORIENTED_EDGE('',*,*,#17180,.T.);
#17180 = EDGE_CURVE('',#17084,#17132,#17181,.T.);
#17181 = SURFACE_CURVE('',#17182,(#17186,#17193),.PCURVE_S1.);
#17182 = LINE('',#17183,#17184);
#17183 = CARTESIAN_POINT('',(47.05,8.1,15.2));
#17184 = VECTOR('',#17185,1.);
#17185 = DIRECTION('',(1.,1.110223024625E-16,0.));
#17186 = PCURVE('',#13198,#17187);
#17187 = DEFINITIONAL_REPRESENTATION('',(#17188),#17192);
#17188 = LINE('',#17189,#17190);
#17189 = CARTESIAN_POINT('',(1.784605273724,2.02385150243));
#17190 = VECTOR('',#17191,1.);
#17191 = DIRECTION('',(-0.,-1.));
#17192 = ( GEOMETRIC_REPRESENTATION_CONTEXT(2) 
PARAMETRIC_REPRESENTATION_CONTEXT() REPRESENTATION_CONTEXT('2D SPACE',''
  ) );
#17193 = PCURVE('',#17044,#17194);
#17194 = DEFINITIONAL_REPRESENTATION('',(#17195),#17199);
#17195 = LINE('',#17196,#17197);
#17196 = CARTESIAN_POINT('',(-4.440892098501E-16,-4.));
#17197 = VECTOR('',#17198,1.);
#17198 = DIRECTION('',(-1.,0.));
#17199 = ( GEOMETRIC_REPRESENTATION_CONTEXT(2) 
PARAMETRIC_REPRESENTATION_CONTEXT() REPRESENTATION_CONTEXT('2D SPACE',''
  ) );
#17200 = ORIENTED_EDGE('',*,*,#17154,.T.);
#17201 = ORIENTED_EDGE('',*,*,#13182,.F.);
#17202 = ADVANCED_FACE('',(#17203),#13478,.T.);
#17203 = FACE_BOUND('',#17204,.T.);
#17204 = EDGE_LOOP('',(#17205,#17206,#17207,#17208));
#17205 = ORIENTED_EDGE('',*,*,#14116,.F.);
#17206 = ORIENTED_EDGE('',*,*,#13633,.T.);
#17207 = ORIENTED_EDGE('',*,*,#13511,.T.);
#17208 = ORIENTED_EDGE('',*,*,#13464,.T.);
#17209 = ADVANCED_FACE('',(#17210),#13598,.F.);
#17210 = FACE_BOUND('',#17211,.T.);
#17211 = EDGE_LOOP('',(#17212,#17213,#17214,#17215));
#17212 = ORIENTED_EDGE('',*,*,#14079,.T.);
#17213 = ORIENTED_EDGE('',*,*,#13910,.T.);
#17214 = ORIENTED_EDGE('',*,*,#13681,.F.);
#17215 = ORIENTED_EDGE('',*,*,#13582,.F.);
#17216 = ADVANCED_FACE('',(#17217,#17331),#14671,.T.);
#17217 = FACE_BOUND('',#17218,.T.);
#17218 = EDGE_LOOP('',(#17219,#17249,#17277,#17305));
#17219 = ORIENTED_EDGE('',*,*,#17220,.T.);
#17220 = EDGE_CURVE('',#17221,#17223,#17225,.T.);
#17221 = VERTEX_POINT('',#17222);
#17222 = CARTESIAN_POINT('',(8.35,18.95,17.5));
#17223 = VERTEX_POINT('',#17224);
#17224 = CARTESIAN_POINT('',(3.65,18.95,17.5));
#17225 = SURFACE_CURVE('',#17226,(#17230,#17237),.PCURVE_S1.);
#17226 = LINE('',#17227,#17228);
#17227 = CARTESIAN_POINT('',(7.6,18.95,17.5));
#17228 = VECTOR('',#17229,1.);
#17229 = DIRECTION('',(-1.,-1.110223024625E-16,0.));
#17230 = PCURVE('',#14671,#17231);
#17231 = DEFINITIONAL_REPRESENTATION('',(#17232),#17236);
#17232 = LINE('',#17233,#17234);
#17233 = CARTESIAN_POINT('',(5.793200335262,-3.152987452484));
#17234 = VECTOR('',#17235,1.);
#17235 = DIRECTION('',(-0.662573882203,0.74899656249));
#17236 = ( GEOMETRIC_REPRESENTATION_CONTEXT(2) 
PARAMETRIC_REPRESENTATION_CONTEXT() REPRESENTATION_CONTEXT('2D SPACE',''
  ) );
#17237 = PCURVE('',#17238,#17243);
#17238 = CYLINDRICAL_SURFACE('',#17239,0.75);
#17239 = AXIS2_PLACEMENT_3D('',#17240,#17241,#17242);
#17240 = CARTESIAN_POINT('',(7.6,18.95,16.75));
#17241 = DIRECTION('',(-1.,-1.110223024625E-16,0.));
#17242 = DIRECTION('',(0.,0.,1.));
#17243 = DEFINITIONAL_REPRESENTATION('',(#17244),#17248);
#17244 = LINE('',#17245,#17246);
#17245 = CARTESIAN_POINT('',(-0.,0.));
#17246 = VECTOR('',#17247,1.);
#17247 = DIRECTION('',(-0.,1.));
#17248 = ( GEOMETRIC_REPRESENTATION_CONTEXT(2) 
PARAMETRIC_REPRESENTATION_CONTEXT() REPRESENTATION_CONTEXT('2D SPACE',''
  ) );
#17249 = ORIENTED_EDGE('',*,*,#17250,.T.);
#17250 = EDGE_CURVE('',#17223,#17251,#17253,.T.);
#17251 = VERTEX_POINT('',#17252);
#17252 = CARTESIAN_POINT('',(3.65,13.05,17.5));
#17253 = SURFACE_CURVE('',#17254,(#17258,#17265),.PCURVE_S1.);
#17254 = LINE('',#17255,#17256);
#17255 = CARTESIAN_POINT('',(3.65,18.2,17.5));
#17256 = VECTOR('',#17257,1.);
#17257 = DIRECTION('',(1.110223024625E-16,-1.,0.));
#17258 = PCURVE('',#14671,#17259);
#17259 = DEFINITIONAL_REPRESENTATION('',(#17260),#17264);
#17260 = LINE('',#17261,#17262);
#17261 = CARTESIAN_POINT('',(3.737780922428,0.302479381006));
#17262 = VECTOR('',#17263,1.);
#17263 = DIRECTION('',(0.74899656249,0.662573882203));
#17264 = ( GEOMETRIC_REPRESENTATION_CONTEXT(2) 
PARAMETRIC_REPRESENTATION_CONTEXT() REPRESENTATION_CONTEXT('2D SPACE',''
  ) );
#17265 = PCURVE('',#17266,#17271);
#17266 = CYLINDRICAL_SURFACE('',#17267,0.75);
#17267 = AXIS2_PLACEMENT_3D('',#17268,#17269,#17270);
#17268 = CARTESIAN_POINT('',(3.65,18.2,16.75));
#17269 = DIRECTION('',(1.110223024625E-16,-1.,0.));
#17270 = DIRECTION('',(0.,0.,1.));
#17271 = DEFINITIONAL_REPRESENTATION('',(#17272),#17276);
#17272 = LINE('',#17273,#17274);
#17273 = CARTESIAN_POINT('',(-0.,0.));
#17274 = VECTOR('',#17275,1.);
#17275 = DIRECTION('',(-0.,1.));
#17276 = ( GEOMETRIC_REPRESENTATION_CONTEXT(2) 
PARAMETRIC_REPRESENTATION_CONTEXT() REPRESENTATION_CONTEXT('2D SPACE',''
  ) );
#17277 = ORIENTED_EDGE('',*,*,#17278,.F.);
#17278 = EDGE_CURVE('',#17279,#17251,#17281,.T.);
#17279 = VERTEX_POINT('',#17280);
#17280 = CARTESIAN_POINT('',(8.35,13.05,17.5));
#17281 = SURFACE_CURVE('',#17282,(#17286,#17293),.PCURVE_S1.);
#17282 = LINE('',#17283,#17284);
#17283 = CARTESIAN_POINT('',(7.6,13.05,17.5));
#17284 = VECTOR('',#17285,1.);
#17285 = DIRECTION('',(-1.,-1.110223024625E-16,0.));
#17286 = PCURVE('',#14671,#17287);
#17287 = DEFINITIONAL_REPRESENTATION('',(#17288),#17292);
#17288 = LINE('',#17289,#17290);
#17289 = CARTESIAN_POINT('',(10.212280053955,0.756198452514));
#17290 = VECTOR('',#17291,1.);
#17291 = DIRECTION('',(-0.662573882203,0.74899656249));
#17292 = ( GEOMETRIC_REPRESENTATION_CONTEXT(2) 
PARAMETRIC_REPRESENTATION_CONTEXT() REPRESENTATION_CONTEXT('2D SPACE',''
  ) );
#17293 = PCURVE('',#17294,#17299);
#17294 = CYLINDRICAL_SURFACE('',#17295,0.75);
#17295 = AXIS2_PLACEMENT_3D('',#17296,#17297,#17298);
#17296 = CARTESIAN_POINT('',(7.6,13.05,16.75));
#17297 = DIRECTION('',(-1.,-1.110223024625E-16,0.));
#17298 = DIRECTION('',(0.,0.,1.));
#17299 = DEFINITIONAL_REPRESENTATION('',(#17300),#17304);
#17300 = LINE('',#17301,#17302);
#17301 = CARTESIAN_POINT('',(0.,0.));
#17302 = VECTOR('',#17303,1.);
#17303 = DIRECTION('',(0.,1.));
#17304 = ( GEOMETRIC_REPRESENTATION_CONTEXT(2) 
PARAMETRIC_REPRESENTATION_CONTEXT() REPRESENTATION_CONTEXT('2D SPACE',''
  ) );
#17305 = ORIENTED_EDGE('',*,*,#17306,.F.);
#17306 = EDGE_CURVE('',#17221,#17279,#17307,.T.);
#17307 = SURFACE_CURVE('',#17308,(#17312,#17319),.PCURVE_S1.);
#17308 = LINE('',#17309,#17310);
#17309 = CARTESIAN_POINT('',(8.35,18.2,17.5));
#17310 = VECTOR('',#17311,1.);
#17311 = DIRECTION('',(1.110223024625E-16,-1.,0.));
#17312 = PCURVE('',#14671,#17313);
#17313 = DEFINITIONAL_REPRESENTATION('',(#17314),#17318);
#17314 = LINE('',#17315,#17316);
#17315 = CARTESIAN_POINT('',(6.851878168782,-3.217804462699));
#17316 = VECTOR('',#17317,1.);
#17317 = DIRECTION('',(0.74899656249,0.662573882203));
#17318 = ( GEOMETRIC_REPRESENTATION_CONTEXT(2) 
PARAMETRIC_REPRESENTATION_CONTEXT() REPRESENTATION_CONTEXT('2D SPACE',''
  ) );
#17319 = PCURVE('',#17320,#17325);
#17320 = CYLINDRICAL_SURFACE('',#17321,0.75);
#17321 = AXIS2_PLACEMENT_3D('',#17322,#17323,#17324);
#17322 = CARTESIAN_POINT('',(8.35,18.2,16.75));
#17323 = DIRECTION('',(1.110223024625E-16,-1.,0.));
#17324 = DIRECTION('',(0.,0.,1.));
#17325 = DEFINITIONAL_REPRESENTATION('',(#17326),#17330);
#17326 = LINE('',#17327,#17328);
#17327 = CARTESIAN_POINT('',(0.,0.));
#17328 = VECTOR('',#17329,1.);
#17329 = DIRECTION('',(0.,1.));
#17330 = ( GEOMETRIC_REPRESENTATION_CONTEXT(2) 
PARAMETRIC_REPRESENTATION_CONTEXT() REPRESENTATION_CONTEXT('2D SPACE',''
  ) );
#17331 = FACE_BOUND('',#17332,.T.);
#17332 = EDGE_LOOP('',(#17333,#17334,#17335,#17336));
#17333 = ORIENTED_EDGE('',*,*,#14751,.F.);
#17334 = ORIENTED_EDGE('',*,*,#14800,.F.);
#17335 = ORIENTED_EDGE('',*,*,#16978,.F.);
#17336 = ORIENTED_EDGE('',*,*,#14656,.F.);
#17337 = ADVANCED_FACE('',(#17338),#15069,.T.);
#17338 = FACE_BOUND('',#17339,.T.);
#17339 = EDGE_LOOP('',(#17340,#17341,#17361,#17362));
#17340 = ORIENTED_EDGE('',*,*,#15173,.F.);
#17341 = ORIENTED_EDGE('',*,*,#17342,.T.);
#17342 = EDGE_CURVE('',#15147,#15246,#17343,.T.);
#17343 = SURFACE_CURVE('',#17344,(#17348,#17354),.PCURVE_S1.);
#17344 = LINE('',#17345,#17346);
#17345 = CARTESIAN_POINT('',(10.6,49.5,17.5));
#17346 = VECTOR('',#17347,1.);
#17347 = DIRECTION('',(-1.110223024625E-16,1.,0.));
#17348 = PCURVE('',#15069,#17349);
#17349 = DEFINITIONAL_REPRESENTATION('',(#17350),#17353);
#17350 = B_SPLINE_CURVE_WITH_KNOTS('',1,(#17351,#17352),.UNSPECIFIED.,
  .F.,.F.,(2,2),(0.,10.4),.PIECEWISE_BEZIER_KNOTS.);
#17351 = CARTESIAN_POINT('',(0.,0.));
#17352 = CARTESIAN_POINT('',(14.,0.));
#17353 = ( GEOMETRIC_REPRESENTATION_CONTEXT(2) 
PARAMETRIC_REPRESENTATION_CONTEXT() REPRESENTATION_CONTEXT('2D SPACE',''
  ) );
#17354 = PCURVE('',#15161,#17355);
#17355 = DEFINITIONAL_REPRESENTATION('',(#17356),#17360);
#17356 = LINE('',#17357,#17358);
#17357 = CARTESIAN_POINT('',(13.885243966168,5.418957838021E-15));
#17358 = VECTOR('',#17359,1.);
#17359 = DIRECTION('',(-0.74899656249,-0.662573882203));
#17360 = ( GEOMETRIC_REPRESENTATION_CONTEXT(2) 
PARAMETRIC_REPRESENTATION_CONTEXT() REPRESENTATION_CONTEXT('2D SPACE',''
  ) );
#17361 = ORIENTED_EDGE('',*,*,#15245,.T.);
#17362 = ORIENTED_EDGE('',*,*,#15055,.T.);
#17363 = ADVANCED_FACE('',(#17364,#17478),#15161,.T.);
#17364 = FACE_BOUND('',#17365,.T.);
#17365 = EDGE_LOOP('',(#17366,#17396,#17424,#17452));
#17366 = ORIENTED_EDGE('',*,*,#17367,.T.);
#17367 = EDGE_CURVE('',#17368,#17370,#17372,.T.);
#17368 = VERTEX_POINT('',#17369);
#17369 = CARTESIAN_POINT('',(8.35,57.65,17.5));
#17370 = VERTEX_POINT('',#17371);
#17371 = CARTESIAN_POINT('',(3.65,57.65,17.5));
#17372 = SURFACE_CURVE('',#17373,(#17377,#17384),.PCURVE_S1.);
#17373 = LINE('',#17374,#17375);
#17374 = CARTESIAN_POINT('',(7.6,57.65,17.5));
#17375 = VECTOR('',#17376,1.);
#17376 = DIRECTION('',(-1.,-1.110223024625E-16,0.));
#17377 = PCURVE('',#15161,#17378);
#17378 = DEFINITIONAL_REPRESENTATION('',(#17379),#17383);
#17379 = LINE('',#17380,#17381);
#17380 = CARTESIAN_POINT('',(5.793200335262,-3.152987452484));
#17381 = VECTOR('',#17382,1.);
#17382 = DIRECTION('',(-0.662573882203,0.74899656249));
#17383 = ( GEOMETRIC_REPRESENTATION_CONTEXT(2) 
PARAMETRIC_REPRESENTATION_CONTEXT() REPRESENTATION_CONTEXT('2D SPACE',''
  ) );
#17384 = PCURVE('',#17385,#17390);
#17385 = CYLINDRICAL_SURFACE('',#17386,0.75);
#17386 = AXIS2_PLACEMENT_3D('',#17387,#17388,#17389);
#17387 = CARTESIAN_POINT('',(7.6,57.65,16.75));
#17388 = DIRECTION('',(-1.,-1.110223024625E-16,0.));
#17389 = DIRECTION('',(0.,0.,1.));
#17390 = DEFINITIONAL_REPRESENTATION('',(#17391),#17395);
#17391 = LINE('',#17392,#17393);
#17392 = CARTESIAN_POINT('',(-0.,0.));
#17393 = VECTOR('',#17394,1.);
#17394 = DIRECTION('',(-0.,1.));
#17395 = ( GEOMETRIC_REPRESENTATION_CONTEXT(2) 
PARAMETRIC_REPRESENTATION_CONTEXT() REPRESENTATION_CONTEXT('2D SPACE',''
  ) );
#17396 = ORIENTED_EDGE('',*,*,#17397,.T.);
#17397 = EDGE_CURVE('',#17370,#17398,#17400,.T.);
#17398 = VERTEX_POINT('',#17399);
#17399 = CARTESIAN_POINT('',(3.65,51.75,17.5));
#17400 = SURFACE_CURVE('',#17401,(#17405,#17412),.PCURVE_S1.);
#17401 = LINE('',#17402,#17403);
#17402 = CARTESIAN_POINT('',(3.65,56.9,17.5));
#17403 = VECTOR('',#17404,1.);
#17404 = DIRECTION('',(1.110223024625E-16,-1.,0.));
#17405 = PCURVE('',#15161,#17406);
#17406 = DEFINITIONAL_REPRESENTATION('',(#17407),#17411);
#17407 = LINE('',#17408,#17409);
#17408 = CARTESIAN_POINT('',(3.737780922428,0.302479381006));
#17409 = VECTOR('',#17410,1.);
#17410 = DIRECTION('',(0.74899656249,0.662573882203));
#17411 = ( GEOMETRIC_REPRESENTATION_CONTEXT(2) 
PARAMETRIC_REPRESENTATION_CONTEXT() REPRESENTATION_CONTEXT('2D SPACE',''
  ) );
#17412 = PCURVE('',#17413,#17418);
#17413 = CYLINDRICAL_SURFACE('',#17414,0.75);
#17414 = AXIS2_PLACEMENT_3D('',#17415,#17416,#17417);
#17415 = CARTESIAN_POINT('',(3.65,56.9,16.75));
#17416 = DIRECTION('',(1.110223024625E-16,-1.,0.));
#17417 = DIRECTION('',(0.,0.,1.));
#17418 = DEFINITIONAL_REPRESENTATION('',(#17419),#17423);
#17419 = LINE('',#17420,#17421);
#17420 = CARTESIAN_POINT('',(-0.,0.));
#17421 = VECTOR('',#17422,1.);
#17422 = DIRECTION('',(-0.,1.));
#17423 = ( GEOMETRIC_REPRESENTATION_CONTEXT(2) 
PARAMETRIC_REPRESENTATION_CONTEXT() REPRESENTATION_CONTEXT('2D SPACE',''
  ) );
#17424 = ORIENTED_EDGE('',*,*,#17425,.F.);
#17425 = EDGE_CURVE('',#17426,#17398,#17428,.T.);
#17426 = VERTEX_POINT('',#17427);
#17427 = CARTESIAN_POINT('',(8.35,51.75,17.5));
#17428 = SURFACE_CURVE('',#17429,(#17433,#17440),.PCURVE_S1.);
#17429 = LINE('',#17430,#17431);
#17430 = CARTESIAN_POINT('',(7.6,51.75,17.5));
#17431 = VECTOR('',#17432,1.);
#17432 = DIRECTION('',(-1.,-1.110223024625E-16,0.));
#17433 = PCURVE('',#15161,#17434);
#17434 = DEFINITIONAL_REPRESENTATION('',(#17435),#17439);
#17435 = LINE('',#17436,#17437);
#17436 = CARTESIAN_POINT('',(10.212280053955,0.756198452514));
#17437 = VECTOR('',#17438,1.);
#17438 = DIRECTION('',(-0.662573882203,0.74899656249));
#17439 = ( GEOMETRIC_REPRESENTATION_CONTEXT(2) 
PARAMETRIC_REPRESENTATION_CONTEXT() REPRESENTATION_CONTEXT('2D SPACE',''
  ) );
#17440 = PCURVE('',#17441,#17446);
#17441 = CYLINDRICAL_SURFACE('',#17442,0.75);
#17442 = AXIS2_PLACEMENT_3D('',#17443,#17444,#17445);
#17443 = CARTESIAN_POINT('',(7.6,51.75,16.75));
#17444 = DIRECTION('',(-1.,-1.110223024625E-16,0.));
#17445 = DIRECTION('',(0.,0.,1.));
#17446 = DEFINITIONAL_REPRESENTATION('',(#17447),#17451);
#17447 = LINE('',#17448,#17449);
#17448 = CARTESIAN_POINT('',(0.,0.));
#17449 = VECTOR('',#17450,1.);
#17450 = DIRECTION('',(0.,1.));
#17451 = ( GEOMETRIC_REPRESENTATION_CONTEXT(2) 
PARAMETRIC_REPRESENTATION_CONTEXT() REPRESENTATION_CONTEXT('2D SPACE',''
  ) );
#17452 = ORIENTED_EDGE('',*,*,#17453,.F.);
#17453 = EDGE_CURVE('',#17368,#17426,#17454,.T.);
#17454 = SURFACE_CURVE('',#17455,(#17459,#17466),.PCURVE_S1.);
#17455 = LINE('',#17456,#17457);
#17456 = CARTESIAN_POINT('',(8.35,56.9,17.5));
#17457 = VECTOR('',#17458,1.);
#17458 = DIRECTION('',(1.110223024625E-16,-1.,0.));
#17459 = PCURVE('',#15161,#17460);
#17460 = DEFINITIONAL_REPRESENTATION('',(#17461),#17465);
#17461 = LINE('',#17462,#17463);
#17462 = CARTESIAN_POINT('',(6.851878168782,-3.217804462699));
#17463 = VECTOR('',#17464,1.);
#17464 = DIRECTION('',(0.74899656249,0.662573882203));
#17465 = ( GEOMETRIC_REPRESENTATION_CONTEXT(2) 
PARAMETRIC_REPRESENTATION_CONTEXT() REPRESENTATION_CONTEXT('2D SPACE',''
  ) );
#17466 = PCURVE('',#17467,#17472);
#17467 = CYLINDRICAL_SURFACE('',#17468,0.75);
#17468 = AXIS2_PLACEMENT_3D('',#17469,#17470,#17471);
#17469 = CARTESIAN_POINT('',(8.35,56.9,16.75));
#17470 = DIRECTION('',(1.110223024625E-16,-1.,0.));
#17471 = DIRECTION('',(0.,0.,1.));
#17472 = DEFINITIONAL_REPRESENTATION('',(#17473),#17477);
#17473 = LINE('',#17474,#17475);
#17474 = CARTESIAN_POINT('',(0.,0.));
#17475 = VECTOR('',#17476,1.);
#17476 = DIRECTION('',(0.,1.));
#17477 = ( GEOMETRIC_REPRESENTATION_CONTEXT(2) 
PARAMETRIC_REPRESENTATION_CONTEXT() REPRESENTATION_CONTEXT('2D SPACE',''
  ) );
#17478 = FACE_BOUND('',#17479,.T.);
#17479 = EDGE_LOOP('',(#17480,#17481,#17482,#17483));
#17480 = ORIENTED_EDGE('',*,*,#15220,.F.);
#17481 = ORIENTED_EDGE('',*,*,#15267,.F.);
#17482 = ORIENTED_EDGE('',*,*,#17342,.F.);
#17483 = ORIENTED_EDGE('',*,*,#15146,.F.);
#17484 = ADVANCED_FACE('',(#17485),#15656,.F.);
#17485 = FACE_BOUND('',#17486,.F.);
#17486 = EDGE_LOOP('',(#17487,#17488,#17489,#17490));
#17487 = ORIENTED_EDGE('',*,*,#16617,.T.);
#17488 = ORIENTED_EDGE('',*,*,#15642,.T.);
#17489 = ORIENTED_EDGE('',*,*,#16945,.F.);
#17490 = ORIENTED_EDGE('',*,*,#17491,.F.);
#17491 = EDGE_CURVE('',#16590,#16920,#17492,.T.);
#17492 = SURFACE_CURVE('',#17493,(#17497,#17504),.PCURVE_S1.);
#17493 = LINE('',#17494,#17495);
#17494 = CARTESIAN_POINT('',(23.4,2.126101141925,19.5));
#17495 = VECTOR('',#17496,1.);
#17496 = DIRECTION('',(-1.110223024625E-16,1.,-0.));
#17497 = PCURVE('',#15656,#17498);
#17498 = DEFINITIONAL_REPRESENTATION('',(#17499),#17503);
#17499 = LINE('',#17500,#17501);
#17500 = CARTESIAN_POINT('',(0.,0.));
#17501 = VECTOR('',#17502,1.);
#17502 = DIRECTION('',(0.,1.));
#17503 = ( GEOMETRIC_REPRESENTATION_CONTEXT(2) 
PARAMETRIC_REPRESENTATION_CONTEXT() REPRESENTATION_CONTEXT('2D SPACE',''
  ) );
#17504 = PCURVE('',#16605,#17505);
#17505 = DEFINITIONAL_REPRESENTATION('',(#17506),#17510);
#17506 = LINE('',#17507,#17508);
#17507 = CARTESIAN_POINT('',(3.973898858075,-12.91813772817));
#17508 = VECTOR('',#17509,1.);
#17509 = DIRECTION('',(-1.,0.));
#17510 = ( GEOMETRIC_REPRESENTATION_CONTEXT(2) 
PARAMETRIC_REPRESENTATION_CONTEXT() REPRESENTATION_CONTEXT('2D SPACE',''
  ) );
#17511 = ADVANCED_FACE('',(#17512),#16060,.F.);
#17512 = FACE_BOUND('',#17513,.F.);
#17513 = EDGE_LOOP('',(#17514,#17515,#17516,#17517));
#17514 = ORIENTED_EDGE('',*,*,#16147,.F.);
#17515 = ORIENTED_EDGE('',*,*,#16044,.T.);
#17516 = ORIENTED_EDGE('',*,*,#16098,.T.);
#17517 = ORIENTED_EDGE('',*,*,#16196,.F.);
#17518 = ADVANCED_FACE('',(#17519),#16605,.T.);
#17519 = FACE_BOUND('',#17520,.F.);
#17520 = EDGE_LOOP('',(#17521,#17522,#17523,#17524,#17525,#17526,#17527,
    #17528));
#17521 = ORIENTED_EDGE('',*,*,#16587,.T.);
#17522 = ORIENTED_EDGE('',*,*,#17491,.T.);
#17523 = ORIENTED_EDGE('',*,*,#16919,.T.);
#17524 = ORIENTED_EDGE('',*,*,#16893,.F.);
#17525 = ORIENTED_EDGE('',*,*,#16844,.F.);
#17526 = ORIENTED_EDGE('',*,*,#16771,.F.);
#17527 = ORIENTED_EDGE('',*,*,#16719,.T.);
#17528 = ORIENTED_EDGE('',*,*,#16692,.T.);
#17529 = ADVANCED_FACE('',(#17530),#17044,.F.);
#17530 = FACE_BOUND('',#17531,.T.);
#17531 = EDGE_LOOP('',(#17532,#17533,#17534,#17535));
#17532 = ORIENTED_EDGE('',*,*,#17106,.T.);
#17533 = ORIENTED_EDGE('',*,*,#17180,.T.);
#17534 = ORIENTED_EDGE('',*,*,#17131,.F.);
#17535 = ORIENTED_EDGE('',*,*,#17028,.F.);
#17536 = ADVANCED_FACE('',(#17537),#17238,.F.);
#17537 = FACE_BOUND('',#17538,.T.);
#17538 = EDGE_LOOP('',(#17539,#17573,#17601,#17633));
#17539 = ORIENTED_EDGE('',*,*,#17540,.T.);
#17540 = EDGE_CURVE('',#17221,#17541,#17543,.T.);
#17541 = VERTEX_POINT('',#17542);
#17542 = CARTESIAN_POINT('',(7.6,18.2,16.75));
#17543 = SURFACE_CURVE('',#17544,(#17549,#17561),.PCURVE_S1.);
#17544 = ELLIPSE('',#17545,1.06066017178,0.75);
#17545 = AXIS2_PLACEMENT_3D('',#17546,#17547,#17548);
#17546 = CARTESIAN_POINT('',(8.35,18.95,16.75));
#17547 = DIRECTION('',(0.707106781187,-0.707106781187,0.));
#17548 = DIRECTION('',(-0.707106781187,-0.707106781187,0.));
#17549 = PCURVE('',#17238,#17550);
#17550 = DEFINITIONAL_REPRESENTATION('',(#17551),#17560);
#17551 = B_SPLINE_CURVE_WITH_KNOTS('',7,(#17552,#17553,#17554,#17555,
    #17556,#17557,#17558,#17559),.UNSPECIFIED.,.F.,.F.,(8,8),(
    4.712388980385,6.28318530718),.PIECEWISE_BEZIER_KNOTS.);
#17552 = CARTESIAN_POINT('',(0.,-0.75));
#17553 = CARTESIAN_POINT('',(-0.224399475256,-0.581700393558));
#17554 = CARTESIAN_POINT('',(-0.448798950513,-0.413401470511));
#17555 = CARTESIAN_POINT('',(-0.673198425769,-0.25893988067));
#17556 = CARTESIAN_POINT('',(-0.897597901026,-0.132178121531));
#17557 = CARTESIAN_POINT('',(-1.121997376282,-4.406150445747E-02));
#17558 = CARTESIAN_POINT('',(-1.346396851538,8.881784197001E-16));
#17559 = CARTESIAN_POINT('',(-1.570796326795,8.881784197001E-16));
#17560 = ( GEOMETRIC_REPRESENTATION_CONTEXT(2) 
PARAMETRIC_REPRESENTATION_CONTEXT() REPRESENTATION_CONTEXT('2D SPACE',''
  ) );
#17561 = PCURVE('',#17320,#17562);
#17562 = DEFINITIONAL_REPRESENTATION('',(#17563),#17572);
#17563 = B_SPLINE_CURVE_WITH_KNOTS('',7,(#17564,#17565,#17566,#17567,
    #17568,#17569,#17570,#17571),.UNSPECIFIED.,.F.,.F.,(8,8),(
    4.712388980385,6.28318530718),.PIECEWISE_BEZIER_KNOTS.);
#17564 = CARTESIAN_POINT('',(0.,-0.75));
#17565 = CARTESIAN_POINT('',(0.224399475256,-0.581700393558));
#17566 = CARTESIAN_POINT('',(0.448798950513,-0.413401470511));
#17567 = CARTESIAN_POINT('',(0.673198425769,-0.25893988067));
#17568 = CARTESIAN_POINT('',(0.897597901025,-0.132178121531));
#17569 = CARTESIAN_POINT('',(1.121997376282,-4.40615044575E-02));
#17570 = CARTESIAN_POINT('',(1.346396851538,0.));
#17571 = CARTESIAN_POINT('',(1.570796326795,0.));
#17572 = ( GEOMETRIC_REPRESENTATION_CONTEXT(2) 
PARAMETRIC_REPRESENTATION_CONTEXT() REPRESENTATION_CONTEXT('2D SPACE',''
  ) );
#17573 = ORIENTED_EDGE('',*,*,#17574,.T.);
#17574 = EDGE_CURVE('',#17541,#17575,#17577,.T.);
#17575 = VERTEX_POINT('',#17576);
#17576 = CARTESIAN_POINT('',(4.4,18.2,16.75));
#17577 = SURFACE_CURVE('',#17578,(#17582,#17589),.PCURVE_S1.);
#17578 = LINE('',#17579,#17580);
#17579 = CARTESIAN_POINT('',(7.6,18.2,16.75));
#17580 = VECTOR('',#17581,1.);
#17581 = DIRECTION('',(-1.,-1.110223024625E-16,0.));
#17582 = PCURVE('',#17238,#17583);
#17583 = DEFINITIONAL_REPRESENTATION('',(#17584),#17588);
#17584 = LINE('',#17585,#17586);
#17585 = CARTESIAN_POINT('',(-1.570796326795,0.));
#17586 = VECTOR('',#17587,1.);
#17587 = DIRECTION('',(-0.,1.));
#17588 = ( GEOMETRIC_REPRESENTATION_CONTEXT(2) 
PARAMETRIC_REPRESENTATION_CONTEXT() REPRESENTATION_CONTEXT('2D SPACE',''
  ) );
#17589 = PCURVE('',#17590,#17595);
#17590 = PLANE('',#17591);
#17591 = AXIS2_PLACEMENT_3D('',#17592,#17593,#17594);
#17592 = CARTESIAN_POINT('',(4.4,18.2,14.2));
#17593 = DIRECTION('',(1.110223024625E-16,-1.,0.));
#17594 = DIRECTION('',(0.,0.,1.));
#17595 = DEFINITIONAL_REPRESENTATION('',(#17596),#17600);
#17596 = LINE('',#17597,#17598);
#17597 = CARTESIAN_POINT('',(2.55,-3.2));
#17598 = VECTOR('',#17599,1.);
#17599 = DIRECTION('',(0.,1.));
#17600 = ( GEOMETRIC_REPRESENTATION_CONTEXT(2) 
PARAMETRIC_REPRESENTATION_CONTEXT() REPRESENTATION_CONTEXT('2D SPACE',''
  ) );
#17601 = ORIENTED_EDGE('',*,*,#17602,.F.);
#17602 = EDGE_CURVE('',#17223,#17575,#17603,.T.);
#17603 = SURFACE_CURVE('',#17604,(#17609,#17621),.PCURVE_S1.);
#17604 = ELLIPSE('',#17605,1.06066017178,0.75);
#17605 = AXIS2_PLACEMENT_3D('',#17606,#17607,#17608);
#17606 = CARTESIAN_POINT('',(3.65,18.95,16.75));
#17607 = DIRECTION('',(0.707106781187,0.707106781187,-0.));
#17608 = DIRECTION('',(-0.707106781187,0.707106781187,0.));
#17609 = PCURVE('',#17238,#17610);
#17610 = DEFINITIONAL_REPRESENTATION('',(#17611),#17620);
#17611 = B_SPLINE_CURVE_WITH_KNOTS('',7,(#17612,#17613,#17614,#17615,
    #17616,#17617,#17618,#17619),.UNSPECIFIED.,.F.,.F.,(8,8),(
    1.570796326795,3.14159265359),.PIECEWISE_BEZIER_KNOTS.);
#17612 = CARTESIAN_POINT('',(0.,3.95));
#17613 = CARTESIAN_POINT('',(-0.224399475256,3.781700393558));
#17614 = CARTESIAN_POINT('',(-0.448798950513,3.613401470511));
#17615 = CARTESIAN_POINT('',(-0.673198425769,3.45893988067));
#17616 = CARTESIAN_POINT('',(-0.897597901026,3.332178121531));
#17617 = CARTESIAN_POINT('',(-1.121997376282,3.244061504458));
#17618 = CARTESIAN_POINT('',(-1.346396851538,3.2));
#17619 = CARTESIAN_POINT('',(-1.570796326795,3.2));
#17620 = ( GEOMETRIC_REPRESENTATION_CONTEXT(2) 
PARAMETRIC_REPRESENTATION_CONTEXT() REPRESENTATION_CONTEXT('2D SPACE',''
  ) );
#17621 = PCURVE('',#17266,#17622);
#17622 = DEFINITIONAL_REPRESENTATION('',(#17623),#17632);
#17623 = B_SPLINE_CURVE_WITH_KNOTS('',7,(#17624,#17625,#17626,#17627,
    #17628,#17629,#17630,#17631),.UNSPECIFIED.,.F.,.F.,(8,8),(
    1.570796326795,3.14159265359),.PIECEWISE_BEZIER_KNOTS.);
#17624 = CARTESIAN_POINT('',(0.,-0.75));
#17625 = CARTESIAN_POINT('',(-0.224399475256,-0.581700393558));
#17626 = CARTESIAN_POINT('',(-0.448798950513,-0.413401470511));
#17627 = CARTESIAN_POINT('',(-0.673198425769,-0.25893988067));
#17628 = CARTESIAN_POINT('',(-0.897597901026,-0.132178121531));
#17629 = CARTESIAN_POINT('',(-1.121997376282,-4.40615044575E-02));
#17630 = CARTESIAN_POINT('',(-1.346396851538,2.061075743273E-17));
#17631 = CARTESIAN_POINT('',(-1.570796326795,0.));
#17632 = ( GEOMETRIC_REPRESENTATION_CONTEXT(2) 
PARAMETRIC_REPRESENTATION_CONTEXT() REPRESENTATION_CONTEXT('2D SPACE',''
  ) );
#17633 = ORIENTED_EDGE('',*,*,#17220,.F.);
#17634 = ADVANCED_FACE('',(#17635),#17320,.F.);
#17635 = FACE_BOUND('',#17636,.F.);
#17636 = EDGE_LOOP('',(#17637,#17638,#17666,#17698));
#17637 = ORIENTED_EDGE('',*,*,#17540,.T.);
#17638 = ORIENTED_EDGE('',*,*,#17639,.T.);
#17639 = EDGE_CURVE('',#17541,#17640,#17642,.T.);
#17640 = VERTEX_POINT('',#17641);
#17641 = CARTESIAN_POINT('',(7.6,13.8,16.75));
#17642 = SURFACE_CURVE('',#17643,(#17647,#17654),.PCURVE_S1.);
#17643 = LINE('',#17644,#17645);
#17644 = CARTESIAN_POINT('',(7.6,18.2,16.75));
#17645 = VECTOR('',#17646,1.);
#17646 = DIRECTION('',(1.110223024625E-16,-1.,0.));
#17647 = PCURVE('',#17320,#17648);
#17648 = DEFINITIONAL_REPRESENTATION('',(#17649),#17653);
#17649 = LINE('',#17650,#17651);
#17650 = CARTESIAN_POINT('',(1.570796326795,0.));
#17651 = VECTOR('',#17652,1.);
#17652 = DIRECTION('',(0.,1.));
#17653 = ( GEOMETRIC_REPRESENTATION_CONTEXT(2) 
PARAMETRIC_REPRESENTATION_CONTEXT() REPRESENTATION_CONTEXT('2D SPACE',''
  ) );
#17654 = PCURVE('',#17655,#17660);
#17655 = PLANE('',#17656);
#17656 = AXIS2_PLACEMENT_3D('',#17657,#17658,#17659);
#17657 = CARTESIAN_POINT('',(7.6,20.2,12.2));
#17658 = DIRECTION('',(1.,1.110223024625E-16,0.));
#17659 = DIRECTION('',(0.,0.,1.));
#17660 = DEFINITIONAL_REPRESENTATION('',(#17661),#17665);
#17661 = LINE('',#17662,#17663);
#17662 = CARTESIAN_POINT('',(4.55,2.));
#17663 = VECTOR('',#17664,1.);
#17664 = DIRECTION('',(0.,1.));
#17665 = ( GEOMETRIC_REPRESENTATION_CONTEXT(2) 
PARAMETRIC_REPRESENTATION_CONTEXT() REPRESENTATION_CONTEXT('2D SPACE',''
  ) );
#17666 = ORIENTED_EDGE('',*,*,#17667,.F.);
#17667 = EDGE_CURVE('',#17279,#17640,#17668,.T.);
#17668 = SURFACE_CURVE('',#17669,(#17674,#17686),.PCURVE_S1.);
#17669 = ELLIPSE('',#17670,1.06066017178,0.75);
#17670 = AXIS2_PLACEMENT_3D('',#17671,#17672,#17673);
#17671 = CARTESIAN_POINT('',(8.35,13.05,16.75));
#17672 = DIRECTION('',(-0.707106781187,-0.707106781187,0.));
#17673 = DIRECTION('',(0.707106781187,-0.707106781187,0.));
#17674 = PCURVE('',#17320,#17675);
#17675 = DEFINITIONAL_REPRESENTATION('',(#17676),#17685);
#17676 = B_SPLINE_CURVE_WITH_KNOTS('',7,(#17677,#17678,#17679,#17680,
    #17681,#17682,#17683,#17684),.UNSPECIFIED.,.F.,.F.,(8,8),(
    1.570796326795,3.14159265359),.PIECEWISE_BEZIER_KNOTS.);
#17677 = CARTESIAN_POINT('',(0.,5.15));
#17678 = CARTESIAN_POINT('',(0.224399475256,4.981700393558));
#17679 = CARTESIAN_POINT('',(0.448798950513,4.81340147051));
#17680 = CARTESIAN_POINT('',(0.673198425769,4.65893988067));
#17681 = CARTESIAN_POINT('',(0.897597901026,4.532178121531));
#17682 = CARTESIAN_POINT('',(1.121997376282,4.444061504458));
#17683 = CARTESIAN_POINT('',(1.346396851538,4.4));
#17684 = CARTESIAN_POINT('',(1.570796326795,4.4));
#17685 = ( GEOMETRIC_REPRESENTATION_CONTEXT(2) 
PARAMETRIC_REPRESENTATION_CONTEXT() REPRESENTATION_CONTEXT('2D SPACE',''
  ) );
#17686 = PCURVE('',#17294,#17687);
#17687 = DEFINITIONAL_REPRESENTATION('',(#17688),#17697);
#17688 = B_SPLINE_CURVE_WITH_KNOTS('',7,(#17689,#17690,#17691,#17692,
    #17693,#17694,#17695,#17696),.UNSPECIFIED.,.F.,.F.,(8,8),(
    1.570796326795,3.14159265359),.PIECEWISE_BEZIER_KNOTS.);
#17689 = CARTESIAN_POINT('',(0.,-0.75));
#17690 = CARTESIAN_POINT('',(0.224399475256,-0.581700393558));
#17691 = CARTESIAN_POINT('',(0.448798950513,-0.413401470511));
#17692 = CARTESIAN_POINT('',(0.673198425769,-0.25893988067));
#17693 = CARTESIAN_POINT('',(0.897597901026,-0.132178121531));
#17694 = CARTESIAN_POINT('',(1.121997376282,-4.406150445748E-02));
#17695 = CARTESIAN_POINT('',(1.346396851538,8.675676622674E-16));
#17696 = CARTESIAN_POINT('',(1.570796326795,8.881784197001E-16));
#17697 = ( GEOMETRIC_REPRESENTATION_CONTEXT(2) 
PARAMETRIC_REPRESENTATION_CONTEXT() REPRESENTATION_CONTEXT('2D SPACE',''
  ) );
#17698 = ORIENTED_EDGE('',*,*,#17306,.F.);
#17699 = ADVANCED_FACE('',(#17700),#17266,.F.);
#17700 = FACE_BOUND('',#17701,.T.);
#17701 = EDGE_LOOP('',(#17702,#17703,#17731,#17763));
#17702 = ORIENTED_EDGE('',*,*,#17602,.T.);
#17703 = ORIENTED_EDGE('',*,*,#17704,.T.);
#17704 = EDGE_CURVE('',#17575,#17705,#17707,.T.);
#17705 = VERTEX_POINT('',#17706);
#17706 = CARTESIAN_POINT('',(4.4,13.8,16.75));
#17707 = SURFACE_CURVE('',#17708,(#17712,#17719),.PCURVE_S1.);
#17708 = LINE('',#17709,#17710);
#17709 = CARTESIAN_POINT('',(4.4,18.2,16.75));
#17710 = VECTOR('',#17711,1.);
#17711 = DIRECTION('',(1.110223024625E-16,-1.,0.));
#17712 = PCURVE('',#17266,#17713);
#17713 = DEFINITIONAL_REPRESENTATION('',(#17714),#17718);
#17714 = LINE('',#17715,#17716);
#17715 = CARTESIAN_POINT('',(-1.570796326795,0.));
#17716 = VECTOR('',#17717,1.);
#17717 = DIRECTION('',(-0.,1.));
#17718 = ( GEOMETRIC_REPRESENTATION_CONTEXT(2) 
PARAMETRIC_REPRESENTATION_CONTEXT() REPRESENTATION_CONTEXT('2D SPACE',''
  ) );
#17719 = PCURVE('',#17720,#17725);
#17720 = PLANE('',#17721);
#17721 = AXIS2_PLACEMENT_3D('',#17722,#17723,#17724);
#17722 = CARTESIAN_POINT('',(4.4,20.2,12.2));
#17723 = DIRECTION('',(1.,1.110223024625E-16,0.));
#17724 = DIRECTION('',(0.,0.,1.));
#17725 = DEFINITIONAL_REPRESENTATION('',(#17726),#17730);
#17726 = LINE('',#17727,#17728);
#17727 = CARTESIAN_POINT('',(4.55,2.));
#17728 = VECTOR('',#17729,1.);
#17729 = DIRECTION('',(0.,1.));
#17730 = ( GEOMETRIC_REPRESENTATION_CONTEXT(2) 
PARAMETRIC_REPRESENTATION_CONTEXT() REPRESENTATION_CONTEXT('2D SPACE',''
  ) );
#17731 = ORIENTED_EDGE('',*,*,#17732,.F.);
#17732 = EDGE_CURVE('',#17251,#17705,#17733,.T.);
#17733 = SURFACE_CURVE('',#17734,(#17739,#17751),.PCURVE_S1.);
#17734 = ELLIPSE('',#17735,1.06066017178,0.75);
#17735 = AXIS2_PLACEMENT_3D('',#17736,#17737,#17738);
#17736 = CARTESIAN_POINT('',(3.65,13.05,16.75));
#17737 = DIRECTION('',(-0.707106781187,0.707106781187,0.));
#17738 = DIRECTION('',(-0.707106781187,-0.707106781187,0.));
#17739 = PCURVE('',#17266,#17740);
#17740 = DEFINITIONAL_REPRESENTATION('',(#17741),#17750);
#17741 = B_SPLINE_CURVE_WITH_KNOTS('',7,(#17742,#17743,#17744,#17745,
    #17746,#17747,#17748,#17749),.UNSPECIFIED.,.F.,.F.,(8,8),(
    1.570796326795,3.14159265359),.PIECEWISE_BEZIER_KNOTS.);
#17742 = CARTESIAN_POINT('',(0.,5.15));
#17743 = CARTESIAN_POINT('',(-0.224399475256,4.981700393558));
#17744 = CARTESIAN_POINT('',(-0.448798950513,4.81340147051));
#17745 = CARTESIAN_POINT('',(-0.673198425769,4.65893988067));
#17746 = CARTESIAN_POINT('',(-0.897597901026,4.532178121531));
#17747 = CARTESIAN_POINT('',(-1.121997376282,4.444061504458));
#17748 = CARTESIAN_POINT('',(-1.346396851538,4.4));
#17749 = CARTESIAN_POINT('',(-1.570796326795,4.4));
#17750 = ( GEOMETRIC_REPRESENTATION_CONTEXT(2) 
PARAMETRIC_REPRESENTATION_CONTEXT() REPRESENTATION_CONTEXT('2D SPACE',''
  ) );
#17751 = PCURVE('',#17294,#17752);
#17752 = DEFINITIONAL_REPRESENTATION('',(#17753),#17762);
#17753 = B_SPLINE_CURVE_WITH_KNOTS('',7,(#17754,#17755,#17756,#17757,
    #17758,#17759,#17760,#17761),.UNSPECIFIED.,.F.,.F.,(8,8),(
    1.570796326795,3.14159265359),.PIECEWISE_BEZIER_KNOTS.);
#17754 = CARTESIAN_POINT('',(0.,3.95));
#17755 = CARTESIAN_POINT('',(0.224399475256,3.781700393558));
#17756 = CARTESIAN_POINT('',(0.448798950513,3.613401470511));
#17757 = CARTESIAN_POINT('',(0.673198425769,3.45893988067));
#17758 = CARTESIAN_POINT('',(0.897597901026,3.332178121531));
#17759 = CARTESIAN_POINT('',(1.121997376282,3.244061504458));
#17760 = CARTESIAN_POINT('',(1.346396851538,3.2));
#17761 = CARTESIAN_POINT('',(1.570796326795,3.2));
#17762 = ( GEOMETRIC_REPRESENTATION_CONTEXT(2) 
PARAMETRIC_REPRESENTATION_CONTEXT() REPRESENTATION_CONTEXT('2D SPACE',''
  ) );
#17763 = ORIENTED_EDGE('',*,*,#17250,.F.);
#17764 = ADVANCED_FACE('',(#17765),#17294,.F.);
#17765 = FACE_BOUND('',#17766,.F.);
#17766 = EDGE_LOOP('',(#17767,#17768,#17794,#17795));
#17767 = ORIENTED_EDGE('',*,*,#17667,.T.);
#17768 = ORIENTED_EDGE('',*,*,#17769,.T.);
#17769 = EDGE_CURVE('',#17640,#17705,#17770,.T.);
#17770 = SURFACE_CURVE('',#17771,(#17775,#17782),.PCURVE_S1.);
#17771 = LINE('',#17772,#17773);
#17772 = CARTESIAN_POINT('',(7.6,13.8,16.75));
#17773 = VECTOR('',#17774,1.);
#17774 = DIRECTION('',(-1.,-1.110223024625E-16,0.));
#17775 = PCURVE('',#17294,#17776);
#17776 = DEFINITIONAL_REPRESENTATION('',(#17777),#17781);
#17777 = LINE('',#17778,#17779);
#17778 = CARTESIAN_POINT('',(1.570796326795,0.));
#17779 = VECTOR('',#17780,1.);
#17780 = DIRECTION('',(0.,1.));
#17781 = ( GEOMETRIC_REPRESENTATION_CONTEXT(2) 
PARAMETRIC_REPRESENTATION_CONTEXT() REPRESENTATION_CONTEXT('2D SPACE',''
  ) );
#17782 = PCURVE('',#17783,#17788);
#17783 = PLANE('',#17784);
#17784 = AXIS2_PLACEMENT_3D('',#17785,#17786,#17787);
#17785 = CARTESIAN_POINT('',(4.4,13.8,14.2));
#17786 = DIRECTION('',(1.110223024625E-16,-1.,0.));
#17787 = DIRECTION('',(0.,0.,1.));
#17788 = DEFINITIONAL_REPRESENTATION('',(#17789),#17793);
#17789 = LINE('',#17790,#17791);
#17790 = CARTESIAN_POINT('',(2.55,-3.2));
#17791 = VECTOR('',#17792,1.);
#17792 = DIRECTION('',(0.,1.));
#17793 = ( GEOMETRIC_REPRESENTATION_CONTEXT(2) 
PARAMETRIC_REPRESENTATION_CONTEXT() REPRESENTATION_CONTEXT('2D SPACE',''
  ) );
#17794 = ORIENTED_EDGE('',*,*,#17732,.F.);
#17795 = ORIENTED_EDGE('',*,*,#17278,.F.);
#17796 = ADVANCED_FACE('',(#17797),#17385,.F.);
#17797 = FACE_BOUND('',#17798,.T.);
#17798 = EDGE_LOOP('',(#17799,#17833,#17861,#17893));
#17799 = ORIENTED_EDGE('',*,*,#17800,.T.);
#17800 = EDGE_CURVE('',#17368,#17801,#17803,.T.);
#17801 = VERTEX_POINT('',#17802);
#17802 = CARTESIAN_POINT('',(7.6,56.9,16.75));
#17803 = SURFACE_CURVE('',#17804,(#17809,#17821),.PCURVE_S1.);
#17804 = ELLIPSE('',#17805,1.06066017178,0.75);
#17805 = AXIS2_PLACEMENT_3D('',#17806,#17807,#17808);
#17806 = CARTESIAN_POINT('',(8.35,57.65,16.75));
#17807 = DIRECTION('',(0.707106781187,-0.707106781187,0.));
#17808 = DIRECTION('',(-0.707106781187,-0.707106781187,0.));
#17809 = PCURVE('',#17385,#17810);
#17810 = DEFINITIONAL_REPRESENTATION('',(#17811),#17820);
#17811 = B_SPLINE_CURVE_WITH_KNOTS('',7,(#17812,#17813,#17814,#17815,
    #17816,#17817,#17818,#17819),.UNSPECIFIED.,.F.,.F.,(8,8),(
    4.712388980385,6.28318530718),.PIECEWISE_BEZIER_KNOTS.);
#17812 = CARTESIAN_POINT('',(0.,-0.75));
#17813 = CARTESIAN_POINT('',(-0.224399475256,-0.581700393558));
#17814 = CARTESIAN_POINT('',(-0.448798950513,-0.413401470511));
#17815 = CARTESIAN_POINT('',(-0.673198425769,-0.25893988067));
#17816 = CARTESIAN_POINT('',(-0.897597901026,-0.132178121531));
#17817 = CARTESIAN_POINT('',(-1.121997376282,-4.406150445747E-02));
#17818 = CARTESIAN_POINT('',(-1.346396851538,8.881784197001E-16));
#17819 = CARTESIAN_POINT('',(-1.570796326795,8.881784197001E-16));
#17820 = ( GEOMETRIC_REPRESENTATION_CONTEXT(2) 
PARAMETRIC_REPRESENTATION_CONTEXT() REPRESENTATION_CONTEXT('2D SPACE',''
  ) );
#17821 = PCURVE('',#17467,#17822);
#17822 = DEFINITIONAL_REPRESENTATION('',(#17823),#17832);
#17823 = B_SPLINE_CURVE_WITH_KNOTS('',7,(#17824,#17825,#17826,#17827,
    #17828,#17829,#17830,#17831),.UNSPECIFIED.,.F.,.F.,(8,8),(
    4.712388980385,6.28318530718),.PIECEWISE_BEZIER_KNOTS.);
#17824 = CARTESIAN_POINT('',(0.,-0.75));
#17825 = CARTESIAN_POINT('',(0.224399475256,-0.581700393558));
#17826 = CARTESIAN_POINT('',(0.448798950513,-0.413401470511));
#17827 = CARTESIAN_POINT('',(0.673198425769,-0.25893988067));
#17828 = CARTESIAN_POINT('',(0.897597901025,-0.132178121531));
#17829 = CARTESIAN_POINT('',(1.121997376282,-4.406150445745E-02));
#17830 = CARTESIAN_POINT('',(1.346396851538,0.));
#17831 = CARTESIAN_POINT('',(1.570796326795,0.));
#17832 = ( GEOMETRIC_REPRESENTATION_CONTEXT(2) 
PARAMETRIC_REPRESENTATION_CONTEXT() REPRESENTATION_CONTEXT('2D SPACE',''
  ) );
#17833 = ORIENTED_EDGE('',*,*,#17834,.T.);
#17834 = EDGE_CURVE('',#17801,#17835,#17837,.T.);
#17835 = VERTEX_POINT('',#17836);
#17836 = CARTESIAN_POINT('',(4.4,56.9,16.75));
#17837 = SURFACE_CURVE('',#17838,(#17842,#17849),.PCURVE_S1.);
#17838 = LINE('',#17839,#17840);
#17839 = CARTESIAN_POINT('',(7.6,56.9,16.75));
#17840 = VECTOR('',#17841,1.);
#17841 = DIRECTION('',(-1.,-1.110223024625E-16,0.));
#17842 = PCURVE('',#17385,#17843);
#17843 = DEFINITIONAL_REPRESENTATION('',(#17844),#17848);
#17844 = LINE('',#17845,#17846);
#17845 = CARTESIAN_POINT('',(-1.570796326795,0.));
#17846 = VECTOR('',#17847,1.);
#17847 = DIRECTION('',(-0.,1.));
#17848 = ( GEOMETRIC_REPRESENTATION_CONTEXT(2) 
PARAMETRIC_REPRESENTATION_CONTEXT() REPRESENTATION_CONTEXT('2D SPACE',''
  ) );
#17849 = PCURVE('',#17850,#17855);
#17850 = PLANE('',#17851);
#17851 = AXIS2_PLACEMENT_3D('',#17852,#17853,#17854);
#17852 = CARTESIAN_POINT('',(4.4,56.9,14.2));
#17853 = DIRECTION('',(1.110223024625E-16,-1.,0.));
#17854 = DIRECTION('',(0.,0.,1.));
#17855 = DEFINITIONAL_REPRESENTATION('',(#17856),#17860);
#17856 = LINE('',#17857,#17858);
#17857 = CARTESIAN_POINT('',(2.55,-3.2));
#17858 = VECTOR('',#17859,1.);
#17859 = DIRECTION('',(0.,1.));
#17860 = ( GEOMETRIC_REPRESENTATION_CONTEXT(2) 
PARAMETRIC_REPRESENTATION_CONTEXT() REPRESENTATION_CONTEXT('2D SPACE',''
  ) );
#17861 = ORIENTED_EDGE('',*,*,#17862,.F.);
#17862 = EDGE_CURVE('',#17370,#17835,#17863,.T.);
#17863 = SURFACE_CURVE('',#17864,(#17869,#17881),.PCURVE_S1.);
#17864 = ELLIPSE('',#17865,1.06066017178,0.75);
#17865 = AXIS2_PLACEMENT_3D('',#17866,#17867,#17868);
#17866 = CARTESIAN_POINT('',(3.65,57.65,16.75));
#17867 = DIRECTION('',(0.707106781187,0.707106781187,-0.));
#17868 = DIRECTION('',(-0.707106781187,0.707106781187,0.));
#17869 = PCURVE('',#17385,#17870);
#17870 = DEFINITIONAL_REPRESENTATION('',(#17871),#17880);
#17871 = B_SPLINE_CURVE_WITH_KNOTS('',7,(#17872,#17873,#17874,#17875,
    #17876,#17877,#17878,#17879),.UNSPECIFIED.,.F.,.F.,(8,8),(
    1.570796326795,3.14159265359),.PIECEWISE_BEZIER_KNOTS.);
#17872 = CARTESIAN_POINT('',(0.,3.95));
#17873 = CARTESIAN_POINT('',(-0.224399475256,3.781700393558));
#17874 = CARTESIAN_POINT('',(-0.448798950513,3.613401470511));
#17875 = CARTESIAN_POINT('',(-0.673198425769,3.45893988067));
#17876 = CARTESIAN_POINT('',(-0.897597901026,3.332178121531));
#17877 = CARTESIAN_POINT('',(-1.121997376282,3.244061504458));
#17878 = CARTESIAN_POINT('',(-1.346396851538,3.2));
#17879 = CARTESIAN_POINT('',(-1.570796326795,3.2));
#17880 = ( GEOMETRIC_REPRESENTATION_CONTEXT(2) 
PARAMETRIC_REPRESENTATION_CONTEXT() REPRESENTATION_CONTEXT('2D SPACE',''
  ) );
#17881 = PCURVE('',#17413,#17882);
#17882 = DEFINITIONAL_REPRESENTATION('',(#17883),#17892);
#17883 = B_SPLINE_CURVE_WITH_KNOTS('',7,(#17884,#17885,#17886,#17887,
    #17888,#17889,#17890,#17891),.UNSPECIFIED.,.F.,.F.,(8,8),(
    1.570796326795,3.14159265359),.PIECEWISE_BEZIER_KNOTS.);
#17884 = CARTESIAN_POINT('',(0.,-0.75));
#17885 = CARTESIAN_POINT('',(-0.224399475256,-0.581700393558));
#17886 = CARTESIAN_POINT('',(-0.448798950513,-0.413401470511));
#17887 = CARTESIAN_POINT('',(-0.673198425769,-0.25893988067));
#17888 = CARTESIAN_POINT('',(-0.897597901026,-0.132178121531));
#17889 = CARTESIAN_POINT('',(-1.121997376282,-4.40615044575E-02));
#17890 = CARTESIAN_POINT('',(-1.346396851538,2.061075743273E-17));
#17891 = CARTESIAN_POINT('',(-1.570796326795,0.));
#17892 = ( GEOMETRIC_REPRESENTATION_CONTEXT(2) 
PARAMETRIC_REPRESENTATION_CONTEXT() REPRESENTATION_CONTEXT('2D SPACE',''
  ) );
#17893 = ORIENTED_EDGE('',*,*,#17367,.F.);
#17894 = ADVANCED_FACE('',(#17895),#17467,.F.);
#17895 = FACE_BOUND('',#17896,.F.);
#17896 = EDGE_LOOP('',(#17897,#17898,#17926,#17958));
#17897 = ORIENTED_EDGE('',*,*,#17800,.T.);
#17898 = ORIENTED_EDGE('',*,*,#17899,.T.);
#17899 = EDGE_CURVE('',#17801,#17900,#17902,.T.);
#17900 = VERTEX_POINT('',#17901);
#17901 = CARTESIAN_POINT('',(7.6,52.5,16.75));
#17902 = SURFACE_CURVE('',#17903,(#17907,#17914),.PCURVE_S1.);
#17903 = LINE('',#17904,#17905);
#17904 = CARTESIAN_POINT('',(7.6,56.9,16.75));
#17905 = VECTOR('',#17906,1.);
#17906 = DIRECTION('',(1.110223024625E-16,-1.,0.));
#17907 = PCURVE('',#17467,#17908);
#17908 = DEFINITIONAL_REPRESENTATION('',(#17909),#17913);
#17909 = LINE('',#17910,#17911);
#17910 = CARTESIAN_POINT('',(1.570796326795,0.));
#17911 = VECTOR('',#17912,1.);
#17912 = DIRECTION('',(0.,1.));
#17913 = ( GEOMETRIC_REPRESENTATION_CONTEXT(2) 
PARAMETRIC_REPRESENTATION_CONTEXT() REPRESENTATION_CONTEXT('2D SPACE',''
  ) );
#17914 = PCURVE('',#17915,#17920);
#17915 = PLANE('',#17916);
#17916 = AXIS2_PLACEMENT_3D('',#17917,#17918,#17919);
#17917 = CARTESIAN_POINT('',(7.6,58.9,12.2));
#17918 = DIRECTION('',(1.,1.110223024625E-16,0.));
#17919 = DIRECTION('',(0.,0.,1.));
#17920 = DEFINITIONAL_REPRESENTATION('',(#17921),#17925);
#17921 = LINE('',#17922,#17923);
#17922 = CARTESIAN_POINT('',(4.55,2.));
#17923 = VECTOR('',#17924,1.);
#17924 = DIRECTION('',(0.,1.));
#17925 = ( GEOMETRIC_REPRESENTATION_CONTEXT(2) 
PARAMETRIC_REPRESENTATION_CONTEXT() REPRESENTATION_CONTEXT('2D SPACE',''
  ) );
#17926 = ORIENTED_EDGE('',*,*,#17927,.F.);
#17927 = EDGE_CURVE('',#17426,#17900,#17928,.T.);
#17928 = SURFACE_CURVE('',#17929,(#17934,#17946),.PCURVE_S1.);
#17929 = ELLIPSE('',#17930,1.06066017178,0.75);
#17930 = AXIS2_PLACEMENT_3D('',#17931,#17932,#17933);
#17931 = CARTESIAN_POINT('',(8.35,51.75,16.75));
#17932 = DIRECTION('',(-0.707106781187,-0.707106781187,0.));
#17933 = DIRECTION('',(0.707106781187,-0.707106781187,0.));
#17934 = PCURVE('',#17467,#17935);
#17935 = DEFINITIONAL_REPRESENTATION('',(#17936),#17945);
#17936 = B_SPLINE_CURVE_WITH_KNOTS('',7,(#17937,#17938,#17939,#17940,
    #17941,#17942,#17943,#17944),.UNSPECIFIED.,.F.,.F.,(8,8),(
    1.570796326795,3.14159265359),.PIECEWISE_BEZIER_KNOTS.);
#17937 = CARTESIAN_POINT('',(0.,5.15));
#17938 = CARTESIAN_POINT('',(0.224399475256,4.981700393558));
#17939 = CARTESIAN_POINT('',(0.448798950513,4.81340147051));
#17940 = CARTESIAN_POINT('',(0.673198425769,4.658939880673));
#17941 = CARTESIAN_POINT('',(0.897597901026,4.53217812153));
#17942 = CARTESIAN_POINT('',(1.121997376282,4.444061504458));
#17943 = CARTESIAN_POINT('',(1.346396851538,4.4));
#17944 = CARTESIAN_POINT('',(1.570796326795,4.4));
#17945 = ( GEOMETRIC_REPRESENTATION_CONTEXT(2) 
PARAMETRIC_REPRESENTATION_CONTEXT() REPRESENTATION_CONTEXT('2D SPACE',''
  ) );
#17946 = PCURVE('',#17441,#17947);
#17947 = DEFINITIONAL_REPRESENTATION('',(#17948),#17957);
#17948 = B_SPLINE_CURVE_WITH_KNOTS('',7,(#17949,#17950,#17951,#17952,
    #17953,#17954,#17955,#17956),.UNSPECIFIED.,.F.,.F.,(8,8),(
    1.570796326795,3.14159265359),.PIECEWISE_BEZIER_KNOTS.);
#17949 = CARTESIAN_POINT('',(0.,-0.75));
#17950 = CARTESIAN_POINT('',(0.224399475256,-0.581700393558));
#17951 = CARTESIAN_POINT('',(0.448798950513,-0.413401470511));
#17952 = CARTESIAN_POINT('',(0.673198425769,-0.25893988067));
#17953 = CARTESIAN_POINT('',(0.897597901026,-0.132178121531));
#17954 = CARTESIAN_POINT('',(1.121997376282,-4.406150445748E-02));
#17955 = CARTESIAN_POINT('',(1.346396851538,8.675676622674E-16));
#17956 = CARTESIAN_POINT('',(1.570796326795,8.881784197001E-16));
#17957 = ( GEOMETRIC_REPRESENTATION_CONTEXT(2) 
PARAMETRIC_REPRESENTATION_CONTEXT() REPRESENTATION_CONTEXT('2D SPACE',''
  ) );
#17958 = ORIENTED_EDGE('',*,*,#17453,.F.);
#17959 = ADVANCED_FACE('',(#17960),#17413,.F.);
#17960 = FACE_BOUND('',#17961,.T.);
#17961 = EDGE_LOOP('',(#17962,#17963,#17991,#18023));
#17962 = ORIENTED_EDGE('',*,*,#17862,.T.);
#17963 = ORIENTED_EDGE('',*,*,#17964,.T.);
#17964 = EDGE_CURVE('',#17835,#17965,#17967,.T.);
#17965 = VERTEX_POINT('',#17966);
#17966 = CARTESIAN_POINT('',(4.4,52.5,16.75));
#17967 = SURFACE_CURVE('',#17968,(#17972,#17979),.PCURVE_S1.);
#17968 = LINE('',#17969,#17970);
#17969 = CARTESIAN_POINT('',(4.4,56.9,16.75));
#17970 = VECTOR('',#17971,1.);
#17971 = DIRECTION('',(1.110223024625E-16,-1.,0.));
#17972 = PCURVE('',#17413,#17973);
#17973 = DEFINITIONAL_REPRESENTATION('',(#17974),#17978);
#17974 = LINE('',#17975,#17976);
#17975 = CARTESIAN_POINT('',(-1.570796326795,0.));
#17976 = VECTOR('',#17977,1.);
#17977 = DIRECTION('',(-0.,1.));
#17978 = ( GEOMETRIC_REPRESENTATION_CONTEXT(2) 
PARAMETRIC_REPRESENTATION_CONTEXT() REPRESENTATION_CONTEXT('2D SPACE',''
  ) );
#17979 = PCURVE('',#17980,#17985);
#17980 = PLANE('',#17981);
#17981 = AXIS2_PLACEMENT_3D('',#17982,#17983,#17984);
#17982 = CARTESIAN_POINT('',(4.4,58.9,12.2));
#17983 = DIRECTION('',(1.,1.110223024625E-16,0.));
#17984 = DIRECTION('',(0.,0.,1.));
#17985 = DEFINITIONAL_REPRESENTATION('',(#17986),#17990);
#17986 = LINE('',#17987,#17988);
#17987 = CARTESIAN_POINT('',(4.55,2.));
#17988 = VECTOR('',#17989,1.);
#17989 = DIRECTION('',(0.,1.));
#17990 = ( GEOMETRIC_REPRESENTATION_CONTEXT(2) 
PARAMETRIC_REPRESENTATION_CONTEXT() REPRESENTATION_CONTEXT('2D SPACE',''
  ) );
#17991 = ORIENTED_EDGE('',*,*,#17992,.F.);
#17992 = EDGE_CURVE('',#17398,#17965,#17993,.T.);
#17993 = SURFACE_CURVE('',#17994,(#17999,#18011),.PCURVE_S1.);
#17994 = ELLIPSE('',#17995,1.06066017178,0.75);
#17995 = AXIS2_PLACEMENT_3D('',#17996,#17997,#17998);
#17996 = CARTESIAN_POINT('',(3.65,51.75,16.75));
#17997 = DIRECTION('',(-0.707106781187,0.707106781187,0.));
#17998 = DIRECTION('',(-0.707106781187,-0.707106781187,0.));
#17999 = PCURVE('',#17413,#18000);
#18000 = DEFINITIONAL_REPRESENTATION('',(#18001),#18010);
#18001 = B_SPLINE_CURVE_WITH_KNOTS('',7,(#18002,#18003,#18004,#18005,
    #18006,#18007,#18008,#18009),.UNSPECIFIED.,.F.,.F.,(8,8),(
    1.570796326795,3.14159265359),.PIECEWISE_BEZIER_KNOTS.);
#18002 = CARTESIAN_POINT('',(0.,5.15));
#18003 = CARTESIAN_POINT('',(-0.224399475256,4.981700393558));
#18004 = CARTESIAN_POINT('',(-0.448798950513,4.81340147051));
#18005 = CARTESIAN_POINT('',(-0.673198425769,4.658939880673));
#18006 = CARTESIAN_POINT('',(-0.897597901026,4.53217812153));
#18007 = CARTESIAN_POINT('',(-1.121997376282,4.444061504458));
#18008 = CARTESIAN_POINT('',(-1.346396851538,4.4));
#18009 = CARTESIAN_POINT('',(-1.570796326795,4.4));
#18010 = ( GEOMETRIC_REPRESENTATION_CONTEXT(2) 
PARAMETRIC_REPRESENTATION_CONTEXT() REPRESENTATION_CONTEXT('2D SPACE',''
  ) );
#18011 = PCURVE('',#17441,#18012);
#18012 = DEFINITIONAL_REPRESENTATION('',(#18013),#18022);
#18013 = B_SPLINE_CURVE_WITH_KNOTS('',7,(#18014,#18015,#18016,#18017,
    #18018,#18019,#18020,#18021),.UNSPECIFIED.,.F.,.F.,(8,8),(
    1.570796326795,3.14159265359),.PIECEWISE_BEZIER_KNOTS.);
#18014 = CARTESIAN_POINT('',(0.,3.95));
#18015 = CARTESIAN_POINT('',(0.224399475256,3.781700393558));
#18016 = CARTESIAN_POINT('',(0.448798950513,3.613401470511));
#18017 = CARTESIAN_POINT('',(0.673198425769,3.45893988067));
#18018 = CARTESIAN_POINT('',(0.897597901026,3.332178121531));
#18019 = CARTESIAN_POINT('',(1.121997376282,3.244061504458));
#18020 = CARTESIAN_POINT('',(1.346396851538,3.2));
#18021 = CARTESIAN_POINT('',(1.570796326795,3.2));
#18022 = ( GEOMETRIC_REPRESENTATION_CONTEXT(2) 
PARAMETRIC_REPRESENTATION_CONTEXT() REPRESENTATION_CONTEXT('2D SPACE',''
  ) );
#18023 = ORIENTED_EDGE('',*,*,#17397,.F.);
#18024 = ADVANCED_FACE('',(#18025),#17441,.F.);
#18025 = FACE_BOUND('',#18026,.F.);
#18026 = EDGE_LOOP('',(#18027,#18028,#18054,#18055));
#18027 = ORIENTED_EDGE('',*,*,#17927,.T.);
#18028 = ORIENTED_EDGE('',*,*,#18029,.T.);
#18029 = EDGE_CURVE('',#17900,#17965,#18030,.T.);
#18030 = SURFACE_CURVE('',#18031,(#18035,#18042),.PCURVE_S1.);
#18031 = LINE('',#18032,#18033);
#18032 = CARTESIAN_POINT('',(7.6,52.5,16.75));
#18033 = VECTOR('',#18034,1.);
#18034 = DIRECTION('',(-1.,-1.110223024625E-16,0.));
#18035 = PCURVE('',#17441,#18036);
#18036 = DEFINITIONAL_REPRESENTATION('',(#18037),#18041);
#18037 = LINE('',#18038,#18039);
#18038 = CARTESIAN_POINT('',(1.570796326795,0.));
#18039 = VECTOR('',#18040,1.);
#18040 = DIRECTION('',(0.,1.));
#18041 = ( GEOMETRIC_REPRESENTATION_CONTEXT(2) 
PARAMETRIC_REPRESENTATION_CONTEXT() REPRESENTATION_CONTEXT('2D SPACE',''
  ) );
#18042 = PCURVE('',#18043,#18048);
#18043 = PLANE('',#18044);
#18044 = AXIS2_PLACEMENT_3D('',#18045,#18046,#18047);
#18045 = CARTESIAN_POINT('',(4.4,52.5,14.2));
#18046 = DIRECTION('',(1.110223024625E-16,-1.,0.));
#18047 = DIRECTION('',(0.,0.,1.));
#18048 = DEFINITIONAL_REPRESENTATION('',(#18049),#18053);
#18049 = LINE('',#18050,#18051);
#18050 = CARTESIAN_POINT('',(2.55,-3.2));
#18051 = VECTOR('',#18052,1.);
#18052 = DIRECTION('',(0.,1.));
#18053 = ( GEOMETRIC_REPRESENTATION_CONTEXT(2) 
PARAMETRIC_REPRESENTATION_CONTEXT() REPRESENTATION_CONTEXT('2D SPACE',''
  ) );
#18054 = ORIENTED_EDGE('',*,*,#17992,.F.);
#18055 = ORIENTED_EDGE('',*,*,#17425,.F.);
#18056 = ADVANCED_FACE('',(#18057),#17590,.F.);
#18057 = FACE_BOUND('',#18058,.F.);
#18058 = EDGE_LOOP('',(#18059,#18082,#18110,#18131));
#18059 = ORIENTED_EDGE('',*,*,#18060,.F.);
#18060 = EDGE_CURVE('',#18061,#17575,#18063,.T.);
#18061 = VERTEX_POINT('',#18062);
#18062 = CARTESIAN_POINT('',(4.4,18.2,14.4));
#18063 = SURFACE_CURVE('',#18064,(#18068,#18075),.PCURVE_S1.);
#18064 = LINE('',#18065,#18066);
#18065 = CARTESIAN_POINT('',(4.4,18.2,14.2));
#18066 = VECTOR('',#18067,1.);
#18067 = DIRECTION('',(0.,0.,1.));
#18068 = PCURVE('',#17590,#18069);
#18069 = DEFINITIONAL_REPRESENTATION('',(#18070),#18074);
#18070 = LINE('',#18071,#18072);
#18071 = CARTESIAN_POINT('',(0.,0.));
#18072 = VECTOR('',#18073,1.);
#18073 = DIRECTION('',(1.,0.));
#18074 = ( GEOMETRIC_REPRESENTATION_CONTEXT(2) 
PARAMETRIC_REPRESENTATION_CONTEXT() REPRESENTATION_CONTEXT('2D SPACE',''
  ) );
#18075 = PCURVE('',#17720,#18076);
#18076 = DEFINITIONAL_REPRESENTATION('',(#18077),#18081);
#18077 = LINE('',#18078,#18079);
#18078 = CARTESIAN_POINT('',(2.,2.));
#18079 = VECTOR('',#18080,1.);
#18080 = DIRECTION('',(1.,0.));
#18081 = ( GEOMETRIC_REPRESENTATION_CONTEXT(2) 
PARAMETRIC_REPRESENTATION_CONTEXT() REPRESENTATION_CONTEXT('2D SPACE',''
  ) );
#18082 = ORIENTED_EDGE('',*,*,#18083,.T.);
#18083 = EDGE_CURVE('',#18061,#18084,#18086,.T.);
#18084 = VERTEX_POINT('',#18085);
#18085 = CARTESIAN_POINT('',(7.6,18.2,14.4));
#18086 = SURFACE_CURVE('',#18087,(#18091,#18098),.PCURVE_S1.);
#18087 = LINE('',#18088,#18089);
#18088 = CARTESIAN_POINT('',(4.4,18.2,14.4));
#18089 = VECTOR('',#18090,1.);
#18090 = DIRECTION('',(1.,1.110223024625E-16,0.));
#18091 = PCURVE('',#17590,#18092);
#18092 = DEFINITIONAL_REPRESENTATION('',(#18093),#18097);
#18093 = LINE('',#18094,#18095);
#18094 = CARTESIAN_POINT('',(0.2,0.));
#18095 = VECTOR('',#18096,1.);
#18096 = DIRECTION('',(0.,-1.));
#18097 = ( GEOMETRIC_REPRESENTATION_CONTEXT(2) 
PARAMETRIC_REPRESENTATION_CONTEXT() REPRESENTATION_CONTEXT('2D SPACE',''
  ) );
#18098 = PCURVE('',#18099,#18104);
#18099 = CYLINDRICAL_SURFACE('',#18100,0.2);
#18100 = AXIS2_PLACEMENT_3D('',#18101,#18102,#18103);
#18101 = CARTESIAN_POINT('',(4.4,18.4,14.4));
#18102 = DIRECTION('',(1.,1.110223024625E-16,0.));
#18103 = DIRECTION('',(0.,0.,-1.));
#18104 = DEFINITIONAL_REPRESENTATION('',(#18105),#18109);
#18105 = LINE('',#18106,#18107);
#18106 = CARTESIAN_POINT('',(-1.570796326795,0.));
#18107 = VECTOR('',#18108,1.);
#18108 = DIRECTION('',(-0.,1.));
#18109 = ( GEOMETRIC_REPRESENTATION_CONTEXT(2) 
PARAMETRIC_REPRESENTATION_CONTEXT() REPRESENTATION_CONTEXT('2D SPACE',''
  ) );
#18110 = ORIENTED_EDGE('',*,*,#18111,.T.);
#18111 = EDGE_CURVE('',#18084,#17541,#18112,.T.);
#18112 = SURFACE_CURVE('',#18113,(#18117,#18124),.PCURVE_S1.);
#18113 = LINE('',#18114,#18115);
#18114 = CARTESIAN_POINT('',(7.6,18.2,14.2));
#18115 = VECTOR('',#18116,1.);
#18116 = DIRECTION('',(0.,0.,1.));
#18117 = PCURVE('',#17590,#18118);
#18118 = DEFINITIONAL_REPRESENTATION('',(#18119),#18123);
#18119 = LINE('',#18120,#18121);
#18120 = CARTESIAN_POINT('',(0.,-3.2));
#18121 = VECTOR('',#18122,1.);
#18122 = DIRECTION('',(1.,0.));
#18123 = ( GEOMETRIC_REPRESENTATION_CONTEXT(2) 
PARAMETRIC_REPRESENTATION_CONTEXT() REPRESENTATION_CONTEXT('2D SPACE',''
  ) );
#18124 = PCURVE('',#17655,#18125);
#18125 = DEFINITIONAL_REPRESENTATION('',(#18126),#18130);
#18126 = LINE('',#18127,#18128);
#18127 = CARTESIAN_POINT('',(2.,2.));
#18128 = VECTOR('',#18129,1.);
#18129 = DIRECTION('',(1.,0.));
#18130 = ( GEOMETRIC_REPRESENTATION_CONTEXT(2) 
PARAMETRIC_REPRESENTATION_CONTEXT() REPRESENTATION_CONTEXT('2D SPACE',''
  ) );
#18131 = ORIENTED_EDGE('',*,*,#17574,.T.);
#18132 = ADVANCED_FACE('',(#18133),#17655,.T.);
#18133 = FACE_BOUND('',#18134,.T.);
#18134 = EDGE_LOOP('',(#18135,#18158,#18187,#18215,#18243,#18271,#18299,
    #18327,#18353,#18354));
#18135 = ORIENTED_EDGE('',*,*,#18136,.F.);
#18136 = EDGE_CURVE('',#18137,#17640,#18139,.T.);
#18137 = VERTEX_POINT('',#18138);
#18138 = CARTESIAN_POINT('',(7.6,13.8,14.4));
#18139 = SURFACE_CURVE('',#18140,(#18144,#18151),.PCURVE_S1.);
#18140 = LINE('',#18141,#18142);
#18141 = CARTESIAN_POINT('',(7.6,13.8,14.2));
#18142 = VECTOR('',#18143,1.);
#18143 = DIRECTION('',(0.,0.,1.));
#18144 = PCURVE('',#17655,#18145);
#18145 = DEFINITIONAL_REPRESENTATION('',(#18146),#18150);
#18146 = LINE('',#18147,#18148);
#18147 = CARTESIAN_POINT('',(2.,6.4));
#18148 = VECTOR('',#18149,1.);
#18149 = DIRECTION('',(1.,0.));
#18150 = ( GEOMETRIC_REPRESENTATION_CONTEXT(2) 
PARAMETRIC_REPRESENTATION_CONTEXT() REPRESENTATION_CONTEXT('2D SPACE',''
  ) );
#18151 = PCURVE('',#17783,#18152);
#18152 = DEFINITIONAL_REPRESENTATION('',(#18153),#18157);
#18153 = LINE('',#18154,#18155);
#18154 = CARTESIAN_POINT('',(0.,-3.2));
#18155 = VECTOR('',#18156,1.);
#18156 = DIRECTION('',(1.,0.));
#18157 = ( GEOMETRIC_REPRESENTATION_CONTEXT(2) 
PARAMETRIC_REPRESENTATION_CONTEXT() REPRESENTATION_CONTEXT('2D SPACE',''
  ) );
#18158 = ORIENTED_EDGE('',*,*,#18159,.F.);
#18159 = EDGE_CURVE('',#18160,#18137,#18162,.T.);
#18160 = VERTEX_POINT('',#18161);
#18161 = CARTESIAN_POINT('',(7.6,13.6,14.2));
#18162 = SURFACE_CURVE('',#18163,(#18168,#18175),.PCURVE_S1.);
#18163 = CIRCLE('',#18164,0.2);
#18164 = AXIS2_PLACEMENT_3D('',#18165,#18166,#18167);
#18165 = CARTESIAN_POINT('',(7.6,13.6,14.4));
#18166 = DIRECTION('',(1.,1.110223024625E-16,-0.));
#18167 = DIRECTION('',(0.,0.,1.));
#18168 = PCURVE('',#17655,#18169);
#18169 = DEFINITIONAL_REPRESENTATION('',(#18170),#18174);
#18170 = CIRCLE('',#18171,0.2);
#18171 = AXIS2_PLACEMENT_2D('',#18172,#18173);
#18172 = CARTESIAN_POINT('',(2.2,6.6));
#18173 = DIRECTION('',(1.,0.));
#18174 = ( GEOMETRIC_REPRESENTATION_CONTEXT(2) 
PARAMETRIC_REPRESENTATION_CONTEXT() REPRESENTATION_CONTEXT('2D SPACE',''
  ) );
#18175 = PCURVE('',#18176,#18181);
#18176 = CYLINDRICAL_SURFACE('',#18177,0.2);
#18177 = AXIS2_PLACEMENT_3D('',#18178,#18179,#18180);
#18178 = CARTESIAN_POINT('',(4.4,13.6,14.4));
#18179 = DIRECTION('',(1.,1.110223024625E-16,0.));
#18180 = DIRECTION('',(0.,0.,-1.));
#18181 = DEFINITIONAL_REPRESENTATION('',(#18182),#18186);
#18182 = LINE('',#18183,#18184);
#18183 = CARTESIAN_POINT('',(-3.14159265359,3.2));
#18184 = VECTOR('',#18185,1.);
#18185 = DIRECTION('',(1.,0.));
#18186 = ( GEOMETRIC_REPRESENTATION_CONTEXT(2) 
PARAMETRIC_REPRESENTATION_CONTEXT() REPRESENTATION_CONTEXT('2D SPACE',''
  ) );
#18187 = ORIENTED_EDGE('',*,*,#18188,.T.);
#18188 = EDGE_CURVE('',#18160,#18189,#18191,.T.);
#18189 = VERTEX_POINT('',#18190);
#18190 = CARTESIAN_POINT('',(7.6,11.8,14.2));
#18191 = SURFACE_CURVE('',#18192,(#18196,#18203),.PCURVE_S1.);
#18192 = LINE('',#18193,#18194);
#18193 = CARTESIAN_POINT('',(7.6,20.2,14.2));
#18194 = VECTOR('',#18195,1.);
#18195 = DIRECTION('',(1.110223024625E-16,-1.,0.));
#18196 = PCURVE('',#17655,#18197);
#18197 = DEFINITIONAL_REPRESENTATION('',(#18198),#18202);
#18198 = LINE('',#18199,#18200);
#18199 = CARTESIAN_POINT('',(2.,0.));
#18200 = VECTOR('',#18201,1.);
#18201 = DIRECTION('',(0.,1.));
#18202 = ( GEOMETRIC_REPRESENTATION_CONTEXT(2) 
PARAMETRIC_REPRESENTATION_CONTEXT() REPRESENTATION_CONTEXT('2D SPACE',''
  ) );
#18203 = PCURVE('',#18204,#18209);
#18204 = PLANE('',#18205);
#18205 = AXIS2_PLACEMENT_3D('',#18206,#18207,#18208);
#18206 = CARTESIAN_POINT('',(4.4,20.2,14.2));
#18207 = DIRECTION('',(0.,0.,1.));
#18208 = DIRECTION('',(1.110223024625E-16,-1.,0.));
#18209 = DEFINITIONAL_REPRESENTATION('',(#18210),#18214);
#18210 = LINE('',#18211,#18212);
#18211 = CARTESIAN_POINT('',(3.552713678801E-16,3.2));
#18212 = VECTOR('',#18213,1.);
#18213 = DIRECTION('',(1.,0.));
#18214 = ( GEOMETRIC_REPRESENTATION_CONTEXT(2) 
PARAMETRIC_REPRESENTATION_CONTEXT() REPRESENTATION_CONTEXT('2D SPACE',''
  ) );
#18215 = ORIENTED_EDGE('',*,*,#18216,.F.);
#18216 = EDGE_CURVE('',#18217,#18189,#18219,.T.);
#18217 = VERTEX_POINT('',#18218);
#18218 = CARTESIAN_POINT('',(7.6,11.8,12.2));
#18219 = SURFACE_CURVE('',#18220,(#18224,#18231),.PCURVE_S1.);
#18220 = LINE('',#18221,#18222);
#18221 = CARTESIAN_POINT('',(7.6,11.8,12.2));
#18222 = VECTOR('',#18223,1.);
#18223 = DIRECTION('',(0.,0.,1.));
#18224 = PCURVE('',#17655,#18225);
#18225 = DEFINITIONAL_REPRESENTATION('',(#18226),#18230);
#18226 = LINE('',#18227,#18228);
#18227 = CARTESIAN_POINT('',(0.,8.4));
#18228 = VECTOR('',#18229,1.);
#18229 = DIRECTION('',(1.,0.));
#18230 = ( GEOMETRIC_REPRESENTATION_CONTEXT(2) 
PARAMETRIC_REPRESENTATION_CONTEXT() REPRESENTATION_CONTEXT('2D SPACE',''
  ) );
#18231 = PCURVE('',#18232,#18237);
#18232 = PLANE('',#18233);
#18233 = AXIS2_PLACEMENT_3D('',#18234,#18235,#18236);
#18234 = CARTESIAN_POINT('',(4.4,11.8,12.2));
#18235 = DIRECTION('',(1.110223024625E-16,-1.,0.));
#18236 = DIRECTION('',(0.,0.,1.));
#18237 = DEFINITIONAL_REPRESENTATION('',(#18238),#18242);
#18238 = LINE('',#18239,#18240);
#18239 = CARTESIAN_POINT('',(0.,-3.2));
#18240 = VECTOR('',#18241,1.);
#18241 = DIRECTION('',(1.,0.));
#18242 = ( GEOMETRIC_REPRESENTATION_CONTEXT(2) 
PARAMETRIC_REPRESENTATION_CONTEXT() REPRESENTATION_CONTEXT('2D SPACE',''
  ) );
#18243 = ORIENTED_EDGE('',*,*,#18244,.F.);
#18244 = EDGE_CURVE('',#18245,#18217,#18247,.T.);
#18245 = VERTEX_POINT('',#18246);
#18246 = CARTESIAN_POINT('',(7.6,20.2,12.2));
#18247 = SURFACE_CURVE('',#18248,(#18252,#18259),.PCURVE_S1.);
#18248 = LINE('',#18249,#18250);
#18249 = CARTESIAN_POINT('',(7.6,20.2,12.2));
#18250 = VECTOR('',#18251,1.);
#18251 = DIRECTION('',(1.110223024625E-16,-1.,0.));
#18252 = PCURVE('',#17655,#18253);
#18253 = DEFINITIONAL_REPRESENTATION('',(#18254),#18258);
#18254 = LINE('',#18255,#18256);
#18255 = CARTESIAN_POINT('',(0.,0.));
#18256 = VECTOR('',#18257,1.);
#18257 = DIRECTION('',(0.,1.));
#18258 = ( GEOMETRIC_REPRESENTATION_CONTEXT(2) 
PARAMETRIC_REPRESENTATION_CONTEXT() REPRESENTATION_CONTEXT('2D SPACE',''
  ) );
#18259 = PCURVE('',#18260,#18265);
#18260 = PLANE('',#18261);
#18261 = AXIS2_PLACEMENT_3D('',#18262,#18263,#18264);
#18262 = CARTESIAN_POINT('',(4.4,20.2,12.2));
#18263 = DIRECTION('',(0.,0.,1.));
#18264 = DIRECTION('',(1.110223024625E-16,-1.,0.));
#18265 = DEFINITIONAL_REPRESENTATION('',(#18266),#18270);
#18266 = LINE('',#18267,#18268);
#18267 = CARTESIAN_POINT('',(3.552713678801E-16,3.2));
#18268 = VECTOR('',#18269,1.);
#18269 = DIRECTION('',(1.,0.));
#18270 = ( GEOMETRIC_REPRESENTATION_CONTEXT(2) 
PARAMETRIC_REPRESENTATION_CONTEXT() REPRESENTATION_CONTEXT('2D SPACE',''
  ) );
#18271 = ORIENTED_EDGE('',*,*,#18272,.T.);
#18272 = EDGE_CURVE('',#18245,#18273,#18275,.T.);
#18273 = VERTEX_POINT('',#18274);
#18274 = CARTESIAN_POINT('',(7.6,20.2,14.2));
#18275 = SURFACE_CURVE('',#18276,(#18280,#18287),.PCURVE_S1.);
#18276 = LINE('',#18277,#18278);
#18277 = CARTESIAN_POINT('',(7.6,20.2,12.2));
#18278 = VECTOR('',#18279,1.);
#18279 = DIRECTION('',(0.,0.,1.));
#18280 = PCURVE('',#17655,#18281);
#18281 = DEFINITIONAL_REPRESENTATION('',(#18282),#18286);
#18282 = LINE('',#18283,#18284);
#18283 = CARTESIAN_POINT('',(0.,0.));
#18284 = VECTOR('',#18285,1.);
#18285 = DIRECTION('',(1.,0.));
#18286 = ( GEOMETRIC_REPRESENTATION_CONTEXT(2) 
PARAMETRIC_REPRESENTATION_CONTEXT() REPRESENTATION_CONTEXT('2D SPACE',''
  ) );
#18287 = PCURVE('',#18288,#18293);
#18288 = PLANE('',#18289);
#18289 = AXIS2_PLACEMENT_3D('',#18290,#18291,#18292);
#18290 = CARTESIAN_POINT('',(4.4,20.2,12.2));
#18291 = DIRECTION('',(1.110223024625E-16,-1.,0.));
#18292 = DIRECTION('',(0.,0.,1.));
#18293 = DEFINITIONAL_REPRESENTATION('',(#18294),#18298);
#18294 = LINE('',#18295,#18296);
#18295 = CARTESIAN_POINT('',(0.,-3.2));
#18296 = VECTOR('',#18297,1.);
#18297 = DIRECTION('',(1.,0.));
#18298 = ( GEOMETRIC_REPRESENTATION_CONTEXT(2) 
PARAMETRIC_REPRESENTATION_CONTEXT() REPRESENTATION_CONTEXT('2D SPACE',''
  ) );
#18299 = ORIENTED_EDGE('',*,*,#18300,.T.);
#18300 = EDGE_CURVE('',#18273,#18301,#18303,.T.);
#18301 = VERTEX_POINT('',#18302);
#18302 = CARTESIAN_POINT('',(7.6,18.4,14.2));
#18303 = SURFACE_CURVE('',#18304,(#18308,#18315),.PCURVE_S1.);
#18304 = LINE('',#18305,#18306);
#18305 = CARTESIAN_POINT('',(7.6,20.2,14.2));
#18306 = VECTOR('',#18307,1.);
#18307 = DIRECTION('',(1.110223024625E-16,-1.,0.));
#18308 = PCURVE('',#17655,#18309);
#18309 = DEFINITIONAL_REPRESENTATION('',(#18310),#18314);
#18310 = LINE('',#18311,#18312);
#18311 = CARTESIAN_POINT('',(2.,0.));
#18312 = VECTOR('',#18313,1.);
#18313 = DIRECTION('',(0.,1.));
#18314 = ( GEOMETRIC_REPRESENTATION_CONTEXT(2) 
PARAMETRIC_REPRESENTATION_CONTEXT() REPRESENTATION_CONTEXT('2D SPACE',''
  ) );
#18315 = PCURVE('',#18316,#18321);
#18316 = PLANE('',#18317);
#18317 = AXIS2_PLACEMENT_3D('',#18318,#18319,#18320);
#18318 = CARTESIAN_POINT('',(4.4,20.2,14.2));
#18319 = DIRECTION('',(0.,0.,1.));
#18320 = DIRECTION('',(1.110223024625E-16,-1.,0.));
#18321 = DEFINITIONAL_REPRESENTATION('',(#18322),#18326);
#18322 = LINE('',#18323,#18324);
#18323 = CARTESIAN_POINT('',(3.552713678801E-16,3.2));
#18324 = VECTOR('',#18325,1.);
#18325 = DIRECTION('',(1.,0.));
#18326 = ( GEOMETRIC_REPRESENTATION_CONTEXT(2) 
PARAMETRIC_REPRESENTATION_CONTEXT() REPRESENTATION_CONTEXT('2D SPACE',''
  ) );
#18327 = ORIENTED_EDGE('',*,*,#18328,.T.);
#18328 = EDGE_CURVE('',#18301,#18084,#18329,.T.);
#18329 = SURFACE_CURVE('',#18330,(#18335,#18346),.PCURVE_S1.);
#18330 = CIRCLE('',#18331,0.2);
#18331 = AXIS2_PLACEMENT_3D('',#18332,#18333,#18334);
#18332 = CARTESIAN_POINT('',(7.6,18.4,14.4));
#18333 = DIRECTION('',(-1.,-1.110223024625E-16,0.));
#18334 = DIRECTION('',(0.,0.,1.));
#18335 = PCURVE('',#17655,#18336);
#18336 = DEFINITIONAL_REPRESENTATION('',(#18337),#18345);
#18337 = ( BOUNDED_CURVE() B_SPLINE_CURVE(2,(#18338,#18339,#18340,#18341
    ,#18342,#18343,#18344),.UNSPECIFIED.,.T.,.F.) 
B_SPLINE_CURVE_WITH_KNOTS((1,2,2,2,2,1),(-2.094395102393,0.,
    2.094395102393,4.188790204786,6.28318530718,8.377580409573),
.UNSPECIFIED.) CURVE() GEOMETRIC_REPRESENTATION_ITEM() 
RATIONAL_B_SPLINE_CURVE((1.,0.5,1.,0.5,1.,0.5,1.)) REPRESENTATION_ITEM(
  '') );
#18338 = CARTESIAN_POINT('',(2.4,1.8));
#18339 = CARTESIAN_POINT('',(2.4,1.453589838486));
#18340 = CARTESIAN_POINT('',(2.1,1.626794919243));
#18341 = CARTESIAN_POINT('',(1.8,1.8));
#18342 = CARTESIAN_POINT('',(2.1,1.973205080757));
#18343 = CARTESIAN_POINT('',(2.4,2.146410161514));
#18344 = CARTESIAN_POINT('',(2.4,1.8));
#18345 = ( GEOMETRIC_REPRESENTATION_CONTEXT(2) 
PARAMETRIC_REPRESENTATION_CONTEXT() REPRESENTATION_CONTEXT('2D SPACE',''
  ) );
#18346 = PCURVE('',#18099,#18347);
#18347 = DEFINITIONAL_REPRESENTATION('',(#18348),#18352);
#18348 = LINE('',#18349,#18350);
#18349 = CARTESIAN_POINT('',(3.14159265359,3.2));
#18350 = VECTOR('',#18351,1.);
#18351 = DIRECTION('',(-1.,0.));
#18352 = ( GEOMETRIC_REPRESENTATION_CONTEXT(2) 
PARAMETRIC_REPRESENTATION_CONTEXT() REPRESENTATION_CONTEXT('2D SPACE',''
  ) );
#18353 = ORIENTED_EDGE('',*,*,#18111,.T.);
#18354 = ORIENTED_EDGE('',*,*,#17639,.T.);
#18355 = ADVANCED_FACE('',(#18356),#17720,.F.);
#18356 = FACE_BOUND('',#18357,.F.);
#18357 = EDGE_LOOP('',(#18358,#18381,#18405,#18428,#18451,#18474,#18497,
    #18520,#18546,#18547));
#18358 = ORIENTED_EDGE('',*,*,#18359,.F.);
#18359 = EDGE_CURVE('',#18360,#17705,#18362,.T.);
#18360 = VERTEX_POINT('',#18361);
#18361 = CARTESIAN_POINT('',(4.4,13.8,14.4));
#18362 = SURFACE_CURVE('',#18363,(#18367,#18374),.PCURVE_S1.);
#18363 = LINE('',#18364,#18365);
#18364 = CARTESIAN_POINT('',(4.4,13.8,14.2));
#18365 = VECTOR('',#18366,1.);
#18366 = DIRECTION('',(0.,0.,1.));
#18367 = PCURVE('',#17720,#18368);
#18368 = DEFINITIONAL_REPRESENTATION('',(#18369),#18373);
#18369 = LINE('',#18370,#18371);
#18370 = CARTESIAN_POINT('',(2.,6.4));
#18371 = VECTOR('',#18372,1.);
#18372 = DIRECTION('',(1.,0.));
#18373 = ( GEOMETRIC_REPRESENTATION_CONTEXT(2) 
PARAMETRIC_REPRESENTATION_CONTEXT() REPRESENTATION_CONTEXT('2D SPACE',''
  ) );
#18374 = PCURVE('',#17783,#18375);
#18375 = DEFINITIONAL_REPRESENTATION('',(#18376),#18380);
#18376 = LINE('',#18377,#18378);
#18377 = CARTESIAN_POINT('',(0.,0.));
#18378 = VECTOR('',#18379,1.);
#18379 = DIRECTION('',(1.,0.));
#18380 = ( GEOMETRIC_REPRESENTATION_CONTEXT(2) 
PARAMETRIC_REPRESENTATION_CONTEXT() REPRESENTATION_CONTEXT('2D SPACE',''
  ) );
#18381 = ORIENTED_EDGE('',*,*,#18382,.F.);
#18382 = EDGE_CURVE('',#18383,#18360,#18385,.T.);
#18383 = VERTEX_POINT('',#18384);
#18384 = CARTESIAN_POINT('',(4.4,13.6,14.2));
#18385 = SURFACE_CURVE('',#18386,(#18391,#18398),.PCURVE_S1.);
#18386 = CIRCLE('',#18387,0.2);
#18387 = AXIS2_PLACEMENT_3D('',#18388,#18389,#18390);
#18388 = CARTESIAN_POINT('',(4.4,13.6,14.4));
#18389 = DIRECTION('',(1.,1.110223024625E-16,-0.));
#18390 = DIRECTION('',(0.,0.,1.));
#18391 = PCURVE('',#17720,#18392);
#18392 = DEFINITIONAL_REPRESENTATION('',(#18393),#18397);
#18393 = CIRCLE('',#18394,0.2);
#18394 = AXIS2_PLACEMENT_2D('',#18395,#18396);
#18395 = CARTESIAN_POINT('',(2.2,6.6));
#18396 = DIRECTION('',(1.,0.));
#18397 = ( GEOMETRIC_REPRESENTATION_CONTEXT(2) 
PARAMETRIC_REPRESENTATION_CONTEXT() REPRESENTATION_CONTEXT('2D SPACE',''
  ) );
#18398 = PCURVE('',#18176,#18399);
#18399 = DEFINITIONAL_REPRESENTATION('',(#18400),#18404);
#18400 = LINE('',#18401,#18402);
#18401 = CARTESIAN_POINT('',(-3.14159265359,0.));
#18402 = VECTOR('',#18403,1.);
#18403 = DIRECTION('',(1.,0.));
#18404 = ( GEOMETRIC_REPRESENTATION_CONTEXT(2) 
PARAMETRIC_REPRESENTATION_CONTEXT() REPRESENTATION_CONTEXT('2D SPACE',''
  ) );
#18405 = ORIENTED_EDGE('',*,*,#18406,.T.);
#18406 = EDGE_CURVE('',#18383,#18407,#18409,.T.);
#18407 = VERTEX_POINT('',#18408);
#18408 = CARTESIAN_POINT('',(4.4,11.8,14.2));
#18409 = SURFACE_CURVE('',#18410,(#18414,#18421),.PCURVE_S1.);
#18410 = LINE('',#18411,#18412);
#18411 = CARTESIAN_POINT('',(4.4,20.2,14.2));
#18412 = VECTOR('',#18413,1.);
#18413 = DIRECTION('',(1.110223024625E-16,-1.,0.));
#18414 = PCURVE('',#17720,#18415);
#18415 = DEFINITIONAL_REPRESENTATION('',(#18416),#18420);
#18416 = LINE('',#18417,#18418);
#18417 = CARTESIAN_POINT('',(2.,0.));
#18418 = VECTOR('',#18419,1.);
#18419 = DIRECTION('',(0.,1.));
#18420 = ( GEOMETRIC_REPRESENTATION_CONTEXT(2) 
PARAMETRIC_REPRESENTATION_CONTEXT() REPRESENTATION_CONTEXT('2D SPACE',''
  ) );
#18421 = PCURVE('',#18204,#18422);
#18422 = DEFINITIONAL_REPRESENTATION('',(#18423),#18427);
#18423 = LINE('',#18424,#18425);
#18424 = CARTESIAN_POINT('',(0.,0.));
#18425 = VECTOR('',#18426,1.);
#18426 = DIRECTION('',(1.,0.));
#18427 = ( GEOMETRIC_REPRESENTATION_CONTEXT(2) 
PARAMETRIC_REPRESENTATION_CONTEXT() REPRESENTATION_CONTEXT('2D SPACE',''
  ) );
#18428 = ORIENTED_EDGE('',*,*,#18429,.F.);
#18429 = EDGE_CURVE('',#18430,#18407,#18432,.T.);
#18430 = VERTEX_POINT('',#18431);
#18431 = CARTESIAN_POINT('',(4.4,11.8,12.2));
#18432 = SURFACE_CURVE('',#18433,(#18437,#18444),.PCURVE_S1.);
#18433 = LINE('',#18434,#18435);
#18434 = CARTESIAN_POINT('',(4.4,11.8,12.2));
#18435 = VECTOR('',#18436,1.);
#18436 = DIRECTION('',(0.,0.,1.));
#18437 = PCURVE('',#17720,#18438);
#18438 = DEFINITIONAL_REPRESENTATION('',(#18439),#18443);
#18439 = LINE('',#18440,#18441);
#18440 = CARTESIAN_POINT('',(0.,8.4));
#18441 = VECTOR('',#18442,1.);
#18442 = DIRECTION('',(1.,0.));
#18443 = ( GEOMETRIC_REPRESENTATION_CONTEXT(2) 
PARAMETRIC_REPRESENTATION_CONTEXT() REPRESENTATION_CONTEXT('2D SPACE',''
  ) );
#18444 = PCURVE('',#18232,#18445);
#18445 = DEFINITIONAL_REPRESENTATION('',(#18446),#18450);
#18446 = LINE('',#18447,#18448);
#18447 = CARTESIAN_POINT('',(0.,0.));
#18448 = VECTOR('',#18449,1.);
#18449 = DIRECTION('',(1.,0.));
#18450 = ( GEOMETRIC_REPRESENTATION_CONTEXT(2) 
PARAMETRIC_REPRESENTATION_CONTEXT() REPRESENTATION_CONTEXT('2D SPACE',''
  ) );
#18451 = ORIENTED_EDGE('',*,*,#18452,.F.);
#18452 = EDGE_CURVE('',#18453,#18430,#18455,.T.);
#18453 = VERTEX_POINT('',#18454);
#18454 = CARTESIAN_POINT('',(4.4,20.2,12.2));
#18455 = SURFACE_CURVE('',#18456,(#18460,#18467),.PCURVE_S1.);
#18456 = LINE('',#18457,#18458);
#18457 = CARTESIAN_POINT('',(4.4,20.2,12.2));
#18458 = VECTOR('',#18459,1.);
#18459 = DIRECTION('',(1.110223024625E-16,-1.,0.));
#18460 = PCURVE('',#17720,#18461);
#18461 = DEFINITIONAL_REPRESENTATION('',(#18462),#18466);
#18462 = LINE('',#18463,#18464);
#18463 = CARTESIAN_POINT('',(0.,0.));
#18464 = VECTOR('',#18465,1.);
#18465 = DIRECTION('',(0.,1.));
#18466 = ( GEOMETRIC_REPRESENTATION_CONTEXT(2) 
PARAMETRIC_REPRESENTATION_CONTEXT() REPRESENTATION_CONTEXT('2D SPACE',''
  ) );
#18467 = PCURVE('',#18260,#18468);
#18468 = DEFINITIONAL_REPRESENTATION('',(#18469),#18473);
#18469 = LINE('',#18470,#18471);
#18470 = CARTESIAN_POINT('',(0.,0.));
#18471 = VECTOR('',#18472,1.);
#18472 = DIRECTION('',(1.,0.));
#18473 = ( GEOMETRIC_REPRESENTATION_CONTEXT(2) 
PARAMETRIC_REPRESENTATION_CONTEXT() REPRESENTATION_CONTEXT('2D SPACE',''
  ) );
#18474 = ORIENTED_EDGE('',*,*,#18475,.T.);
#18475 = EDGE_CURVE('',#18453,#18476,#18478,.T.);
#18476 = VERTEX_POINT('',#18477);
#18477 = CARTESIAN_POINT('',(4.4,20.2,14.2));
#18478 = SURFACE_CURVE('',#18479,(#18483,#18490),.PCURVE_S1.);
#18479 = LINE('',#18480,#18481);
#18480 = CARTESIAN_POINT('',(4.4,20.2,12.2));
#18481 = VECTOR('',#18482,1.);
#18482 = DIRECTION('',(0.,0.,1.));
#18483 = PCURVE('',#17720,#18484);
#18484 = DEFINITIONAL_REPRESENTATION('',(#18485),#18489);
#18485 = LINE('',#18486,#18487);
#18486 = CARTESIAN_POINT('',(0.,0.));
#18487 = VECTOR('',#18488,1.);
#18488 = DIRECTION('',(1.,0.));
#18489 = ( GEOMETRIC_REPRESENTATION_CONTEXT(2) 
PARAMETRIC_REPRESENTATION_CONTEXT() REPRESENTATION_CONTEXT('2D SPACE',''
  ) );
#18490 = PCURVE('',#18288,#18491);
#18491 = DEFINITIONAL_REPRESENTATION('',(#18492),#18496);
#18492 = LINE('',#18493,#18494);
#18493 = CARTESIAN_POINT('',(0.,0.));
#18494 = VECTOR('',#18495,1.);
#18495 = DIRECTION('',(1.,0.));
#18496 = ( GEOMETRIC_REPRESENTATION_CONTEXT(2) 
PARAMETRIC_REPRESENTATION_CONTEXT() REPRESENTATION_CONTEXT('2D SPACE',''
  ) );
#18497 = ORIENTED_EDGE('',*,*,#18498,.T.);
#18498 = EDGE_CURVE('',#18476,#18499,#18501,.T.);
#18499 = VERTEX_POINT('',#18500);
#18500 = CARTESIAN_POINT('',(4.4,18.4,14.2));
#18501 = SURFACE_CURVE('',#18502,(#18506,#18513),.PCURVE_S1.);
#18502 = LINE('',#18503,#18504);
#18503 = CARTESIAN_POINT('',(4.4,20.2,14.2));
#18504 = VECTOR('',#18505,1.);
#18505 = DIRECTION('',(1.110223024625E-16,-1.,0.));
#18506 = PCURVE('',#17720,#18507);
#18507 = DEFINITIONAL_REPRESENTATION('',(#18508),#18512);
#18508 = LINE('',#18509,#18510);
#18509 = CARTESIAN_POINT('',(2.,0.));
#18510 = VECTOR('',#18511,1.);
#18511 = DIRECTION('',(0.,1.));
#18512 = ( GEOMETRIC_REPRESENTATION_CONTEXT(2) 
PARAMETRIC_REPRESENTATION_CONTEXT() REPRESENTATION_CONTEXT('2D SPACE',''
  ) );
#18513 = PCURVE('',#18316,#18514);
#18514 = DEFINITIONAL_REPRESENTATION('',(#18515),#18519);
#18515 = LINE('',#18516,#18517);
#18516 = CARTESIAN_POINT('',(0.,0.));
#18517 = VECTOR('',#18518,1.);
#18518 = DIRECTION('',(1.,0.));
#18519 = ( GEOMETRIC_REPRESENTATION_CONTEXT(2) 
PARAMETRIC_REPRESENTATION_CONTEXT() REPRESENTATION_CONTEXT('2D SPACE',''
  ) );
#18520 = ORIENTED_EDGE('',*,*,#18521,.T.);
#18521 = EDGE_CURVE('',#18499,#18061,#18522,.T.);
#18522 = SURFACE_CURVE('',#18523,(#18528,#18539),.PCURVE_S1.);
#18523 = CIRCLE('',#18524,0.2);
#18524 = AXIS2_PLACEMENT_3D('',#18525,#18526,#18527);
#18525 = CARTESIAN_POINT('',(4.4,18.4,14.4));
#18526 = DIRECTION('',(-1.,-1.110223024625E-16,0.));
#18527 = DIRECTION('',(0.,0.,1.));
#18528 = PCURVE('',#17720,#18529);
#18529 = DEFINITIONAL_REPRESENTATION('',(#18530),#18538);
#18530 = ( BOUNDED_CURVE() B_SPLINE_CURVE(2,(#18531,#18532,#18533,#18534
    ,#18535,#18536,#18537),.UNSPECIFIED.,.T.,.F.) 
B_SPLINE_CURVE_WITH_KNOTS((1,2,2,2,2,1),(-2.094395102393,0.,
    2.094395102393,4.188790204786,6.28318530718,8.377580409573),
.UNSPECIFIED.) CURVE() GEOMETRIC_REPRESENTATION_ITEM() 
RATIONAL_B_SPLINE_CURVE((1.,0.5,1.,0.5,1.,0.5,1.)) REPRESENTATION_ITEM(
  '') );
#18531 = CARTESIAN_POINT('',(2.4,1.8));
#18532 = CARTESIAN_POINT('',(2.4,1.453589838486));
#18533 = CARTESIAN_POINT('',(2.1,1.626794919243));
#18534 = CARTESIAN_POINT('',(1.8,1.8));
#18535 = CARTESIAN_POINT('',(2.1,1.973205080757));
#18536 = CARTESIAN_POINT('',(2.4,2.146410161514));
#18537 = CARTESIAN_POINT('',(2.4,1.8));
#18538 = ( GEOMETRIC_REPRESENTATION_CONTEXT(2) 
PARAMETRIC_REPRESENTATION_CONTEXT() REPRESENTATION_CONTEXT('2D SPACE',''
  ) );
#18539 = PCURVE('',#18099,#18540);
#18540 = DEFINITIONAL_REPRESENTATION('',(#18541),#18545);
#18541 = LINE('',#18542,#18543);
#18542 = CARTESIAN_POINT('',(3.14159265359,-0.));
#18543 = VECTOR('',#18544,1.);
#18544 = DIRECTION('',(-1.,0.));
#18545 = ( GEOMETRIC_REPRESENTATION_CONTEXT(2) 
PARAMETRIC_REPRESENTATION_CONTEXT() REPRESENTATION_CONTEXT('2D SPACE',''
  ) );
#18546 = ORIENTED_EDGE('',*,*,#18060,.T.);
#18547 = ORIENTED_EDGE('',*,*,#17704,.T.);
#18548 = ADVANCED_FACE('',(#18549),#17783,.T.);
#18549 = FACE_BOUND('',#18550,.T.);
#18550 = EDGE_LOOP('',(#18551,#18552,#18573,#18574));
#18551 = ORIENTED_EDGE('',*,*,#18359,.F.);
#18552 = ORIENTED_EDGE('',*,*,#18553,.T.);
#18553 = EDGE_CURVE('',#18360,#18137,#18554,.T.);
#18554 = SURFACE_CURVE('',#18555,(#18559,#18566),.PCURVE_S1.);
#18555 = LINE('',#18556,#18557);
#18556 = CARTESIAN_POINT('',(4.4,13.8,14.4));
#18557 = VECTOR('',#18558,1.);
#18558 = DIRECTION('',(1.,1.110223024625E-16,0.));
#18559 = PCURVE('',#17783,#18560);
#18560 = DEFINITIONAL_REPRESENTATION('',(#18561),#18565);
#18561 = LINE('',#18562,#18563);
#18562 = CARTESIAN_POINT('',(0.2,0.));
#18563 = VECTOR('',#18564,1.);
#18564 = DIRECTION('',(0.,-1.));
#18565 = ( GEOMETRIC_REPRESENTATION_CONTEXT(2) 
PARAMETRIC_REPRESENTATION_CONTEXT() REPRESENTATION_CONTEXT('2D SPACE',''
  ) );
#18566 = PCURVE('',#18176,#18567);
#18567 = DEFINITIONAL_REPRESENTATION('',(#18568),#18572);
#18568 = LINE('',#18569,#18570);
#18569 = CARTESIAN_POINT('',(1.570796326795,0.));
#18570 = VECTOR('',#18571,1.);
#18571 = DIRECTION('',(0.,1.));
#18572 = ( GEOMETRIC_REPRESENTATION_CONTEXT(2) 
PARAMETRIC_REPRESENTATION_CONTEXT() REPRESENTATION_CONTEXT('2D SPACE',''
  ) );
#18573 = ORIENTED_EDGE('',*,*,#18136,.T.);
#18574 = ORIENTED_EDGE('',*,*,#17769,.T.);
#18575 = ADVANCED_FACE('',(#18576),#17850,.F.);
#18576 = FACE_BOUND('',#18577,.F.);
#18577 = EDGE_LOOP('',(#18578,#18601,#18629,#18650));
#18578 = ORIENTED_EDGE('',*,*,#18579,.F.);
#18579 = EDGE_CURVE('',#18580,#17835,#18582,.T.);
#18580 = VERTEX_POINT('',#18581);
#18581 = CARTESIAN_POINT('',(4.4,56.9,14.4));
#18582 = SURFACE_CURVE('',#18583,(#18587,#18594),.PCURVE_S1.);
#18583 = LINE('',#18584,#18585);
#18584 = CARTESIAN_POINT('',(4.4,56.9,14.2));
#18585 = VECTOR('',#18586,1.);
#18586 = DIRECTION('',(0.,0.,1.));
#18587 = PCURVE('',#17850,#18588);
#18588 = DEFINITIONAL_REPRESENTATION('',(#18589),#18593);
#18589 = LINE('',#18590,#18591);
#18590 = CARTESIAN_POINT('',(0.,0.));
#18591 = VECTOR('',#18592,1.);
#18592 = DIRECTION('',(1.,0.));
#18593 = ( GEOMETRIC_REPRESENTATION_CONTEXT(2) 
PARAMETRIC_REPRESENTATION_CONTEXT() REPRESENTATION_CONTEXT('2D SPACE',''
  ) );
#18594 = PCURVE('',#17980,#18595);
#18595 = DEFINITIONAL_REPRESENTATION('',(#18596),#18600);
#18596 = LINE('',#18597,#18598);
#18597 = CARTESIAN_POINT('',(2.,2.));
#18598 = VECTOR('',#18599,1.);
#18599 = DIRECTION('',(1.,0.));
#18600 = ( GEOMETRIC_REPRESENTATION_CONTEXT(2) 
PARAMETRIC_REPRESENTATION_CONTEXT() REPRESENTATION_CONTEXT('2D SPACE',''
  ) );
#18601 = ORIENTED_EDGE('',*,*,#18602,.T.);
#18602 = EDGE_CURVE('',#18580,#18603,#18605,.T.);
#18603 = VERTEX_POINT('',#18604);
#18604 = CARTESIAN_POINT('',(7.6,56.9,14.4));
#18605 = SURFACE_CURVE('',#18606,(#18610,#18617),.PCURVE_S1.);
#18606 = LINE('',#18607,#18608);
#18607 = CARTESIAN_POINT('',(4.4,56.9,14.4));
#18608 = VECTOR('',#18609,1.);
#18609 = DIRECTION('',(1.,1.110223024625E-16,0.));
#18610 = PCURVE('',#17850,#18611);
#18611 = DEFINITIONAL_REPRESENTATION('',(#18612),#18616);
#18612 = LINE('',#18613,#18614);
#18613 = CARTESIAN_POINT('',(0.2,0.));
#18614 = VECTOR('',#18615,1.);
#18615 = DIRECTION('',(0.,-1.));
#18616 = ( GEOMETRIC_REPRESENTATION_CONTEXT(2) 
PARAMETRIC_REPRESENTATION_CONTEXT() REPRESENTATION_CONTEXT('2D SPACE',''
  ) );
#18617 = PCURVE('',#18618,#18623);
#18618 = CYLINDRICAL_SURFACE('',#18619,0.2);
#18619 = AXIS2_PLACEMENT_3D('',#18620,#18621,#18622);
#18620 = CARTESIAN_POINT('',(4.4,57.1,14.4));
#18621 = DIRECTION('',(1.,1.110223024625E-16,0.));
#18622 = DIRECTION('',(0.,0.,-1.));
#18623 = DEFINITIONAL_REPRESENTATION('',(#18624),#18628);
#18624 = LINE('',#18625,#18626);
#18625 = CARTESIAN_POINT('',(-1.570796326795,0.));
#18626 = VECTOR('',#18627,1.);
#18627 = DIRECTION('',(-0.,1.));
#18628 = ( GEOMETRIC_REPRESENTATION_CONTEXT(2) 
PARAMETRIC_REPRESENTATION_CONTEXT() REPRESENTATION_CONTEXT('2D SPACE',''
  ) );
#18629 = ORIENTED_EDGE('',*,*,#18630,.T.);
#18630 = EDGE_CURVE('',#18603,#17801,#18631,.T.);
#18631 = SURFACE_CURVE('',#18632,(#18636,#18643),.PCURVE_S1.);
#18632 = LINE('',#18633,#18634);
#18633 = CARTESIAN_POINT('',(7.6,56.9,14.2));
#18634 = VECTOR('',#18635,1.);
#18635 = DIRECTION('',(0.,0.,1.));
#18636 = PCURVE('',#17850,#18637);
#18637 = DEFINITIONAL_REPRESENTATION('',(#18638),#18642);
#18638 = LINE('',#18639,#18640);
#18639 = CARTESIAN_POINT('',(0.,-3.2));
#18640 = VECTOR('',#18641,1.);
#18641 = DIRECTION('',(1.,0.));
#18642 = ( GEOMETRIC_REPRESENTATION_CONTEXT(2) 
PARAMETRIC_REPRESENTATION_CONTEXT() REPRESENTATION_CONTEXT('2D SPACE',''
  ) );
#18643 = PCURVE('',#17915,#18644);
#18644 = DEFINITIONAL_REPRESENTATION('',(#18645),#18649);
#18645 = LINE('',#18646,#18647);
#18646 = CARTESIAN_POINT('',(2.,2.));
#18647 = VECTOR('',#18648,1.);
#18648 = DIRECTION('',(1.,0.));
#18649 = ( GEOMETRIC_REPRESENTATION_CONTEXT(2) 
PARAMETRIC_REPRESENTATION_CONTEXT() REPRESENTATION_CONTEXT('2D SPACE',''
  ) );
#18650 = ORIENTED_EDGE('',*,*,#17834,.T.);
#18651 = ADVANCED_FACE('',(#18652),#17915,.T.);
#18652 = FACE_BOUND('',#18653,.T.);
#18653 = EDGE_LOOP('',(#18654,#18677,#18706,#18734,#18762,#18790,#18818,
    #18846,#18872,#18873));
#18654 = ORIENTED_EDGE('',*,*,#18655,.F.);
#18655 = EDGE_CURVE('',#18656,#17900,#18658,.T.);
#18656 = VERTEX_POINT('',#18657);
#18657 = CARTESIAN_POINT('',(7.6,52.5,14.4));
#18658 = SURFACE_CURVE('',#18659,(#18663,#18670),.PCURVE_S1.);
#18659 = LINE('',#18660,#18661);
#18660 = CARTESIAN_POINT('',(7.6,52.5,14.2));
#18661 = VECTOR('',#18662,1.);
#18662 = DIRECTION('',(0.,0.,1.));
#18663 = PCURVE('',#17915,#18664);
#18664 = DEFINITIONAL_REPRESENTATION('',(#18665),#18669);
#18665 = LINE('',#18666,#18667);
#18666 = CARTESIAN_POINT('',(2.,6.4));
#18667 = VECTOR('',#18668,1.);
#18668 = DIRECTION('',(1.,0.));
#18669 = ( GEOMETRIC_REPRESENTATION_CONTEXT(2) 
PARAMETRIC_REPRESENTATION_CONTEXT() REPRESENTATION_CONTEXT('2D SPACE',''
  ) );
#18670 = PCURVE('',#18043,#18671);
#18671 = DEFINITIONAL_REPRESENTATION('',(#18672),#18676);
#18672 = LINE('',#18673,#18674);
#18673 = CARTESIAN_POINT('',(0.,-3.2));
#18674 = VECTOR('',#18675,1.);
#18675 = DIRECTION('',(1.,0.));
#18676 = ( GEOMETRIC_REPRESENTATION_CONTEXT(2) 
PARAMETRIC_REPRESENTATION_CONTEXT() REPRESENTATION_CONTEXT('2D SPACE',''
  ) );
#18677 = ORIENTED_EDGE('',*,*,#18678,.F.);
#18678 = EDGE_CURVE('',#18679,#18656,#18681,.T.);
#18679 = VERTEX_POINT('',#18680);
#18680 = CARTESIAN_POINT('',(7.6,52.3,14.2));
#18681 = SURFACE_CURVE('',#18682,(#18687,#18694),.PCURVE_S1.);
#18682 = CIRCLE('',#18683,0.2);
#18683 = AXIS2_PLACEMENT_3D('',#18684,#18685,#18686);
#18684 = CARTESIAN_POINT('',(7.6,52.3,14.4));
#18685 = DIRECTION('',(1.,1.110223024625E-16,-0.));
#18686 = DIRECTION('',(0.,0.,1.));
#18687 = PCURVE('',#17915,#18688);
#18688 = DEFINITIONAL_REPRESENTATION('',(#18689),#18693);
#18689 = CIRCLE('',#18690,0.2);
#18690 = AXIS2_PLACEMENT_2D('',#18691,#18692);
#18691 = CARTESIAN_POINT('',(2.2,6.6));
#18692 = DIRECTION('',(1.,0.));
#18693 = ( GEOMETRIC_REPRESENTATION_CONTEXT(2) 
PARAMETRIC_REPRESENTATION_CONTEXT() REPRESENTATION_CONTEXT('2D SPACE',''
  ) );
#18694 = PCURVE('',#18695,#18700);
#18695 = CYLINDRICAL_SURFACE('',#18696,0.2);
#18696 = AXIS2_PLACEMENT_3D('',#18697,#18698,#18699);
#18697 = CARTESIAN_POINT('',(4.4,52.3,14.4));
#18698 = DIRECTION('',(1.,1.110223024625E-16,0.));
#18699 = DIRECTION('',(0.,0.,-1.));
#18700 = DEFINITIONAL_REPRESENTATION('',(#18701),#18705);
#18701 = LINE('',#18702,#18703);
#18702 = CARTESIAN_POINT('',(-3.14159265359,3.2));
#18703 = VECTOR('',#18704,1.);
#18704 = DIRECTION('',(1.,0.));
#18705 = ( GEOMETRIC_REPRESENTATION_CONTEXT(2) 
PARAMETRIC_REPRESENTATION_CONTEXT() REPRESENTATION_CONTEXT('2D SPACE',''
  ) );
#18706 = ORIENTED_EDGE('',*,*,#18707,.T.);
#18707 = EDGE_CURVE('',#18679,#18708,#18710,.T.);
#18708 = VERTEX_POINT('',#18709);
#18709 = CARTESIAN_POINT('',(7.6,50.5,14.2));
#18710 = SURFACE_CURVE('',#18711,(#18715,#18722),.PCURVE_S1.);
#18711 = LINE('',#18712,#18713);
#18712 = CARTESIAN_POINT('',(7.6,58.9,14.2));
#18713 = VECTOR('',#18714,1.);
#18714 = DIRECTION('',(1.110223024625E-16,-1.,0.));
#18715 = PCURVE('',#17915,#18716);
#18716 = DEFINITIONAL_REPRESENTATION('',(#18717),#18721);
#18717 = LINE('',#18718,#18719);
#18718 = CARTESIAN_POINT('',(2.,0.));
#18719 = VECTOR('',#18720,1.);
#18720 = DIRECTION('',(0.,1.));
#18721 = ( GEOMETRIC_REPRESENTATION_CONTEXT(2) 
PARAMETRIC_REPRESENTATION_CONTEXT() REPRESENTATION_CONTEXT('2D SPACE',''
  ) );
#18722 = PCURVE('',#18723,#18728);
#18723 = PLANE('',#18724);
#18724 = AXIS2_PLACEMENT_3D('',#18725,#18726,#18727);
#18725 = CARTESIAN_POINT('',(4.4,58.9,14.2));
#18726 = DIRECTION('',(0.,0.,1.));
#18727 = DIRECTION('',(1.110223024625E-16,-1.,0.));
#18728 = DEFINITIONAL_REPRESENTATION('',(#18729),#18733);
#18729 = LINE('',#18730,#18731);
#18730 = CARTESIAN_POINT('',(3.552713678801E-16,3.2));
#18731 = VECTOR('',#18732,1.);
#18732 = DIRECTION('',(1.,0.));
#18733 = ( GEOMETRIC_REPRESENTATION_CONTEXT(2) 
PARAMETRIC_REPRESENTATION_CONTEXT() REPRESENTATION_CONTEXT('2D SPACE',''
  ) );
#18734 = ORIENTED_EDGE('',*,*,#18735,.F.);
#18735 = EDGE_CURVE('',#18736,#18708,#18738,.T.);
#18736 = VERTEX_POINT('',#18737);
#18737 = CARTESIAN_POINT('',(7.6,50.5,12.2));
#18738 = SURFACE_CURVE('',#18739,(#18743,#18750),.PCURVE_S1.);
#18739 = LINE('',#18740,#18741);
#18740 = CARTESIAN_POINT('',(7.6,50.5,12.2));
#18741 = VECTOR('',#18742,1.);
#18742 = DIRECTION('',(0.,0.,1.));
#18743 = PCURVE('',#17915,#18744);
#18744 = DEFINITIONAL_REPRESENTATION('',(#18745),#18749);
#18745 = LINE('',#18746,#18747);
#18746 = CARTESIAN_POINT('',(0.,8.4));
#18747 = VECTOR('',#18748,1.);
#18748 = DIRECTION('',(1.,0.));
#18749 = ( GEOMETRIC_REPRESENTATION_CONTEXT(2) 
PARAMETRIC_REPRESENTATION_CONTEXT() REPRESENTATION_CONTEXT('2D SPACE',''
  ) );
#18750 = PCURVE('',#18751,#18756);
#18751 = PLANE('',#18752);
#18752 = AXIS2_PLACEMENT_3D('',#18753,#18754,#18755);
#18753 = CARTESIAN_POINT('',(4.4,50.5,12.2));
#18754 = DIRECTION('',(1.110223024625E-16,-1.,0.));
#18755 = DIRECTION('',(0.,0.,1.));
#18756 = DEFINITIONAL_REPRESENTATION('',(#18757),#18761);
#18757 = LINE('',#18758,#18759);
#18758 = CARTESIAN_POINT('',(0.,-3.2));
#18759 = VECTOR('',#18760,1.);
#18760 = DIRECTION('',(1.,0.));
#18761 = ( GEOMETRIC_REPRESENTATION_CONTEXT(2) 
PARAMETRIC_REPRESENTATION_CONTEXT() REPRESENTATION_CONTEXT('2D SPACE',''
  ) );
#18762 = ORIENTED_EDGE('',*,*,#18763,.F.);
#18763 = EDGE_CURVE('',#18764,#18736,#18766,.T.);
#18764 = VERTEX_POINT('',#18765);
#18765 = CARTESIAN_POINT('',(7.6,58.9,12.2));
#18766 = SURFACE_CURVE('',#18767,(#18771,#18778),.PCURVE_S1.);
#18767 = LINE('',#18768,#18769);
#18768 = CARTESIAN_POINT('',(7.6,58.9,12.2));
#18769 = VECTOR('',#18770,1.);
#18770 = DIRECTION('',(1.110223024625E-16,-1.,0.));
#18771 = PCURVE('',#17915,#18772);
#18772 = DEFINITIONAL_REPRESENTATION('',(#18773),#18777);
#18773 = LINE('',#18774,#18775);
#18774 = CARTESIAN_POINT('',(0.,0.));
#18775 = VECTOR('',#18776,1.);
#18776 = DIRECTION('',(0.,1.));
#18777 = ( GEOMETRIC_REPRESENTATION_CONTEXT(2) 
PARAMETRIC_REPRESENTATION_CONTEXT() REPRESENTATION_CONTEXT('2D SPACE',''
  ) );
#18778 = PCURVE('',#18779,#18784);
#18779 = PLANE('',#18780);
#18780 = AXIS2_PLACEMENT_3D('',#18781,#18782,#18783);
#18781 = CARTESIAN_POINT('',(4.4,58.9,12.2));
#18782 = DIRECTION('',(0.,0.,1.));
#18783 = DIRECTION('',(1.110223024625E-16,-1.,0.));
#18784 = DEFINITIONAL_REPRESENTATION('',(#18785),#18789);
#18785 = LINE('',#18786,#18787);
#18786 = CARTESIAN_POINT('',(3.552713678801E-16,3.2));
#18787 = VECTOR('',#18788,1.);
#18788 = DIRECTION('',(1.,0.));
#18789 = ( GEOMETRIC_REPRESENTATION_CONTEXT(2) 
PARAMETRIC_REPRESENTATION_CONTEXT() REPRESENTATION_CONTEXT('2D SPACE',''
  ) );
#18790 = ORIENTED_EDGE('',*,*,#18791,.T.);
#18791 = EDGE_CURVE('',#18764,#18792,#18794,.T.);
#18792 = VERTEX_POINT('',#18793);
#18793 = CARTESIAN_POINT('',(7.6,58.9,14.2));
#18794 = SURFACE_CURVE('',#18795,(#18799,#18806),.PCURVE_S1.);
#18795 = LINE('',#18796,#18797);
#18796 = CARTESIAN_POINT('',(7.6,58.9,12.2));
#18797 = VECTOR('',#18798,1.);
#18798 = DIRECTION('',(0.,0.,1.));
#18799 = PCURVE('',#17915,#18800);
#18800 = DEFINITIONAL_REPRESENTATION('',(#18801),#18805);
#18801 = LINE('',#18802,#18803);
#18802 = CARTESIAN_POINT('',(0.,0.));
#18803 = VECTOR('',#18804,1.);
#18804 = DIRECTION('',(1.,0.));
#18805 = ( GEOMETRIC_REPRESENTATION_CONTEXT(2) 
PARAMETRIC_REPRESENTATION_CONTEXT() REPRESENTATION_CONTEXT('2D SPACE',''
  ) );
#18806 = PCURVE('',#18807,#18812);
#18807 = PLANE('',#18808);
#18808 = AXIS2_PLACEMENT_3D('',#18809,#18810,#18811);
#18809 = CARTESIAN_POINT('',(4.4,58.9,12.2));
#18810 = DIRECTION('',(1.110223024625E-16,-1.,0.));
#18811 = DIRECTION('',(0.,0.,1.));
#18812 = DEFINITIONAL_REPRESENTATION('',(#18813),#18817);
#18813 = LINE('',#18814,#18815);
#18814 = CARTESIAN_POINT('',(0.,-3.2));
#18815 = VECTOR('',#18816,1.);
#18816 = DIRECTION('',(1.,0.));
#18817 = ( GEOMETRIC_REPRESENTATION_CONTEXT(2) 
PARAMETRIC_REPRESENTATION_CONTEXT() REPRESENTATION_CONTEXT('2D SPACE',''
  ) );
#18818 = ORIENTED_EDGE('',*,*,#18819,.T.);
#18819 = EDGE_CURVE('',#18792,#18820,#18822,.T.);
#18820 = VERTEX_POINT('',#18821);
#18821 = CARTESIAN_POINT('',(7.6,57.1,14.2));
#18822 = SURFACE_CURVE('',#18823,(#18827,#18834),.PCURVE_S1.);
#18823 = LINE('',#18824,#18825);
#18824 = CARTESIAN_POINT('',(7.6,58.9,14.2));
#18825 = VECTOR('',#18826,1.);
#18826 = DIRECTION('',(1.110223024625E-16,-1.,0.));
#18827 = PCURVE('',#17915,#18828);
#18828 = DEFINITIONAL_REPRESENTATION('',(#18829),#18833);
#18829 = LINE('',#18830,#18831);
#18830 = CARTESIAN_POINT('',(2.,0.));
#18831 = VECTOR('',#18832,1.);
#18832 = DIRECTION('',(0.,1.));
#18833 = ( GEOMETRIC_REPRESENTATION_CONTEXT(2) 
PARAMETRIC_REPRESENTATION_CONTEXT() REPRESENTATION_CONTEXT('2D SPACE',''
  ) );
#18834 = PCURVE('',#18835,#18840);
#18835 = PLANE('',#18836);
#18836 = AXIS2_PLACEMENT_3D('',#18837,#18838,#18839);
#18837 = CARTESIAN_POINT('',(4.4,58.9,14.2));
#18838 = DIRECTION('',(0.,0.,1.));
#18839 = DIRECTION('',(1.110223024625E-16,-1.,0.));
#18840 = DEFINITIONAL_REPRESENTATION('',(#18841),#18845);
#18841 = LINE('',#18842,#18843);
#18842 = CARTESIAN_POINT('',(3.552713678801E-16,3.2));
#18843 = VECTOR('',#18844,1.);
#18844 = DIRECTION('',(1.,0.));
#18845 = ( GEOMETRIC_REPRESENTATION_CONTEXT(2) 
PARAMETRIC_REPRESENTATION_CONTEXT() REPRESENTATION_CONTEXT('2D SPACE',''
  ) );
#18846 = ORIENTED_EDGE('',*,*,#18847,.T.);
#18847 = EDGE_CURVE('',#18820,#18603,#18848,.T.);
#18848 = SURFACE_CURVE('',#18849,(#18854,#18865),.PCURVE_S1.);
#18849 = CIRCLE('',#18850,0.2);
#18850 = AXIS2_PLACEMENT_3D('',#18851,#18852,#18853);
#18851 = CARTESIAN_POINT('',(7.6,57.1,14.4));
#18852 = DIRECTION('',(-1.,-1.110223024625E-16,0.));
#18853 = DIRECTION('',(0.,0.,1.));
#18854 = PCURVE('',#17915,#18855);
#18855 = DEFINITIONAL_REPRESENTATION('',(#18856),#18864);
#18856 = ( BOUNDED_CURVE() B_SPLINE_CURVE(2,(#18857,#18858,#18859,#18860
    ,#18861,#18862,#18863),.UNSPECIFIED.,.T.,.F.) 
B_SPLINE_CURVE_WITH_KNOTS((1,2,2,2,2,1),(-2.094395102393,0.,
    2.094395102393,4.188790204786,6.28318530718,8.377580409573),
.UNSPECIFIED.) CURVE() GEOMETRIC_REPRESENTATION_ITEM() 
RATIONAL_B_SPLINE_CURVE((1.,0.5,1.,0.5,1.,0.5,1.)) REPRESENTATION_ITEM(
  '') );
#18857 = CARTESIAN_POINT('',(2.4,1.8));
#18858 = CARTESIAN_POINT('',(2.4,1.453589838486));
#18859 = CARTESIAN_POINT('',(2.1,1.626794919243));
#18860 = CARTESIAN_POINT('',(1.8,1.8));
#18861 = CARTESIAN_POINT('',(2.1,1.973205080757));
#18862 = CARTESIAN_POINT('',(2.4,2.146410161514));
#18863 = CARTESIAN_POINT('',(2.4,1.8));
#18864 = ( GEOMETRIC_REPRESENTATION_CONTEXT(2) 
PARAMETRIC_REPRESENTATION_CONTEXT() REPRESENTATION_CONTEXT('2D SPACE',''
  ) );
#18865 = PCURVE('',#18618,#18866);
#18866 = DEFINITIONAL_REPRESENTATION('',(#18867),#18871);
#18867 = LINE('',#18868,#18869);
#18868 = CARTESIAN_POINT('',(3.14159265359,3.2));
#18869 = VECTOR('',#18870,1.);
#18870 = DIRECTION('',(-1.,0.));
#18871 = ( GEOMETRIC_REPRESENTATION_CONTEXT(2) 
PARAMETRIC_REPRESENTATION_CONTEXT() REPRESENTATION_CONTEXT('2D SPACE',''
  ) );
#18872 = ORIENTED_EDGE('',*,*,#18630,.T.);
#18873 = ORIENTED_EDGE('',*,*,#17899,.T.);
#18874 = ADVANCED_FACE('',(#18875),#17980,.F.);
#18875 = FACE_BOUND('',#18876,.F.);
#18876 = EDGE_LOOP('',(#18877,#18900,#18924,#18947,#18970,#18993,#19016,
    #19039,#19065,#19066));
#18877 = ORIENTED_EDGE('',*,*,#18878,.F.);
#18878 = EDGE_CURVE('',#18879,#17965,#18881,.T.);
#18879 = VERTEX_POINT('',#18880);
#18880 = CARTESIAN_POINT('',(4.4,52.5,14.4));
#18881 = SURFACE_CURVE('',#18882,(#18886,#18893),.PCURVE_S1.);
#18882 = LINE('',#18883,#18884);
#18883 = CARTESIAN_POINT('',(4.4,52.5,14.2));
#18884 = VECTOR('',#18885,1.);
#18885 = DIRECTION('',(0.,0.,1.));
#18886 = PCURVE('',#17980,#18887);
#18887 = DEFINITIONAL_REPRESENTATION('',(#18888),#18892);
#18888 = LINE('',#18889,#18890);
#18889 = CARTESIAN_POINT('',(2.,6.4));
#18890 = VECTOR('',#18891,1.);
#18891 = DIRECTION('',(1.,0.));
#18892 = ( GEOMETRIC_REPRESENTATION_CONTEXT(2) 
PARAMETRIC_REPRESENTATION_CONTEXT() REPRESENTATION_CONTEXT('2D SPACE',''
  ) );
#18893 = PCURVE('',#18043,#18894);
#18894 = DEFINITIONAL_REPRESENTATION('',(#18895),#18899);
#18895 = LINE('',#18896,#18897);
#18896 = CARTESIAN_POINT('',(0.,0.));
#18897 = VECTOR('',#18898,1.);
#18898 = DIRECTION('',(1.,0.));
#18899 = ( GEOMETRIC_REPRESENTATION_CONTEXT(2) 
PARAMETRIC_REPRESENTATION_CONTEXT() REPRESENTATION_CONTEXT('2D SPACE',''
  ) );
#18900 = ORIENTED_EDGE('',*,*,#18901,.F.);
#18901 = EDGE_CURVE('',#18902,#18879,#18904,.T.);
#18902 = VERTEX_POINT('',#18903);
#18903 = CARTESIAN_POINT('',(4.4,52.3,14.2));
#18904 = SURFACE_CURVE('',#18905,(#18910,#18917),.PCURVE_S1.);
#18905 = CIRCLE('',#18906,0.2);
#18906 = AXIS2_PLACEMENT_3D('',#18907,#18908,#18909);
#18907 = CARTESIAN_POINT('',(4.4,52.3,14.4));
#18908 = DIRECTION('',(1.,1.110223024625E-16,-0.));
#18909 = DIRECTION('',(0.,0.,1.));
#18910 = PCURVE('',#17980,#18911);
#18911 = DEFINITIONAL_REPRESENTATION('',(#18912),#18916);
#18912 = CIRCLE('',#18913,0.2);
#18913 = AXIS2_PLACEMENT_2D('',#18914,#18915);
#18914 = CARTESIAN_POINT('',(2.2,6.6));
#18915 = DIRECTION('',(1.,0.));
#18916 = ( GEOMETRIC_REPRESENTATION_CONTEXT(2) 
PARAMETRIC_REPRESENTATION_CONTEXT() REPRESENTATION_CONTEXT('2D SPACE',''
  ) );
#18917 = PCURVE('',#18695,#18918);
#18918 = DEFINITIONAL_REPRESENTATION('',(#18919),#18923);
#18919 = LINE('',#18920,#18921);
#18920 = CARTESIAN_POINT('',(-3.14159265359,0.));
#18921 = VECTOR('',#18922,1.);
#18922 = DIRECTION('',(1.,0.));
#18923 = ( GEOMETRIC_REPRESENTATION_CONTEXT(2) 
PARAMETRIC_REPRESENTATION_CONTEXT() REPRESENTATION_CONTEXT('2D SPACE',''
  ) );
#18924 = ORIENTED_EDGE('',*,*,#18925,.T.);
#18925 = EDGE_CURVE('',#18902,#18926,#18928,.T.);
#18926 = VERTEX_POINT('',#18927);
#18927 = CARTESIAN_POINT('',(4.4,50.5,14.2));
#18928 = SURFACE_CURVE('',#18929,(#18933,#18940),.PCURVE_S1.);
#18929 = LINE('',#18930,#18931);
#18930 = CARTESIAN_POINT('',(4.4,58.9,14.2));
#18931 = VECTOR('',#18932,1.);
#18932 = DIRECTION('',(1.110223024625E-16,-1.,0.));
#18933 = PCURVE('',#17980,#18934);
#18934 = DEFINITIONAL_REPRESENTATION('',(#18935),#18939);
#18935 = LINE('',#18936,#18937);
#18936 = CARTESIAN_POINT('',(2.,0.));
#18937 = VECTOR('',#18938,1.);
#18938 = DIRECTION('',(0.,1.));
#18939 = ( GEOMETRIC_REPRESENTATION_CONTEXT(2) 
PARAMETRIC_REPRESENTATION_CONTEXT() REPRESENTATION_CONTEXT('2D SPACE',''
  ) );
#18940 = PCURVE('',#18723,#18941);
#18941 = DEFINITIONAL_REPRESENTATION('',(#18942),#18946);
#18942 = LINE('',#18943,#18944);
#18943 = CARTESIAN_POINT('',(0.,0.));
#18944 = VECTOR('',#18945,1.);
#18945 = DIRECTION('',(1.,0.));
#18946 = ( GEOMETRIC_REPRESENTATION_CONTEXT(2) 
PARAMETRIC_REPRESENTATION_CONTEXT() REPRESENTATION_CONTEXT('2D SPACE',''
  ) );
#18947 = ORIENTED_EDGE('',*,*,#18948,.F.);
#18948 = EDGE_CURVE('',#18949,#18926,#18951,.T.);
#18949 = VERTEX_POINT('',#18950);
#18950 = CARTESIAN_POINT('',(4.4,50.5,12.2));
#18951 = SURFACE_CURVE('',#18952,(#18956,#18963),.PCURVE_S1.);
#18952 = LINE('',#18953,#18954);
#18953 = CARTESIAN_POINT('',(4.4,50.5,12.2));
#18954 = VECTOR('',#18955,1.);
#18955 = DIRECTION('',(0.,0.,1.));
#18956 = PCURVE('',#17980,#18957);
#18957 = DEFINITIONAL_REPRESENTATION('',(#18958),#18962);
#18958 = LINE('',#18959,#18960);
#18959 = CARTESIAN_POINT('',(0.,8.4));
#18960 = VECTOR('',#18961,1.);
#18961 = DIRECTION('',(1.,0.));
#18962 = ( GEOMETRIC_REPRESENTATION_CONTEXT(2) 
PARAMETRIC_REPRESENTATION_CONTEXT() REPRESENTATION_CONTEXT('2D SPACE',''
  ) );
#18963 = PCURVE('',#18751,#18964);
#18964 = DEFINITIONAL_REPRESENTATION('',(#18965),#18969);
#18965 = LINE('',#18966,#18967);
#18966 = CARTESIAN_POINT('',(0.,0.));
#18967 = VECTOR('',#18968,1.);
#18968 = DIRECTION('',(1.,0.));
#18969 = ( GEOMETRIC_REPRESENTATION_CONTEXT(2) 
PARAMETRIC_REPRESENTATION_CONTEXT() REPRESENTATION_CONTEXT('2D SPACE',''
  ) );
#18970 = ORIENTED_EDGE('',*,*,#18971,.F.);
#18971 = EDGE_CURVE('',#18972,#18949,#18974,.T.);
#18972 = VERTEX_POINT('',#18973);
#18973 = CARTESIAN_POINT('',(4.4,58.9,12.2));
#18974 = SURFACE_CURVE('',#18975,(#18979,#18986),.PCURVE_S1.);
#18975 = LINE('',#18976,#18977);
#18976 = CARTESIAN_POINT('',(4.4,58.9,12.2));
#18977 = VECTOR('',#18978,1.);
#18978 = DIRECTION('',(1.110223024625E-16,-1.,0.));
#18979 = PCURVE('',#17980,#18980);
#18980 = DEFINITIONAL_REPRESENTATION('',(#18981),#18985);
#18981 = LINE('',#18982,#18983);
#18982 = CARTESIAN_POINT('',(0.,0.));
#18983 = VECTOR('',#18984,1.);
#18984 = DIRECTION('',(0.,1.));
#18985 = ( GEOMETRIC_REPRESENTATION_CONTEXT(2) 
PARAMETRIC_REPRESENTATION_CONTEXT() REPRESENTATION_CONTEXT('2D SPACE',''
  ) );
#18986 = PCURVE('',#18779,#18987);
#18987 = DEFINITIONAL_REPRESENTATION('',(#18988),#18992);
#18988 = LINE('',#18989,#18990);
#18989 = CARTESIAN_POINT('',(0.,0.));
#18990 = VECTOR('',#18991,1.);
#18991 = DIRECTION('',(1.,0.));
#18992 = ( GEOMETRIC_REPRESENTATION_CONTEXT(2) 
PARAMETRIC_REPRESENTATION_CONTEXT() REPRESENTATION_CONTEXT('2D SPACE',''
  ) );
#18993 = ORIENTED_EDGE('',*,*,#18994,.T.);
#18994 = EDGE_CURVE('',#18972,#18995,#18997,.T.);
#18995 = VERTEX_POINT('',#18996);
#18996 = CARTESIAN_POINT('',(4.4,58.9,14.2));
#18997 = SURFACE_CURVE('',#18998,(#19002,#19009),.PCURVE_S1.);
#18998 = LINE('',#18999,#19000);
#18999 = CARTESIAN_POINT('',(4.4,58.9,12.2));
#19000 = VECTOR('',#19001,1.);
#19001 = DIRECTION('',(0.,0.,1.));
#19002 = PCURVE('',#17980,#19003);
#19003 = DEFINITIONAL_REPRESENTATION('',(#19004),#19008);
#19004 = LINE('',#19005,#19006);
#19005 = CARTESIAN_POINT('',(0.,0.));
#19006 = VECTOR('',#19007,1.);
#19007 = DIRECTION('',(1.,0.));
#19008 = ( GEOMETRIC_REPRESENTATION_CONTEXT(2) 
PARAMETRIC_REPRESENTATION_CONTEXT() REPRESENTATION_CONTEXT('2D SPACE',''
  ) );
#19009 = PCURVE('',#18807,#19010);
#19010 = DEFINITIONAL_REPRESENTATION('',(#19011),#19015);
#19011 = LINE('',#19012,#19013);
#19012 = CARTESIAN_POINT('',(0.,0.));
#19013 = VECTOR('',#19014,1.);
#19014 = DIRECTION('',(1.,0.));
#19015 = ( GEOMETRIC_REPRESENTATION_CONTEXT(2) 
PARAMETRIC_REPRESENTATION_CONTEXT() REPRESENTATION_CONTEXT('2D SPACE',''
  ) );
#19016 = ORIENTED_EDGE('',*,*,#19017,.T.);
#19017 = EDGE_CURVE('',#18995,#19018,#19020,.T.);
#19018 = VERTEX_POINT('',#19019);
#19019 = CARTESIAN_POINT('',(4.4,57.1,14.2));
#19020 = SURFACE_CURVE('',#19021,(#19025,#19032),.PCURVE_S1.);
#19021 = LINE('',#19022,#19023);
#19022 = CARTESIAN_POINT('',(4.4,58.9,14.2));
#19023 = VECTOR('',#19024,1.);
#19024 = DIRECTION('',(1.110223024625E-16,-1.,0.));
#19025 = PCURVE('',#17980,#19026);
#19026 = DEFINITIONAL_REPRESENTATION('',(#19027),#19031);
#19027 = LINE('',#19028,#19029);
#19028 = CARTESIAN_POINT('',(2.,0.));
#19029 = VECTOR('',#19030,1.);
#19030 = DIRECTION('',(0.,1.));
#19031 = ( GEOMETRIC_REPRESENTATION_CONTEXT(2) 
PARAMETRIC_REPRESENTATION_CONTEXT() REPRESENTATION_CONTEXT('2D SPACE',''
  ) );
#19032 = PCURVE('',#18835,#19033);
#19033 = DEFINITIONAL_REPRESENTATION('',(#19034),#19038);
#19034 = LINE('',#19035,#19036);
#19035 = CARTESIAN_POINT('',(0.,0.));
#19036 = VECTOR('',#19037,1.);
#19037 = DIRECTION('',(1.,0.));
#19038 = ( GEOMETRIC_REPRESENTATION_CONTEXT(2) 
PARAMETRIC_REPRESENTATION_CONTEXT() REPRESENTATION_CONTEXT('2D SPACE',''
  ) );
#19039 = ORIENTED_EDGE('',*,*,#19040,.T.);
#19040 = EDGE_CURVE('',#19018,#18580,#19041,.T.);
#19041 = SURFACE_CURVE('',#19042,(#19047,#19058),.PCURVE_S1.);
#19042 = CIRCLE('',#19043,0.2);
#19043 = AXIS2_PLACEMENT_3D('',#19044,#19045,#19046);
#19044 = CARTESIAN_POINT('',(4.4,57.1,14.4));
#19045 = DIRECTION('',(-1.,-1.110223024625E-16,0.));
#19046 = DIRECTION('',(0.,0.,1.));
#19047 = PCURVE('',#17980,#19048);
#19048 = DEFINITIONAL_REPRESENTATION('',(#19049),#19057);
#19049 = ( BOUNDED_CURVE() B_SPLINE_CURVE(2,(#19050,#19051,#19052,#19053
    ,#19054,#19055,#19056),.UNSPECIFIED.,.T.,.F.) 
B_SPLINE_CURVE_WITH_KNOTS((1,2,2,2,2,1),(-2.094395102393,0.,
    2.094395102393,4.188790204786,6.28318530718,8.377580409573),
.UNSPECIFIED.) CURVE() GEOMETRIC_REPRESENTATION_ITEM() 
RATIONAL_B_SPLINE_CURVE((1.,0.5,1.,0.5,1.,0.5,1.)) REPRESENTATION_ITEM(
  '') );
#19050 = CARTESIAN_POINT('',(2.4,1.8));
#19051 = CARTESIAN_POINT('',(2.4,1.453589838486));
#19052 = CARTESIAN_POINT('',(2.1,1.626794919243));
#19053 = CARTESIAN_POINT('',(1.8,1.8));
#19054 = CARTESIAN_POINT('',(2.1,1.973205080757));
#19055 = CARTESIAN_POINT('',(2.4,2.146410161514));
#19056 = CARTESIAN_POINT('',(2.4,1.8));
#19057 = ( GEOMETRIC_REPRESENTATION_CONTEXT(2) 
PARAMETRIC_REPRESENTATION_CONTEXT() REPRESENTATION_CONTEXT('2D SPACE',''
  ) );
#19058 = PCURVE('',#18618,#19059);
#19059 = DEFINITIONAL_REPRESENTATION('',(#19060),#19064);
#19060 = LINE('',#19061,#19062);
#19061 = CARTESIAN_POINT('',(3.14159265359,-0.));
#19062 = VECTOR('',#19063,1.);
#19063 = DIRECTION('',(-1.,0.));
#19064 = ( GEOMETRIC_REPRESENTATION_CONTEXT(2) 
PARAMETRIC_REPRESENTATION_CONTEXT() REPRESENTATION_CONTEXT('2D SPACE',''
  ) );
#19065 = ORIENTED_EDGE('',*,*,#18579,.T.);
#19066 = ORIENTED_EDGE('',*,*,#17964,.T.);
#19067 = ADVANCED_FACE('',(#19068),#18043,.T.);
#19068 = FACE_BOUND('',#19069,.T.);
#19069 = EDGE_LOOP('',(#19070,#19071,#19092,#19093));
#19070 = ORIENTED_EDGE('',*,*,#18878,.F.);
#19071 = ORIENTED_EDGE('',*,*,#19072,.T.);
#19072 = EDGE_CURVE('',#18879,#18656,#19073,.T.);
#19073 = SURFACE_CURVE('',#19074,(#19078,#19085),.PCURVE_S1.);
#19074 = LINE('',#19075,#19076);
#19075 = CARTESIAN_POINT('',(4.4,52.5,14.4));
#19076 = VECTOR('',#19077,1.);
#19077 = DIRECTION('',(1.,1.110223024625E-16,0.));
#19078 = PCURVE('',#18043,#19079);
#19079 = DEFINITIONAL_REPRESENTATION('',(#19080),#19084);
#19080 = LINE('',#19081,#19082);
#19081 = CARTESIAN_POINT('',(0.2,0.));
#19082 = VECTOR('',#19083,1.);
#19083 = DIRECTION('',(0.,-1.));
#19084 = ( GEOMETRIC_REPRESENTATION_CONTEXT(2) 
PARAMETRIC_REPRESENTATION_CONTEXT() REPRESENTATION_CONTEXT('2D SPACE',''
  ) );
#19085 = PCURVE('',#18695,#19086);
#19086 = DEFINITIONAL_REPRESENTATION('',(#19087),#19091);
#19087 = LINE('',#19088,#19089);
#19088 = CARTESIAN_POINT('',(1.570796326795,0.));
#19089 = VECTOR('',#19090,1.);
#19090 = DIRECTION('',(0.,1.));
#19091 = ( GEOMETRIC_REPRESENTATION_CONTEXT(2) 
PARAMETRIC_REPRESENTATION_CONTEXT() REPRESENTATION_CONTEXT('2D SPACE',''
  ) );
#19092 = ORIENTED_EDGE('',*,*,#18655,.T.);
#19093 = ORIENTED_EDGE('',*,*,#18029,.T.);
#19094 = ADVANCED_FACE('',(#19095),#18099,.F.);
#19095 = FACE_BOUND('',#19096,.T.);
#19096 = EDGE_LOOP('',(#19097,#19098,#19099,#19100));
#19097 = ORIENTED_EDGE('',*,*,#18521,.T.);
#19098 = ORIENTED_EDGE('',*,*,#18083,.T.);
#19099 = ORIENTED_EDGE('',*,*,#18328,.F.);
#19100 = ORIENTED_EDGE('',*,*,#19101,.F.);
#19101 = EDGE_CURVE('',#18499,#18301,#19102,.T.);
#19102 = SURFACE_CURVE('',#19103,(#19107,#19114),.PCURVE_S1.);
#19103 = LINE('',#19104,#19105);
#19104 = CARTESIAN_POINT('',(4.4,18.4,14.2));
#19105 = VECTOR('',#19106,1.);
#19106 = DIRECTION('',(1.,1.110223024625E-16,0.));
#19107 = PCURVE('',#18099,#19108);
#19108 = DEFINITIONAL_REPRESENTATION('',(#19109),#19113);
#19109 = LINE('',#19110,#19111);
#19110 = CARTESIAN_POINT('',(-0.,0.));
#19111 = VECTOR('',#19112,1.);
#19112 = DIRECTION('',(-0.,1.));
#19113 = ( GEOMETRIC_REPRESENTATION_CONTEXT(2) 
PARAMETRIC_REPRESENTATION_CONTEXT() REPRESENTATION_CONTEXT('2D SPACE',''
  ) );
#19114 = PCURVE('',#18316,#19115);
#19115 = DEFINITIONAL_REPRESENTATION('',(#19116),#19120);
#19116 = LINE('',#19117,#19118);
#19117 = CARTESIAN_POINT('',(1.8,6.883382752676E-16));
#19118 = VECTOR('',#19119,1.);
#19119 = DIRECTION('',(0.,1.));
#19120 = ( GEOMETRIC_REPRESENTATION_CONTEXT(2) 
PARAMETRIC_REPRESENTATION_CONTEXT() REPRESENTATION_CONTEXT('2D SPACE',''
  ) );
#19121 = ADVANCED_FACE('',(#19122),#18176,.F.);
#19122 = FACE_BOUND('',#19123,.F.);
#19123 = EDGE_LOOP('',(#19124,#19125,#19126,#19127));
#19124 = ORIENTED_EDGE('',*,*,#18382,.T.);
#19125 = ORIENTED_EDGE('',*,*,#18553,.T.);
#19126 = ORIENTED_EDGE('',*,*,#18159,.F.);
#19127 = ORIENTED_EDGE('',*,*,#19128,.F.);
#19128 = EDGE_CURVE('',#18383,#18160,#19129,.T.);
#19129 = SURFACE_CURVE('',#19130,(#19134,#19141),.PCURVE_S1.);
#19130 = LINE('',#19131,#19132);
#19131 = CARTESIAN_POINT('',(4.4,13.6,14.2));
#19132 = VECTOR('',#19133,1.);
#19133 = DIRECTION('',(1.,1.110223024625E-16,0.));
#19134 = PCURVE('',#18176,#19135);
#19135 = DEFINITIONAL_REPRESENTATION('',(#19136),#19140);
#19136 = LINE('',#19137,#19138);
#19137 = CARTESIAN_POINT('',(0.,0.));
#19138 = VECTOR('',#19139,1.);
#19139 = DIRECTION('',(0.,1.));
#19140 = ( GEOMETRIC_REPRESENTATION_CONTEXT(2) 
PARAMETRIC_REPRESENTATION_CONTEXT() REPRESENTATION_CONTEXT('2D SPACE',''
  ) );
#19141 = PCURVE('',#18204,#19142);
#19142 = DEFINITIONAL_REPRESENTATION('',(#19143),#19147);
#19143 = LINE('',#19144,#19145);
#19144 = CARTESIAN_POINT('',(6.6,1.554312234475E-16));
#19145 = VECTOR('',#19146,1.);
#19146 = DIRECTION('',(0.,1.));
#19147 = ( GEOMETRIC_REPRESENTATION_CONTEXT(2) 
PARAMETRIC_REPRESENTATION_CONTEXT() REPRESENTATION_CONTEXT('2D SPACE',''
  ) );
#19148 = ADVANCED_FACE('',(#19149),#18204,.T.);
#19149 = FACE_BOUND('',#19150,.T.);
#19150 = EDGE_LOOP('',(#19151,#19152,#19153,#19154));
#19151 = ORIENTED_EDGE('',*,*,#18188,.F.);
#19152 = ORIENTED_EDGE('',*,*,#19128,.F.);
#19153 = ORIENTED_EDGE('',*,*,#18406,.T.);
#19154 = ORIENTED_EDGE('',*,*,#19155,.T.);
#19155 = EDGE_CURVE('',#18407,#18189,#19156,.T.);
#19156 = SURFACE_CURVE('',#19157,(#19161,#19168),.PCURVE_S1.);
#19157 = LINE('',#19158,#19159);
#19158 = CARTESIAN_POINT('',(4.4,11.8,14.2));
#19159 = VECTOR('',#19160,1.);
#19160 = DIRECTION('',(1.,1.110223024625E-16,0.));
#19161 = PCURVE('',#18204,#19162);
#19162 = DEFINITIONAL_REPRESENTATION('',(#19163),#19167);
#19163 = LINE('',#19164,#19165);
#19164 = CARTESIAN_POINT('',(8.4,8.437694987151E-16));
#19165 = VECTOR('',#19166,1.);
#19166 = DIRECTION('',(0.,1.));
#19167 = ( GEOMETRIC_REPRESENTATION_CONTEXT(2) 
PARAMETRIC_REPRESENTATION_CONTEXT() REPRESENTATION_CONTEXT('2D SPACE',''
  ) );
#19168 = PCURVE('',#18232,#19169);
#19169 = DEFINITIONAL_REPRESENTATION('',(#19170),#19174);
#19170 = LINE('',#19171,#19172);
#19171 = CARTESIAN_POINT('',(2.,0.));
#19172 = VECTOR('',#19173,1.);
#19173 = DIRECTION('',(0.,-1.));
#19174 = ( GEOMETRIC_REPRESENTATION_CONTEXT(2) 
PARAMETRIC_REPRESENTATION_CONTEXT() REPRESENTATION_CONTEXT('2D SPACE',''
  ) );
#19175 = ADVANCED_FACE('',(#19176),#18232,.T.);
#19176 = FACE_BOUND('',#19177,.T.);
#19177 = EDGE_LOOP('',(#19178,#19179,#19200,#19201));
#19178 = ORIENTED_EDGE('',*,*,#18429,.F.);
#19179 = ORIENTED_EDGE('',*,*,#19180,.T.);
#19180 = EDGE_CURVE('',#18430,#18217,#19181,.T.);
#19181 = SURFACE_CURVE('',#19182,(#19186,#19193),.PCURVE_S1.);
#19182 = LINE('',#19183,#19184);
#19183 = CARTESIAN_POINT('',(4.4,11.8,12.2));
#19184 = VECTOR('',#19185,1.);
#19185 = DIRECTION('',(1.,1.110223024625E-16,0.));
#19186 = PCURVE('',#18232,#19187);
#19187 = DEFINITIONAL_REPRESENTATION('',(#19188),#19192);
#19188 = LINE('',#19189,#19190);
#19189 = CARTESIAN_POINT('',(0.,0.));
#19190 = VECTOR('',#19191,1.);
#19191 = DIRECTION('',(0.,-1.));
#19192 = ( GEOMETRIC_REPRESENTATION_CONTEXT(2) 
PARAMETRIC_REPRESENTATION_CONTEXT() REPRESENTATION_CONTEXT('2D SPACE',''
  ) );
#19193 = PCURVE('',#18260,#19194);
#19194 = DEFINITIONAL_REPRESENTATION('',(#19195),#19199);
#19195 = LINE('',#19196,#19197);
#19196 = CARTESIAN_POINT('',(8.4,8.437694987151E-16));
#19197 = VECTOR('',#19198,1.);
#19198 = DIRECTION('',(0.,1.));
#19199 = ( GEOMETRIC_REPRESENTATION_CONTEXT(2) 
PARAMETRIC_REPRESENTATION_CONTEXT() REPRESENTATION_CONTEXT('2D SPACE',''
  ) );
#19200 = ORIENTED_EDGE('',*,*,#18216,.T.);
#19201 = ORIENTED_EDGE('',*,*,#19155,.F.);
#19202 = ADVANCED_FACE('',(#19203),#18316,.T.);
#19203 = FACE_BOUND('',#19204,.T.);
#19204 = EDGE_LOOP('',(#19205,#19206,#19227,#19228));
#19205 = ORIENTED_EDGE('',*,*,#18300,.F.);
#19206 = ORIENTED_EDGE('',*,*,#19207,.F.);
#19207 = EDGE_CURVE('',#18476,#18273,#19208,.T.);
#19208 = SURFACE_CURVE('',#19209,(#19213,#19220),.PCURVE_S1.);
#19209 = LINE('',#19210,#19211);
#19210 = CARTESIAN_POINT('',(4.4,20.2,14.2));
#19211 = VECTOR('',#19212,1.);
#19212 = DIRECTION('',(1.,1.110223024625E-16,0.));
#19213 = PCURVE('',#18316,#19214);
#19214 = DEFINITIONAL_REPRESENTATION('',(#19215),#19219);
#19215 = LINE('',#19216,#19217);
#19216 = CARTESIAN_POINT('',(0.,0.));
#19217 = VECTOR('',#19218,1.);
#19218 = DIRECTION('',(0.,1.));
#19219 = ( GEOMETRIC_REPRESENTATION_CONTEXT(2) 
PARAMETRIC_REPRESENTATION_CONTEXT() REPRESENTATION_CONTEXT('2D SPACE',''
  ) );
#19220 = PCURVE('',#18288,#19221);
#19221 = DEFINITIONAL_REPRESENTATION('',(#19222),#19226);
#19222 = LINE('',#19223,#19224);
#19223 = CARTESIAN_POINT('',(2.,0.));
#19224 = VECTOR('',#19225,1.);
#19225 = DIRECTION('',(0.,-1.));
#19226 = ( GEOMETRIC_REPRESENTATION_CONTEXT(2) 
PARAMETRIC_REPRESENTATION_CONTEXT() REPRESENTATION_CONTEXT('2D SPACE',''
  ) );
#19227 = ORIENTED_EDGE('',*,*,#18498,.T.);
#19228 = ORIENTED_EDGE('',*,*,#19101,.T.);
#19229 = ADVANCED_FACE('',(#19230),#18260,.F.);
#19230 = FACE_BOUND('',#19231,.F.);
#19231 = EDGE_LOOP('',(#19232,#19253,#19254,#19255));
#19232 = ORIENTED_EDGE('',*,*,#19233,.F.);
#19233 = EDGE_CURVE('',#18453,#18245,#19234,.T.);
#19234 = SURFACE_CURVE('',#19235,(#19239,#19246),.PCURVE_S1.);
#19235 = LINE('',#19236,#19237);
#19236 = CARTESIAN_POINT('',(4.4,20.2,12.2));
#19237 = VECTOR('',#19238,1.);
#19238 = DIRECTION('',(1.,1.110223024625E-16,0.));
#19239 = PCURVE('',#18260,#19240);
#19240 = DEFINITIONAL_REPRESENTATION('',(#19241),#19245);
#19241 = LINE('',#19242,#19243);
#19242 = CARTESIAN_POINT('',(0.,0.));
#19243 = VECTOR('',#19244,1.);
#19244 = DIRECTION('',(0.,1.));
#19245 = ( GEOMETRIC_REPRESENTATION_CONTEXT(2) 
PARAMETRIC_REPRESENTATION_CONTEXT() REPRESENTATION_CONTEXT('2D SPACE',''
  ) );
#19246 = PCURVE('',#18288,#19247);
#19247 = DEFINITIONAL_REPRESENTATION('',(#19248),#19252);
#19248 = LINE('',#19249,#19250);
#19249 = CARTESIAN_POINT('',(0.,0.));
#19250 = VECTOR('',#19251,1.);
#19251 = DIRECTION('',(0.,-1.));
#19252 = ( GEOMETRIC_REPRESENTATION_CONTEXT(2) 
PARAMETRIC_REPRESENTATION_CONTEXT() REPRESENTATION_CONTEXT('2D SPACE',''
  ) );
#19253 = ORIENTED_EDGE('',*,*,#18452,.T.);
#19254 = ORIENTED_EDGE('',*,*,#19180,.T.);
#19255 = ORIENTED_EDGE('',*,*,#18244,.F.);
#19256 = ADVANCED_FACE('',(#19257),#18288,.F.);
#19257 = FACE_BOUND('',#19258,.F.);
#19258 = EDGE_LOOP('',(#19259,#19260,#19261,#19262));
#19259 = ORIENTED_EDGE('',*,*,#18475,.F.);
#19260 = ORIENTED_EDGE('',*,*,#19233,.T.);
#19261 = ORIENTED_EDGE('',*,*,#18272,.T.);
#19262 = ORIENTED_EDGE('',*,*,#19207,.F.);
#19263 = ADVANCED_FACE('',(#19264),#18618,.F.);
#19264 = FACE_BOUND('',#19265,.T.);
#19265 = EDGE_LOOP('',(#19266,#19267,#19268,#19269));
#19266 = ORIENTED_EDGE('',*,*,#19040,.T.);
#19267 = ORIENTED_EDGE('',*,*,#18602,.T.);
#19268 = ORIENTED_EDGE('',*,*,#18847,.F.);
#19269 = ORIENTED_EDGE('',*,*,#19270,.F.);
#19270 = EDGE_CURVE('',#19018,#18820,#19271,.T.);
#19271 = SURFACE_CURVE('',#19272,(#19276,#19283),.PCURVE_S1.);
#19272 = LINE('',#19273,#19274);
#19273 = CARTESIAN_POINT('',(4.4,57.1,14.2));
#19274 = VECTOR('',#19275,1.);
#19275 = DIRECTION('',(1.,1.110223024625E-16,0.));
#19276 = PCURVE('',#18618,#19277);
#19277 = DEFINITIONAL_REPRESENTATION('',(#19278),#19282);
#19278 = LINE('',#19279,#19280);
#19279 = CARTESIAN_POINT('',(-0.,0.));
#19280 = VECTOR('',#19281,1.);
#19281 = DIRECTION('',(-0.,1.));
#19282 = ( GEOMETRIC_REPRESENTATION_CONTEXT(2) 
PARAMETRIC_REPRESENTATION_CONTEXT() REPRESENTATION_CONTEXT('2D SPACE',''
  ) );
#19283 = PCURVE('',#18835,#19284);
#19284 = DEFINITIONAL_REPRESENTATION('',(#19285),#19289);
#19285 = LINE('',#19286,#19287);
#19286 = CARTESIAN_POINT('',(1.8,-1.998401444325E-16));
#19287 = VECTOR('',#19288,1.);
#19288 = DIRECTION('',(0.,1.));
#19289 = ( GEOMETRIC_REPRESENTATION_CONTEXT(2) 
PARAMETRIC_REPRESENTATION_CONTEXT() REPRESENTATION_CONTEXT('2D SPACE',''
  ) );
#19290 = ADVANCED_FACE('',(#19291),#18695,.F.);
#19291 = FACE_BOUND('',#19292,.F.);
#19292 = EDGE_LOOP('',(#19293,#19294,#19295,#19296));
#19293 = ORIENTED_EDGE('',*,*,#18901,.T.);
#19294 = ORIENTED_EDGE('',*,*,#19072,.T.);
#19295 = ORIENTED_EDGE('',*,*,#18678,.F.);
#19296 = ORIENTED_EDGE('',*,*,#19297,.F.);
#19297 = EDGE_CURVE('',#18902,#18679,#19298,.T.);
#19298 = SURFACE_CURVE('',#19299,(#19303,#19310),.PCURVE_S1.);
#19299 = LINE('',#19300,#19301);
#19300 = CARTESIAN_POINT('',(4.4,52.3,14.2));
#19301 = VECTOR('',#19302,1.);
#19302 = DIRECTION('',(1.,1.110223024625E-16,0.));
#19303 = PCURVE('',#18695,#19304);
#19304 = DEFINITIONAL_REPRESENTATION('',(#19305),#19309);
#19305 = LINE('',#19306,#19307);
#19306 = CARTESIAN_POINT('',(0.,0.));
#19307 = VECTOR('',#19308,1.);
#19308 = DIRECTION('',(0.,1.));
#19309 = ( GEOMETRIC_REPRESENTATION_CONTEXT(2) 
PARAMETRIC_REPRESENTATION_CONTEXT() REPRESENTATION_CONTEXT('2D SPACE',''
  ) );
#19310 = PCURVE('',#18723,#19311);
#19311 = DEFINITIONAL_REPRESENTATION('',(#19312),#19316);
#19312 = LINE('',#19313,#19314);
#19313 = CARTESIAN_POINT('',(6.6,-7.327471962526E-16));
#19314 = VECTOR('',#19315,1.);
#19315 = DIRECTION('',(0.,1.));
#19316 = ( GEOMETRIC_REPRESENTATION_CONTEXT(2) 
PARAMETRIC_REPRESENTATION_CONTEXT() REPRESENTATION_CONTEXT('2D SPACE',''
  ) );
#19317 = ADVANCED_FACE('',(#19318),#18723,.T.);
#19318 = FACE_BOUND('',#19319,.T.);
#19319 = EDGE_LOOP('',(#19320,#19321,#19322,#19323));
#19320 = ORIENTED_EDGE('',*,*,#18707,.F.);
#19321 = ORIENTED_EDGE('',*,*,#19297,.F.);
#19322 = ORIENTED_EDGE('',*,*,#18925,.T.);
#19323 = ORIENTED_EDGE('',*,*,#19324,.T.);
#19324 = EDGE_CURVE('',#18926,#18708,#19325,.T.);
#19325 = SURFACE_CURVE('',#19326,(#19330,#19337),.PCURVE_S1.);
#19326 = LINE('',#19327,#19328);
#19327 = CARTESIAN_POINT('',(4.4,50.5,14.2));
#19328 = VECTOR('',#19329,1.);
#19329 = DIRECTION('',(1.,1.110223024625E-16,0.));
#19330 = PCURVE('',#18723,#19331);
#19331 = DEFINITIONAL_REPRESENTATION('',(#19332),#19336);
#19332 = LINE('',#19333,#19334);
#19333 = CARTESIAN_POINT('',(8.4,-4.440892098501E-17));
#19334 = VECTOR('',#19335,1.);
#19335 = DIRECTION('',(0.,1.));
#19336 = ( GEOMETRIC_REPRESENTATION_CONTEXT(2) 
PARAMETRIC_REPRESENTATION_CONTEXT() REPRESENTATION_CONTEXT('2D SPACE',''
  ) );
#19337 = PCURVE('',#18751,#19338);
#19338 = DEFINITIONAL_REPRESENTATION('',(#19339),#19343);
#19339 = LINE('',#19340,#19341);
#19340 = CARTESIAN_POINT('',(2.,0.));
#19341 = VECTOR('',#19342,1.);
#19342 = DIRECTION('',(0.,-1.));
#19343 = ( GEOMETRIC_REPRESENTATION_CONTEXT(2) 
PARAMETRIC_REPRESENTATION_CONTEXT() REPRESENTATION_CONTEXT('2D SPACE',''
  ) );
#19344 = ADVANCED_FACE('',(#19345),#18751,.T.);
#19345 = FACE_BOUND('',#19346,.T.);
#19346 = EDGE_LOOP('',(#19347,#19348,#19369,#19370));
#19347 = ORIENTED_EDGE('',*,*,#18948,.F.);
#19348 = ORIENTED_EDGE('',*,*,#19349,.T.);
#19349 = EDGE_CURVE('',#18949,#18736,#19350,.T.);
#19350 = SURFACE_CURVE('',#19351,(#19355,#19362),.PCURVE_S1.);
#19351 = LINE('',#19352,#19353);
#19352 = CARTESIAN_POINT('',(4.4,50.5,12.2));
#19353 = VECTOR('',#19354,1.);
#19354 = DIRECTION('',(1.,1.110223024625E-16,0.));
#19355 = PCURVE('',#18751,#19356);
#19356 = DEFINITIONAL_REPRESENTATION('',(#19357),#19361);
#19357 = LINE('',#19358,#19359);
#19358 = CARTESIAN_POINT('',(0.,0.));
#19359 = VECTOR('',#19360,1.);
#19360 = DIRECTION('',(0.,-1.));
#19361 = ( GEOMETRIC_REPRESENTATION_CONTEXT(2) 
PARAMETRIC_REPRESENTATION_CONTEXT() REPRESENTATION_CONTEXT('2D SPACE',''
  ) );
#19362 = PCURVE('',#18779,#19363);
#19363 = DEFINITIONAL_REPRESENTATION('',(#19364),#19368);
#19364 = LINE('',#19365,#19366);
#19365 = CARTESIAN_POINT('',(8.4,-4.440892098501E-17));
#19366 = VECTOR('',#19367,1.);
#19367 = DIRECTION('',(0.,1.));
#19368 = ( GEOMETRIC_REPRESENTATION_CONTEXT(2) 
PARAMETRIC_REPRESENTATION_CONTEXT() REPRESENTATION_CONTEXT('2D SPACE',''
  ) );
#19369 = ORIENTED_EDGE('',*,*,#18735,.T.);
#19370 = ORIENTED_EDGE('',*,*,#19324,.F.);
#19371 = ADVANCED_FACE('',(#19372),#18835,.T.);
#19372 = FACE_BOUND('',#19373,.T.);
#19373 = EDGE_LOOP('',(#19374,#19375,#19396,#19397));
#19374 = ORIENTED_EDGE('',*,*,#18819,.F.);
#19375 = ORIENTED_EDGE('',*,*,#19376,.F.);
#19376 = EDGE_CURVE('',#18995,#18792,#19377,.T.);
#19377 = SURFACE_CURVE('',#19378,(#19382,#19389),.PCURVE_S1.);
#19378 = LINE('',#19379,#19380);
#19379 = CARTESIAN_POINT('',(4.4,58.9,14.2));
#19380 = VECTOR('',#19381,1.);
#19381 = DIRECTION('',(1.,1.110223024625E-16,0.));
#19382 = PCURVE('',#18835,#19383);
#19383 = DEFINITIONAL_REPRESENTATION('',(#19384),#19388);
#19384 = LINE('',#19385,#19386);
#19385 = CARTESIAN_POINT('',(0.,0.));
#19386 = VECTOR('',#19387,1.);
#19387 = DIRECTION('',(0.,1.));
#19388 = ( GEOMETRIC_REPRESENTATION_CONTEXT(2) 
PARAMETRIC_REPRESENTATION_CONTEXT() REPRESENTATION_CONTEXT('2D SPACE',''
  ) );
#19389 = PCURVE('',#18807,#19390);
#19390 = DEFINITIONAL_REPRESENTATION('',(#19391),#19395);
#19391 = LINE('',#19392,#19393);
#19392 = CARTESIAN_POINT('',(2.,0.));
#19393 = VECTOR('',#19394,1.);
#19394 = DIRECTION('',(0.,-1.));
#19395 = ( GEOMETRIC_REPRESENTATION_CONTEXT(2) 
PARAMETRIC_REPRESENTATION_CONTEXT() REPRESENTATION_CONTEXT('2D SPACE',''
  ) );
#19396 = ORIENTED_EDGE('',*,*,#19017,.T.);
#19397 = ORIENTED_EDGE('',*,*,#19270,.T.);
#19398 = ADVANCED_FACE('',(#19399),#18779,.F.);
#19399 = FACE_BOUND('',#19400,.F.);
#19400 = EDGE_LOOP('',(#19401,#19422,#19423,#19424));
#19401 = ORIENTED_EDGE('',*,*,#19402,.F.);
#19402 = EDGE_CURVE('',#18972,#18764,#19403,.T.);
#19403 = SURFACE_CURVE('',#19404,(#19408,#19415),.PCURVE_S1.);
#19404 = LINE('',#19405,#19406);
#19405 = CARTESIAN_POINT('',(4.4,58.9,12.2));
#19406 = VECTOR('',#19407,1.);
#19407 = DIRECTION('',(1.,1.110223024625E-16,0.));
#19408 = PCURVE('',#18779,#19409);
#19409 = DEFINITIONAL_REPRESENTATION('',(#19410),#19414);
#19410 = LINE('',#19411,#19412);
#19411 = CARTESIAN_POINT('',(0.,0.));
#19412 = VECTOR('',#19413,1.);
#19413 = DIRECTION('',(0.,1.));
#19414 = ( GEOMETRIC_REPRESENTATION_CONTEXT(2) 
PARAMETRIC_REPRESENTATION_CONTEXT() REPRESENTATION_CONTEXT('2D SPACE',''
  ) );
#19415 = PCURVE('',#18807,#19416);
#19416 = DEFINITIONAL_REPRESENTATION('',(#19417),#19421);
#19417 = LINE('',#19418,#19419);
#19418 = CARTESIAN_POINT('',(0.,0.));
#19419 = VECTOR('',#19420,1.);
#19420 = DIRECTION('',(0.,-1.));
#19421 = ( GEOMETRIC_REPRESENTATION_CONTEXT(2) 
PARAMETRIC_REPRESENTATION_CONTEXT() REPRESENTATION_CONTEXT('2D SPACE',''
  ) );
#19422 = ORIENTED_EDGE('',*,*,#18971,.T.);
#19423 = ORIENTED_EDGE('',*,*,#19349,.T.);
#19424 = ORIENTED_EDGE('',*,*,#18763,.F.);
#19425 = ADVANCED_FACE('',(#19426),#18807,.F.);
#19426 = FACE_BOUND('',#19427,.F.);
#19427 = EDGE_LOOP('',(#19428,#19429,#19430,#19431));
#19428 = ORIENTED_EDGE('',*,*,#18994,.F.);
#19429 = ORIENTED_EDGE('',*,*,#19402,.T.);
#19430 = ORIENTED_EDGE('',*,*,#18791,.T.);
#19431 = ORIENTED_EDGE('',*,*,#19376,.F.);
#19432 = ( GEOMETRIC_REPRESENTATION_CONTEXT(3) 
GLOBAL_UNCERTAINTY_ASSIGNED_CONTEXT((#19436)) 
GLOBAL_UNIT_ASSIGNED_CONTEXT((#19433,#19434,#19435)) 
REPRESENTATION_CONTEXT('Context #1',
  '3D Context with UNIT and UNCERTAINTY') );
#19433 = ( LENGTH_UNIT() NAMED_UNIT(*) SI_UNIT(.MILLI.,.METRE.) );
#19434 = ( NAMED_UNIT(*) PLANE_ANGLE_UNIT() SI_UNIT($,.RADIAN.) );
#19435 = ( NAMED_UNIT(*) SI_UNIT($,.STERADIAN.) SOLID_ANGLE_UNIT() );
#19436 = UNCERTAINTY_MEASURE_WITH_UNIT(LENGTH_MEASURE(5.E-07),#19433,
  'distance_accuracy_value','confusion accuracy');
#19437 = PRODUCT_RELATED_PRODUCT_CATEGORY('part',$,(#7));
ENDSEC;
END-ISO-10303-21;
